time_s,J_kg_m2,b_Nms_rad,status,excitation_ok,gram_min_eigenvalue
2.000000000000000042e-02,1.500000059604644775e-02,9.600000143051147516e-02,5.000000000000000000e+00,0.000000000000000000e+00,0.000000000000000000e+00
4.000000000000000083e-02,1.500000059604644775e-02,9.600000143051147516e-02,5.000000000000000000e+00,0.000000000000000000e+00,2.582927697003523093e-04
5.999999999999999778e-02,1.500000059604644775e-02,9.600000143051147516e-02,5.000000000000000000e+00,0.000000000000000000e+00,3.236064746156230854e-03
8.000000000000000167e-02,1.500000059604644775e-02,9.600000143051147516e-02,5.000000000000000000e+00,0.000000000000000000e+00,3.443462249063466984e-02
1.000000000000000056e-01,1.500000059604644775e-02,9.600000143051147516e-02,5.000000000000000000e+00,0.000000000000000000e+00,1.544757773867918016e-01
1.199999999999999956e-01,1.500000059604644775e-02,9.600000143051147516e-02,5.000000000000000000e+00,0.000000000000000000e+00,3.563199191426242862e-01
1.400000000000000133e-01,1.500000059604644775e-02,9.600000143051147516e-02,5.000000000000000000e+00,0.000000000000000000e+00,4.138072609117042222e-01
1.600000000000000033e-01,1.500000059604644775e-02,9.600000143051147516e-02,5.000000000000000000e+00,0.000000000000000000e+00,3.752216797922208191e-01
1.799999999999999933e-01,1.500000059604644775e-02,9.600000143051147516e-02,5.000000000000000000e+00,0.000000000000000000e+00,3.335360086766813170e-01
2.000000000000000111e-01,1.500000059604644775e-02,9.600000143051147516e-02,5.000000000000000000e+00,0.000000000000000000e+00,3.030268983974408470e-01
2.200000000000000011e-01,1.500000059604644775e-02,9.600000143051147516e-02,5.000000000000000000e+00,0.000000000000000000e+00,2.827777417471519228e-01
2.399999999999999911e-01,1.500000059604644775e-02,9.600000143051147516e-02,5.000000000000000000e+00,0.000000000000000000e+00,2.704107242539205980e-01
2.600000000000000089e-01,1.500000059604644775e-02,9.600000143051147516e-02,5.000000000000000000e+00,0.000000000000000000e+00,2.631769211323375934e-01
2.800000000000000266e-01,1.500000059604644775e-02,9.600000143051147516e-02,5.000000000000000000e+00,0.000000000000000000e+00,2.576989026147372686e-01
2.999999999999999889e-01,1.500000059604644775e-02,9.600000143051147516e-02,5.000000000000000000e+00,0.000000000000000000e+00,2.510385507191619792e-01
3.200000000000000067e-01,1.500000059604644775e-02,9.600000143051147516e-02,5.000000000000000000e+00,0.000000000000000000e+00,2.423146786772885641e-01
3.400000000000000244e-01,1.500000059604644775e-02,9.600000143051147516e-02,5.000000000000000000e+00,0.000000000000000000e+00,2.324659573075754937e-01
3.599999999999999867e-01,1.500000059604644775e-02,9.600000143051147516e-02,5.000000000000000000e+00,0.000000000000000000e+00,2.228057592881512727e-01
3.800000000000000044e-01,1.500000059604644775e-02,9.600000143051147516e-02,5.000000000000000000e+00,0.000000000000000000e+00,2.143202761675040424e-01
4.000000000000000222e-01,1.500000059604644775e-02,9.600000143051147516e-02,5.000000000000000000e+00,0.000000000000000000e+00,2.077001306423386651e-01
4.199999999999999845e-01,1.500000059604644775e-02,9.600000143051147516e-02,5.000000000000000000e+00,0.000000000000000000e+00,2.033598034621331430e-01
4.400000000000000022e-01,1.500000059604644775e-02,9.600000143051147516e-02,5.000000000000000000e+00,0.000000000000000000e+00,2.013278931375442893e-01
4.600000000000000200e-01,1.500000059604644775e-02,9.600000143051147516e-02,5.000000000000000000e+00,0.000000000000000000e+00,2.012080472882497861e-01
4.799999999999999822e-01,1.500000059604644775e-02,9.600000143051147516e-02,5.000000000000000000e+00,0.000000000000000000e+00,2.021743735620265825e-01
5.000000000000000000e-01,1.500000059604644775e-02,9.600000143051147516e-02,5.000000000000000000e+00,0.000000000000000000e+00,2.030497132950135897e-01
5.200000000000000178e-01,1.500000059604644775e-02,9.600000143051147516e-02,5.000000000000000000e+00,0.000000000000000000e+00,2.027581179875564132e-01
5.400000000000000355e-01,1.500000059604644775e-02,9.600000143051147516e-02,5.000000000000000000e+00,0.000000000000000000e+00,2.009628770096256456e-01
5.600000000000000533e-01,1.500000059604644775e-02,9.600000143051147516e-02,5.000000000000000000e+00,0.000000000000000000e+00,1.981694697605688449e-01
5.799999999999999600e-01,1.500000059604644775e-02,9.600000143051147516e-02,5.000000000000000000e+00,0.000000000000000000e+00,1.952893447673224592e-01
5.999999999999999778e-01,1.500000059604644775e-02,9.600000143051147516e-02,5.000000000000000000e+00,0.000000000000000000e+00,1.933051263601781311e-01
6.199999999999999956e-01,1.500000059604644775e-02,9.600000143051147516e-02,5.000000000000000000e+00,0.000000000000000000e+00,1.931336434828891946e-01
6.400000000000000133e-01,1.500000059604644775e-02,9.600000143051147516e-02,5.000000000000000000e+00,0.000000000000000000e+00,1.954349028009753630e-01
6.600000000000000311e-01,1.500000059604644775e-02,9.600000143051147516e-02,5.000000000000000000e+00,0.000000000000000000e+00,2.006165002514921081e-01
6.800000000000000488e-01,1.500000059604644775e-02,9.600000143051147516e-02,5.000000000000000000e+00,0.000000000000000000e+00,2.092150085716666386e-01
7.000000000000000666e-01,1.500000059604644775e-02,9.600000143051147516e-02,5.000000000000000000e+00,0.000000000000000000e+00,2.220061628400939735e-01
7.199999999999999734e-01,1.500000059604644775e-02,9.600000143051147516e-02,5.000000000000000000e+00,0.000000000000000000e+00,2.390651933565440812e-01
7.399999999999999911e-01,1.500000059604644775e-02,9.600000143051147516e-02,5.000000000000000000e+00,0.000000000000000000e+00,2.577926313787445300e-01
7.600000000000000089e-01,1.500000059604644775e-02,9.600000143051147516e-02,5.000000000000000000e+00,0.000000000000000000e+00,2.725347988877276362e-01
7.800000000000000266e-01,1.500000059604644775e-02,9.600000143051147516e-02,5.000000000000000000e+00,0.000000000000000000e+00,2.789475594199182784e-01
8.000000000000000444e-01,1.500000059604644775e-02,9.600000143051147516e-02,5.000000000000000000e+00,0.000000000000000000e+00,2.778225759849854981e-01
8.200000000000000622e-01,1.500000059604644775e-02,9.600000143051147516e-02,5.000000000000000000e+00,0.000000000000000000e+00,2.726979856784994549e-01
8.399999999999999689e-01,1.500000059604644775e-02,9.600000143051147516e-02,5.000000000000000000e+00,0.000000000000000000e+00,2.663934210829199123e-01
8.599999999999999867e-01,1.500000059604644775e-02,9.600000143051147516e-02,5.000000000000000000e+00,0.000000000000000000e+00,2.602117225028823810e-01
8.800000000000000044e-01,1.500000059604644775e-02,9.600000143051147516e-02,5.000000000000000000e+00,0.000000000000000000e+00,2.544585100026615088e-01
9.000000000000000222e-01,1.500000059604644775e-02,9.600000143051147516e-02,5.000000000000000000e+00,0.000000000000000000e+00,2.490314799702169624e-01
9.200000000000000400e-01,1.500000059604644775e-02,9.600000143051147516e-02,5.000000000000000000e+00,0.000000000000000000e+00,2.437993327390935994e-01
9.400000000000000577e-01,1.500000059604644775e-02,9.600000143051147516e-02,5.000000000000000000e+00,0.000000000000000000e+00,2.387324310512745906e-01
9.599999999999999645e-01,1.500000059604644775e-02,9.600000143051147516e-02,5.000000000000000000e+00,0.000000000000000000e+00,2.338671483613119217e-01
9.799999999999999822e-01,1.500000059604644775e-02,9.600000143051147516e-02,5.000000000000000000e+00,0.000000000000000000e+00,2.292765977499039431e-01
1.000000000000000000e+00,1.500000059604644775e-02,9.600000143051147516e-02,5.000000000000000000e+00,0.000000000000000000e+00,2.251069476369787214e-01
1.020000000000000018e+00,1.500000059604644775e-02,9.600000143051147516e-02,5.000000000000000000e+00,0.000000000000000000e+00,2.215785024233928036e-01
1.040000000000000036e+00,1.500000059604644775e-02,9.600000143051147516e-02,5.000000000000000000e+00,0.000000000000000000e+00,2.188729903084621620e-01
1.060000000000000053e+00,1.500000059604644775e-02,9.600000143051147516e-02,5.000000000000000000e+00,0.000000000000000000e+00,2.169800592404763084e-01
1.080000000000000071e+00,1.500000059604644775e-02,9.600000143051147516e-02,5.000000000000000000e+00,0.000000000000000000e+00,2.156178038910668560e-01
1.100000000000000089e+00,1.500000059604644775e-02,9.600000143051147516e-02,5.000000000000000000e+00,0.000000000000000000e+00,2.142907677836737856e-01
1.120000000000000107e+00,1.500000059604644775e-02,9.600000143051147516e-02,5.000000000000000000e+00,0.000000000000000000e+00,2.125173030739966606e-01
1.140000000000000124e+00,1.500000059604644775e-02,9.600000143051147516e-02,5.000000000000000000e+00,0.000000000000000000e+00,2.101081459449876121e-01
1.159999999999999920e+00,1.500000059604644775e-02,9.600000143051147516e-02,5.000000000000000000e+00,0.000000000000000000e+00,2.072210688675286960e-01
1.179999999999999938e+00,1.500000059604644775e-02,9.600000143051147516e-02,5.000000000000000000e+00,0.000000000000000000e+00,2.041575656946134909e-01
1.199999999999999956e+00,1.500000059604644775e-02,9.600000143051147516e-02,5.000000000000000000e+00,0.000000000000000000e+00,2.012008322198550747e-01
1.219999999999999973e+00,1.500000059604644775e-02,9.600000143051147516e-02,5.000000000000000000e+00,0.000000000000000000e+00,1.986840132946625093e-01
1.239999999999999991e+00,1.500000059604644775e-02,9.600000143051147516e-02,5.000000000000000000e+00,0.000000000000000000e+00,1.971373982158275417e-01
1.260000000000000009e+00,1.500000059604644775e-02,9.600000143051147516e-02,5.000000000000000000e+00,0.000000000000000000e+00,1.972329149105830626e-01
1.280000000000000027e+00,1.500000059604644775e-02,9.600000143051147516e-02,5.000000000000000000e+00,0.000000000000000000e+00,1.995627924998666369e-01
1.300000000000000044e+00,1.500000059604644775e-02,9.600000143051147516e-02,5.000000000000000000e+00,0.000000000000000000e+00,2.045372027515278690e-01
1.320000000000000062e+00,1.500000059604644775e-02,9.600000143051147516e-02,5.000000000000000000e+00,0.000000000000000000e+00,2.123317457603371428e-01
1.340000000000000080e+00,1.500000059604644775e-02,9.600000143051147516e-02,5.000000000000000000e+00,0.000000000000000000e+00,2.225770390441095259e-01
1.360000000000000098e+00,1.500000059604644775e-02,9.600000143051147516e-02,5.000000000000000000e+00,0.000000000000000000e+00,2.338822828874634330e-01
1.380000000000000115e+00,1.500000059604644775e-02,9.600000143051147516e-02,5.000000000000000000e+00,0.000000000000000000e+00,2.439575112843478111e-01
1.400000000000000133e+00,1.500000059604644775e-02,9.600000143051147516e-02,5.000000000000000000e+00,0.000000000000000000e+00,2.508409417626525917e-01
1.419999999999999929e+00,1.500000059604644775e-02,9.600000143051147516e-02,5.000000000000000000e+00,0.000000000000000000e+00,2.540733829151697321e-01
1.439999999999999947e+00,1.500000059604644775e-02,9.600000143051147516e-02,5.000000000000000000e+00,0.000000000000000000e+00,2.544848391156270817e-01
1.459999999999999964e+00,1.500000059604644775e-02,9.600000143051147516e-02,5.000000000000000000e+00,0.000000000000000000e+00,2.532236113792821208e-01
1.479999999999999982e+00,1.500000059604644775e-02,9.600000143051147516e-02,5.000000000000000000e+00,0.000000000000000000e+00,2.511559582902653798e-01
1.500000000000000000e+00,1.500000059604644775e-02,9.600000143051147516e-02,5.000000000000000000e+00,0.000000000000000000e+00,2.487810333962397480e-01
1.520000000000000018e+00,1.500000059604644775e-02,9.600000143051147516e-02,5.000000000000000000e+00,0.000000000000000000e+00,2.463377156705749416e-01
1.540000000000000036e+00,1.500000059604644775e-02,9.600000143051147516e-02,5.000000000000000000e+00,0.000000000000000000e+00,2.438946649181328308e-01
1.560000000000000053e+00,1.500000059604644775e-02,9.600000143051147516e-02,5.000000000000000000e+00,0.000000000000000000e+00,2.413996000504461670e-01
1.580000000000000071e+00,1.500000059604644775e-02,9.600000143051147516e-02,5.000000000000000000e+00,0.000000000000000000e+00,2.387485455960085545e-01
1.600000000000000089e+00,1.500000059604644775e-02,9.600000143051147516e-02,5.000000000000000000e+00,0.000000000000000000e+00,2.359047941774278789e-01
1.620000000000000107e+00,1.500000059604644775e-02,9.600000143051147516e-02,5.000000000000000000e+00,0.000000000000000000e+00,2.329936120640568042e-01
1.640000000000000124e+00,1.500000059604644775e-02,9.600000143051147516e-02,5.000000000000000000e+00,0.000000000000000000e+00,2.302589090468755706e-01
1.660000000000000142e+00,1.500000059604644775e-02,9.600000143051147516e-02,5.000000000000000000e+00,0.000000000000000000e+00,2.278968621014875739e-01
1.679999999999999938e+00,1.500000059604644775e-02,9.600000143051147516e-02,5.000000000000000000e+00,0.000000000000000000e+00,2.259102244767033363e-01
1.699999999999999956e+00,1.500000059604644775e-02,9.600000143051147516e-02,5.000000000000000000e+00,0.000000000000000000e+00,2.240907524914476090e-01
1.719999999999999973e+00,1.500000059604644775e-02,9.600000143051147516e-02,5.000000000000000000e+00,0.000000000000000000e+00,2.221503308247442521e-01
1.739999999999999991e+00,1.500000059604644775e-02,9.600000143051147516e-02,5.000000000000000000e+00,0.000000000000000000e+00,2.199306367736153234e-01
1.760000000000000009e+00,1.500000059604644775e-02,9.600000143051147516e-02,5.000000000000000000e+00,0.000000000000000000e+00,2.175055919959087702e-01
1.780000000000000027e+00,1.500000059604644775e-02,9.600000143051147516e-02,5.000000000000000000e+00,0.000000000000000000e+00,2.150617554310153834e-01
1.800000000000000044e+00,1.500000059604644775e-02,9.600000143051147516e-02,5.000000000000000000e+00,0.000000000000000000e+00,2.127020042474067618e-01
1.820000000000000062e+00,1.500000059604644775e-02,9.600000143051147516e-02,5.000000000000000000e+00,0.000000000000000000e+00,2.103906314593832760e-01
1.840000000000000080e+00,1.500000059604644775e-02,9.600000143051147516e-02,5.000000000000000000e+00,0.000000000000000000e+00,2.081069640254946118e-01
1.860000000000000098e+00,1.500000059604644775e-02,9.600000143051147516e-02,5.000000000000000000e+00,0.000000000000000000e+00,2.060786134880047971e-01
1.880000000000000115e+00,1.500000059604644775e-02,9.600000143051147516e-02,5.000000000000000000e+00,0.000000000000000000e+00,2.048237161316928401e-01
1.900000000000000133e+00,1.500000059604644775e-02,9.600000143051147516e-02,5.000000000000000000e+00,0.000000000000000000e+00,2.049209203605391327e-01
1.919999999999999929e+00,1.500000059604644775e-02,9.600000143051147516e-02,5.000000000000000000e+00,0.000000000000000000e+00,2.067578635093512140e-01
1.939999999999999947e+00,1.500000059604644775e-02,9.600000143051147516e-02,5.000000000000000000e+00,0.000000000000000000e+00,2.104044422683652993e-01
1.959999999999999964e+00,1.500000059604644775e-02,9.600000143051147516e-02,5.000000000000000000e+00,0.000000000000000000e+00,2.155238133138352996e-01
1.979999999999999982e+00,1.500000059604644775e-02,9.600000143051147516e-02,5.000000000000000000e+00,0.000000000000000000e+00,2.213382137481999801e-01
2.000000000000000000e+00,2.850416898727417200e-02,6.779419183731079379e-02,0.000000000000000000e+00,1.000000000000000000e+00,2.268393049511644999e-01
2.020000000000000018e+00,2.385931313037872523e-02,5.557704091072082631e-02,0.000000000000000000e+00,1.000000000000000000e+00,2.310844043917010537e-01
2.040000000000000036e+00,2.518894672393798967e-02,5.964149236679076871e-02,0.000000000000000000e+00,1.000000000000000000e+00,2.331179611439533061e-01
2.060000000000000053e+00,2.510592043399810860e-02,5.943856358528137179e-02,0.000000000000000000e+00,1.000000000000000000e+00,2.329317482114765803e-01
2.080000000000000071e+00,2.512255609035492221e-02,5.953157186508178239e-02,0.000000000000000000e+00,1.000000000000000000e+00,2.312140756724485324e-01
2.100000000000000089e+00,2.474353909492492745e-02,5.780375719070434543e-02,0.000000000000000000e+00,1.000000000000000000e+00,2.290932056887918788e-01
2.120000000000000107e+00,2.518252134323120325e-02,5.969719648361206110e-02,0.000000000000000000e+00,1.000000000000000000e+00,2.276548775662359803e-01
2.140000000000000124e+00,2.532914876937866419e-02,6.033654212951659879e-02,0.000000000000000000e+00,1.000000000000000000e+00,2.275374590640384664e-01
2.160000000000000142e+00,2.529506087303161690e-02,6.012628555297851174e-02,0.000000000000000000e+00,1.000000000000000000e+00,2.288147517967136502e-01
2.180000000000000160e+00,2.522605061531067033e-02,6.001504898071288729e-02,0.000000000000000000e+00,1.000000000000000000e+00,2.309921005374966363e-01
2.200000000000000178e+00,2.510443329811096191e-02,5.968010544776916615e-02,0.000000000000000000e+00,1.000000000000000000e+00,2.330450783469227571e-01
2.220000000000000195e+00,2.495431602001190255e-02,5.920237541198729997e-02,0.000000000000000000e+00,1.000000000000000000e+00,2.338685547982074786e-01
2.240000000000000213e+00,2.492483854293823381e-02,5.909730792045592845e-02,0.000000000000000000e+00,1.000000000000000000e+00,2.331169618433168167e-01
2.260000000000000231e+00,2.502420246601104806e-02,5.949344158172607117e-02,0.000000000000000000e+00,1.000000000000000000e+00,2.313995505079112502e-01
2.280000000000000249e+00,2.514191567897796839e-02,6.002690792083739679e-02,0.000000000000000000e+00,1.000000000000000000e+00,2.295664428186047490e-01
2.300000000000000266e+00,2.509191632270812988e-02,5.974609136581420649e-02,0.000000000000000000e+00,1.000000000000000000e+00,2.281064244593863366e-01
2.319999999999999840e+00,2.508921027183532923e-02,5.981701612472534180e-02,0.000000000000000000e+00,1.000000000000000000e+00,2.270780381773599976e-01
2.339999999999999858e+00,2.505898475646972656e-02,5.972170472145080233e-02,0.000000000000000000e+00,1.000000000000000000e+00,2.263158076864064394e-01
2.359999999999999876e+00,2.499165087938308785e-02,5.943834543228149192e-02,0.000000000000000000e+00,1.000000000000000000e+00,2.256867070087806570e-01
2.379999999999999893e+00,2.498547285795212070e-02,5.940767168998718067e-02,0.000000000000000000e+00,1.000000000000000000e+00,2.251954379073610457e-01
2.399999999999999911e+00,2.501676082611084193e-02,5.959619164466857522e-02,0.000000000000000000e+00,1.000000000000000000e+00,2.248483813075386195e-01
2.419999999999999929e+00,2.502170503139496127e-02,5.963960409164428822e-02,0.000000000000000000e+00,1.000000000000000000e+00,2.244560806167295308e-01
2.439999999999999947e+00,2.501964569091796875e-02,5.973707556724548035e-02,0.000000000000000000e+00,1.000000000000000000e+00,2.236170184691668450e-01
2.459999999999999964e+00,2.497455477714538574e-02,5.970470309257507047e-02,0.000000000000000000e+00,1.000000000000000000e+00,2.220079980020276955e-01
2.479999999999999982e+00,2.497467249631881922e-02,5.970507144927978543e-02,0.000000000000000000e+00,1.000000000000000000e+00,2.197939883925553173e-01
2.500000000000000000e+00,2.499099224805832048e-02,5.977920413017272921e-02,0.000000000000000000e+00,1.000000000000000000e+00,2.176524577782326941e-01
2.520000000000000018e+00,2.498312741518020699e-02,5.973213672637939231e-02,0.000000000000000000e+00,1.000000000000000000e+00,2.163452732188150540e-01
2.540000000000000036e+00,2.499227225780487061e-02,5.980538249015807800e-02,0.000000000000000000e+00,1.000000000000000000e+00,2.163507761988957834e-01
2.560000000000000053e+00,2.496245652437210222e-02,5.946346521377562921e-02,0.000000000000000000e+00,1.000000000000000000e+00,2.177640496442966866e-01
2.580000000000000071e+00,2.497834116220474382e-02,5.975985646247863881e-02,0.000000000000000000e+00,1.000000000000000000e+00,2.202998194648663477e-01
2.600000000000000089e+00,2.497803121805191109e-02,5.974767923355102373e-02,0.000000000000000000e+00,1.000000000000000000e+00,2.233352162024238585e-01
2.620000000000000107e+00,2.497818171977997034e-02,5.977340340614318431e-02,0.000000000000000000e+00,1.000000000000000000e+00,2.260361990301361090e-01
2.640000000000000124e+00,2.497798204421997070e-02,5.991451263427734208e-02,0.000000000000000000e+00,1.000000000000000000e+00,2.275366179704235992e-01
2.660000000000000142e+00,2.497744411230087488e-02,5.982486963272094782e-02,0.000000000000000000e+00,1.000000000000000000e+00,2.271610757399373792e-01
2.680000000000000160e+00,2.498781681060791016e-02,6.025521039962768166e-02,0.000000000000000000e+00,1.000000000000000000e+00,2.247770228382571234e-01
2.700000000000000178e+00,2.499582320451736520e-02,6.044200658798217635e-02,0.000000000000000000e+00,1.000000000000000000e+00,2.211106128227468270e-01
2.720000000000000195e+00,2.500469088554382532e-02,6.061183691024780301e-02,0.000000000000000000e+00,1.000000000000000000e+00,2.175125292536493060e-01
2.740000000000000213e+00,2.500387430191040178e-02,6.059423446655273077e-02,0.000000000000000000e+00,1.000000000000000000e+00,2.152024332939996010e-01
2.760000000000000231e+00,2.500036656856537143e-02,6.044515371322631281e-02,0.000000000000000000e+00,1.000000000000000000e+00,2.147859340079109891e-01
2.780000000000000249e+00,2.499966025352478097e-02,6.048879146575927845e-02,0.000000000000000000e+00,1.000000000000000000e+00,2.162930135300580314e-01
2.800000000000000266e+00,2.500816285610199183e-02,6.037337064743041742e-02,0.000000000000000000e+00,1.000000000000000000e+00,2.192516536365363977e-01
2.819999999999999840e+00,2.500626146793365548e-02,6.038558721542357927e-02,0.000000000000000000e+00,1.000000000000000000e+00,2.226570766266340873e-01
2.839999999999999858e+00,2.500347197055816789e-02,6.039533615112304549e-02,0.000000000000000000e+00,1.000000000000000000e+00,2.253378539971521988e-01
2.859999999999999876e+00,2.498207539319992343e-02,6.043426036834716880e-02,0.000000000000000000e+00,1.000000000000000000e+00,2.267428038254495071e-01
2.879999999999999893e+00,2.497702240943908830e-02,6.043768644332885714e-02,0.000000000000000000e+00,1.000000000000000000e+00,2.271573887254549617e-01
2.899999999999999911e+00,2.497628927230835169e-02,6.043757200241088590e-02,0.000000000000000000e+00,1.000000000000000000e+00,2.271451977141955014e-01
2.919999999999999929e+00,2.497064024209976266e-02,6.043431043624877819e-02,0.000000000000000000e+00,1.000000000000000000e+00,2.270616189670312812e-01
2.939999999999999947e+00,2.497034072875976840e-02,6.043350219726562056e-02,0.000000000000000000e+00,1.000000000000000000e+00,2.270030954190433159e-01
2.959999999999999964e+00,2.496595680713653564e-02,6.042084217071533314e-02,0.000000000000000000e+00,1.000000000000000000e+00,2.270035520242869309e-01
2.979999999999999982e+00,2.496041953563690394e-02,6.040024280548095259e-02,0.000000000000000000e+00,1.000000000000000000e+00,2.271979002594453068e-01
3.000000000000000000e+00,2.497894465923309465e-02,6.049375534057616771e-02,0.000000000000000000e+00,1.000000000000000000e+00,2.277691381702495188e-01
3.020000000000000018e+00,2.497870177030563424e-02,6.049188852310180553e-02,0.000000000000000000e+00,1.000000000000000000e+00,2.287524912268876776e-01
3.040000000000000036e+00,2.497565001249313354e-02,6.044135570526122658e-02,0.000000000000000000e+00,1.000000000000000000e+00,2.298940938623995345e-01
3.060000000000000053e+00,2.497873455286026001e-02,6.029887676239013145e-02,0.000000000000000000e+00,1.000000000000000000e+00,2.307064875967368978e-01
3.080000000000000071e+00,2.498708069324493547e-02,6.023866653442382785e-02,0.000000000000000000e+00,1.000000000000000000e+00,2.307783614479941015e-01
3.100000000000000089e+00,2.498442530632019251e-02,6.024552583694457730e-02,0.000000000000000000e+00,1.000000000000000000e+00,2.301194515109105665e-01
3.120000000000000107e+00,2.497781664133072108e-02,6.024792194366454523e-02,0.000000000000000000e+00,1.000000000000000000e+00,2.291473548443883068e-01
3.140000000000000124e+00,2.495805770158767908e-02,6.022108554840087391e-02,0.000000000000000000e+00,1.000000000000000000e+00,2.283522689056097510e-01
3.160000000000000142e+00,2.496654391288757532e-02,6.024845838546752375e-02,0.000000000000000000e+00,1.000000000000000000e+00,2.280260067343750641e-01
3.180000000000000160e+00,2.496310174465179652e-02,6.022820234298705694e-02,0.000000000000000000e+00,1.000000000000000000e+00,2.282066759419915658e-01
3.200000000000000178e+00,2.495685517787933627e-02,6.016283512115478543e-02,0.000000000000000000e+00,1.000000000000000000e+00,2.287432116575839891e-01
3.220000000000000195e+00,2.496379315853118966e-02,6.028716087341308427e-02,0.000000000000000000e+00,1.000000000000000000e+00,2.293567145275834940e-01
3.240000000000000213e+00,2.495775222778320521e-02,6.015394449234008623e-02,0.000000000000000000e+00,1.000000000000000000e+00,2.296247589138817047e-01
3.260000000000000231e+00,2.496189922094345370e-02,6.022445440292358010e-02,0.000000000000000000e+00,1.000000000000000000e+00,2.289416759526617662e-01
3.280000000000000249e+00,2.496843338012695590e-02,6.030414819717407060e-02,0.000000000000000000e+00,1.000000000000000000e+00,2.266719953579789670e-01
3.300000000000000266e+00,2.496098428964614938e-02,6.022882461547851562e-02,0.000000000000000000e+00,1.000000000000000000e+00,2.226686568771138186e-01
3.320000000000000284e+00,2.495751082897186557e-02,6.019462823867797324e-02,0.000000000000000000e+00,1.000000000000000000e+00,2.177536278467565867e-01
3.339999999999999858e+00,2.494699656963348527e-02,6.007730484008788618e-02,0.000000000000000000e+00,1.000000000000000000e+00,2.133542692471332713e-01
3.359999999999999876e+00,2.494306564331054757e-02,6.001740217208861861e-02,0.000000000000000000e+00,1.000000000000000000e+00,2.105883238104550026e-01
3.379999999999999893e+00,2.494221180677413940e-02,5.999124884605407798e-02,0.000000000000000000e+00,1.000000000000000000e+00,2.098935096872200645e-01
3.399999999999999911e+00,2.494211941957473824e-02,6.000444173812866100e-02,0.000000000000000000e+00,1.000000000000000000e+00,2.111883191901142709e-01
3.419999999999999929e+00,2.493859082460403442e-02,6.007179737091064564e-02,0.000000000000000000e+00,1.000000000000000000e+00,2.139195140703549491e-01
3.439999999999999947e+00,2.494586259126663208e-02,6.000243186950683649e-02,0.000000000000000000e+00,1.000000000000000000e+00,2.170375050525055749e-01
3.459999999999999964e+00,2.492769956588745256e-02,6.011083602905273326e-02,0.000000000000000000e+00,1.000000000000000000e+00,2.194423515657633050e-01
3.479999999999999982e+00,2.492935359477996965e-02,6.010403394699096596e-02,0.000000000000000000e+00,1.000000000000000000e+00,2.206723995039069908e-01
3.500000000000000000e+00,2.493866682052612443e-02,6.007492303848266380e-02,0.000000000000000000e+00,1.000000000000000000e+00,2.209601866432051309e-01
3.520000000000000018e+00,2.493304759263992310e-02,6.009266138076781866e-02,0.000000000000000000e+00,1.000000000000000000e+00,2.207532960959622814e-01
3.540000000000000036e+00,2.493448108434677402e-02,6.007891416549682173e-02,0.000000000000000000e+00,1.000000000000000000e+00,2.203943449620520689e-01
3.560000000000000053e+00,2.493215948343277186e-02,6.006065368652343389e-02,0.000000000000000000e+00,1.000000000000000000e+00,2.201325962624206545e-01
3.580000000000000071e+00,2.493251562118530343e-02,6.006246328353881392e-02,0.000000000000000000e+00,1.000000000000000000e+00,2.202384152534712369e-01
3.600000000000000089e+00,2.493489235639572213e-02,6.007558822631835910e-02,0.000000000000000000e+00,1.000000000000000000e+00,2.209999587296119783e-01
3.620000000000000107e+00,2.493217438459396570e-02,6.005587577819823664e-02,0.000000000000000000e+00,1.000000000000000000e+00,2.225900554548422283e-01
3.640000000000000124e+00,2.492955774068832467e-02,6.002585649490356501e-02,0.000000000000000000e+00,1.000000000000000000e+00,2.249277216235510690e-01
3.660000000000000142e+00,2.493015527725219935e-02,6.004330158233642245e-02,0.000000000000000000e+00,1.000000000000000000e+00,2.276302669385109056e-01
3.680000000000000160e+00,2.493263781070709229e-02,5.992122888565062921e-02,0.000000000000000000e+00,1.000000000000000000e+00,2.301431218887284302e-01
3.700000000000000178e+00,2.493900060653686523e-02,5.983934283256530512e-02,0.000000000000000000e+00,1.000000000000000000e+00,2.320474880719476107e-01
3.720000000000000195e+00,2.494528442621231357e-02,5.979429602622985535e-02,0.000000000000000000e+00,1.000000000000000000e+00,2.332790995390530697e-01
3.740000000000000213e+00,2.495431154966354370e-02,5.975027203559875322e-02,0.000000000000000000e+00,1.000000000000000000e+00,2.340257605218156178e-01
3.760000000000000231e+00,2.496154755353927751e-02,5.972289204597473061e-02,0.000000000000000000e+00,1.000000000000000000e+00,2.344798084365761481e-01
3.780000000000000249e+00,2.495651394128799508e-02,5.974049806594848577e-02,0.000000000000000000e+00,1.000000000000000000e+00,2.347293205727338239e-01
3.800000000000000266e+00,2.496215254068374911e-02,5.971622228622436301e-02,0.000000000000000000e+00,1.000000000000000000e+00,2.348264827632464968e-01
3.820000000000000284e+00,2.496052235364914010e-02,5.972709417343139565e-02,0.000000000000000000e+00,1.000000000000000000e+00,2.348656786052394363e-01
3.839999999999999858e+00,2.496076822280883858e-02,5.972577810287475059e-02,0.000000000000000000e+00,1.000000000000000000e+00,2.349072767336310985e-01
3.859999999999999876e+00,2.495836168527603219e-02,5.972806334495544406e-02,0.000000000000000000e+00,1.000000000000000000e+00,2.347783979410212885e-01
3.879999999999999893e+00,2.496152371168136597e-02,5.973180055618285828e-02,0.000000000000000000e+00,1.000000000000000000e+00,2.339427496939983919e-01
3.899999999999999911e+00,2.496550977230072021e-02,5.974138855934142678e-02,0.000000000000000000e+00,1.000000000000000000e+00,2.316965893872690307e-01
3.919999999999999929e+00,2.496924102306366175e-02,5.975432753562927302e-02,0.000000000000000000e+00,1.000000000000000000e+00,2.278313545247156457e-01
3.939999999999999947e+00,2.494282871484756678e-02,5.962979793548583984e-02,0.000000000000000000e+00,1.000000000000000000e+00,2.231655853720622973e-01
3.959999999999999964e+00,2.495369315147399902e-02,5.970089077949523870e-02,0.000000000000000000e+00,1.000000000000000000e+00,2.190519020666074068e-01
3.979999999999999982e+00,2.495761662721633981e-02,5.973969340324401800e-02,0.000000000000000000e+00,1.000000000000000000e+00,2.164607570567241845e-01
4.000000000000000000e+00,2.494979053735733171e-02,5.959316968917846569e-02,0.000000000000000000e+00,1.000000000000000000e+00,2.157145961235054921e-01
4.020000000000000462e+00,2.495092153549194336e-02,5.973496556282043013e-02,0.000000000000000000e+00,1.000000000000000000e+00,2.166144637844578114e-01
4.040000000000000036e+00,2.495119124650955339e-02,5.972760200500488309e-02,0.000000000000000000e+00,1.000000000000000000e+00,2.184486895066988232e-01
4.060000000000000497e+00,2.495552450418472498e-02,5.967452287673950112e-02,0.000000000000000000e+00,1.000000000000000000e+00,2.201139584396688276e-01
4.080000000000000071e+00,2.495285570621490548e-02,5.969549775123596247e-02,0.000000000000000000e+00,1.000000000000000000e+00,2.206726455067582748e-01
4.099999999999999645e+00,2.495713233947753976e-02,5.967009902000427329e-02,0.000000000000000000e+00,1.000000000000000000e+00,2.198572382732329744e-01
4.120000000000000107e+00,2.495532035827636996e-02,5.967988729476928628e-02,0.000000000000000000e+00,1.000000000000000000e+00,2.179752618190098357e-01
4.139999999999999680e+00,2.495653778314590662e-02,5.967099308967590415e-02,0.000000000000000000e+00,1.000000000000000000e+00,2.155462147262579287e-01
4.160000000000000142e+00,2.495682835578918665e-02,5.965259313583373690e-02,0.000000000000000000e+00,1.000000000000000000e+00,2.131198403873033609e-01
4.179999999999999716e+00,2.495445907115936487e-02,5.962713718414306557e-02,0.000000000000000000e+00,1.000000000000000000e+00,2.112463771178639815e-01
4.200000000000000178e+00,2.495840042829513758e-02,5.965673446655272993e-02,0.000000000000000000e+00,1.000000000000000000e+00,2.104096460029909466e-01
4.219999999999999751e+00,2.495971471071243425e-02,5.966734170913696317e-02,0.000000000000000000e+00,1.000000000000000000e+00,2.109065712718198593e-01
4.240000000000000213e+00,2.495734393596649170e-02,5.964174270629882257e-02,0.000000000000000000e+00,1.000000000000000000e+00,2.127607366707070791e-01
4.259999999999999787e+00,2.495626360177993774e-02,5.962160110473632701e-02,0.000000000000000000e+00,1.000000000000000000e+00,2.156837861661931310e-01
4.280000000000000249e+00,2.495575994253158847e-02,5.958440780639648326e-02,0.000000000000000000e+00,1.000000000000000000e+00,2.191135356573440385e-01
4.299999999999999822e+00,2.495315819978714128e-02,5.969336271286010409e-02,0.000000000000000000e+00,1.000000000000000000e+00,2.224331325866500952e-01
4.320000000000000284e+00,2.495217621326446811e-02,5.971141576766967468e-02,0.000000000000000000e+00,1.000000000000000000e+00,2.252765916540286073e-01
4.339999999999999858e+00,2.495166510343551844e-02,5.971860051155090249e-02,0.000000000000000000e+00,1.000000000000000000e+00,2.276002982848343570e-01
4.360000000000000320e+00,2.494825273752212733e-02,5.977076053619384544e-02,0.000000000000000000e+00,1.000000000000000000e+00,2.294817747792575469e-01
4.379999999999999893e+00,2.494893372058868547e-02,5.975091218948364036e-02,0.000000000000000000e+00,1.000000000000000000e+00,2.309477010601063141e-01
4.400000000000000355e+00,2.494866549968719621e-02,5.971859693527221263e-02,0.000000000000000000e+00,1.000000000000000000e+00,2.320235227265620426e-01
4.419999999999999929e+00,2.494815140962600847e-02,5.970514655113220298e-02,0.000000000000000000e+00,1.000000000000000000e+00,2.328936351782501524e-01
4.440000000000000391e+00,2.494852989912033081e-02,5.971444845199584683e-02,0.000000000000000000e+00,1.000000000000000000e+00,2.338982098274459964e-01
4.459999999999999964e+00,2.494846731424331734e-02,5.970987796783447377e-02,0.000000000000000000e+00,1.000000000000000000e+00,2.352930113007185575e-01
4.480000000000000426e+00,2.494895160198211739e-02,5.969907402992248591e-02,0.000000000000000000e+00,1.000000000000000000e+00,2.369696628483575485e-01
4.500000000000000000e+00,2.494857460260391235e-02,5.970154881477355430e-02,0.000000000000000000e+00,1.000000000000000000e+00,2.383059732287418353e-01
4.520000000000000462e+00,2.495262622833252161e-02,5.969184994697570440e-02,0.000000000000000000e+00,1.000000000000000000e+00,2.383674050132217337e-01
4.540000000000000036e+00,2.496407777070999354e-02,5.968943238258361816e-02,0.000000000000000000e+00,1.000000000000000000e+00,2.366721653018423466e-01
4.560000000000000497e+00,2.495922297239303728e-02,5.968223333358764482e-02,0.000000000000000000e+00,1.000000000000000000e+00,2.338279356857133340e-01
4.580000000000000071e+00,2.496402263641357699e-02,5.969801902770995733e-02,0.000000000000000000e+00,1.000000000000000000e+00,2.310521377865890902e-01
4.600000000000000533e+00,2.496784180402755737e-02,5.972047805786132729e-02,0.000000000000000000e+00,1.000000000000000000e+00,2.292699637348955544e-01
4.620000000000000107e+00,2.496645450592041224e-02,5.970495700836181419e-02,0.000000000000000000e+00,1.000000000000000000e+00,2.287912567241475736e-01
4.639999999999999680e+00,2.496605664491653720e-02,5.969125270843505388e-02,0.000000000000000000e+00,1.000000000000000000e+00,2.293452429745769239e-01
4.660000000000000142e+00,2.496461123228073398e-02,5.975702047348022128e-02,0.000000000000000000e+00,1.000000000000000000e+00,2.301488280172104828e-01
4.679999999999999716e+00,2.496213465929031372e-02,5.979381680488585898e-02,0.000000000000000000e+00,1.000000000000000000e+00,2.301755945170419204e-01
4.700000000000000178e+00,2.495633512735366891e-02,5.984851241111754927e-02,0.000000000000000000e+00,1.000000000000000000e+00,2.286559071565064383e-01
4.719999999999999751e+00,2.495166957378387729e-02,5.988448977470398060e-02,0.000000000000000000e+00,1.000000000000000000e+00,2.253936868126893422e-01
4.740000000000000213e+00,2.495270967483520508e-02,5.987573504447937095e-02,0.000000000000000000e+00,1.000000000000000000e+00,2.207194431813826185e-01
4.759999999999999787e+00,2.495209872722625732e-02,5.988651752471923356e-02,0.000000000000000000e+00,1.000000000000000000e+00,2.153349451462622244e-01
4.780000000000000249e+00,2.495277225971222201e-02,5.990855455398559626e-02,0.000000000000000000e+00,1.000000000000000000e+00,2.101613865728390318e-01
4.799999999999999822e+00,2.495597749948501656e-02,5.994455695152282187e-02,0.000000000000000000e+00,1.000000000000000000e+00,2.060898404389862604e-01
4.820000000000000284e+00,2.495250701904297083e-02,5.991072535514831154e-02,0.000000000000000000e+00,1.000000000000000000e+00,2.037088940129758718e-01
4.839999999999999858e+00,2.495419532060623447e-02,5.993025541305541798e-02,0.000000000000000000e+00,1.000000000000000000e+00,2.032067957248874512e-01
4.860000000000000320e+00,2.495394051074981828e-02,5.992575645446777260e-02,0.000000000000000000e+00,1.000000000000000000e+00,2.044148606877954633e-01
4.879999999999999893e+00,2.495408803224563599e-02,5.993239045143126942e-02,0.000000000000000000e+00,1.000000000000000000e+00,2.068448622731116626e-01
4.900000000000000355e+00,2.495367974042892595e-02,5.997221231460571345e-02,0.000000000000000000e+00,1.000000000000000000e+00,2.097906704957891166e-01
4.919999999999999929e+00,2.495424598455429216e-02,5.995617270469665028e-02,0.000000000000000000e+00,1.000000000000000000e+00,2.126264178633012758e-01
4.940000000000000391e+00,2.495443522930145333e-02,5.995199918746948325e-02,0.000000000000000000e+00,1.000000000000000000e+00,2.150717491806198867e-01
4.959999999999999964e+00,2.495573908090591500e-02,5.991077542304992787e-02,0.000000000000000000e+00,1.000000000000000000e+00,2.171224984388358814e-01
4.980000000000000426e+00,2.495564669370651384e-02,5.989421010017394881e-02,0.000000000000000000e+00,1.000000000000000000e+00,2.188175402890381871e-01
5.000000000000000000e+00,2.495789527893066406e-02,5.993927836418151689e-02,0.000000000000000000e+00,1.000000000000000000e+00,2.201801572660111173e-01
5.020000000000000462e+00,2.495867013931274414e-02,5.994904160499572865e-02,0.000000000000000000e+00,1.000000000000000000e+00,2.213812970781732503e-01
5.040000000000000036e+00,2.495959401130676270e-02,5.995998859405517190e-02,0.000000000000000000e+00,1.000000000000000000e+00,2.228530270525192480e-01
5.060000000000000497e+00,2.496026456356048584e-02,5.996997356414794644e-02,0.000000000000000000e+00,1.000000000000000000e+00,2.251207589999527636e-01
5.080000000000000071e+00,2.496247291564941684e-02,6.003567695617675892e-02,0.000000000000000000e+00,1.000000000000000000e+00,2.285115770189755646e-01
5.100000000000000533e+00,2.496140003204345981e-02,6.011881113052367637e-02,0.000000000000000000e+00,1.000000000000000000e+00,2.329210585039064585e-01
5.120000000000000107e+00,2.496122419834137171e-02,6.012120008468627846e-02,0.000000000000000000e+00,1.000000000000000000e+00,2.376109234877367693e-01
5.139999999999999680e+00,2.496402412652969430e-02,6.010374784469604131e-02,0.000000000000000000e+00,1.000000000000000000e+00,2.413068769575556494e-01
5.160000000000000142e+00,2.495625466108322352e-02,6.012835264205932534e-02,0.000000000000000000e+00,1.000000000000000000e+00,2.430369536680725973e-01
5.179999999999999716e+00,2.497292757034301827e-02,6.010831117630004855e-02,0.000000000000000000e+00,1.000000000000000000e+00,2.429873845966381840e-01
5.200000000000000178e+00,2.497857213020324846e-02,6.011113643646240345e-02,0.000000000000000000e+00,1.000000000000000000e+00,2.421754835934653571e-01
5.219999999999999751e+00,2.497579604387283395e-02,6.010427713394164706e-02,0.000000000000000000e+00,1.000000000000000000e+00,2.415343664792198863e-01
5.240000000000000213e+00,2.498418092727661133e-02,6.015189170837401816e-02,0.000000000000000000e+00,1.000000000000000000e+00,2.414595947721623337e-01
5.259999999999999787e+00,2.498122602701187411e-02,6.010809659957885853e-02,0.000000000000000000e+00,1.000000000000000000e+00,2.417907049860102409e-01
5.280000000000000249e+00,2.498138248920440951e-02,6.007727622985839511e-02,0.000000000000000000e+00,1.000000000000000000e+00,2.419461006033854222e-01
5.299999999999999822e+00,2.498317509889602661e-02,6.004711389541625421e-02,0.000000000000000000e+00,1.000000000000000000e+00,2.411571204280115455e-01
5.320000000000000284e+00,2.498089075088501254e-02,6.007120370864867803e-02,0.000000000000000000e+00,1.000000000000000000e+00,2.387395499942078503e-01
5.339999999999999858e+00,2.498237341642380038e-02,6.005601167678832619e-02,0.000000000000000000e+00,1.000000000000000000e+00,2.343177638725346679e-01
5.360000000000000320e+00,2.498181462287903110e-02,6.006683349609374944e-02,0.000000000000000000e+00,1.000000000000000000e+00,2.280395601190993160e-01
5.379999999999999893e+00,2.498190104961395264e-02,6.007008790969848439e-02,0.000000000000000000e+00,1.000000000000000000e+00,2.207265573688823868e-01
5.400000000000000355e+00,2.498090267181396484e-02,6.005862236022949108e-02,0.000000000000000000e+00,1.000000000000000000e+00,2.136594391468575327e-01
5.419999999999999929e+00,2.498114258050918718e-02,6.006091117858886747e-02,0.000000000000000000e+00,1.000000000000000000e+00,2.079870102044287794e-01
5.440000000000000391e+00,2.497829496860504150e-02,6.002930402755737166e-02,0.000000000000000000e+00,1.000000000000000000e+00,2.042986459748730999e-01
5.459999999999999964e+00,2.497970610857010165e-02,6.005311489105224360e-02,0.000000000000000000e+00,1.000000000000000000e+00,2.026433950528594707e-01
5.480000000000000426e+00,2.497899979352951119e-02,6.002097845077514204e-02,0.000000000000000000e+00,1.000000000000000000e+00,2.026980778423829455e-01
5.500000000000000000e+00,2.497944980859756470e-02,5.999242544174194364e-02,0.000000000000000000e+00,1.000000000000000000e+00,2.038577853494426273e-01
5.520000000000000462e+00,2.497860044240951538e-02,6.001009225845336387e-02,0.000000000000000000e+00,1.000000000000000000e+00,2.054004625927841332e-01
5.540000000000000036e+00,2.497950047254562586e-02,5.999623417854308555e-02,0.000000000000000000e+00,1.000000000000000000e+00,2.067988635777861794e-01
5.560000000000000497e+00,2.497739046812057565e-02,6.003742218017577709e-02,0.000000000000000000e+00,1.000000000000000000e+00,2.078612731022498883e-01
5.580000000000000071e+00,2.497743368148803988e-02,6.006672620773315097e-02,0.000000000000000000e+00,1.000000000000000000e+00,2.085669282271334357e-01
5.600000000000000533e+00,2.497462481260299960e-02,6.002716541290283037e-02,0.000000000000000000e+00,1.000000000000000000e+00,2.089150908150753660e-01
5.620000000000000107e+00,2.497520744800567696e-02,6.003207921981811024e-02,0.000000000000000000e+00,1.000000000000000000e+00,2.090285678493556121e-01
5.639999999999999680e+00,2.497473210096359461e-02,6.002843141555785911e-02,0.000000000000000000e+00,1.000000000000000000e+00,2.093488625554219829e-01
5.660000000000000142e+00,2.498523741960525721e-02,6.011960506439208846e-02,0.000000000000000000e+00,1.000000000000000000e+00,2.105622894052089633e-01
5.679999999999999716e+00,2.498282939195633004e-02,6.009118080139159990e-02,0.000000000000000000e+00,1.000000000000000000e+00,2.132892056909695688e-01
5.700000000000000178e+00,2.498118430376053065e-02,6.005573272705078125e-02,0.000000000000000000e+00,1.000000000000000000e+00,2.178737445531459260e-01
5.719999999999999751e+00,2.498113363981246948e-02,6.004182100296020369e-02,0.000000000000000000e+00,1.000000000000000000e+00,2.242266537497975276e-01
5.740000000000000213e+00,2.498180568218231340e-02,6.002612829208373718e-02,0.000000000000000000e+00,1.000000000000000000e+00,2.315403919465029436e-01
5.759999999999999787e+00,2.498626112937927385e-02,5.997941851615905262e-02,0.000000000000000000e+00,1.000000000000000000e+00,2.382808197544968587e-01
5.780000000000000249e+00,2.498525083065033028e-02,5.998575210571288618e-02,0.000000000000000000e+00,1.000000000000000000e+00,2.430354860773641934e-01
5.799999999999999822e+00,2.498925626277923723e-02,5.996967315673827625e-02,0.000000000000000000e+00,1.000000000000000000e+00,2.454958886352934799e-01
5.820000000000000284e+00,2.499468475580215662e-02,5.995631933212280246e-02,0.000000000000000000e+00,1.000000000000000000e+00,2.463460646823203981e-01
5.839999999999999858e+00,2.498770207166671822e-02,5.996426939964294434e-02,0.000000000000000000e+00,1.000000000000000000e+00,2.464706955613738537e-01
5.860000000000000320e+00,2.498742192983627319e-02,5.996417999267578125e-02,0.000000000000000000e+00,1.000000000000000000e+00,2.464555623878619539e-01
5.879999999999999893e+00,2.498919814825058261e-02,5.996929049491882269e-02,0.000000000000000000e+00,1.000000000000000000e+00,2.465041759497002827e-01
5.900000000000000355e+00,2.498964518308639804e-02,5.997748017311096275e-02,0.000000000000000000e+00,1.000000000000000000e+00,2.464997706994812576e-01
5.919999999999999929e+00,2.498949617147445956e-02,5.997939705848693431e-02,0.000000000000000000e+00,1.000000000000000000e+00,2.460468305312052406e-01
5.940000000000000391e+00,2.498890906572341988e-02,5.998496890068053672e-02,0.000000000000000000e+00,1.000000000000000000e+00,2.444990135871310533e-01
5.959999999999999964e+00,2.498902529478073259e-02,5.999050498008727528e-02,0.000000000000000000e+00,1.000000000000000000e+00,2.411387698121581769e-01
5.980000000000000426e+00,2.498797774314880440e-02,5.998476147651671947e-02,0.000000000000000000e+00,1.000000000000000000e+00,2.356740103948357645e-01
6.000000000000000000e+00,2.498834729194641252e-02,5.998637795448302779e-02,0.000000000000000000e+00,1.000000000000000000e+00,2.287551596695475142e-01
6.020000000000000462e+00,2.498985379934311191e-02,5.999391674995421808e-02,0.000000000000000000e+00,1.000000000000000000e+00,2.217669169833519915e-01
6.040000000000000036e+00,2.498951405286789149e-02,5.999163150787353155e-02,0.000000000000000000e+00,1.000000000000000000e+00,2.159570849519251157e-01
6.060000000000000497e+00,2.499064803123474121e-02,6.000390529632568248e-02,0.000000000000000000e+00,1.000000000000000000e+00,2.119003104466326837e-01
6.080000000000000071e+00,2.499061375856399814e-02,6.000294685363768976e-02,0.000000000000000000e+00,1.000000000000000000e+00,2.095825705330894018e-01
6.100000000000000533e+00,2.499146610498428553e-02,5.996364712715148565e-02,0.000000000000000000e+00,1.000000000000000000e+00,2.086246537839390180e-01
6.120000000000000107e+00,2.499137967824936052e-02,5.996472358703613253e-02,0.000000000000000000e+00,1.000000000000000000e+00,2.084389416167622411e-01
6.140000000000000568e+00,2.499003112316131731e-02,5.997470855712890708e-02,0.000000000000000000e+00,1.000000000000000000e+00,2.084544143338627753e-01
6.160000000000000142e+00,2.498772889375686784e-02,5.998870611190795787e-02,0.000000000000000000e+00,1.000000000000000000e+00,2.083318289541707669e-01
6.179999999999999716e+00,2.498837113380432406e-02,5.998278737068175881e-02,0.000000000000000000e+00,1.000000000000000000e+00,2.079265605874265899e-01
6.200000000000000178e+00,2.498848289251327792e-02,5.998473644256591825e-02,0.000000000000000000e+00,1.000000000000000000e+00,2.071178804688192099e-01
6.219999999999999751e+00,2.498761117458343783e-02,5.998016595840453824e-02,0.000000000000000000e+00,1.000000000000000000e+00,2.058323268251498195e-01
6.240000000000000213e+00,2.499459236860275546e-02,6.001208782196044977e-02,0.000000000000000000e+00,1.000000000000000000e+00,2.043132005998476441e-01
6.259999999999999787e+00,2.499680668115615914e-02,6.002361059188842524e-02,0.000000000000000000e+00,1.000000000000000000e+00,2.032560803252127790e-01
6.280000000000000249e+00,2.499642819166183680e-02,6.002107858657836775e-02,0.000000000000000000e+00,1.000000000000000000e+00,2.035081893964217348e-01
6.299999999999999822e+00,2.499414980411529541e-02,5.999912023544311246e-02,0.000000000000000000e+00,1.000000000000000000e+00,2.056988022904955582e-01
6.320000000000000284e+00,2.499349415302276611e-02,5.998813390731811551e-02,0.000000000000000000e+00,1.000000000000000000e+00,2.101292455269089254e-01
6.339999999999999858e+00,2.499378770589828769e-02,6.000457048416137779e-02,0.000000000000000000e+00,1.000000000000000000e+00,2.166606755010307139e-01
6.360000000000000320e+00,2.499523460865020821e-02,5.993824124336242370e-02,0.000000000000000000e+00,1.000000000000000000e+00,2.244435739708662003e-01
6.379999999999999893e+00,2.499503046274185319e-02,5.994167089462280190e-02,0.000000000000000000e+00,1.000000000000000000e+00,2.319408710925109085e-01
6.400000000000000355e+00,2.498659342527389735e-02,6.002999067306518527e-02,0.000000000000000000e+00,1.000000000000000000e+00,2.376563301029939734e-01
6.419999999999999929e+00,2.498126029968261719e-02,6.007184028625488226e-02,0.000000000000000000e+00,1.000000000000000000e+00,2.409498836290847323e-01
6.440000000000000391e+00,2.498130649328231950e-02,6.007153272628783930e-02,0.000000000000000000e+00,1.000000000000000000e+00,2.421100636702402942e-01
6.459999999999999964e+00,2.498212605714798112e-02,6.006609678268432645e-02,0.000000000000000000e+00,1.000000000000000000e+00,2.419052541149901425e-01
6.480000000000000426e+00,2.497959583997726510e-02,6.008706808090209794e-02,0.000000000000000000e+00,1.000000000000000000e+00,2.411839946068949914e-01
6.500000000000000000e+00,2.497846484184265345e-02,6.010359764099120622e-02,0.000000000000000000e+00,1.000000000000000000e+00,2.406407195352869566e-01
6.520000000000000462e+00,2.497859001159668038e-02,6.009886264801025252e-02,0.000000000000000000e+00,1.000000000000000000e+00,2.406519376969855906e-01
6.540000000000000036e+00,2.497866302728653232e-02,6.009563684463500866e-02,0.000000000000000000e+00,1.000000000000000000e+00,2.411522154300248522e-01
6.560000000000000497e+00,2.497894465923309465e-02,6.009133100509643499e-02,0.000000000000000000e+00,1.000000000000000000e+00,2.415650493507003060e-01
6.580000000000000071e+00,2.498009204864502092e-02,6.008460044860839538e-02,0.000000000000000000e+00,1.000000000000000000e+00,2.409180469646920730e-01
6.600000000000000533e+00,2.498030811548233171e-02,6.008411407470702625e-02,0.000000000000000000e+00,1.000000000000000000e+00,2.384105453058490698e-01
6.620000000000000107e+00,2.497801482677459994e-02,6.008446455001830583e-02,0.000000000000000000e+00,1.000000000000000000e+00,2.341987171673792778e-01
6.640000000000000568e+00,2.498211264610290805e-02,6.009094476699829157e-02,0.000000000000000000e+00,1.000000000000000000e+00,2.293783402055908638e-01
6.660000000000000142e+00,2.498485296964645525e-02,6.010126590728759322e-02,0.000000000000000000e+00,1.000000000000000000e+00,2.250882473849300791e-01
6.679999999999999716e+00,2.498746067285537859e-02,6.012371063232421764e-02,0.000000000000000000e+00,1.000000000000000000e+00,2.218975428453585919e-01
6.700000000000000178e+00,2.498750835657119820e-02,6.013005495071410689e-02,0.000000000000000000e+00,1.000000000000000000e+00,2.198240786531595325e-01
6.719999999999999751e+00,2.498734593391418665e-02,6.013161420822143305e-02,0.000000000000000000e+00,1.000000000000000000e+00,2.185523050703714609e-01
6.740000000000000213e+00,2.498682141304016391e-02,6.013360977172851202e-02,0.000000000000000000e+00,1.000000000000000000e+00,2.176683078205496891e-01
6.759999999999999787e+00,2.498594969511032382e-02,6.013496875762939370e-02,0.000000000000000000e+00,1.000000000000000000e+00,2.168799799714292709e-01
6.780000000000000249e+00,2.499003559350967615e-02,6.013526916503905695e-02,0.000000000000000000e+00,1.000000000000000000e+00,2.160492304321383894e-01
6.799999999999999822e+00,2.499013692140579501e-02,6.013554096221923606e-02,0.000000000000000000e+00,1.000000000000000000e+00,2.150227401308677511e-01
6.820000000000000284e+00,2.498994171619415422e-02,6.013626337051391352e-02,0.000000000000000000e+00,1.000000000000000000e+00,2.135309274546452196e-01
6.839999999999999858e+00,2.499115765094757358e-02,6.013672113418579157e-02,0.000000000000000000e+00,1.000000000000000000e+00,2.113848107538169319e-01
6.860000000000000320e+00,2.499288022518158028e-02,6.013982534408569142e-02,0.000000000000000000e+00,1.000000000000000000e+00,2.088588024007796418e-01
6.879999999999999893e+00,2.499166131019592285e-02,6.013599157333374134e-02,0.000000000000000000e+00,1.000000000000000000e+00,2.067486992043201244e-01
6.900000000000000355e+00,2.498974949121475497e-02,6.012670755386352595e-02,0.000000000000000000e+00,1.000000000000000000e+00,2.059358447339929288e-01
6.919999999999999929e+00,2.498407363891601632e-02,6.008394956588744562e-02,0.000000000000000000e+00,1.000000000000000000e+00,2.070028127057415845e-01
6.940000000000000391e+00,2.498521357774734566e-02,6.009863376617431696e-02,0.000000000000000000e+00,1.000000000000000000e+00,2.101486999556715918e-01
6.959999999999999964e+00,2.498458921909332484e-02,6.007982254028319813e-02,0.000000000000000000e+00,1.000000000000000000e+00,2.151231276817406612e-01
6.980000000000000426e+00,2.498463988304138253e-02,6.006525278091430498e-02,0.000000000000000000e+00,1.000000000000000000e+00,2.211077301265224060e-01
7.000000000000000000e+00,2.498306781053543160e-02,6.011317491531371904e-02,0.000000000000000000e+00,1.000000000000000000e+00,2.268393049511644444e-01
7.020000000000000462e+00,2.498085498809814523e-02,6.015450239181518305e-02,0.000000000000000000e+00,1.000000000000000000e+00,2.310844043917009705e-01
7.040000000000000036e+00,2.498162984848022530e-02,6.014213562011718611e-02,0.000000000000000000e+00,1.000000000000000000e+00,2.331179611439530286e-01
7.060000000000000497e+00,2.497861832380295077e-02,6.019499301910399836e-02,0.000000000000000000e+00,1.000000000000000000e+00,2.329317482114763582e-01
7.080000000000000071e+00,2.497785687446594377e-02,6.021503448486328208e-02,0.000000000000000000e+00,1.000000000000000000e+00,2.312140756724486157e-01
7.100000000000000533e+00,2.497784495353698800e-02,6.021580696105956892e-02,0.000000000000000000e+00,1.000000000000000000e+00,2.290932056887916846e-01
7.120000000000000107e+00,2.497783601284027377e-02,6.019099473953246765e-02,0.000000000000000000e+00,1.000000000000000000e+00,2.276548775662355917e-01
7.140000000000000568e+00,2.497787773609161377e-02,6.016657590866088950e-02,0.000000000000000000e+00,1.000000000000000000e+00,2.275374590640382999e-01
7.160000000000000142e+00,2.497732639312744141e-02,6.019045114517211637e-02,0.000000000000000000e+00,1.000000000000000000e+00,2.288147517967133171e-01
7.179999999999999716e+00,2.498043626546860019e-02,6.014157056808471652e-02,0.000000000000000000e+00,1.000000000000000000e+00,2.309921005374965530e-01
7.200000000000000178e+00,2.497615069150924821e-02,6.017540216445922685e-02,0.000000000000000000e+00,1.000000000000000000e+00,2.330450783469225906e-01
7.219999999999999751e+00,2.497409880161285609e-02,6.018437147140502652e-02,0.000000000000000000e+00,1.000000000000000000e+00,2.338685547982073398e-01
7.240000000000000213e+00,2.497581988573074549e-02,6.018046617507934182e-02,0.000000000000000000e+00,1.000000000000000000e+00,2.331169618433166779e-01
7.259999999999999787e+00,2.497039139270782609e-02,6.018402099609374695e-02,0.000000000000000000e+00,1.000000000000000000e+00,2.313995505079111670e-01
7.280000000000000249e+00,2.496994137763977259e-02,6.018354177474975059e-02,0.000000000000000000e+00,1.000000000000000000e+00,2.295664428186044992e-01
7.299999999999999822e+00,2.497152388095855852e-02,6.019093036651611273e-02,0.000000000000000000e+00,1.000000000000000000e+00,2.281064244593860313e-01
7.320000000000000284e+00,2.497128695249557773e-02,6.019494295120238897e-02,0.000000000000000000e+00,1.000000000000000000e+00,2.270780381773597478e-01
7.339999999999999858e+00,2.496939152479171753e-02,6.019889116287231029e-02,0.000000000000000000e+00,1.000000000000000000e+00,2.263158076864061619e-01
7.360000000000000320e+00,2.496623396873474260e-02,6.019825458526611300e-02,0.000000000000000000e+00,1.000000000000000000e+00,2.256867070087803240e-01
7.379999999999999893e+00,2.497213482856750627e-02,6.020961999893188060e-02,0.000000000000000000e+00,1.000000000000000000e+00,2.251954379073607682e-01
7.400000000000000355e+00,2.497238516807556361e-02,6.021071434020995594e-02,0.000000000000000000e+00,1.000000000000000000e+00,2.248483813075383142e-01
7.419999999999999929e+00,2.497215270996093819e-02,6.020783185958861888e-02,0.000000000000000000e+00,1.000000000000000000e+00,2.244560806167293365e-01
7.440000000000000391e+00,2.497167587280273507e-02,6.021695137023925365e-02,0.000000000000000000e+00,1.000000000000000000e+00,2.236170184691665674e-01
7.459999999999999964e+00,2.497059255838394304e-02,6.022119998931884516e-02,0.000000000000000000e+00,1.000000000000000000e+00,2.220079980020275012e-01
7.480000000000000426e+00,2.497387677431106567e-02,6.021827459335327148e-02,0.000000000000000000e+00,1.000000000000000000e+00,2.197939883925550675e-01
7.500000000000000000e+00,2.497921884059906006e-02,6.022349596023559432e-02,0.000000000000000000e+00,1.000000000000000000e+00,2.176524577782323056e-01
7.520000000000000462e+00,2.498881965875625680e-02,6.025033950805663840e-02,0.000000000000000000e+00,1.000000000000000000e+00,2.163452732188146377e-01
7.540000000000000036e+00,2.498532682657242029e-02,6.023222208023071289e-02,0.000000000000000000e+00,1.000000000000000000e+00,2.163507761988952560e-01
7.560000000000000497e+00,2.498615682125091692e-02,6.023990392684936551e-02,0.000000000000000000e+00,1.000000000000000000e+00,2.177640496442961870e-01
7.580000000000000071e+00,2.498470097780227869e-02,6.021259546279907060e-02,0.000000000000000000e+00,1.000000000000000000e+00,2.202998194648658759e-01
7.600000000000000533e+00,2.498468905687332292e-02,6.021181583404541099e-02,0.000000000000000000e+00,1.000000000000000000e+00,2.233352162024234144e-01
7.620000000000000107e+00,2.498439997434616366e-02,6.025561809539795033e-02,0.000000000000000000e+00,1.000000000000000000e+00,2.260361990301354984e-01
7.640000000000000568e+00,2.498413920402527133e-02,6.027402877807616632e-02,0.000000000000000000e+00,1.000000000000000000e+00,2.275366179704230996e-01
7.660000000000000142e+00,2.498445808887481828e-02,6.022747278213500671e-02,0.000000000000000000e+00,1.000000000000000000e+00,2.271610757399371294e-01
7.679999999999999716e+00,2.498465478420257638e-02,6.024579048156738365e-02,0.000000000000000000e+00,1.000000000000000000e+00,2.247770228382572344e-01
7.700000000000000178e+00,2.498419582843780518e-02,6.022986888885498158e-02,0.000000000000000000e+00,1.000000000000000000e+00,2.211106128227471601e-01
7.719999999999999751e+00,2.498711496591568201e-02,6.030748844146728571e-02,0.000000000000000000e+00,1.000000000000000000e+00,2.175125292536489174e-01
7.740000000000000213e+00,2.498794645071029941e-02,6.033310890197753767e-02,0.000000000000000000e+00,1.000000000000000000e+00,2.152024332939994344e-01
7.759999999999999787e+00,2.498743385076522897e-02,6.029551506042480497e-02,0.000000000000000000e+00,1.000000000000000000e+00,2.147859340079109058e-01
7.780000000000000249e+00,2.498636543750763078e-02,6.036020278930663563e-02,0.000000000000000000e+00,1.000000000000000000e+00,2.162930135300577816e-01
7.799999999999999822e+00,2.498861253261566370e-02,6.032052755355835072e-02,0.000000000000000000e+00,1.000000000000000000e+00,2.192516536365358149e-01
7.820000000000000284e+00,2.498740851879120012e-02,6.033171415328979215e-02,0.000000000000000000e+00,1.000000000000000000e+00,2.226570766266337542e-01
7.839999999999999858e+00,2.498544305562973300e-02,6.034300804138183205e-02,0.000000000000000000e+00,1.000000000000000000e+00,2.253378539971518935e-01
7.860000000000000320e+00,2.499170154333114902e-02,6.031959056854247631e-02,0.000000000000000000e+00,1.000000000000000000e+00,2.267428038254493128e-01
7.879999999999999893e+00,2.499001622200012346e-02,6.032363891601562333e-02,0.000000000000000000e+00,1.000000000000000000e+00,2.271573887254546842e-01
7.900000000000000355e+00,2.499279975891113489e-02,6.031965494155883817e-02,0.000000000000000000e+00,1.000000000000000000e+00,2.271451977141951406e-01
7.919999999999999929e+00,2.499243319034576485e-02,6.032000541687011774e-02,0.000000000000000000e+00,1.000000000000000000e+00,2.270616189670309482e-01
7.940000000000000391e+00,2.499217987060546944e-02,6.031959772109984907e-02,0.000000000000000000e+00,1.000000000000000000e+00,2.270030954190429551e-01
7.959999999999999964e+00,2.499003857374191423e-02,6.031560659408569114e-02,0.000000000000000000e+00,1.000000000000000000e+00,2.270035520242865978e-01
7.980000000000000426e+00,2.498691529035568237e-02,6.030649423599242914e-02,0.000000000000000000e+00,1.000000000000000000e+00,2.271979002594449182e-01
8.000000000000000000e+00,2.498749196529388705e-02,6.030915498733520341e-02,0.000000000000000000e+00,1.000000000000000000e+00,2.277691381702491580e-01
8.019999999999999574e+00,2.499227076768875330e-02,6.034756422042846652e-02,0.000000000000000000e+00,1.000000000000000000e+00,2.287524912268872612e-01
8.040000000000000924e+00,2.499056309461593697e-02,6.031074285507202065e-02,0.000000000000000000e+00,1.000000000000000000e+00,2.298940938623993957e-01
8.060000000000000497e+00,2.499030381441116541e-02,6.031941175460815013e-02,0.000000000000000000e+00,1.000000000000000000e+00,2.307064875967367312e-01
8.080000000000000071e+00,2.499320209026336878e-02,6.029501438140869030e-02,0.000000000000000000e+00,1.000000000000000000e+00,2.307783614479939072e-01
8.099999999999999645e+00,2.499104887247085779e-02,6.030349731445312084e-02,0.000000000000000000e+00,1.000000000000000000e+00,2.301194515109102889e-01
8.120000000000000995e+00,2.498988956212997575e-02,6.030542850494384488e-02,0.000000000000000000e+00,1.000000000000000000e+00,2.291473548443881403e-01
8.140000000000000568e+00,2.499056756496429582e-02,6.030551433563232505e-02,0.000000000000000000e+00,1.000000000000000000e+00,2.283522689056096400e-01
8.160000000000000142e+00,2.499066591262817660e-02,6.030572175979614230e-02,0.000000000000000000e+00,1.000000000000000000e+00,2.280260067343748420e-01
8.179999999999999716e+00,2.499486356973648279e-02,6.032685041427612166e-02,0.000000000000000000e+00,1.000000000000000000e+00,2.282066759419912882e-01
8.199999999999999289e+00,2.499267309904098719e-02,6.030388355255126426e-02,0.000000000000000000e+00,1.000000000000000000e+00,2.287432116575836005e-01
8.220000000000000639e+00,2.499228715896606445e-02,6.029585838317871177e-02,0.000000000000000000e+00,1.000000000000000000e+00,2.293567145275834107e-01
8.240000000000000213e+00,2.499245405197143832e-02,6.030043601989745761e-02,0.000000000000000000e+00,1.000000000000000000e+00,2.296247589138813716e-01
8.259999999999999787e+00,2.499285191297531336e-02,6.030818223953246515e-02,0.000000000000000000e+00,1.000000000000000000e+00,2.289416759526616274e-01
8.279999999999999361e+00,2.499290704727172990e-02,6.030889749526976984e-02,0.000000000000000000e+00,1.000000000000000000e+00,2.266719953579784674e-01
8.300000000000000711e+00,2.499332576990127841e-02,6.031320333480835044e-02,0.000000000000000000e+00,1.000000000000000000e+00,2.226686568771142627e-01
8.320000000000000284e+00,2.499602437019348214e-02,6.034011125564574946e-02,0.000000000000000000e+00,1.000000000000000000e+00,2.177536278467562536e-01
8.339999999999999858e+00,2.499432265758514543e-02,6.032059907913207841e-02,0.000000000000000000e+00,1.000000000000000000e+00,2.133542692471336877e-01
8.359999999999999432e+00,2.499291896820068568e-02,6.029814720153808122e-02,0.000000000000000000e+00,1.000000000000000000e+00,2.105883238104546418e-01
8.380000000000000782e+00,2.499269247055053988e-02,6.029071569442748940e-02,0.000000000000000000e+00,1.000000000000000000e+00,2.098935096872209249e-01
8.400000000000000355e+00,2.499254047870635986e-02,6.031435489654540794e-02,0.000000000000000000e+00,1.000000000000000000e+00,2.111883191901147150e-01
8.419999999999999929e+00,2.499529272317886630e-02,6.025613307952880360e-02,0.000000000000000000e+00,1.000000000000000000e+00,2.139195140703542830e-01
8.439999999999999503e+00,2.498977184295654574e-02,6.031588554382324302e-02,0.000000000000000000e+00,1.000000000000000000e+00,2.170375050525052418e-01
8.460000000000000853e+00,2.499151825904846400e-02,6.030365467071532870e-02,0.000000000000000000e+00,1.000000000000000000e+00,2.194423515657633050e-01
8.480000000000000426e+00,2.499421685934066772e-02,6.029003620147704856e-02,0.000000000000000000e+00,1.000000000000000000e+00,2.206723995039069908e-01
8.500000000000000000e+00,2.499543577432632516e-02,6.028512239456176869e-02,0.000000000000000000e+00,1.000000000000000000e+00,2.209601866432049921e-01
8.519999999999999574e+00,2.499774843454360962e-02,6.027572393417358204e-02,0.000000000000000000e+00,1.000000000000000000e+00,2.207532960959621982e-01
8.540000000000000924e+00,2.499832808971405237e-02,6.026980876922607283e-02,0.000000000000000000e+00,1.000000000000000000e+00,2.203943449620519857e-01
8.560000000000000497e+00,2.499806433916092197e-02,6.026764869689941323e-02,0.000000000000000000e+00,1.000000000000000000e+00,2.201325962624207100e-01
8.580000000000000071e+00,2.499901056289673129e-02,6.027224063873290461e-02,0.000000000000000000e+00,1.000000000000000000e+00,2.202384152534710982e-01
8.599999999999999645e+00,2.500084638595581263e-02,6.028210401535034207e-02,0.000000000000000000e+00,1.000000000000000000e+00,2.209999587296118118e-01
8.620000000000000995e+00,2.499978542327881137e-02,6.027427196502685436e-02,0.000000000000000000e+00,1.000000000000000000e+00,2.225900554548421451e-01
8.640000000000000568e+00,2.499918341636657784e-02,6.026681900024413729e-02,0.000000000000000000e+00,1.000000000000000000e+00,2.249277216235512078e-01
8.660000000000000142e+00,2.499944567680359095e-02,6.027631759643554271e-02,0.000000000000000000e+00,1.000000000000000000e+00,2.276302669385106281e-01
8.679999999999999716e+00,2.500054240226745605e-02,6.023032665252685269e-02,0.000000000000000000e+00,1.000000000000000000e+00,2.301431218887282359e-01
8.700000000000001066e+00,2.500087618827820032e-02,6.022585630416869840e-02,0.000000000000000000e+00,1.000000000000000000e+00,2.320474880719479438e-01
8.720000000000000639e+00,2.499855607748031894e-02,6.024423122406005748e-02,0.000000000000000000e+00,1.000000000000000000e+00,2.332790995390532085e-01
8.740000000000000213e+00,2.499464154243469238e-02,6.026638984680175726e-02,0.000000000000000000e+00,1.000000000000000000e+00,2.340257605218157011e-01
8.759999999999999787e+00,2.499510496854782243e-02,6.026426553726196150e-02,0.000000000000000000e+00,1.000000000000000000e+00,2.344798084365762592e-01
8.779999999999999361e+00,2.499720156192779610e-02,6.025527477264404352e-02,0.000000000000000000e+00,1.000000000000000000e+00,2.347293205727339349e-01
8.800000000000000711e+00,2.499773800373077462e-02,6.025254249572753462e-02,0.000000000000000000e+00,1.000000000000000000e+00,2.348264827632466079e-01
8.820000000000000284e+00,2.499714940786361764e-02,6.025687694549560630e-02,0.000000000000000000e+00,1.000000000000000000e+00,2.348656786052396028e-01
8.839999999999999858e+00,2.499623894691467563e-02,6.026243448257446317e-02,0.000000000000000000e+00,1.000000000000000000e+00,2.349072767336312650e-01
8.859999999999999432e+00,2.499637752771377563e-02,6.026219844818114790e-02,0.000000000000000000e+00,1.000000000000000000e+00,2.347783979410214550e-01
8.880000000000000782e+00,2.499893754720687936e-02,6.026355743408202958e-02,0.000000000000000000e+00,1.000000000000000000e+00,2.339427496939986972e-01
8.900000000000000355e+00,2.499842643737792969e-02,6.026261329650878934e-02,0.000000000000000000e+00,1.000000000000000000e+00,2.316965893872694193e-01
8.919999999999999929e+00,2.499542981386184901e-02,6.025365114212036244e-02,0.000000000000000000e+00,1.000000000000000000e+00,2.278313545247156180e-01
8.939999999999999503e+00,2.499154955148696899e-02,6.023687124252319336e-02,0.000000000000000000e+00,1.000000000000000000e+00,2.231655853720623806e-01
8.960000000000000853e+00,2.498986721038818498e-02,6.022635698318481307e-02,0.000000000000000000e+00,1.000000000000000000e+00,2.190519020666081007e-01
8.980000000000000426e+00,2.498192936182022303e-02,6.014923810958862360e-02,0.000000000000000000e+00,1.000000000000000000e+00,2.164607570567247119e-01
9.000000000000000000e+00,2.498183697462082187e-02,6.014750719070434404e-02,0.000000000000000000e+00,1.000000000000000000e+00,2.157145961235051312e-01
9.019999999999999574e+00,2.498102486133575717e-02,6.003919601440429327e-02,0.000000000000000000e+00,1.000000000000000000e+00,2.166144637844567289e-01
9.040000000000000924e+00,2.497971951961517473e-02,6.007523775100707952e-02,0.000000000000000000e+00,1.000000000000000000e+00,2.184486895066998224e-01
9.060000000000000497e+00,2.498373389244079590e-02,6.002451896667480163e-02,0.000000000000000000e+00,1.000000000000000000e+00,2.201139584396688553e-01
9.080000000000000071e+00,2.498762756586074898e-02,5.999234676361083624e-02,0.000000000000000000e+00,1.000000000000000000e+00,2.206726455067586079e-01
9.099999999999999645e+00,2.499048262834549158e-02,5.997417211532592857e-02,0.000000000000000000e+00,1.000000000000000000e+00,2.198572382732331965e-01
9.120000000000000995e+00,2.498860210180282870e-02,5.998515486717223566e-02,0.000000000000000000e+00,1.000000000000000000e+00,2.179752618190108904e-01
9.140000000000000568e+00,2.498845756053924561e-02,5.998626351356506348e-02,0.000000000000000000e+00,1.000000000000000000e+00,2.155462147262586226e-01
9.160000000000000142e+00,2.498821318149566789e-02,5.999814033508300837e-02,0.000000000000000000e+00,1.000000000000000000e+00,2.131198403873041658e-01
9.179999999999999716e+00,2.498815655708313058e-02,5.999751091003417691e-02,0.000000000000000000e+00,1.000000000000000000e+00,2.112463771178643424e-01
9.200000000000001066e+00,2.498763501644134591e-02,5.999357700347900113e-02,0.000000000000000000e+00,1.000000000000000000e+00,2.104096460029915572e-01
9.220000000000000639e+00,2.498643547296524117e-02,5.998380303382873369e-02,0.000000000000000000e+00,1.000000000000000000e+00,2.109065712718201924e-01
9.240000000000000213e+00,2.498870491981506486e-02,6.000915527343749639e-02,0.000000000000000000e+00,1.000000000000000000e+00,2.127607366707076064e-01
9.259999999999999787e+00,2.498953640460968226e-02,6.002589941024780162e-02,0.000000000000000000e+00,1.000000000000000000e+00,2.156837861661933253e-01
9.279999999999999361e+00,2.499006092548370500e-02,6.007818460464477150e-02,0.000000000000000000e+00,1.000000000000000000e+00,2.191135356573440662e-01
9.300000000000000711e+00,2.499013096094131539e-02,6.007548093795776062e-02,0.000000000000000000e+00,1.000000000000000000e+00,2.224331325866506226e-01
9.320000000000000284e+00,2.498893290758133143e-02,6.009752511978148914e-02,0.000000000000000000e+00,1.000000000000000000e+00,2.252765916540290791e-01
9.339999999999999858e+00,2.499045729637146274e-02,6.007565259933471402e-02,0.000000000000000000e+00,1.000000000000000000e+00,2.276002982848349676e-01
9.359999999999999432e+00,2.498988807201385498e-02,6.008447885513305137e-02,0.000000000000000000e+00,1.000000000000000000e+00,2.294817747792578799e-01
9.380000000000000782e+00,2.499020248651504655e-02,6.007575273513793973e-02,0.000000000000000000e+00,1.000000000000000000e+00,2.309477010601070079e-01
9.400000000000000355e+00,2.499022185802459925e-02,6.008136749267577875e-02,0.000000000000000000e+00,1.000000000000000000e+00,2.320235227265623479e-01
9.419999999999999929e+00,2.499022632837295810e-02,6.008152484893798662e-02,0.000000000000000000e+00,1.000000000000000000e+00,2.328936351782506520e-01
9.439999999999999503e+00,2.499033808708191196e-02,6.008477926254272156e-02,0.000000000000000000e+00,1.000000000000000000e+00,2.338982098274462462e-01
9.460000000000000853e+00,2.499051988124847620e-02,6.010562896728515597e-02,0.000000000000000000e+00,1.000000000000000000e+00,2.352930113007191404e-01
9.480000000000000426e+00,2.499121129512786935e-02,6.009023666381835965e-02,0.000000000000000000e+00,1.000000000000000000e+00,2.369696628483579370e-01
9.500000000000000000e+00,2.498951405286789149e-02,6.010252475738524919e-02,0.000000000000000000e+00,1.000000000000000000e+00,2.383059732287423349e-01
9.519999999999999574e+00,2.499391436576843539e-02,6.008951425552368220e-02,0.000000000000000000e+00,1.000000000000000000e+00,2.383674050132221223e-01
9.540000000000000924e+00,2.498344928026199549e-02,6.009653806686401228e-02,0.000000000000000000e+00,1.000000000000000000e+00,2.366721653018429572e-01
9.560000000000000497e+00,2.498145848512649606e-02,6.009435653686523438e-02,0.000000000000000000e+00,1.000000000000000000e+00,2.338279356857137781e-01
9.580000000000000071e+00,2.498549818992614954e-02,6.010632276535034235e-02,0.000000000000000000e+00,1.000000000000000000e+00,2.310521377865895343e-01
9.599999999999999645e+00,2.498866468667984217e-02,6.012410402297973383e-02,0.000000000000000000e+00,1.000000000000000000e+00,2.292699637348957209e-01
9.620000000000000995e+00,2.498409003019333094e-02,6.007349967956542719e-02,0.000000000000000000e+00,1.000000000000000000e+00,2.287912567241486284e-01
9.640000000000000568e+00,2.498421967029571672e-02,6.007819890975951704e-02,0.000000000000000000e+00,1.000000000000000000e+00,2.293452429745777843e-01
9.660000000000000142e+00,2.498414069414138863e-02,6.008156776428222323e-02,0.000000000000000000e+00,1.000000000000000000e+00,2.301488280172110656e-01
9.679999999999999716e+00,2.498380690813064783e-02,6.008646726608276450e-02,0.000000000000000000e+00,1.000000000000000000e+00,2.301755945170425866e-01
9.700000000000001066e+00,2.498489916324615756e-02,6.007608890533447377e-02,0.000000000000000000e+00,1.000000000000000000e+00,2.286559071565069379e-01
9.720000000000000639e+00,2.498685866594314853e-02,6.006071090698242299e-02,0.000000000000000000e+00,1.000000000000000000e+00,2.253936868126909243e-01
9.740000000000000213e+00,2.498665302991867274e-02,6.006246328353881392e-02,0.000000000000000000e+00,1.000000000000000000e+00,2.207194431813835900e-01
9.759999999999999787e+00,2.498628944158554077e-02,6.006862878799438393e-02,0.000000000000000000e+00,1.000000000000000000e+00,2.153349451462634734e-01
9.779999999999999361e+00,2.498659044504165927e-02,6.007980108261107982e-02,0.000000000000000000e+00,1.000000000000000000e+00,2.101613865728399200e-01
9.800000000000000711e+00,2.498645931482315272e-02,6.007830619812011552e-02,0.000000000000000000e+00,1.000000000000000000e+00,2.060898404389878424e-01
9.820000000000000284e+00,2.498509287834167758e-02,6.006485939025878878e-02,0.000000000000000000e+00,1.000000000000000000e+00,2.037088940129767323e-01
9.839999999999999858e+00,2.498620748519897461e-02,6.007801294326781810e-02,0.000000000000000000e+00,1.000000000000000000e+00,2.032067957248882284e-01
9.859999999999999432e+00,2.498459964990615984e-02,6.004821538925170926e-02,0.000000000000000000e+00,1.000000000000000000e+00,2.044148606877958518e-01
9.880000000000000782e+00,2.498427182435989519e-02,6.003147840499877680e-02,0.000000000000000000e+00,1.000000000000000000e+00,2.068448622731127451e-01
9.900000000000000355e+00,2.498446404933929443e-02,6.001602172851562556e-02,0.000000000000000000e+00,1.000000000000000000e+00,2.097906704957896995e-01
9.919999999999999929e+00,2.498451173305511752e-02,6.001472711563109880e-02,0.000000000000000000e+00,1.000000000000000000e+00,2.126264178633020807e-01
9.939999999999999503e+00,2.498439699411392212e-02,6.001721620559691966e-02,0.000000000000000000e+00,1.000000000000000000e+00,2.150717491806202197e-01
9.960000000000000853e+00,2.498321980237960815e-02,6.005267858505249079e-02,0.000000000000000000e+00,1.000000000000000000e+00,2.171224984388368251e-01
9.980000000000000426e+00,2.498324662446975777e-02,6.006335020065307201e-02,0.000000000000000000e+00,1.000000000000000000e+00,2.188175402890386589e-01
1.000000000000000000e+01,2.498403936624526978e-02,6.008068084716796514e-02,0.000000000000000000e+00,1.000000000000000000e+00,2.201801572660117001e-01
1.001999999999999957e+01,2.498340010643005510e-02,6.007216215133667075e-02,0.000000000000000000e+00,1.000000000000000000e+00,2.213812970781738332e-01
1.004000000000000092e+01,2.498138099908828874e-02,6.004687070846557312e-02,0.000000000000000000e+00,1.000000000000000000e+00,2.228530270525200530e-01
1.006000000000000050e+01,2.498077750205993791e-02,6.003729343414306724e-02,0.000000000000000000e+00,1.000000000000000000e+00,2.251207589999535130e-01
1.008000000000000007e+01,2.498032003641128748e-02,6.002240896224975142e-02,0.000000000000000000e+00,1.000000000000000000e+00,2.285115770189759254e-01
1.009999999999999964e+01,2.497953027486801356e-02,6.008160352706908708e-02,0.000000000000000000e+00,1.000000000000000000e+00,2.329210585039066250e-01
1.012000000000000099e+01,2.497690171003341675e-02,6.011914730072021040e-02,0.000000000000000000e+00,1.000000000000000000e+00,2.376109234877374632e-01
1.014000000000000057e+01,2.497447580099106113e-02,6.013551950454711775e-02,0.000000000000000000e+00,1.000000000000000000e+00,2.413068769575563710e-01
1.016000000000000014e+01,2.497549653053283969e-02,6.013188600540161216e-02,0.000000000000000000e+00,1.000000000000000000e+00,2.430369536680732911e-01
1.017999999999999972e+01,2.498226314783096383e-02,6.012151479721069419e-02,0.000000000000000000e+00,1.000000000000000000e+00,2.429873845966389334e-01
1.020000000000000107e+01,2.498406618833541940e-02,6.012189388275146484e-02,0.000000000000000000e+00,1.000000000000000000e+00,2.421754835934661898e-01
1.022000000000000064e+01,2.498650103807449618e-02,6.012729406356811385e-02,0.000000000000000000e+00,1.000000000000000000e+00,2.415343664792204692e-01
1.024000000000000021e+01,2.498835772275924752e-02,6.013750076293945118e-02,0.000000000000000000e+00,1.000000000000000000e+00,2.414595947721628610e-01
1.025999999999999979e+01,2.498786449432373324e-02,6.013005495071410689e-02,0.000000000000000000e+00,1.000000000000000000e+00,2.417907049860107682e-01
1.027999999999999936e+01,2.498809546232223788e-02,6.009924173355102317e-02,0.000000000000000000e+00,1.000000000000000000e+00,2.419461006033860884e-01
1.030000000000000071e+01,2.499013990163803309e-02,6.006574630737304688e-02,0.000000000000000000e+00,1.000000000000000000e+00,2.411571204280120451e-01
1.032000000000000028e+01,2.498995810747146884e-02,6.006765604019164567e-02,0.000000000000000000e+00,1.000000000000000000e+00,2.387395499942085719e-01
1.033999999999999986e+01,2.499012947082519809e-02,6.006589651107788197e-02,0.000000000000000000e+00,1.000000000000000000e+00,2.343177638725351120e-01
1.035999999999999943e+01,2.499032616615295618e-02,6.006223440170287836e-02,0.000000000000000000e+00,1.000000000000000000e+00,2.280395601191000932e-01
1.038000000000000078e+01,2.499047219753265658e-02,6.006831407546996821e-02,0.000000000000000000e+00,1.000000000000000000e+00,2.207265573688825255e-01
1.040000000000000036e+01,2.498918771743774414e-02,6.005335807800292469e-02,0.000000000000000000e+00,1.000000000000000000e+00,2.136594391468575327e-01
1.041999999999999993e+01,2.498842030763626099e-02,6.004599809646606057e-02,0.000000000000000000e+00,1.000000000000000000e+00,2.079870102044297508e-01
1.043999999999999950e+01,2.498823553323745866e-02,6.004391670227050837e-02,0.000000000000000000e+00,1.000000000000000000e+00,2.042986459748736272e-01
1.046000000000000085e+01,2.498762309551239014e-02,6.003322362899780190e-02,0.000000000000000000e+00,1.000000000000000000e+00,2.026433950528601369e-01
1.048000000000000043e+01,2.498777359724044939e-02,6.004087686538696345e-02,0.000000000000000000e+00,1.000000000000000000e+00,2.026980778423834173e-01
1.050000000000000000e+01,2.498772144317627092e-02,6.004381656646728266e-02,0.000000000000000000e+00,1.000000000000000000e+00,2.038577853494430159e-01
1.051999999999999957e+01,2.498889416456222604e-02,6.001996994018554688e-02,0.000000000000000000e+00,1.000000000000000000e+00,2.054004625927844108e-01
1.054000000000000092e+01,2.499000281095505038e-02,6.000302553176879716e-02,0.000000000000000000e+00,1.000000000000000000e+00,2.067988635777865958e-01
1.056000000000000050e+01,2.499017566442489693e-02,5.999970674514770036e-02,0.000000000000000000e+00,1.000000000000000000e+00,2.078612731022502769e-01
1.058000000000000007e+01,2.499015629291534424e-02,6.001829624176024947e-02,0.000000000000000000e+00,1.000000000000000000e+00,2.085669282271338520e-01
1.059999999999999964e+01,2.498763650655746668e-02,5.998138904571533037e-02,0.000000000000000000e+00,1.000000000000000000e+00,2.089150908150757269e-01
1.062000000000000099e+01,2.498662620782852312e-02,5.997274875640869196e-02,0.000000000000000000e+00,1.000000000000000000e+00,2.090285678493559451e-01
1.064000000000000057e+01,2.498391419649124284e-02,5.995173096656799400e-02,0.000000000000000000e+00,1.000000000000000000e+00,2.093488625554222049e-01
1.066000000000000014e+01,2.498673200607300082e-02,5.997654676437377819e-02,0.000000000000000000e+00,1.000000000000000000e+00,2.105622894052090743e-01
1.067999999999999972e+01,2.498513758182525912e-02,5.995735645294189564e-02,0.000000000000000000e+00,1.000000000000000000e+00,2.132892056909697631e-01
1.070000000000000107e+01,2.498413771390915056e-02,5.993531584739685003e-02,0.000000000000000000e+00,1.000000000000000000e+00,2.178737445531467587e-01
1.072000000000000064e+01,2.498408555984497209e-02,5.992135047912597323e-02,0.000000000000000000e+00,1.000000000000000000e+00,2.242266537497982770e-01
1.074000000000000021e+01,2.498590648174285958e-02,5.987714052200317216e-02,0.000000000000000000e+00,1.000000000000000000e+00,2.315403919465031102e-01
1.075999999999999979e+01,2.498131543397903720e-02,5.992738723754882646e-02,0.000000000000000000e+00,1.000000000000000000e+00,2.382808197544968032e-01
1.077999999999999936e+01,2.498651593923569003e-02,5.989309072494506531e-02,0.000000000000000000e+00,1.000000000000000000e+00,2.430354860773642489e-01
1.080000000000000071e+01,2.498558908700942993e-02,5.989706754684447770e-02,0.000000000000000000e+00,1.000000000000000000e+00,2.454958886352937852e-01
1.082000000000000028e+01,2.498433440923690865e-02,5.990046501159667497e-02,0.000000000000000000e+00,1.000000000000000000e+00,2.463460646823208144e-01
1.083999999999999986e+01,2.498482763767242640e-02,5.989978909492492398e-02,0.000000000000000000e+00,1.000000000000000000e+00,2.464706955613741313e-01
1.085999999999999943e+01,2.498607039451599190e-02,5.989992499351501354e-02,0.000000000000000000e+00,1.000000000000000000e+00,2.464555623878622870e-01
1.088000000000000078e+01,2.498643696308136194e-02,5.990091562271118025e-02,0.000000000000000000e+00,1.000000000000000000e+00,2.465041759497006713e-01
1.090000000000000036e+01,2.498638778924942155e-02,5.989997506141662292e-02,0.000000000000000000e+00,1.000000000000000000e+00,2.464997706994815907e-01
1.091999999999999993e+01,2.498618662357330461e-02,5.990253925323486134e-02,0.000000000000000000e+00,1.000000000000000000e+00,2.460468305312056847e-01
1.093999999999999950e+01,2.498526424169540683e-02,5.991137623786926131e-02,0.000000000000000000e+00,1.000000000000000000e+00,2.444990135871314696e-01
1.096000000000000085e+01,2.498530447483062952e-02,5.991359710693359292e-02,0.000000000000000000e+00,1.000000000000000000e+00,2.411387698121586765e-01
1.098000000000000043e+01,2.498515695333480835e-02,5.991280317306518083e-02,0.000000000000000000e+00,1.000000000000000000e+00,2.356740103948360421e-01
1.100000000000000000e+01,2.498684227466583391e-02,5.991996288299560047e-02,0.000000000000000000e+00,1.000000000000000000e+00,2.287551596695483747e-01
1.101999999999999957e+01,2.498852461576461792e-02,5.992819905281066700e-02,0.000000000000000000e+00,1.000000000000000000e+00,2.217669169833534071e-01
1.104000000000000092e+01,2.498752176761627475e-02,5.992148637771606279e-02,0.000000000000000000e+00,1.000000000000000000e+00,2.159570849519250324e-01
1.106000000000000050e+01,2.498921751976013184e-02,5.994006156921386635e-02,0.000000000000000000e+00,1.000000000000000000e+00,2.119003104466331555e-01
1.108000000000000007e+01,2.498860657215118408e-02,5.992195129394531361e-02,0.000000000000000000e+00,1.000000000000000000e+00,2.095825705330895961e-01
1.109999999999999964e+01,2.498839348554611484e-02,5.993110656738281222e-02,0.000000000000000000e+00,1.000000000000000000e+00,2.086246537839392123e-01
1.112000000000000099e+01,2.498627156019210885e-02,5.995760679244994951e-02,0.000000000000000000e+00,1.000000000000000000e+00,2.084389416167625186e-01
1.114000000000000057e+01,2.498786747455597132e-02,5.994555115699767844e-02,0.000000000000000000e+00,1.000000000000000000e+00,2.084544143338629973e-01
1.116000000000000014e+01,2.498835027217865060e-02,5.994252562522887906e-02,0.000000000000000000e+00,1.000000000000000000e+00,2.083318289541710722e-01
1.117999999999999972e+01,2.498884648084640642e-02,5.993790507316588967e-02,0.000000000000000000e+00,1.000000000000000000e+00,2.079265605874270617e-01
1.120000000000000107e+01,2.498935908079147339e-02,5.994721055030822338e-02,0.000000000000000000e+00,1.000000000000000000e+00,2.071178804688196817e-01
1.122000000000000064e+01,2.498842179775238176e-02,5.994237899780273382e-02,0.000000000000000000e+00,1.000000000000000000e+00,2.058323268251503468e-01
1.124000000000000021e+01,2.498854100704193254e-02,5.994291543960571234e-02,0.000000000000000000e+00,1.000000000000000000e+00,2.043132005998480882e-01
1.125999999999999979e+01,2.499045580625534196e-02,5.995270013809203546e-02,0.000000000000000000e+00,1.000000000000000000e+00,2.032560803252132509e-01
1.127999999999999936e+01,2.499447911977768083e-02,5.997936844825744324e-02,0.000000000000000000e+00,1.000000000000000000e+00,2.035081893964221234e-01
1.130000000000000071e+01,2.499697059392929147e-02,6.000326156616210549e-02,0.000000000000000000e+00,1.000000000000000000e+00,2.056988022904960578e-01
1.132000000000000028e+01,2.499516457319259782e-02,5.997308492660521906e-02,0.000000000000000000e+00,1.000000000000000000e+00,2.101292455269091197e-01
1.133999999999999986e+01,2.499387264251709193e-02,5.990190267562865711e-02,0.000000000000000000e+00,1.000000000000000000e+00,2.166606755010311303e-01
1.135999999999999943e+01,2.499306052923202723e-02,5.994033336639403853e-02,0.000000000000000000e+00,1.000000000000000000e+00,2.244435739708651456e-01
1.138000000000000078e+01,2.499287277460098336e-02,5.994354128837585394e-02,0.000000000000000000e+00,1.000000000000000000e+00,2.319408710925118799e-01
1.140000000000000036e+01,2.499105334281921664e-02,5.996301054954528836e-02,0.000000000000000000e+00,1.000000000000000000e+00,2.376563301029941955e-01
1.141999999999999993e+01,2.499290257692337106e-02,5.994812250137328963e-02,0.000000000000000000e+00,1.000000000000000000e+00,2.409498836290852597e-01
1.143999999999999950e+01,2.499293237924575875e-02,5.994791865348815529e-02,0.000000000000000000e+00,1.000000000000000000e+00,2.421100636702408493e-01
1.146000000000000085e+01,2.498998790979385654e-02,5.996805667877196794e-02,0.000000000000000000e+00,1.000000000000000000e+00,2.419052541149908919e-01
1.148000000000000043e+01,2.499202191829681674e-02,5.995081901550292774e-02,0.000000000000000000e+00,1.000000000000000000e+00,2.411839946068957408e-01
1.150000000000000000e+01,2.499215751886367867e-02,5.994882702827453169e-02,0.000000000000000000e+00,1.000000000000000000e+00,2.406407195352876782e-01
1.151999999999999957e+01,2.499255239963531564e-02,5.993451833724975503e-02,0.000000000000000000e+00,1.000000000000000000e+00,2.406519376969862289e-01
1.154000000000000092e+01,2.499227225780487061e-02,5.994629502296447421e-02,0.000000000000000000e+00,1.000000000000000000e+00,2.411522154300255738e-01
1.156000000000000050e+01,2.499218285083770752e-02,5.994766473770141157e-02,0.000000000000000000e+00,1.000000000000000000e+00,2.415650493507009722e-01
1.158000000000000007e+01,2.499325275421142648e-02,5.994115948677062461e-02,0.000000000000000000e+00,1.000000000000000000e+00,2.409180469646928779e-01
1.159999999999999964e+01,2.499608993530273715e-02,5.993426084518432145e-02,0.000000000000000000e+00,1.000000000000000000e+00,2.384105453058501523e-01
1.162000000000000099e+01,2.499591261148452828e-02,5.993431806564331055e-02,0.000000000000000000e+00,1.000000000000000000e+00,2.341987171673796664e-01
1.164000000000000057e+01,2.499561905860901018e-02,5.993389606475829634e-02,0.000000000000000000e+00,1.000000000000000000e+00,2.293783402055915022e-01
1.166000000000000014e+01,2.499595433473587175e-02,5.993512988090515109e-02,0.000000000000000000e+00,1.000000000000000000e+00,2.250882473849306620e-01
1.167999999999999972e+01,2.499455511569977084e-02,5.992298483848571694e-02,0.000000000000000000e+00,1.000000000000000000e+00,2.218975428453590637e-01
1.170000000000000107e+01,2.499461323022842546e-02,5.993306636810302734e-02,0.000000000000000000e+00,1.000000000000000000e+00,2.198240786531598656e-01
1.172000000000000064e+01,2.499533295631408900e-02,5.992605686187743586e-02,0.000000000000000000e+00,1.000000000000000000e+00,2.185523050703716830e-01
1.174000000000000021e+01,2.499785870313644617e-02,5.991598963737487793e-02,0.000000000000000000e+00,1.000000000000000000e+00,2.176683078205500776e-01
1.175999999999999979e+01,2.499673813581466952e-02,5.991793155670165766e-02,0.000000000000000000e+00,1.000000000000000000e+00,2.168799799714295762e-01
1.177999999999999936e+01,2.499813884496689120e-02,5.991780281066894087e-02,0.000000000000000000e+00,1.000000000000000000e+00,2.160492304321388612e-01
1.180000000000000071e+01,2.499927431344986170e-02,5.992068171501159501e-02,0.000000000000000000e+00,1.000000000000000000e+00,2.150227401308678621e-01
1.182000000000000028e+01,2.499995678663254062e-02,5.991804957389831182e-02,0.000000000000000000e+00,1.000000000000000000e+00,2.135309274546456915e-01
1.183999999999999986e+01,2.500111758708953996e-02,5.991829991340637263e-02,0.000000000000000000e+00,1.000000000000000000e+00,2.113848107538176258e-01
1.185999999999999943e+01,2.500491440296173304e-02,5.992457985877990695e-02,0.000000000000000000e+00,1.000000000000000000e+00,2.088588024007803912e-01
1.188000000000000078e+01,2.500292062759399553e-02,5.991857886314391757e-02,0.000000000000000000e+00,1.000000000000000000e+00,2.067486992043205407e-01
1.190000000000000036e+01,2.499579936265945712e-02,5.988490462303161510e-02,0.000000000000000000e+00,1.000000000000000000e+00,2.059358447339932341e-01
1.191999999999999993e+01,2.500055134296417375e-02,5.992011308670043557e-02,0.000000000000000000e+00,1.000000000000000000e+00,2.070028127057416123e-01
1.193999999999999950e+01,2.500056624412536760e-02,5.992029547691345159e-02,0.000000000000000000e+00,1.000000000000000000e+00,2.101486999556711477e-01
1.196000000000000085e+01,2.499770671129226962e-02,5.983465790748596080e-02,0.000000000000000000e+00,1.000000000000000000e+00,2.151231276817414662e-01
1.198000000000000043e+01,2.499762773513794153e-02,5.985773563385009266e-02,0.000000000000000000e+00,1.000000000000000000e+00,2.211077301265223227e-01
1.200000000000000000e+01,2.499823272228240967e-02,5.983926773071288757e-02,0.000000000000000000e+00,1.000000000000000000e+00,2.268393049511644166e-01
1.201999999999999957e+01,2.499907314777374476e-02,5.982353568077087430e-02,0.000000000000000000e+00,1.000000000000000000e+00,2.310844043917008594e-01
1.204000000000000092e+01,2.499814331531524658e-02,5.983844161033630149e-02,0.000000000000000000e+00,1.000000000000000000e+00,2.331179611439536115e-01
1.206000000000000050e+01,2.499929964542389055e-02,5.981808900833129883e-02,0.000000000000000000e+00,1.000000000000000000e+00,2.329317482114770244e-01
1.208000000000000007e+01,2.499956637620925903e-02,5.981112241744995089e-02,0.000000000000000000e+00,1.000000000000000000e+00,2.312140756724492541e-01
1.209999999999999964e+01,2.499952018260956019e-02,5.981418013572692427e-02,0.000000000000000000e+00,1.000000000000000000e+00,2.290932056887925172e-01
1.212000000000000099e+01,2.499951720237732211e-02,5.982066392898559293e-02,0.000000000000000000e+00,1.000000000000000000e+00,2.276548775662363966e-01
1.214000000000000057e+01,2.499958425760269443e-02,5.979541897773742176e-02,0.000000000000000000e+00,1.000000000000000000e+00,2.275374590640390493e-01
1.216000000000000014e+01,2.499963045120239327e-02,5.979346990585326926e-02,0.000000000000000000e+00,1.000000000000000000e+00,2.288147517967137057e-01
1.217999999999999972e+01,2.499870657920837472e-02,5.980817556381225197e-02,0.000000000000000000e+00,1.000000000000000000e+00,2.309921005374968028e-01
1.220000000000000107e+01,2.499766051769256731e-02,5.981666207313537237e-02,0.000000000000000000e+00,1.000000000000000000e+00,2.330450783469230347e-01
1.222000000000000064e+01,2.499838620424270699e-02,5.981335401535033819e-02,0.000000000000000000e+00,1.000000000000000000e+00,2.338685547982079782e-01
1.224000000000000021e+01,2.499958425760269443e-02,5.981043577194213728e-02,0.000000000000000000e+00,1.000000000000000000e+00,2.331169618433174551e-01
1.225999999999999979e+01,2.499589323997497559e-02,5.981338620185851912e-02,0.000000000000000000e+00,1.000000000000000000e+00,2.313995505079119719e-01
1.228000000000000114e+01,2.499767690896988193e-02,5.981507420539855513e-02,0.000000000000000000e+00,1.000000000000000000e+00,2.295664428186053874e-01
1.230000000000000071e+01,2.499658912420273105e-02,5.981003880500793124e-02,0.000000000000000000e+00,1.000000000000000000e+00,2.281064244593867807e-01
1.232000000000000028e+01,2.499708235263824532e-02,5.980172038078308133e-02,0.000000000000000000e+00,1.000000000000000000e+00,2.270780381773605250e-01
1.233999999999999986e+01,2.499751299619674960e-02,5.980075836181640569e-02,0.000000000000000000e+00,1.000000000000000000e+00,2.263158076864068557e-01
1.235999999999999943e+01,2.499682605266571184e-02,5.980070829391478937e-02,0.000000000000000000e+00,1.000000000000000000e+00,2.256867070087810456e-01
1.238000000000000078e+01,2.499473541975021432e-02,5.979690670967102023e-02,0.000000000000000000e+00,1.000000000000000000e+00,2.251954379073614065e-01
1.240000000000000036e+01,2.499677538871765414e-02,5.980568647384643111e-02,0.000000000000000000e+00,1.000000000000000000e+00,2.248483813075388971e-01
1.241999999999999993e+01,2.499707639217376917e-02,5.980946302413939902e-02,0.000000000000000000e+00,1.000000000000000000e+00,2.244560806167299194e-01
1.243999999999999950e+01,2.499760091304779192e-02,5.979955673217773188e-02,0.000000000000000000e+00,1.000000000000000000e+00,2.236170184691671503e-01
1.246000000000000085e+01,2.499748915433883806e-02,5.980001091957092008e-02,0.000000000000000000e+00,1.000000000000000000e+00,2.220079980020279731e-01
1.248000000000000043e+01,2.500079274177551339e-02,5.979663133621215820e-02,0.000000000000000000e+00,1.000000000000000000e+00,2.197939883925555671e-01
1.250000000000000000e+01,2.500310242176055978e-02,5.979859828948974609e-02,0.000000000000000000e+00,1.000000000000000000e+00,2.176524577782330550e-01
1.251999999999999957e+01,2.499794512987137118e-02,5.978480458259582270e-02,0.000000000000000000e+00,1.000000000000000000e+00,2.163452732188152206e-01
1.254000000000000092e+01,2.499570697546005249e-02,5.977346062660217341e-02,0.000000000000000000e+00,1.000000000000000000e+00,2.163507761988959499e-01
1.256000000000000050e+01,2.499784082174301425e-02,5.979299783706664567e-02,0.000000000000000000e+00,1.000000000000000000e+00,2.177640496442967422e-01
1.258000000000000007e+01,2.499497383832931588e-02,5.973922133445739441e-02,0.000000000000000000e+00,1.000000000000000000e+00,2.202998194648658759e-01
1.259999999999999964e+01,2.499533891677856515e-02,5.976258873939514077e-02,0.000000000000000000e+00,1.000000000000000000e+00,2.233352162024233589e-01
1.262000000000000099e+01,2.499534934759140015e-02,5.976110458374023215e-02,0.000000000000000000e+00,1.000000000000000000e+00,2.260361990301362201e-01
1.264000000000000057e+01,2.499562799930572787e-02,5.974231839179992148e-02,0.000000000000000000e+00,1.000000000000000000e+00,2.275366179704233771e-01
1.266000000000000014e+01,2.499521374702453821e-02,5.979777574539184293e-02,0.000000000000000000e+00,1.000000000000000000e+00,2.271610757399376290e-01
1.267999999999999972e+01,2.499502599239349435e-02,5.977917551994323814e-02,0.000000000000000000e+00,1.000000000000000000e+00,2.247770228382578728e-01
1.270000000000000107e+01,2.499465495347976893e-02,5.976598978042602095e-02,0.000000000000000000e+00,1.000000000000000000e+00,2.211106128227468826e-01
1.272000000000000064e+01,2.499447017908096313e-02,5.976097941398620522e-02,0.000000000000000000e+00,1.000000000000000000e+00,2.175125292536491395e-01
1.274000000000000021e+01,2.499429583549499581e-02,5.975549340248107605e-02,0.000000000000000000e+00,1.000000000000000000e+00,2.152024332940000173e-01
1.275999999999999979e+01,2.499453723430633545e-02,5.977388978004455344e-02,0.000000000000000000e+00,1.000000000000000000e+00,2.147859340079110169e-01
1.278000000000000114e+01,2.499430030584335466e-02,5.978822350502013827e-02,0.000000000000000000e+00,1.000000000000000000e+00,2.162930135300587253e-01
1.280000000000000071e+01,2.499766349792480538e-02,5.972797393798828097e-02,0.000000000000000000e+00,1.000000000000000000e+00,2.192516536365365643e-01
1.282000000000000028e+01,2.499461472034454623e-02,5.975691318511962974e-02,0.000000000000000000e+00,1.000000000000000000e+00,2.226570766266346146e-01
1.283999999999999986e+01,2.499114423990249703e-02,5.977742671966552318e-02,0.000000000000000000e+00,1.000000000000000000e+00,2.253378539971522543e-01
1.285999999999999943e+01,2.498811036348343173e-02,5.978920698165893222e-02,0.000000000000000000e+00,1.000000000000000000e+00,2.267428038254498679e-01
1.288000000000000078e+01,2.498675137758255005e-02,5.979265093803405595e-02,0.000000000000000000e+00,1.000000000000000000e+00,2.271573887254552115e-01
1.290000000000000036e+01,2.498970180749893188e-02,5.978806614875793041e-02,0.000000000000000000e+00,1.000000000000000000e+00,2.271451977141958900e-01
1.291999999999999993e+01,2.498912811279296875e-02,5.978867769241332647e-02,0.000000000000000000e+00,1.000000000000000000e+00,2.270616189670316698e-01
1.293999999999999950e+01,2.498890757560730258e-02,5.978834152221679243e-02,0.000000000000000000e+00,1.000000000000000000e+00,2.270030954190436767e-01
1.296000000000000085e+01,2.498729974031448434e-02,5.978547692298889077e-02,0.000000000000000000e+00,1.000000000000000000e+00,2.270035520242872640e-01
1.298000000000000043e+01,2.498753964900970667e-02,5.978616356849670438e-02,0.000000000000000000e+00,1.000000000000000000e+00,2.271979002594456121e-01
1.300000000000000000e+01,2.498917579650879184e-02,5.979364871978759544e-02,0.000000000000000000e+00,1.000000000000000000e+00,2.277691381702496576e-01
1.301999999999999957e+01,2.498762309551239014e-02,5.978111743927001787e-02,0.000000000000000000e+00,1.000000000000000000e+00,2.287524912268878718e-01
1.304000000000000092e+01,2.498691976070404122e-02,5.976559281349182184e-02,0.000000000000000000e+00,1.000000000000000000e+00,2.298940938623998398e-01
1.306000000000000050e+01,2.498660534620285312e-02,5.977592468261718611e-02,0.000000000000000000e+00,1.000000000000000000e+00,2.307064875967372031e-01
1.308000000000000007e+01,2.498488426208496371e-02,5.979056596755981390e-02,0.000000000000000000e+00,1.000000000000000000e+00,2.307783614479941847e-01
1.309999999999999964e+01,2.498624920845031808e-02,5.978504061698913102e-02,0.000000000000000000e+00,1.000000000000000000e+00,2.301194515109107885e-01
1.312000000000000099e+01,2.498572170734405726e-02,5.978597402572631558e-02,0.000000000000000000e+00,1.000000000000000000e+00,2.291473548443882791e-01
1.314000000000000057e+01,2.498581856489181727e-02,5.978597760200500544e-02,0.000000000000000000e+00,1.000000000000000000e+00,2.283522689056098898e-01
1.316000000000000014e+01,2.498284727334976196e-02,5.977999091148376160e-02,0.000000000000000000e+00,1.000000000000000000e+00,2.280260067343750641e-01
1.317999999999999972e+01,2.498247921466827462e-02,5.977816343307494618e-02,0.000000000000000000e+00,1.000000000000000000e+00,2.282066759419914270e-01
1.320000000000000107e+01,2.498434185981750558e-02,5.979769349098205261e-02,0.000000000000000000e+00,1.000000000000000000e+00,2.287432116575839891e-01
1.322000000000000064e+01,2.498483657836914062e-02,5.980814337730407798e-02,0.000000000000000000e+00,1.000000000000000000e+00,2.293567145275836328e-01
1.324000000000000021e+01,2.498429864645004481e-02,5.979304432868957214e-02,0.000000000000000000e+00,1.000000000000000000e+00,2.296247589138816492e-01
1.325999999999999979e+01,2.498339414596557895e-02,5.977517008781432772e-02,0.000000000000000000e+00,1.000000000000000000e+00,2.289416759526619882e-01
1.328000000000000114e+01,2.498191446065902918e-02,5.975600481033324640e-02,0.000000000000000000e+00,1.000000000000000000e+00,2.266719953579797442e-01
1.330000000000000071e+01,2.498246729373931885e-02,5.976169824600219282e-02,0.000000000000000000e+00,1.000000000000000000e+00,2.226686568771140129e-01
1.332000000000000028e+01,2.498461753129959176e-02,5.978315949440002330e-02,0.000000000000000000e+00,1.000000000000000000e+00,2.177536278467568365e-01
1.333999999999999986e+01,2.498331964015960971e-02,5.976823568344116072e-02,0.000000000000000000e+00,1.000000000000000000e+00,2.133542692471339652e-01
1.335999999999999943e+01,2.498378157615661899e-02,5.977566003799437977e-02,0.000000000000000000e+00,1.000000000000000000e+00,2.105883238104555855e-01
1.338000000000000078e+01,2.498412877321243286e-02,5.978712558746338002e-02,0.000000000000000000e+00,1.000000000000000000e+00,2.098935096872206751e-01
1.340000000000000036e+01,2.498397082090378016e-02,5.981192350387572881e-02,0.000000000000000000e+00,1.000000000000000000e+00,2.111883191901146040e-01
1.341999999999999993e+01,2.498437613248825212e-02,5.980327248573302779e-02,0.000000000000000000e+00,1.000000000000000000e+00,2.139195140703549769e-01
1.343999999999999950e+01,2.498210966587066650e-02,5.982811689376830999e-02,0.000000000000000000e+00,1.000000000000000000e+00,2.170375050525054361e-01
1.346000000000000085e+01,2.498092055320740024e-02,5.983657121658324946e-02,0.000000000000000000e+00,1.000000000000000000e+00,2.194423515657636103e-01
1.348000000000000043e+01,2.498715519905090471e-02,5.980446696281432883e-02,0.000000000000000000e+00,1.000000000000000000e+00,2.206723995039072128e-01
1.350000000000000000e+01,2.498697191476821969e-02,5.980522513389587014e-02,0.000000000000000000e+00,1.000000000000000000e+00,2.209601866432055195e-01
1.351999999999999957e+01,2.498909533023834298e-02,5.979638457298278725e-02,0.000000000000000000e+00,1.000000000000000000e+00,2.207532960959625867e-01
1.354000000000000092e+01,2.498920559883117953e-02,5.979526162147522084e-02,0.000000000000000000e+00,1.000000000000000000e+00,2.203943449620524297e-01
1.356000000000000050e+01,2.498893886804580758e-02,5.979306578636169045e-02,0.000000000000000000e+00,1.000000000000000000e+00,2.201325962624210708e-01
1.358000000000000007e+01,2.498871386051178256e-02,5.979197859764098788e-02,0.000000000000000000e+00,1.000000000000000000e+00,2.202384152534716810e-01
1.359999999999999964e+01,2.498422861099243442e-02,5.976794600486755316e-02,0.000000000000000000e+00,1.000000000000000000e+00,2.209999587296120616e-01
1.362000000000000099e+01,2.498366534709930628e-02,5.976377964019775196e-02,0.000000000000000000e+00,1.000000000000000000e+00,2.225900554548425891e-01
1.364000000000000057e+01,2.498339861631393433e-02,5.976045012474059948e-02,0.000000000000000000e+00,1.000000000000000000e+00,2.249277216235513188e-01
1.366000000000000014e+01,2.498334944248199740e-02,5.975862264633178406e-02,0.000000000000000000e+00,1.000000000000000000e+00,2.276302669385110167e-01
1.367999999999999972e+01,2.498309165239334315e-02,5.976926922798156405e-02,0.000000000000000000e+00,1.000000000000000000e+00,2.301431218887285135e-01
1.370000000000000107e+01,2.498462796211242676e-02,5.974868059158325306e-02,0.000000000000000000e+00,1.000000000000000000e+00,2.320474880719478605e-01
1.372000000000000064e+01,2.498310357332229892e-02,5.976088643074035228e-02,0.000000000000000000e+00,1.000000000000000000e+00,2.332790995390532363e-01
1.374000000000000021e+01,2.498012036085128784e-02,5.977805614471435464e-02,0.000000000000000000e+00,1.000000000000000000e+00,2.340257605218157289e-01
1.375999999999999979e+01,2.498060017824173251e-02,5.977581739425658763e-02,0.000000000000000000e+00,1.000000000000000000e+00,2.344798084365762314e-01
1.378000000000000114e+01,2.498118430376053065e-02,5.977325677871703907e-02,0.000000000000000000e+00,1.000000000000000000e+00,2.347293205727339627e-01
1.380000000000000071e+01,2.498032748699188441e-02,5.977769494056701244e-02,0.000000000000000000e+00,1.000000000000000000e+00,2.348264827632466356e-01
1.382000000000000028e+01,2.498043626546860019e-02,5.977688312530517190e-02,0.000000000000000000e+00,1.000000000000000000e+00,2.348656786052395751e-01
1.383999999999999986e+01,2.498043477535247942e-02,5.977689385414123452e-02,0.000000000000000000e+00,1.000000000000000000e+00,2.349072767336312373e-01
1.385999999999999943e+01,2.497927993535995622e-02,5.977897167205810380e-02,0.000000000000000000e+00,1.000000000000000000e+00,2.347783979410214827e-01
1.388000000000000078e+01,2.497635483741760323e-02,5.977765560150146568e-02,0.000000000000000000e+00,1.000000000000000000e+00,2.339427496939984474e-01
1.390000000000000036e+01,2.497731149196624756e-02,5.977935433387756431e-02,0.000000000000000000e+00,1.000000000000000000e+00,2.316965893872697524e-01
1.391999999999999993e+01,2.497766166925430298e-02,5.978037714958190502e-02,0.000000000000000000e+00,1.000000000000000000e+00,2.278313545247159788e-01
1.393999999999999950e+01,2.498091459274292062e-02,5.979428172111510981e-02,0.000000000000000000e+00,1.000000000000000000e+00,2.231655853720634353e-01
1.396000000000000085e+01,2.497707158327102869e-02,5.977041721343993863e-02,0.000000000000000000e+00,1.000000000000000000e+00,2.190519020666077954e-01
1.398000000000000043e+01,2.498054802417755405e-02,5.980410575866698664e-02,0.000000000000000000e+00,1.000000000000000000e+00,2.164607570567248229e-01
1.400000000000000000e+01,2.498092204332351754e-02,5.981115460395812489e-02,0.000000000000000000e+00,1.000000000000000000e+00,2.157145961235053810e-01
1.401999999999999957e+01,2.498104572296142717e-02,5.982789516448974720e-02,0.000000000000000000e+00,1.000000000000000000e+00,2.166144637844577281e-01
1.404000000000000092e+01,2.497889399528503696e-02,5.988740444183349165e-02,0.000000000000000000e+00,1.000000000000000000e+00,2.184486895066990175e-01
1.406000000000000050e+01,2.497896403074264735e-02,5.988652467727660633e-02,0.000000000000000000e+00,1.000000000000000000e+00,2.201139584396688276e-01
1.408000000000000007e+01,2.497951835393905778e-02,5.988191127777099665e-02,0.000000000000000000e+00,1.000000000000000000e+00,2.206726455067590797e-01
1.409999999999999964e+01,2.498077452182769984e-02,5.987384319305419367e-02,0.000000000000000000e+00,1.000000000000000000e+00,2.198572382732342512e-01
1.412000000000000099e+01,2.498395889997482439e-02,5.985504269599914440e-02,0.000000000000000000e+00,1.000000000000000000e+00,2.179752618190110569e-01
1.414000000000000057e+01,2.498407512903213709e-02,5.985414505004882368e-02,0.000000000000000000e+00,1.000000000000000000e+00,2.155462147262590111e-01
1.416000000000000014e+01,2.498433738946914673e-02,5.984173893928527305e-02,0.000000000000000000e+00,1.000000000000000000e+00,2.131198403873045544e-01
1.417999999999999972e+01,2.498348802328109741e-02,5.983217954635619562e-02,0.000000000000000000e+00,1.000000000000000000e+00,2.112463771178650085e-01
1.420000000000000107e+01,2.498084157705307215e-02,5.981223464012145469e-02,0.000000000000000000e+00,1.000000000000000000e+00,2.104096460029918347e-01
1.422000000000000064e+01,2.498236149549484461e-02,5.982464790344237809e-02,0.000000000000000000e+00,1.000000000000000000e+00,2.109065712718205809e-01
1.424000000000000021e+01,2.498232275247573922e-02,5.982421517372130820e-02,0.000000000000000000e+00,1.000000000000000000e+00,2.127607366707078840e-01
1.425999999999999979e+01,2.498356699943542550e-02,5.984956026077270508e-02,0.000000000000000000e+00,1.000000000000000000e+00,2.156837861661941580e-01
1.428000000000000114e+01,2.498346716165542741e-02,5.983901023864746094e-02,0.000000000000000000e+00,1.000000000000000000e+00,2.191135356573448711e-01
1.430000000000000071e+01,2.498365044593811243e-02,5.983197569847106823e-02,0.000000000000000000e+00,1.000000000000000000e+00,2.224331325866512610e-01
1.432000000000000028e+01,2.498434633016586442e-02,5.981917262077331154e-02,0.000000000000000000e+00,1.000000000000000000e+00,2.252765916540288016e-01
1.433999999999999986e+01,2.498542070388794223e-02,5.980370879173278753e-02,0.000000000000000000e+00,1.000000000000000000e+00,2.276002982848347178e-01
1.435999999999999943e+01,2.498373091220855782e-02,5.982998013496398926e-02,0.000000000000000000e+00,1.000000000000000000e+00,2.294817747792578799e-01
1.438000000000000078e+01,2.498510628938675066e-02,5.979217886924743236e-02,0.000000000000000000e+00,1.000000000000000000e+00,2.309477010601067859e-01
1.440000000000000036e+01,2.498515695333480835e-02,5.980962395668029674e-02,0.000000000000000000e+00,1.000000000000000000e+00,2.320235227265626254e-01
1.441999999999999993e+01,2.498567849397659302e-02,5.982635021209716658e-02,0.000000000000000000e+00,1.000000000000000000e+00,2.328936351782506797e-01
1.443999999999999950e+01,2.498547881841659685e-02,5.982041716575622198e-02,0.000000000000000000e+00,1.000000000000000000e+00,2.338982098274464128e-01
1.446000000000000085e+01,2.498550117015838762e-02,5.982321739196776872e-02,0.000000000000000000e+00,1.000000000000000000e+00,2.352930113007192514e-01
1.448000000000000043e+01,2.498445361852645943e-02,5.984653830528258861e-02,0.000000000000000000e+00,1.000000000000000000e+00,2.369696628483579925e-01
1.450000000000000000e+01,2.498444467782974521e-02,5.984660625457763339e-02,0.000000000000000000e+00,1.000000000000000000e+00,2.383059732287422516e-01
1.451999999999999957e+01,2.499028444290161272e-02,5.982882142066955206e-02,0.000000000000000000e+00,1.000000000000000000e+00,2.383674050132220945e-01
1.454000000000000092e+01,2.499294281005859375e-02,5.982684016227721863e-02,0.000000000000000000e+00,1.000000000000000000e+00,2.366721653018428462e-01
1.456000000000000050e+01,2.498798668384552210e-02,5.982171177864074180e-02,0.000000000000000000e+00,1.000000000000000000e+00,2.338279356857137781e-01
1.458000000000000007e+01,2.499202191829681674e-02,5.983345270156860407e-02,0.000000000000000000e+00,1.000000000000000000e+00,2.310521377865900061e-01
1.459999999999999964e+01,2.498847246170043945e-02,5.981367230415343683e-02,0.000000000000000000e+00,1.000000000000000000e+00,2.292699637348962760e-01
1.462000000000000099e+01,2.498951107263565341e-02,5.982514500617980985e-02,0.000000000000000000e+00,1.000000000000000000e+00,2.287912567241484341e-01
1.464000000000000057e+01,2.498907297849655221e-02,5.980918765068053700e-02,0.000000000000000000e+00,1.000000000000000000e+00,2.293452429745781451e-01
1.466000000000000014e+01,2.498873174190521448e-02,5.982342481613159291e-02,0.000000000000000000e+00,1.000000000000000000e+00,2.301488280172117318e-01
1.467999999999999972e+01,2.498762607574463168e-02,5.983961105346679438e-02,0.000000000000000000e+00,1.000000000000000000e+00,2.301755945170436413e-01
1.470000000000000107e+01,2.498695850372314661e-02,5.984595179557800071e-02,0.000000000000000000e+00,1.000000000000000000e+00,2.286559071565074375e-01
1.472000000000000064e+01,2.498283237218856812e-02,5.987844944000243752e-02,0.000000000000000000e+00,1.000000000000000000e+00,2.253936868126915072e-01
1.474000000000000021e+01,2.498367428779602051e-02,5.987125396728515403e-02,0.000000000000000000e+00,1.000000000000000000e+00,2.207194431813840618e-01
1.475999999999999979e+01,2.498234659433365076e-02,5.989363074302673368e-02,0.000000000000000000e+00,1.000000000000000000e+00,2.153349451462646669e-01
1.478000000000000114e+01,2.498237043619155884e-02,5.989451766014099177e-02,0.000000000000000000e+00,1.000000000000000000e+00,2.101613865728404473e-01
1.480000000000000071e+01,2.498350590467453280e-02,5.990756750106811246e-02,0.000000000000000000e+00,1.000000000000000000e+00,2.060898404389881755e-01
1.482000000000000028e+01,2.498308718204498430e-02,5.990344405174255482e-02,0.000000000000000000e+00,1.000000000000000000e+00,2.037088940129772041e-01
1.483999999999999986e+01,2.498144358396530221e-02,5.988397121429443054e-02,0.000000000000000000e+00,1.000000000000000000e+00,2.032067957248891721e-01
1.485999999999999943e+01,2.498147934675216952e-02,5.988463640213012584e-02,0.000000000000000000e+00,1.000000000000000000e+00,2.044148606877960184e-01
1.488000000000000078e+01,2.498160898685455530e-02,5.989140987396240207e-02,0.000000000000000000e+00,1.000000000000000000e+00,2.068448622731133835e-01
1.490000000000000036e+01,2.498167306184768954e-02,5.988641023635864202e-02,0.000000000000000000e+00,1.000000000000000000e+00,2.097906704957895607e-01
1.491999999999999993e+01,2.498198002576828072e-02,5.987808108329772949e-02,0.000000000000000000e+00,1.000000000000000000e+00,2.126264178633021640e-01
1.493999999999999950e+01,2.498266249895095964e-02,5.986334681510924877e-02,0.000000000000000000e+00,1.000000000000000000e+00,2.150717491806207748e-01
1.496000000000000085e+01,2.498240023851394653e-02,5.987120032310485479e-02,0.000000000000000000e+00,1.000000000000000000e+00,2.171224984388368529e-01
1.498000000000000043e+01,2.498236596584320346e-02,5.985357999801635409e-02,0.000000000000000000e+00,1.000000000000000000e+00,2.188175402890391585e-01
1.500000000000000000e+01,2.498314082622528354e-02,5.987078189849853044e-02,0.000000000000000000e+00,1.000000000000000000e+00,2.201801572660123107e-01
1.501999999999999957e+01,2.498342394828796664e-02,5.987460494041442483e-02,0.000000000000000000e+00,1.000000000000000000e+00,2.213812970781744438e-01
1.504000000000000092e+01,2.497995495796203821e-02,5.983071684837341225e-02,0.000000000000000000e+00,1.000000000000000000e+00,2.228530270525203028e-01
1.506000000000000050e+01,2.497978061437607089e-02,5.982792735099792120e-02,0.000000000000000000e+00,1.000000000000000000e+00,2.251207589999538183e-01
1.508000000000000007e+01,2.497928142547607699e-02,5.981139063835144015e-02,0.000000000000000000e+00,1.000000000000000000e+00,2.285115770189756479e-01
1.509999999999999964e+01,2.497940510511398315e-02,5.980221748352050615e-02,0.000000000000000000e+00,1.000000000000000000e+00,2.329210585039061809e-01
1.512000000000000099e+01,2.497987151145935128e-02,5.979549407958983931e-02,0.000000000000000000e+00,1.000000000000000000e+00,2.376109234877372689e-01
1.514000000000000057e+01,2.498555034399032801e-02,5.975662708282470509e-02,0.000000000000000000e+00,1.000000000000000000e+00,2.413068769575560379e-01
1.516000000000000014e+01,2.498588263988495151e-02,5.975541472434997559e-02,0.000000000000000000e+00,1.000000000000000000e+00,2.430369536680732356e-01
1.517999999999999972e+01,2.497985661029815743e-02,5.976502418518066240e-02,0.000000000000000000e+00,1.000000000000000000e+00,2.429873845966389612e-01
1.520000000000000107e+01,2.497954964637756625e-02,5.976497769355773593e-02,0.000000000000000000e+00,1.000000000000000000e+00,2.421754835934659400e-01
1.522000000000000064e+01,2.498059570789337366e-02,5.976724505424499401e-02,0.000000000000000000e+00,1.000000000000000000e+00,2.415343664792205247e-01
1.524000000000000021e+01,2.497966289520263741e-02,5.976214528083800825e-02,0.000000000000000000e+00,1.000000000000000000e+00,2.414595947721628888e-01
1.525999999999999979e+01,2.497920542955398698e-02,5.975522160530090388e-02,0.000000000000000000e+00,1.000000000000000000e+00,2.417907049860110458e-01
1.528000000000000114e+01,2.497904747724533081e-02,5.977507352828979187e-02,0.000000000000000000e+00,1.000000000000000000e+00,2.419461006033860051e-01
1.530000000000000071e+01,2.497852891683578769e-02,5.978353500366210410e-02,0.000000000000000000e+00,1.000000000000000000e+00,2.411571204280127390e-01
1.532000000000000028e+01,2.497667074203491211e-02,5.980304360389709223e-02,0.000000000000000000e+00,1.000000000000000000e+00,2.387395499942089327e-01
1.533999999999999986e+01,2.497639656066894670e-02,5.980584383010863897e-02,0.000000000000000000e+00,1.000000000000000000e+00,2.343177638725355005e-01
1.535999999999999943e+01,2.497690469026565829e-02,5.979645252227783203e-02,0.000000000000000000e+00,1.000000000000000000e+00,2.280395601191014254e-01
1.538000000000000078e+01,2.497686892747879098e-02,5.979494690895080511e-02,0.000000000000000000e+00,1.000000000000000000e+00,2.207265573688828308e-01
1.540000000000000036e+01,2.497668862342834750e-02,5.979283690452575489e-02,0.000000000000000000e+00,1.000000000000000000e+00,2.136594391468588927e-01
1.541999999999999993e+01,2.497639209032058785e-02,5.978999376296997154e-02,0.000000000000000000e+00,1.000000000000000000e+00,2.079870102044297231e-01
1.543999999999999950e+01,2.497742921113968104e-02,5.980165600776671947e-02,0.000000000000000000e+00,1.000000000000000000e+00,2.042986459748744321e-01
1.546000000000000085e+01,2.497594356536865512e-02,5.977558493614196222e-02,0.000000000000000000e+00,1.000000000000000000e+00,2.026433950528601924e-01
1.548000000000000043e+01,2.497592121362686435e-02,5.977444767951965027e-02,0.000000000000000000e+00,1.000000000000000000e+00,2.026980778423838614e-01
1.550000000000000000e+01,2.497542947530746738e-02,5.980164170265197393e-02,0.000000000000000000e+00,1.000000000000000000e+00,2.038577853494434322e-01
1.551999999999999957e+01,2.497626841068267822e-02,5.978465437889098760e-02,0.000000000000000000e+00,1.000000000000000000e+00,2.054004625927849659e-01
1.554000000000000092e+01,2.497556209564209123e-02,5.979542255401611162e-02,0.000000000000000000e+00,1.000000000000000000e+00,2.067988635777871509e-01
1.556000000000000050e+01,2.497552484273910661e-02,5.979612350463867076e-02,0.000000000000000000e+00,1.000000000000000000e+00,2.078612731022509708e-01
1.558000000000000007e+01,2.497555464506149431e-02,5.977695822715758944e-02,0.000000000000000000e+00,1.000000000000000000e+00,2.085669282271339353e-01
1.559999999999999964e+01,2.497482895851135462e-02,5.976624727249145452e-02,0.000000000000000000e+00,1.000000000000000000e+00,2.089150908150762820e-01
1.562000000000000099e+01,2.497741878032684604e-02,5.978845953941344660e-02,0.000000000000000000e+00,1.000000000000000000e+00,2.090285678493563337e-01
1.564000000000000057e+01,2.497612833976745744e-02,5.977843880653380820e-02,0.000000000000000000e+00,1.000000000000000000e+00,2.093488625554227878e-01
1.566000000000000014e+01,2.497677206993103097e-02,5.978413224220275463e-02,0.000000000000000000e+00,1.000000000000000000e+00,2.105622894052097960e-01
1.567999999999999972e+01,2.497698366641998291e-02,5.978669643402099304e-02,0.000000000000000000e+00,1.000000000000000000e+00,2.132892056909707901e-01
1.570000000000000107e+01,2.497566342353821009e-02,5.975743174552917286e-02,0.000000000000000000e+00,1.000000000000000000e+00,2.178737445531467309e-01
1.572000000000000064e+01,2.497581839561462472e-02,5.979834437370300237e-02,0.000000000000000000e+00,1.000000000000000000e+00,2.242266537497986101e-01
1.574000000000000021e+01,2.497455626726150651e-02,5.982924342155456626e-02,0.000000000000000000e+00,1.000000000000000000e+00,2.315403919465038041e-01
1.575999999999999979e+01,2.497351318597793718e-02,5.984076619148254172e-02,0.000000000000000000e+00,1.000000000000000000e+00,2.382808197544968587e-01
1.578000000000000114e+01,2.497417330741882532e-02,5.983636736869811512e-02,0.000000000000000000e+00,1.000000000000000000e+00,2.430354860773654702e-01
1.580000000000000071e+01,2.497745156288147181e-02,5.982212662696838323e-02,0.000000000000000000e+00,1.000000000000000000e+00,2.454958886352942848e-01
1.582000000000000028e+01,2.498091310262680331e-02,5.981257438659667858e-02,0.000000000000000000e+00,1.000000000000000000e+00,2.463460646823212863e-01
1.583999999999999986e+01,2.497847527265548845e-02,5.981603622436523077e-02,0.000000000000000000e+00,1.000000000000000000e+00,2.464706955613747696e-01
1.586000000000000121e+01,2.498244494199752808e-02,5.981628298759460172e-02,0.000000000000000000e+00,1.000000000000000000e+00,2.464555623878628698e-01
1.588000000000000078e+01,2.498154789209365914e-02,5.981388688087463379e-02,0.000000000000000000e+00,1.000000000000000000e+00,2.465041759497012541e-01
1.590000000000000036e+01,2.498148977756500452e-02,5.981276035308837752e-02,0.000000000000000000e+00,1.000000000000000000e+00,2.464997706994822013e-01
1.591999999999999993e+01,2.498160898685455530e-02,5.981123685836791520e-02,0.000000000000000000e+00,1.000000000000000000e+00,2.460468305312062953e-01
1.593999999999999950e+01,2.498161047697067261e-02,5.981122255325316966e-02,0.000000000000000000e+00,1.000000000000000000e+00,2.444990135871323578e-01
1.596000000000000085e+01,2.498165369033813685e-02,5.981365442276000838e-02,0.000000000000000000e+00,1.000000000000000000e+00,2.411387698121590650e-01
1.598000000000000043e+01,2.498214691877365112e-02,5.981630444526672002e-02,0.000000000000000000e+00,1.000000000000000000e+00,2.356740103948373466e-01
1.600000000000000000e+01,2.498234212398529192e-02,5.981712698936462319e-02,0.000000000000000000e+00,1.000000000000000000e+00,2.287551596695492906e-01
1.601999999999999957e+01,2.498178184032440186e-02,5.981439471244812123e-02,0.000000000000000000e+00,1.000000000000000000e+00,2.217669169833539622e-01
1.603999999999999915e+01,2.498010098934173862e-02,5.980316877365111916e-02,0.000000000000000000e+00,1.000000000000000000e+00,2.159570849519260594e-01
1.605999999999999872e+01,2.497986108064651628e-02,5.980052947998046320e-02,0.000000000000000000e+00,1.000000000000000000e+00,2.119003104466333498e-01
1.608000000000000185e+01,2.497964501380920549e-02,5.979404926300048440e-02,0.000000000000000000e+00,1.000000000000000000e+00,2.095825705330903732e-01
1.610000000000000142e+01,2.497939467430114815e-02,5.980466365814209040e-02,0.000000000000000000e+00,1.000000000000000000e+00,2.086246537839394899e-01
1.612000000000000099e+01,2.498022764921188632e-02,5.979426026344299150e-02,0.000000000000000000e+00,1.000000000000000000e+00,2.084389416167628239e-01
1.614000000000000057e+01,2.498090863227844446e-02,5.978909611701965082e-02,0.000000000000000000e+00,1.000000000000000000e+00,2.084544143338630251e-01
1.616000000000000014e+01,2.498309463262558122e-02,5.977533817291259821e-02,0.000000000000000000e+00,1.000000000000000000e+00,2.083318289541715440e-01
1.617999999999999972e+01,2.498372048139572282e-02,5.976950168609618946e-02,0.000000000000000000e+00,1.000000000000000000e+00,2.079265605874274503e-01
1.619999999999999929e+01,2.498371005058288782e-02,5.976930499076842790e-02,0.000000000000000000e+00,1.000000000000000000e+00,2.071178804688202924e-01
1.621999999999999886e+01,2.498533725738525529e-02,5.977766275405883845e-02,0.000000000000000000e+00,1.000000000000000000e+00,2.058323268251505134e-01
1.624000000000000199e+01,2.498163878917694300e-02,5.976125121116637740e-02,0.000000000000000000e+00,1.000000000000000000e+00,2.043132005998484491e-01
1.626000000000000156e+01,2.498478293418884486e-02,5.977724790573119701e-02,0.000000000000000000e+00,1.000000000000000000e+00,2.032560803252136394e-01
1.628000000000000114e+01,2.498411536216735979e-02,5.977283477783203181e-02,0.000000000000000000e+00,1.000000000000000000e+00,2.035081893964225674e-01
1.630000000000000071e+01,2.498165518045425415e-02,5.974927067756652388e-02,0.000000000000000000e+00,1.000000000000000000e+00,2.056988022904950308e-01
1.632000000000000028e+01,2.498042881488800326e-02,5.972879648208617720e-02,0.000000000000000000e+00,1.000000000000000000e+00,2.101292455269087311e-01
1.633999999999999986e+01,2.498115301132202218e-02,5.976850748062133289e-02,0.000000000000000000e+00,1.000000000000000000e+00,2.166606755010305474e-01
1.635999999999999943e+01,2.498042285442352364e-02,5.980330824851989857e-02,0.000000000000000000e+00,1.000000000000000000e+00,2.244435739708660893e-01
1.637999999999999901e+01,2.498244196176529000e-02,5.976856827735900490e-02,0.000000000000000000e+00,1.000000000000000000e+00,2.319408710925109363e-01
1.639999999999999858e+01,2.498413771390915056e-02,5.975032567977905246e-02,0.000000000000000000e+00,1.000000000000000000e+00,2.376563301029927244e-01
1.642000000000000171e+01,2.499249875545501987e-02,5.968259453773498008e-02,0.000000000000000000e+00,1.000000000000000000e+00,2.409498836290854540e-01
1.644000000000000128e+01,2.499043792486191004e-02,5.969688892364501814e-02,0.000000000000000000e+00,1.000000000000000000e+00,2.421100636702413211e-01
1.646000000000000085e+01,2.498724907636642664e-02,5.971884727478027344e-02,0.000000000000000000e+00,1.000000000000000000e+00,2.419052541149910862e-01
1.648000000000000043e+01,2.498578280210494995e-02,5.973134279251098716e-02,0.000000000000000000e+00,1.000000000000000000e+00,2.411839946068957130e-01
1.650000000000000000e+01,2.498524636030197144e-02,5.973923206329345703e-02,0.000000000000000000e+00,1.000000000000000000e+00,2.406407195352878448e-01
1.651999999999999957e+01,2.498515099287033220e-02,5.974268317222594660e-02,0.000000000000000000e+00,1.000000000000000000e+00,2.406519376969863955e-01
1.653999999999999915e+01,2.498520761728286951e-02,5.974031567573546975e-02,0.000000000000000000e+00,1.000000000000000000e+00,2.411522154300256293e-01
1.655999999999999872e+01,2.498535662889480799e-02,5.973803043365478321e-02,0.000000000000000000e+00,1.000000000000000000e+00,2.415650493507010277e-01
1.658000000000000185e+01,2.498508840799331873e-02,5.973967552185058261e-02,0.000000000000000000e+00,1.000000000000000000e+00,2.409180469646931555e-01
1.660000000000000142e+01,2.498396784067154208e-02,5.974245071411132812e-02,0.000000000000000000e+00,1.000000000000000000e+00,2.384105453058503465e-01
1.662000000000000099e+01,2.498465031385421753e-02,5.974220037460326732e-02,0.000000000000000000e+00,1.000000000000000000e+00,2.341987171673798329e-01
1.664000000000000057e+01,2.498378604650497437e-02,5.974098443984984796e-02,0.000000000000000000e+00,1.000000000000000000e+00,2.293783402055913634e-01
1.666000000000000014e+01,2.498544901609420915e-02,5.974706411361693781e-02,0.000000000000000000e+00,1.000000000000000000e+00,2.250882473849305510e-01
1.667999999999999972e+01,2.498519122600555489e-02,5.974481821060180498e-02,0.000000000000000000e+00,1.000000000000000000e+00,2.218975428453587029e-01
1.669999999999999929e+01,2.498516440391540527e-02,5.973982572555541770e-02,0.000000000000000000e+00,1.000000000000000000e+00,2.198240786531594770e-01
1.671999999999999886e+01,2.498411238193512171e-02,5.975009679794310996e-02,0.000000000000000000e+00,1.000000000000000000e+00,2.185523050703711834e-01
1.674000000000000199e+01,2.498228400945663730e-02,5.975746393203735379e-02,0.000000000000000000e+00,1.000000000000000000e+00,2.176683078205499111e-01
1.676000000000000156e+01,2.497949898242950509e-02,5.976240277290344183e-02,0.000000000000000000e+00,1.000000000000000000e+00,2.168799799714293819e-01
1.678000000000000114e+01,2.498087584972381869e-02,5.976222038269042580e-02,0.000000000000000000e+00,1.000000000000000000e+00,2.160492304321385559e-01
1.680000000000000071e+01,2.498020976781845093e-02,5.976055383682250810e-02,0.000000000000000000e+00,1.000000000000000000e+00,2.150227401308676400e-01
1.682000000000000028e+01,2.498085796833038330e-02,5.975802540779113353e-02,0.000000000000000000e+00,1.000000000000000000e+00,2.135309274546451364e-01
1.683999999999999986e+01,2.498137652873992989e-02,5.975811839103698647e-02,0.000000000000000000e+00,1.000000000000000000e+00,2.113848107538169041e-01
1.685999999999999943e+01,2.497916668653488159e-02,5.975454568862914595e-02,0.000000000000000000e+00,1.000000000000000000e+00,2.088588024007803079e-01
1.687999999999999901e+01,2.497924417257309238e-02,5.975477814674377136e-02,0.000000000000000000e+00,1.000000000000000000e+00,2.067486992043199301e-01
1.689999999999999858e+01,2.498200535774230957e-02,5.976775288581848145e-02,0.000000000000000000e+00,1.000000000000000000e+00,2.059358447339929288e-01
1.692000000000000171e+01,2.498290091753006120e-02,5.977436184883117704e-02,0.000000000000000000e+00,1.000000000000000000e+00,2.070028127057423062e-01
1.694000000000000128e+01,2.498348951339721818e-02,5.978183984756469532e-02,0.000000000000000000e+00,1.000000000000000000e+00,2.101486999556721191e-01
1.696000000000000085e+01,2.498459815979003906e-02,5.981500625610351035e-02,0.000000000000000000e+00,1.000000000000000000e+00,2.151231276817418825e-01
1.698000000000000043e+01,2.498438507318496982e-02,5.987692594528198214e-02,0.000000000000000000e+00,1.000000000000000000e+00,2.211077301265215178e-01
1.700000000000000000e+01,2.498284429311752389e-02,5.992390751838683888e-02,0.000000000000000000e+00,1.000000000000000000e+00,2.268393049511635562e-01
1.701999999999999957e+01,2.498408854007721017e-02,5.990058660507201899e-02,0.000000000000000000e+00,1.000000000000000000e+00,2.310844043917003598e-01
1.703999999999999915e+01,2.498648911714554041e-02,5.986204504966735618e-02,0.000000000000000000e+00,1.000000000000000000e+00,2.331179611439531119e-01
1.705999999999999872e+01,2.498438656330108712e-02,5.989907026290893638e-02,0.000000000000000000e+00,1.000000000000000000e+00,2.329317482114765525e-01
1.708000000000000185e+01,2.498329579830169817e-02,5.992760181427001648e-02,0.000000000000000000e+00,1.000000000000000000e+00,2.312140756724504198e-01
1.710000000000000142e+01,2.498330771923065394e-02,5.992685079574584794e-02,0.000000000000000000e+00,1.000000000000000000e+00,2.290932056887935164e-01
1.712000000000000099e+01,2.498333156108856201e-02,5.989754319190979115e-02,0.000000000000000000e+00,1.000000000000000000e+00,2.276548775662371182e-01
1.714000000000000057e+01,2.498325109481811662e-02,5.992572784423828153e-02,0.000000000000000000e+00,1.000000000000000000e+00,2.275374590640397987e-01
1.716000000000000014e+01,2.498345077037811279e-02,5.991726279258727944e-02,0.000000000000000000e+00,1.000000000000000000e+00,2.288147517967137612e-01
1.717999999999999972e+01,2.498428076505661288e-02,5.990399122238158902e-02,0.000000000000000000e+00,1.000000000000000000e+00,2.309921005374970249e-01
1.719999999999999929e+01,2.498465329408645907e-02,5.990094780921936118e-02,0.000000000000000000e+00,1.000000000000000000e+00,2.330450783469230902e-01
1.721999999999999886e+01,2.498446553945541521e-02,5.990180969238281111e-02,0.000000000000000000e+00,1.000000000000000000e+00,2.338685547982082003e-01
1.724000000000000199e+01,2.498861253261566370e-02,5.989153504371642900e-02,0.000000000000000000e+00,1.000000000000000000e+00,2.331169618433174828e-01
1.726000000000000156e+01,2.499168515205383440e-02,5.988896727561950767e-02,0.000000000000000000e+00,1.000000000000000000e+00,2.313995505079119719e-01
1.728000000000000114e+01,2.499176114797592441e-02,5.988903880119323536e-02,0.000000000000000000e+00,1.000000000000000000e+00,2.295664428186051376e-01
1.730000000000000071e+01,2.499173134565353671e-02,5.988889932632446289e-02,0.000000000000000000e+00,1.000000000000000000e+00,2.281064244593866419e-01
1.732000000000000028e+01,2.499134540557861398e-02,5.989538669586181446e-02,0.000000000000000000e+00,1.000000000000000000e+00,2.270780381773603307e-01
1.733999999999999986e+01,2.499419897794723580e-02,5.988890290260314581e-02,0.000000000000000000e+00,1.000000000000000000e+00,2.263158076864065504e-01
1.735999999999999943e+01,2.499639391899109025e-02,5.988898515701293612e-02,0.000000000000000000e+00,1.000000000000000000e+00,2.256867070087807126e-01
1.737999999999999901e+01,2.499750256538391113e-02,5.989096999168395941e-02,0.000000000000000000e+00,1.000000000000000000e+00,2.251954379073610457e-01
1.740000000000000213e+01,2.499852925539016932e-02,5.989537596702575184e-02,0.000000000000000000e+00,1.000000000000000000e+00,2.248483813075385640e-01
1.742000000000000171e+01,2.499709278345108032e-02,5.987727642059326172e-02,0.000000000000000000e+00,1.000000000000000000e+00,2.244560806167297529e-01
1.744000000000000128e+01,2.499704807996749878e-02,5.987812757492064902e-02,0.000000000000000000e+00,1.000000000000000000e+00,2.236170184691668450e-01
1.746000000000000085e+01,2.499613761901855677e-02,5.988184690475463479e-02,0.000000000000000000e+00,1.000000000000000000e+00,2.220079980020276955e-01
1.748000000000000043e+01,2.499586194753647059e-02,5.988214015960693221e-02,0.000000000000000000e+00,1.000000000000000000e+00,2.197939883925550397e-01
1.750000000000000000e+01,2.499484866857528895e-02,5.988131046295165627e-02,0.000000000000000000e+00,1.000000000000000000e+00,2.176524577782322223e-01
1.751999999999999957e+01,2.499306797981262415e-02,5.987660408020019365e-02,0.000000000000000000e+00,1.000000000000000000e+00,2.163452732188143601e-01
1.753999999999999915e+01,2.498899400234222412e-02,5.985607266426086481e-02,0.000000000000000000e+00,1.000000000000000000e+00,2.163507761988948674e-01
1.755999999999999872e+01,2.498696744441986084e-02,5.983757257461547879e-02,0.000000000000000000e+00,1.000000000000000000e+00,2.177640496442957707e-01
1.758000000000000185e+01,2.498764395713806361e-02,5.985025763511657437e-02,0.000000000000000000e+00,1.000000000000000000e+00,2.202998194648660701e-01
1.760000000000000142e+01,2.498728781938552856e-02,5.982721209526061651e-02,0.000000000000000000e+00,1.000000000000000000e+00,2.233352162024234977e-01
1.762000000000000099e+01,2.498720288276672433e-02,5.983884930610656322e-02,0.000000000000000000e+00,1.000000000000000000e+00,2.260361990301361368e-01
1.764000000000000057e+01,2.498725503683090279e-02,5.983536601066589272e-02,0.000000000000000000e+00,1.000000000000000000e+00,2.275366179704237379e-01
1.766000000000000014e+01,2.498730123043060511e-02,5.982941150665282981e-02,0.000000000000000000e+00,1.000000000000000000e+00,2.271610757399367131e-01
1.767999999999999972e+01,2.498731613159179896e-02,5.983098864555358443e-02,0.000000000000000000e+00,1.000000000000000000e+00,2.247770228382567903e-01
1.769999999999999929e+01,2.498747557401657243e-02,5.983669996261596624e-02,0.000000000000000000e+00,1.000000000000000000e+00,2.211106128227465495e-01
1.771999999999999886e+01,2.498730719089508126e-02,5.983209729194641224e-02,0.000000000000000000e+00,1.000000000000000000e+00,2.175125292536485566e-01
1.774000000000000199e+01,2.498710602521896432e-02,5.982572436332702498e-02,0.000000000000000000e+00,1.000000000000000000e+00,2.152024332940009055e-01
1.776000000000000156e+01,2.498794943094253748e-02,5.989047288894652765e-02,0.000000000000000000e+00,1.000000000000000000e+00,2.147859340079119883e-01
1.778000000000000114e+01,2.498788982629776209e-02,5.989403486251830555e-02,0.000000000000000000e+00,1.000000000000000000e+00,2.162930135300573098e-01
1.780000000000000071e+01,2.498679012060165544e-02,5.991382241249084556e-02,0.000000000000000000e+00,1.000000000000000000e+00,2.192516536365368696e-01
1.782000000000000028e+01,2.499018311500549386e-02,5.988143563270568320e-02,0.000000000000000000e+00,1.000000000000000000e+00,2.226570766266346146e-01
1.783999999999999986e+01,2.499065995216369698e-02,5.987859249114989985e-02,0.000000000000000000e+00,1.000000000000000000e+00,2.253378539971518935e-01
1.785999999999999943e+01,2.498852014541626254e-02,5.988698244094848439e-02,0.000000000000000000e+00,1.000000000000000000e+00,2.267428038254496181e-01
1.787999999999999901e+01,2.498979121446609497e-02,5.988371729850768682e-02,0.000000000000000000e+00,1.000000000000000000e+00,2.271573887254550173e-01
1.790000000000000213e+01,2.499007284641266077e-02,5.988327026367187139e-02,0.000000000000000000e+00,1.000000000000000000e+00,2.271451977141956402e-01
1.792000000000000171e+01,2.499046176671981812e-02,5.988284468650817427e-02,0.000000000000000000e+00,1.000000000000000000e+00,2.270616189670314478e-01
1.794000000000000128e+01,2.499143630266189783e-02,5.988430738449096458e-02,0.000000000000000000e+00,1.000000000000000000e+00,2.270030954190434269e-01
1.796000000000000085e+01,2.499198317527771135e-02,5.988526940345764021e-02,0.000000000000000000e+00,1.000000000000000000e+00,2.270035520242870142e-01
1.798000000000000043e+01,2.499402314424514771e-02,5.989104866981505987e-02,0.000000000000000000e+00,1.000000000000000000e+00,2.271979002594454178e-01
1.800000000000000000e+01,2.499115318059921473e-02,5.987794160842895008e-02,0.000000000000000000e+00,1.000000000000000000e+00,2.277691381702492690e-01
1.801999999999999957e+01,2.499005645513534615e-02,5.986907601356505904e-02,0.000000000000000000e+00,1.000000000000000000e+00,2.287524912268872335e-01
1.803999999999999915e+01,2.499024271965026925e-02,5.987319946289062361e-02,0.000000000000000000e+00,1.000000000000000000e+00,2.298940938623988961e-01
1.805999999999999872e+01,2.499018609523773193e-02,5.987507343292235856e-02,0.000000000000000000e+00,1.000000000000000000e+00,2.307064875967365092e-01
1.808000000000000185e+01,2.499001473188400269e-02,5.987652897834777610e-02,0.000000000000000000e+00,1.000000000000000000e+00,2.307783614479935741e-01
1.810000000000000142e+01,2.498886287212372104e-02,5.988122463226318304e-02,0.000000000000000000e+00,1.000000000000000000e+00,2.301194515109098171e-01
1.812000000000000099e+01,2.498639672994613925e-02,5.988566279411315640e-02,0.000000000000000000e+00,1.000000000000000000e+00,2.291473548443874741e-01
1.814000000000000057e+01,2.498317211866378854e-02,5.988566279411315640e-02,0.000000000000000000e+00,1.000000000000000000e+00,2.283522689056091126e-01
1.816000000000000014e+01,2.498571276664733956e-02,5.989071249961852583e-02,0.000000000000000000e+00,1.000000000000000000e+00,2.280260067343743147e-01
1.817999999999999972e+01,2.498421519994735787e-02,5.988332033157348078e-02,0.000000000000000000e+00,1.000000000000000000e+00,2.282066759419907054e-01
1.819999999999999929e+01,2.498464137315750330e-02,5.988778710365295216e-02,0.000000000000000000e+00,1.000000000000000000e+00,2.287432116575828789e-01
1.821999999999999886e+01,2.498508691787719796e-02,5.989723563194274819e-02,0.000000000000000000e+00,1.000000000000000000e+00,2.293567145275828556e-01
1.824000000000000199e+01,2.498532533645629952e-02,5.990399479866027888e-02,0.000000000000000000e+00,1.000000000000000000e+00,2.296247589138812051e-01
1.826000000000000156e+01,2.498530149459839145e-02,5.990352988243102805e-02,0.000000000000000000e+00,1.000000000000000000e+00,2.289416759526608502e-01
1.828000000000000114e+01,2.498597502708435267e-02,5.991227030754089217e-02,0.000000000000000000e+00,1.000000000000000000e+00,2.266719953579781066e-01
1.830000000000000071e+01,2.498508244752883911e-02,5.990307211875915000e-02,0.000000000000000000e+00,1.000000000000000000e+00,2.226686568771143460e-01
1.832000000000000028e+01,2.498322576284408778e-02,5.988453984260558999e-02,0.000000000000000000e+00,1.000000000000000000e+00,2.177536278467580855e-01
1.833999999999999986e+01,2.498522251844406336e-02,5.990751028060913030e-02,0.000000000000000000e+00,1.000000000000000000e+00,2.133542692471348257e-01
1.835999999999999943e+01,2.498636394739151001e-02,5.992586016654968123e-02,0.000000000000000000e+00,1.000000000000000000e+00,2.105883238104540034e-01
1.837999999999999901e+01,2.498738914728164742e-02,5.995976686477660911e-02,0.000000000000000000e+00,1.000000000000000000e+00,2.098935096872201200e-01
1.840000000000000213e+01,2.498738616704940935e-02,5.996017098426818792e-02,0.000000000000000000e+00,1.000000000000000000e+00,2.111883191901172963e-01
1.842000000000000171e+01,2.498997300863266269e-02,5.990471720695495633e-02,0.000000000000000000e+00,1.000000000000000000e+00,2.139195140703562537e-01
1.844000000000000128e+01,2.499103844165802280e-02,5.989299774169921931e-02,0.000000000000000000e+00,1.000000000000000000e+00,2.170375050525055194e-01
1.846000000000000085e+01,2.499301135540008684e-02,5.987890720367431557e-02,0.000000000000000000e+00,1.000000000000000000e+00,2.194423515657633605e-01
1.848000000000000043e+01,2.499008327722549577e-02,5.989407062530517634e-02,0.000000000000000000e+00,1.000000000000000000e+00,2.206723995039079622e-01
1.850000000000000000e+01,2.499220967292785714e-02,5.988522648811340360e-02,0.000000000000000000e+00,1.000000000000000000e+00,2.209601866432060469e-01
1.851999999999999957e+01,2.499073892831802507e-02,5.989138841629028376e-02,0.000000000000000000e+00,1.000000000000000000e+00,2.207532960959629753e-01
1.853999999999999915e+01,2.499062269926071236e-02,5.989258289337157787e-02,0.000000000000000000e+00,1.000000000000000000e+00,2.203943449620529016e-01
1.855999999999999872e+01,2.499081790447235316e-02,5.989419221878051341e-02,0.000000000000000000e+00,1.000000000000000000e+00,2.201325962624215982e-01
1.858000000000000185e+01,2.499126493930816859e-02,5.989634513854980025e-02,0.000000000000000000e+00,1.000000000000000000e+00,2.202384152534721251e-01
1.860000000000000142e+01,2.499253302812576294e-02,5.990313291549682201e-02,0.000000000000000000e+00,1.000000000000000000e+00,2.209999587296124501e-01
1.862000000000000099e+01,2.499063313007354736e-02,5.988907814025878906e-02,0.000000000000000000e+00,1.000000000000000000e+00,2.225900554548428112e-01
1.864000000000000057e+01,2.499227970838546753e-02,5.990968465805053544e-02,0.000000000000000000e+00,1.000000000000000000e+00,2.249277216235515131e-01
1.866000000000000014e+01,2.499151825904846400e-02,5.988117814064025657e-02,0.000000000000000000e+00,1.000000000000000000e+00,2.276302669385110722e-01
1.867999999999999972e+01,2.499181628227234095e-02,5.986894726753234919e-02,0.000000000000000000e+00,1.000000000000000000e+00,2.301431218887284302e-01
1.869999999999999929e+01,2.499268651008606026e-02,5.985727071762084878e-02,0.000000000000000000e+00,1.000000000000000000e+00,2.320474880719473887e-01
1.871999999999999886e+01,2.499136775732040475e-02,5.986786365509032953e-02,0.000000000000000000e+00,1.000000000000000000e+00,2.332790995390527089e-01
1.874000000000000199e+01,2.499286532402038644e-02,5.985920548439025574e-02,0.000000000000000000e+00,1.000000000000000000e+00,2.340257605218155068e-01
1.876000000000000156e+01,2.499004453420639038e-02,5.987244486808776522e-02,0.000000000000000000e+00,1.000000000000000000e+00,2.344798084365761481e-01
1.878000000000000114e+01,2.499116212129592896e-02,5.986752033233642273e-02,0.000000000000000000e+00,1.000000000000000000e+00,2.347293205727337684e-01
1.880000000000000071e+01,2.498935908079147339e-02,5.987690448760986384e-02,0.000000000000000000e+00,1.000000000000000000e+00,2.348264827632463581e-01
1.882000000000000028e+01,2.498911768198013375e-02,5.987870335578918124e-02,0.000000000000000000e+00,1.000000000000000000e+00,2.348656786052393253e-01
1.883999999999999986e+01,2.498881220817565987e-02,5.988059878349304144e-02,0.000000000000000000e+00,1.000000000000000000e+00,2.349072767336309597e-01
1.885999999999999943e+01,2.498855292797088831e-02,5.988107085227965809e-02,0.000000000000000000e+00,1.000000000000000000e+00,2.347783979410211774e-01
1.887999999999999901e+01,2.498736828565597742e-02,5.988056659698486051e-02,0.000000000000000000e+00,1.000000000000000000e+00,2.339427496939982531e-01
1.890000000000000213e+01,2.498889714479446411e-02,5.988324880599975308e-02,0.000000000000000000e+00,1.000000000000000000e+00,2.316965893872702797e-01
1.892000000000000171e+01,2.499277591705322335e-02,5.989454269409179299e-02,0.000000000000000000e+00,1.000000000000000000e+00,2.278313545247152294e-01
1.894000000000000128e+01,2.499012798070907732e-02,5.988326668739318848e-02,0.000000000000000000e+00,1.000000000000000000e+00,2.231655853720620752e-01
1.896000000000000085e+01,2.498826682567596713e-02,5.987172961235046054e-02,0.000000000000000000e+00,1.000000000000000000e+00,2.190519020666065464e-01
1.898000000000000043e+01,2.498882263898849487e-02,5.987711906433105385e-02,0.000000000000000000e+00,1.000000000000000000e+00,2.164607570567248507e-01
1.900000000000000000e+01,2.498926222324371338e-02,5.988539814949035700e-02,0.000000000000000000e+00,1.000000000000000000e+00,2.157145961235062137e-01
1.901999999999999957e+01,2.498930245637893954e-02,5.989078402519226046e-02,0.000000000000000000e+00,1.000000000000000000e+00,2.166144637844578114e-01
1.903999999999999915e+01,2.498946487903595109e-02,5.988627433776855247e-02,0.000000000000000000e+00,1.000000000000000000e+00,2.184486895066973799e-01
1.905999999999999872e+01,2.499127686023712436e-02,5.986326813697814830e-02,0.000000000000000000e+00,1.000000000000000000e+00,2.201139584396678284e-01
1.908000000000000185e+01,2.499046474695205966e-02,5.987004160881042453e-02,0.000000000000000000e+00,1.000000000000000000e+00,2.206726455067585524e-01
1.910000000000000142e+01,2.499135881662369052e-02,5.986427664756774347e-02,0.000000000000000000e+00,1.000000000000000000e+00,2.198572382732339459e-01
1.912000000000000099e+01,2.499387562274933000e-02,5.984937429428100614e-02,0.000000000000000000e+00,1.000000000000000000e+00,2.179752618190101410e-01
1.914000000000000057e+01,2.499368041753768921e-02,5.985087990760803306e-02,0.000000000000000000e+00,1.000000000000000000e+00,2.155462147262581785e-01
1.916000000000000014e+01,2.499378770589828769e-02,5.984585881233214777e-02,0.000000000000000000e+00,1.000000000000000000e+00,2.131198403873047487e-01
1.917999999999999972e+01,2.499424517154693812e-02,5.985100865364074291e-02,0.000000000000000000e+00,1.000000000000000000e+00,2.112463771178651195e-01
1.919999999999999929e+01,2.499415576457977503e-02,5.985033631324768177e-02,0.000000000000000000e+00,1.000000000000000000e+00,2.104096460029912519e-01
1.921999999999999886e+01,2.499459236860275546e-02,5.985390543937682550e-02,0.000000000000000000e+00,1.000000000000000000e+00,2.109065712718200536e-01
1.924000000000000199e+01,2.499289810657501221e-02,5.983484387397765975e-02,0.000000000000000000e+00,1.000000000000000000e+00,2.127607366707082170e-01
1.926000000000000156e+01,2.499323785305023263e-02,5.984179973602294506e-02,0.000000000000000000e+00,1.000000000000000000e+00,2.156837861661940747e-01
1.928000000000000114e+01,2.499344944953918457e-02,5.986430168151855163e-02,0.000000000000000000e+00,1.000000000000000000e+00,2.191135356573439275e-01
1.930000000000000071e+01,2.499357163906097690e-02,5.985964894294738825e-02,0.000000000000000000e+00,1.000000000000000000e+00,2.224331325866503450e-01
1.932000000000000028e+01,2.499306350946426530e-02,5.986899375915526872e-02,0.000000000000000000e+00,1.000000000000000000e+00,2.252765916540287461e-01
1.933999999999999986e+01,2.499455213546752930e-02,5.984755396842956349e-02,0.000000000000000000e+00,1.000000000000000000e+00,2.276002982848345790e-01
1.935999999999999943e+01,2.499492615461349626e-02,5.984172821044921736e-02,0.000000000000000000e+00,1.000000000000000000e+00,2.294817747792577134e-01
1.937999999999999901e+01,2.499472498893737932e-02,5.984724283218383761e-02,0.000000000000000000e+00,1.000000000000000000e+00,2.309477010601063418e-01
1.940000000000000213e+01,2.499476224184036394e-02,5.986105442047118946e-02,0.000000000000000000e+00,1.000000000000000000e+00,2.320235227265622924e-01
1.942000000000000171e+01,2.499475330114364624e-02,5.986075758934020913e-02,0.000000000000000000e+00,1.000000000000000000e+00,2.328936351782503189e-01
1.944000000000000128e+01,2.499485611915588587e-02,5.986384749412536344e-02,0.000000000000000000e+00,1.000000000000000000e+00,2.338982098274463295e-01
1.946000000000000085e+01,2.499487251043319702e-02,5.986585736274718794e-02,0.000000000000000000e+00,1.000000000000000000e+00,2.352930113007185020e-01
1.948000000000000043e+01,2.499493658542633126e-02,5.986442685127257857e-02,0.000000000000000000e+00,1.000000000000000000e+00,2.369696628483572987e-01
1.950000000000000000e+01,2.500041425228119105e-02,5.982402205467223649e-02,0.000000000000000000e+00,1.000000000000000000e+00,2.383059732287418631e-01
1.951999999999999957e+01,2.499836534261703699e-02,5.983031272888183344e-02,0.000000000000000000e+00,1.000000000000000000e+00,2.383674050132217614e-01
1.953999999999999915e+01,2.499918788671493669e-02,5.982968330383300892e-02,0.000000000000000000e+00,1.000000000000000000e+00,2.366721653018425686e-01
1.955999999999999872e+01,2.500248253345489780e-02,5.983303070068358986e-02,0.000000000000000000e+00,1.000000000000000000e+00,2.338279356857133617e-01
1.958000000000000185e+01,2.500696778297424594e-02,5.984601259231567272e-02,0.000000000000000000e+00,1.000000000000000000e+00,2.310521377865891735e-01
1.960000000000000142e+01,2.500669360160827706e-02,5.984449625015258317e-02,0.000000000000000000e+00,1.000000000000000000e+00,2.292699637348953878e-01
1.962000000000000099e+01,2.500736713409423828e-02,5.985191345214843639e-02,0.000000000000000000e+00,1.000000000000000000e+00,2.287912567241473238e-01
1.964000000000000057e+01,2.500726282596588135e-02,5.984812974929809570e-02,0.000000000000000000e+00,1.000000000000000000e+00,2.293452429745763688e-01
1.966000000000000014e+01,2.500607669353485316e-02,5.989755034446716392e-02,0.000000000000000000e+00,1.000000000000000000e+00,2.301488280172104828e-01
1.967999999999999972e+01,2.500682771205902169e-02,5.988658905029296819e-02,0.000000000000000000e+00,1.000000000000000000e+00,2.301755945170426143e-01
1.969999999999999929e+01,2.500610649585724085e-02,5.989344835281371765e-02,0.000000000000000000e+00,1.000000000000000000e+00,2.286559071565070766e-01
1.971999999999999886e+01,2.500731647014618059e-02,5.988390684127807562e-02,0.000000000000000000e+00,1.000000000000000000e+00,2.253936868126901194e-01
1.974000000000000199e+01,2.500623166561126778e-02,5.989318013191222839e-02,0.000000000000000000e+00,1.000000000000000000e+00,2.207194431813817304e-01
1.976000000000000156e+01,2.500660121440887590e-02,5.988695025444030345e-02,0.000000000000000000e+00,1.000000000000000000e+00,2.153349451462629738e-01
1.978000000000000114e+01,2.500700652599334786e-02,5.990239977836608887e-02,0.000000000000000000e+00,1.000000000000000000e+00,2.101613865728401420e-01
1.980000000000000071e+01,2.500652372837066859e-02,5.989683151245116938e-02,0.000000000000000000e+00,1.000000000000000000e+00,2.060898404389862604e-01
1.982000000000000028e+01,2.500642538070678780e-02,5.989586949348449374e-02,0.000000000000000000e+00,1.000000000000000000e+00,2.037088940129754833e-01
1.983999999999999986e+01,2.500637769699096818e-02,5.989529728889465138e-02,0.000000000000000000e+00,1.000000000000000000e+00,2.032067957248878398e-01
1.985999999999999943e+01,2.500670254230499476e-02,5.990137338638305137e-02,0.000000000000000000e+00,1.000000000000000000e+00,2.044148606877955743e-01
1.987999999999999901e+01,2.500650286674499512e-02,5.989083409309386985e-02,0.000000000000000000e+00,1.000000000000000000e+00,2.068448622731105802e-01
1.990000000000000213e+01,2.500691115856170862e-02,5.985935926437377375e-02,0.000000000000000000e+00,1.000000000000000000e+00,2.097906704957890334e-01
1.992000000000000171e+01,2.500807642936706682e-02,5.982788085937499473e-02,0.000000000000000000e+00,1.000000000000000000e+00,2.126264178633016366e-01
1.994000000000000128e+01,2.500820457935333530e-02,5.982509493827819352e-02,0.000000000000000000e+00,1.000000000000000000e+00,2.150717491806201920e-01
1.996000000000000085e+01,2.500762641429901331e-02,5.984234333038329634e-02,0.000000000000000000e+00,1.000000000000000000e+00,2.171224984388354096e-01
1.998000000000000043e+01,2.500765621662140101e-02,5.985891938209533802e-02,0.000000000000000000e+00,1.000000000000000000e+00,2.188175402890377153e-01
2.000000000000000000e+01,2.500799596309662143e-02,5.986653327941894587e-02,0.000000000000000000e+00,1.000000000000000000e+00,2.201801572660111728e-01
2.001999999999999957e+01,2.500928640365600655e-02,5.988397836685180331e-02,0.000000000000000000e+00,1.000000000000000000e+00,2.213812970781732503e-01
2.003999999999999915e+01,2.500936090946197579e-02,5.988490819931029802e-02,0.000000000000000000e+00,1.000000000000000000e+00,2.228530270525194146e-01
2.005999999999999872e+01,2.500928044319153040e-02,5.988361716270446805e-02,0.000000000000000000e+00,1.000000000000000000e+00,2.251207589999519587e-01
2.008000000000000185e+01,2.500972747802734583e-02,5.989854097366333063e-02,0.000000000000000000e+00,1.000000000000000000e+00,2.285115770189758699e-01
2.010000000000000142e+01,2.500923871994018693e-02,5.993479013442992720e-02,0.000000000000000000e+00,1.000000000000000000e+00,2.329210585039061809e-01
2.012000000000000099e+01,2.500681579113006592e-02,5.996982693672180120e-02,0.000000000000000000e+00,1.000000000000000000e+00,2.376109234877371024e-01
2.014000000000000057e+01,2.500520646572113037e-02,5.998089551925658847e-02,0.000000000000000000e+00,1.000000000000000000e+00,2.413068769575552608e-01
2.016000000000000014e+01,2.500946819782257080e-02,5.996528863906860213e-02,0.000000000000000000e+00,1.000000000000000000e+00,2.430369536680725140e-01
2.017999999999999972e+01,2.501125931739807406e-02,5.996239900588989230e-02,0.000000000000000000e+00,1.000000000000000000e+00,2.429873845966381840e-01
2.019999999999999929e+01,2.501965165138244837e-02,5.996357202529906810e-02,0.000000000000000000e+00,1.000000000000000000e+00,2.421754835934654682e-01
2.021999999999999886e+01,2.501626610755920688e-02,5.995627641677855890e-02,0.000000000000000000e+00,1.000000000000000000e+00,2.415343664792198586e-01
2.024000000000000199e+01,2.501639127731323381e-02,5.995695590972899974e-02,0.000000000000000000e+00,1.000000000000000000e+00,2.414595947721620839e-01
2.026000000000000156e+01,2.501527070999145716e-02,5.993996500968933050e-02,0.000000000000000000e+00,1.000000000000000000e+00,2.417907049860106017e-01
2.028000000000000114e+01,2.501541078090667794e-02,5.992264151573181014e-02,0.000000000000000000e+00,1.000000000000000000e+00,2.419461006033854500e-01
2.030000000000000071e+01,2.501515746116638253e-02,5.992675423622131209e-02,0.000000000000000000e+00,1.000000000000000000e+00,2.411571204280117398e-01
2.032000000000000028e+01,2.501573860645294259e-02,5.992066383361815962e-02,0.000000000000000000e+00,1.000000000000000000e+00,2.387395499942078503e-01
2.033999999999999986e+01,2.501558959484100411e-02,5.992218017578124917e-02,0.000000000000000000e+00,1.000000000000000000e+00,2.343177638725346956e-01
2.035999999999999943e+01,2.501489222049713135e-02,5.993504762649536077e-02,0.000000000000000000e+00,1.000000000000000000e+00,2.280395601191013144e-01
2.037999999999999901e+01,2.501482367515564173e-02,5.993209004402160617e-02,0.000000000000000000e+00,1.000000000000000000e+00,2.207265573688838023e-01
2.040000000000000213e+01,2.501473128795624057e-02,5.993101358413695928e-02,0.000000000000000000e+00,1.000000000000000000e+00,2.136594391468566168e-01
2.042000000000000171e+01,2.501460611820221017e-02,5.992981195449828546e-02,0.000000000000000000e+00,1.000000000000000000e+00,2.079870102044279467e-01
2.044000000000000128e+01,2.501289546489715576e-02,5.991055369377135814e-02,0.000000000000000000e+00,1.000000000000000000e+00,2.042986459748732386e-01
2.046000000000000085e+01,2.501383721828460971e-02,5.992712616920470997e-02,0.000000000000000000e+00,1.000000000000000000e+00,2.026433950528596650e-01
2.048000000000000043e+01,2.501436769962310860e-02,5.995482802391052107e-02,0.000000000000000000e+00,1.000000000000000000e+00,2.026980778423820018e-01
2.050000000000000000e+01,2.501456439495086670e-02,5.994399905204772505e-02,0.000000000000000000e+00,1.000000000000000000e+00,2.038577853494415448e-01
2.051999999999999957e+01,2.501526474952697754e-02,5.992986202239990179e-02,0.000000000000000000e+00,1.000000000000000000e+00,2.054004625927834393e-01
2.053999999999999915e+01,2.501560747623443604e-02,5.992462992668151633e-02,0.000000000000000000e+00,1.000000000000000000e+00,2.067988635777857631e-01
2.055999999999999872e+01,2.501554489135742257e-02,5.992583870887756292e-02,0.000000000000000000e+00,1.000000000000000000e+00,2.078612731022486948e-01
2.058000000000000185e+01,2.501554787158966064e-02,5.992466568946838018e-02,0.000000000000000000e+00,1.000000000000000000e+00,2.085669282271326586e-01
2.060000000000000142e+01,2.501550316810607910e-02,5.992399334907531211e-02,0.000000000000000000e+00,1.000000000000000000e+00,2.089150908150750885e-01
2.062000000000000099e+01,2.501565515995025912e-02,5.992529511451721164e-02,0.000000000000000000e+00,1.000000000000000000e+00,2.090285678493554733e-01
2.064000000000000057e+01,2.501699030399322579e-02,5.993566274642943975e-02,0.000000000000000000e+00,1.000000000000000000e+00,2.093488625554210392e-01
2.066000000000000014e+01,2.501495480537414828e-02,5.991767406463623102e-02,0.000000000000000000e+00,1.000000000000000000e+00,2.105622894052079919e-01
2.067999999999999972e+01,2.501721382141113351e-02,5.994502544403076255e-02,0.000000000000000000e+00,1.000000000000000000e+00,2.132892056909692913e-01
2.069999999999999929e+01,2.501970231533050606e-02,6.000026464462279718e-02,0.000000000000000000e+00,1.000000000000000000e+00,2.178737445531450101e-01
2.071999999999999886e+01,2.501977682113647530e-02,6.002014875411987305e-02,0.000000000000000000e+00,1.000000000000000000e+00,2.242266537497963341e-01
2.074000000000000199e+01,2.501808404922485629e-02,6.006171226501464538e-02,0.000000000000000000e+00,1.000000000000000000e+00,2.315403919465023053e-01
2.076000000000000156e+01,2.501435279846191476e-02,6.010302543640136386e-02,0.000000000000000000e+00,1.000000000000000000e+00,2.382808197544969420e-01
2.078000000000000114e+01,2.501436769962310860e-02,6.010293245315551786e-02,0.000000000000000000e+00,1.000000000000000000e+00,2.430354860773642489e-01
2.080000000000000071e+01,2.500882148742675920e-02,6.012712240219116044e-02,0.000000000000000000e+00,1.000000000000000000e+00,2.454958886352937020e-01
2.082000000000000028e+01,2.500480115413665841e-02,6.013828039169311079e-02,0.000000000000000000e+00,1.000000000000000000e+00,2.463460646823204259e-01
2.083999999999999986e+01,2.500292658805847168e-02,6.014096975326537614e-02,0.000000000000000000e+00,1.000000000000000000e+00,2.464706955613738815e-01
2.085999999999999943e+01,2.500137686729431152e-02,6.014089822769164845e-02,0.000000000000000000e+00,1.000000000000000000e+00,2.464555623878620372e-01
2.087999999999999901e+01,2.500107288360595842e-02,6.014008998870849082e-02,0.000000000000000000e+00,1.000000000000000000e+00,2.465041759497003937e-01
2.090000000000000213e+01,2.500103414058685303e-02,6.013932466506957675e-02,0.000000000000000000e+00,1.000000000000000000e+00,2.464997706994813131e-01
2.092000000000000171e+01,2.500131130218505998e-02,6.013579845428466270e-02,0.000000000000000000e+00,1.000000000000000000e+00,2.460468305312053516e-01
2.094000000000000128e+01,2.500164508819580078e-02,6.013258695602416437e-02,0.000000000000000000e+00,1.000000000000000000e+00,2.444990135871313308e-01
2.096000000000000085e+01,2.500173449516296387e-02,6.013755798339843334e-02,0.000000000000000000e+00,1.000000000000000000e+00,2.411387698121588707e-01
2.098000000000000043e+01,2.500189244747162004e-02,6.013840913772582758e-02,0.000000000000000000e+00,1.000000000000000000e+00,2.356740103948365694e-01
2.100000000000000000e+01,2.500161826610565463e-02,6.013725757598877009e-02,0.000000000000000000e+00,1.000000000000000000e+00,2.287551596695478751e-01
2.101999999999999957e+01,2.500259578227996896e-02,6.014202117919921486e-02,0.000000000000000000e+00,1.000000000000000000e+00,2.217669169833528242e-01
2.103999999999999915e+01,2.500326633453369210e-02,6.014649868011474193e-02,0.000000000000000000e+00,1.000000000000000000e+00,2.159570849519269198e-01
2.105999999999999872e+01,2.500377595424652100e-02,6.015210628509521512e-02,0.000000000000000000e+00,1.000000000000000000e+00,2.119003104466339882e-01
2.108000000000000185e+01,2.500379681587219446e-02,6.015277862548827625e-02,0.000000000000000000e+00,1.000000000000000000e+00,2.095825705330892630e-01
2.110000000000000142e+01,2.500374615192413330e-02,6.015493154525756309e-02,0.000000000000000000e+00,1.000000000000000000e+00,2.086246537839384907e-01
2.112000000000000099e+01,2.500377595424652100e-02,6.015456676483153797e-02,0.000000000000000000e+00,1.000000000000000000e+00,2.084389416167623243e-01
2.114000000000000057e+01,2.500127851963043421e-02,6.017352819442748496e-02,0.000000000000000000e+00,1.000000000000000000e+00,2.084544143338629696e-01
2.116000000000000014e+01,2.500130832195282191e-02,6.017334222793578602e-02,0.000000000000000000e+00,1.000000000000000000e+00,2.083318289541707391e-01
2.117999999999999972e+01,2.500090897083282609e-02,6.017707586288451732e-02,0.000000000000000000e+00,1.000000000000000000e+00,2.079265605874263956e-01
2.119999999999999929e+01,2.500112056732177804e-02,6.018095254898071095e-02,0.000000000000000000e+00,1.000000000000000000e+00,2.071178804688200703e-01
2.121999999999999886e+01,2.499898225069046090e-02,6.016998767852783231e-02,0.000000000000000000e+00,1.000000000000000000e+00,2.058323268251506244e-01
2.124000000000000199e+01,2.500250935554504395e-02,6.018560886383056419e-02,0.000000000000000000e+00,1.000000000000000000e+00,2.043132005998472556e-01
2.126000000000000156e+01,2.500487565994262765e-02,6.019763231277465432e-02,0.000000000000000000e+00,1.000000000000000000e+00,2.032560803252126680e-01
2.128000000000000114e+01,2.500185370445251465e-02,6.017766952514648493e-02,0.000000000000000000e+00,1.000000000000000000e+00,2.035081893964225397e-01
2.130000000000000071e+01,2.500844597816467493e-02,6.024079084396362360e-02,0.000000000000000000e+00,1.000000000000000000e+00,2.056988022904959745e-01
2.132000000000000028e+01,2.501218914985656877e-02,6.030328273773193082e-02,0.000000000000000000e+00,1.000000000000000000e+00,2.101292455269074266e-01
2.133999999999999986e+01,2.501308619976043771e-02,6.035242795944213701e-02,0.000000000000000000e+00,1.000000000000000000e+00,2.166606755010288821e-01
2.135999999999999943e+01,2.501265406608581612e-02,6.037308454513549277e-02,0.000000000000000000e+00,1.000000000000000000e+00,2.244435739708635913e-01
2.137999999999999901e+01,2.501204907894134799e-02,6.038349866867065430e-02,0.000000000000000000e+00,1.000000000000000000e+00,2.319408710925103811e-01
2.140000000000000213e+01,2.500974237918853968e-02,6.040833950042724665e-02,0.000000000000000000e+00,1.000000000000000000e+00,2.376563301029951947e-01
2.142000000000000171e+01,2.500847578048706263e-02,6.041861772537231168e-02,0.000000000000000000e+00,1.000000000000000000e+00,2.409498836290849821e-01
2.144000000000000128e+01,2.500433623790741106e-02,6.044739961624145258e-02,0.000000000000000000e+00,1.000000000000000000e+00,2.421100636702407938e-01
2.146000000000000085e+01,2.500211894512176583e-02,6.046269893646240290e-02,0.000000000000000000e+00,1.000000000000000000e+00,2.419052541149912250e-01
2.148000000000000043e+01,2.500030994415283411e-02,6.047814130783080860e-02,0.000000000000000000e+00,1.000000000000000000e+00,2.411839946068963236e-01
2.150000000000000000e+01,2.499996721744537562e-02,6.048316955566405972e-02,0.000000000000000000e+00,1.000000000000000000e+00,2.406407195352877892e-01
2.151999999999999957e+01,2.499992102384567330e-02,6.048481464385985912e-02,0.000000000000000000e+00,1.000000000000000000e+00,2.406519376969863955e-01
2.153999999999999915e+01,2.499990016222000330e-02,6.048568725585937167e-02,0.000000000000000000e+00,1.000000000000000000e+00,2.411522154300257126e-01
2.155999999999999872e+01,2.499987781047821253e-02,6.048602342605590571e-02,0.000000000000000000e+00,1.000000000000000000e+00,2.415650493507012775e-01
2.158000000000000185e+01,2.499976456165313790e-02,6.048671722412109208e-02,0.000000000000000000e+00,1.000000000000000000e+00,2.409180469646927114e-01
2.160000000000000142e+01,2.499899268150329590e-02,6.048864126205444336e-02,0.000000000000000000e+00,1.000000000000000000e+00,2.384105453058500135e-01
2.162000000000000099e+01,2.499852627515793124e-02,6.048882007598876953e-02,0.000000000000000000e+00,1.000000000000000000e+00,2.341987171673799994e-01
2.164000000000000057e+01,2.499877214431762973e-02,6.048916339874267634e-02,0.000000000000000000e+00,1.000000000000000000e+00,2.293783402055917242e-01
2.166000000000000014e+01,2.499541044235229631e-02,6.047689676284789817e-02,0.000000000000000000e+00,1.000000000000000000e+00,2.250882473849311893e-01
2.167999999999999972e+01,2.499565482139587402e-02,6.047902822494506669e-02,0.000000000000000000e+00,1.000000000000000000e+00,2.218975428453590637e-01
2.169999999999999929e+01,2.499565929174423287e-02,6.047986507415771540e-02,0.000000000000000000e+00,1.000000000000000000e+00,2.198240786531599211e-01
2.171999999999999886e+01,2.499516904354095667e-02,6.048465013504027848e-02,0.000000000000000000e+00,1.000000000000000000e+00,2.185523050703722658e-01
2.174000000000000199e+01,2.499618828296661446e-02,6.048053026199340376e-02,0.000000000000000000e+00,1.000000000000000000e+00,2.176683078205502164e-01
2.176000000000000156e+01,2.499736696481704920e-02,6.047842741012573325e-02,0.000000000000000000e+00,1.000000000000000000e+00,2.168799799714296039e-01
2.178000000000000114e+01,2.499748468399047921e-02,6.047841310501098078e-02,0.000000000000000000e+00,1.000000000000000000e+00,2.160492304321386114e-01
2.180000000000000071e+01,2.499820142984390467e-02,6.048020124435424250e-02,0.000000000000000000e+00,1.000000000000000000e+00,2.150227401308682784e-01
2.182000000000000028e+01,2.499788552522659579e-02,6.048143863677978016e-02,0.000000000000000000e+00,1.000000000000000000e+00,2.135309274546459135e-01
2.183999999999999986e+01,2.499997913837433139e-02,6.048178195953368697e-02,0.000000000000000000e+00,1.000000000000000000e+00,2.113848107538175702e-01
2.185999999999999943e+01,2.500381469726562639e-02,6.048794031143188421e-02,0.000000000000000000e+00,1.000000000000000000e+00,2.088588024007800859e-01
2.187999999999999901e+01,2.500845789909363071e-02,6.050170898437499944e-02,0.000000000000000000e+00,1.000000000000000000e+00,2.067486992043217897e-01
2.190000000000000213e+01,2.501068115234375208e-02,6.051213026046752680e-02,0.000000000000000000e+00,1.000000000000000000e+00,2.059358447339940945e-01
2.192000000000000171e+01,2.501602470874786377e-02,6.055150508880614846e-02,0.000000000000000000e+00,1.000000000000000000e+00,2.070028127057411682e-01
2.194000000000000128e+01,2.502198517322540283e-02,6.062724351882934487e-02,0.000000000000000000e+00,1.000000000000000000e+00,2.101486999556710367e-01
2.196000000000000085e+01,2.502403557300567766e-02,6.068849086761474165e-02,0.000000000000000000e+00,1.000000000000000000e+00,2.151231276817414662e-01
2.198000000000000043e+01,2.502386868000030726e-02,6.073708534240722379e-02,0.000000000000000000e+00,1.000000000000000000e+00,2.211077301265230444e-01
2.200000000000000000e+01,2.502229511737823556e-02,6.078503608703612893e-02,0.000000000000000000e+00,1.000000000000000000e+00,2.268393049511653603e-01
2.201999999999999957e+01,2.502037882804870883e-02,6.082096338272094393e-02,0.000000000000000000e+00,1.000000000000000000e+00,2.310844043917003043e-01
2.203999999999999915e+01,2.501814067363739014e-02,6.085691213607787725e-02,0.000000000000000000e+00,1.000000000000000000e+00,2.331179611439531951e-01
2.205999999999999872e+01,2.501688897609710693e-02,6.087895631790160578e-02,0.000000000000000000e+00,1.000000000000000000e+00,2.329317482114779680e-01
2.208000000000000185e+01,2.501591742038726876e-02,6.090435504913330189e-02,0.000000000000000000e+00,1.000000000000000000e+00,2.312140756724498092e-01
2.210000000000000142e+01,2.501539289951324602e-02,6.093827247619628545e-02,0.000000000000000000e+00,1.000000000000000000e+00,2.290932056887924062e-01
2.212000000000000099e+01,2.501535415649414062e-02,6.098110914230346624e-02,0.000000000000000000e+00,1.000000000000000000e+00,2.276548775662363688e-01
2.214000000000000057e+01,2.501529455184936523e-02,6.100130081176757812e-02,0.000000000000000000e+00,1.000000000000000000e+00,2.275374590640395767e-01
2.216000000000000014e+01,2.501507401466369906e-02,6.101065635681152122e-02,0.000000000000000000e+00,1.000000000000000000e+00,2.288147517967143718e-01
2.217999999999999972e+01,2.501341700553894043e-02,6.103718519210814958e-02,0.000000000000000000e+00,1.000000000000000000e+00,2.309921005374968306e-01
2.219999999999999929e+01,2.501094043254852364e-02,6.105745553970336886e-02,0.000000000000000000e+00,1.000000000000000000e+00,2.330450783469230902e-01
2.221999999999999886e+01,2.501115500926971713e-02,6.105646133422851229e-02,0.000000000000000000e+00,1.000000000000000000e+00,2.338685547982082280e-01
2.224000000000000199e+01,2.501420974731445590e-02,6.104885101318359431e-02,0.000000000000000000e+00,1.000000000000000000e+00,2.331169618433175106e-01
2.226000000000000156e+01,2.501699328422546387e-02,6.104649066925048329e-02,0.000000000000000000e+00,1.000000000000000000e+00,2.313995505079117221e-01
2.228000000000000114e+01,2.501604557037353724e-02,6.104563236236572321e-02,0.000000000000000000e+00,1.000000000000000000e+00,2.295664428186052208e-01
2.230000000000000071e+01,2.501559257507324219e-02,6.104354381561279130e-02,0.000000000000000000e+00,1.000000000000000000e+00,2.281064244593870027e-01
2.232000000000000028e+01,2.501560747623443604e-02,6.104330778121948298e-02,0.000000000000000000e+00,1.000000000000000000e+00,2.270780381773603585e-01
2.233999999999999986e+01,2.501521110534668177e-02,6.104421615600585938e-02,0.000000000000000000e+00,1.000000000000000000e+00,2.263158076864066892e-01
2.235999999999999943e+01,2.501461207866668979e-02,6.104420185089111384e-02,0.000000000000000000e+00,1.000000000000000000e+00,2.256867070087810456e-01
2.237999999999999901e+01,2.501851916313171595e-02,6.105116844177246177e-02,0.000000000000000000e+00,1.000000000000000000e+00,2.251954379073612400e-01
2.240000000000000213e+01,2.501721978187561313e-02,6.104559659957885243e-02,0.000000000000000000e+00,1.000000000000000000e+00,2.248483813075387305e-01
2.242000000000000171e+01,2.501702308654785156e-02,6.104310035705565879e-02,0.000000000000000000e+00,1.000000000000000000e+00,2.244560806167294753e-01
2.244000000000000128e+01,2.501653730869293421e-02,6.105221986770629355e-02,0.000000000000000000e+00,1.000000000000000000e+00,2.236170184691668728e-01
2.246000000000000085e+01,2.501653134822845459e-02,6.105224847793579157e-02,0.000000000000000000e+00,1.000000000000000000e+00,2.220079980020274457e-01
2.248000000000000043e+01,2.501409947872161935e-02,6.105484485626220398e-02,0.000000000000000000e+00,1.000000000000000000e+00,2.197939883925555116e-01
2.250000000000000000e+01,2.501400709152221818e-02,6.105477333068847628e-02,0.000000000000000000e+00,1.000000000000000000e+00,2.176524577782329994e-01
2.251999999999999957e+01,2.501977682113647530e-02,6.106997251510620089e-02,0.000000000000000000e+00,1.000000000000000000e+00,2.163452732188147487e-01
2.253999999999999915e+01,2.501836419105529785e-02,6.106286287307739064e-02,0.000000000000000000e+00,1.000000000000000000e+00,2.163507761988950062e-01
2.255999999999999872e+01,2.501946091651916643e-02,6.107286214828491072e-02,0.000000000000000000e+00,1.000000000000000000e+00,2.177640496442964924e-01
2.258000000000000185e+01,2.502038180828094691e-02,6.109014272689819447e-02,0.000000000000000000e+00,1.000000000000000000e+00,2.202998194648669028e-01
2.260000000000000142e+01,2.502076029777526925e-02,6.111464023590088002e-02,0.000000000000000000e+00,1.000000000000000000e+00,2.233352162024234422e-01
2.262000000000000099e+01,2.502047419548034807e-02,6.115329265594482422e-02,0.000000000000000000e+00,1.000000000000000000e+00,2.260361990301359703e-01
2.264000000000000057e+01,2.502004206180572649e-02,6.118214607238769281e-02,0.000000000000000000e+00,1.000000000000000000e+00,2.275366179704242375e-01
2.266000000000000014e+01,2.501952648162841797e-02,6.124909400939940879e-02,0.000000000000000000e+00,1.000000000000000000e+00,2.271610757399384617e-01
2.267999999999999972e+01,2.501963078975677490e-02,6.125979423522948802e-02,0.000000000000000000e+00,1.000000000000000000e+00,2.247770228382585389e-01
2.269999999999999929e+01,2.502095401287078927e-02,6.130731582641601313e-02,0.000000000000000000e+00,1.000000000000000000e+00,2.211106128227478262e-01
2.271999999999999886e+01,2.502192258834838937e-02,6.133379459381103210e-02,0.000000000000000000e+00,1.000000000000000000e+00,2.175125292536502775e-01
2.274000000000000199e+01,2.502346634864807337e-02,6.138286113739013783e-02,0.000000000000000000e+00,1.000000000000000000e+00,2.152024332940014606e-01
2.276000000000000156e+01,2.502398490905761996e-02,6.142282247543334739e-02,0.000000000000000000e+00,1.000000000000000000e+00,2.147859340079122936e-01
2.278000000000000114e+01,2.502338290214538644e-02,6.145926475524902260e-02,0.000000000000000000e+00,1.000000000000000000e+00,2.162930135300574763e-01
2.280000000000000071e+01,2.502193152904510706e-02,6.148542165756225308e-02,0.000000000000000000e+00,1.000000000000000000e+00,2.192516536365368418e-01
2.282000000000000028e+01,2.501925826072692871e-02,6.151097059249877735e-02,0.000000000000000000e+00,1.000000000000000000e+00,2.226570766266348922e-01
2.283999999999999986e+01,2.501871287822723597e-02,6.151423215866088506e-02,0.000000000000000000e+00,1.000000000000000000e+00,2.253378539971531425e-01
2.285999999999999943e+01,2.501792311668396204e-02,6.151734352111816462e-02,0.000000000000000000e+00,1.000000000000000000e+00,2.267428038254501732e-01
2.287999999999999901e+01,2.502220273017883440e-02,6.150630712509155135e-02,0.000000000000000000e+00,1.000000000000000000e+00,2.271573887254556001e-01
2.290000000000000213e+01,2.502230703830719133e-02,6.150614261627197071e-02,0.000000000000000000e+00,1.000000000000000000e+00,2.271451977141962231e-01
2.292000000000000171e+01,2.502286732196808139e-02,6.150552034378051203e-02,0.000000000000000000e+00,1.000000000000000000e+00,2.270616189670320029e-01
2.294000000000000128e+01,2.502273023128509521e-02,6.150531291961669478e-02,0.000000000000000000e+00,1.000000000000000000e+00,2.270030954190439543e-01
2.296000000000000085e+01,2.502166330814361780e-02,6.150344610214233260e-02,0.000000000000000000e+00,1.000000000000000000e+00,2.270035520242875693e-01
2.298000000000000043e+01,2.502428591251373499e-02,6.151087045669555164e-02,0.000000000000000000e+00,1.000000000000000000e+00,2.271979002594459451e-01
2.300000000000000000e+01,2.502504587173462122e-02,6.151433944702148354e-02,0.000000000000000000e+00,1.000000000000000000e+00,2.277691381702499906e-01
2.301999999999999957e+01,2.502609491348266671e-02,6.152282238006591408e-02,0.000000000000000000e+00,1.000000000000000000e+00,2.287524912268879274e-01
2.303999999999999915e+01,2.502752244472503801e-02,6.155457973480224498e-02,0.000000000000000000e+00,1.000000000000000000e+00,2.298940938623992569e-01
2.305999999999999872e+01,2.502748668193817416e-02,6.155575275421142079e-02,0.000000000000000000e+00,1.000000000000000000e+00,2.307064875967366757e-01
2.308000000000000185e+01,2.502577900886535783e-02,6.157033681869506642e-02,0.000000000000000000e+00,1.000000000000000000e+00,2.307783614479940737e-01
2.310000000000000142e+01,2.502695918083190987e-02,6.156551599502563255e-02,0.000000000000000000e+00,1.000000000000000000e+00,2.301194515109102057e-01
2.312000000000000099e+01,2.502789795398712228e-02,6.156381368637084406e-02,0.000000000000000000e+00,1.000000000000000000e+00,2.291473548443881403e-01
2.314000000000000057e+01,2.502952516078948975e-02,6.156379938125609852e-02,0.000000000000000000e+00,1.000000000000000000e+00,2.283522689056093624e-01
2.316000000000000014e+01,2.502635419368744174e-02,6.155751943588256420e-02,0.000000000000000000e+00,1.000000000000000000e+00,2.280260067343747032e-01
2.317999999999999972e+01,2.502818703651428500e-02,6.156655311584472573e-02,0.000000000000000000e+00,1.000000000000000000e+00,2.282066759419911772e-01
2.319999999999999929e+01,2.502818107604980538e-02,6.156648159027099110e-02,0.000000000000000000e+00,1.000000000000000000e+00,2.287432116575834895e-01
2.321999999999999886e+01,2.502833604812622348e-02,6.156974315643310575e-02,0.000000000000000000e+00,1.000000000000000000e+00,2.293567145275829389e-01
2.324000000000000199e+01,2.502813041210174769e-02,6.156389951705932423e-02,0.000000000000000000e+00,1.000000000000000000e+00,2.296247589138818157e-01
2.326000000000000156e+01,2.502887845039367815e-02,6.157874822616576926e-02,0.000000000000000000e+00,1.000000000000000000e+00,2.289416759526618772e-01
2.328000000000000114e+01,2.503142058849334994e-02,6.161171436309813981e-02,0.000000000000000000e+00,1.000000000000000000e+00,2.266719953579786062e-01
2.330000000000000071e+01,2.503520548343658725e-02,6.165072441101074330e-02,0.000000000000000000e+00,1.000000000000000000e+00,2.226686568771142349e-01
2.332000000000000028e+01,2.503525912761688302e-02,6.165126800537109458e-02,0.000000000000000000e+00,1.000000000000000000e+00,2.177536278467585851e-01
2.333999999999999986e+01,2.503753006458282748e-02,6.167740345001220675e-02,0.000000000000000000e+00,1.000000000000000000e+00,2.133542692471356028e-01
2.335999999999999943e+01,2.503848969936370988e-02,6.169286727905273077e-02,0.000000000000000000e+00,1.000000000000000000e+00,2.105883238104575561e-01
2.337999999999999901e+01,2.503913640975952148e-02,6.171428203582763478e-02,0.000000000000000000e+00,1.000000000000000000e+00,2.098935096872197037e-01
2.340000000000000213e+01,2.503874897956848145e-02,6.177537918090820340e-02,0.000000000000000000e+00,1.000000000000000000e+00,2.111883191901139933e-01
2.342000000000000171e+01,2.503561079502105921e-02,6.184271335601806280e-02,0.000000000000000000e+00,1.000000000000000000e+00,2.139195140703563924e-01
2.344000000000000128e+01,2.503203451633453577e-02,6.188207387924193892e-02,0.000000000000000000e+00,1.000000000000000000e+00,2.170375050525070182e-01
2.346000000000000085e+01,2.502340972423553606e-02,6.194377183914184098e-02,0.000000000000000000e+00,1.000000000000000000e+00,2.194423515657636659e-01
2.348000000000000043e+01,2.501865625381469865e-02,6.196843385696410716e-02,0.000000000000000000e+00,1.000000000000000000e+00,2.206723995039076847e-01
2.350000000000000000e+01,2.501640319824218958e-02,6.197782516479492104e-02,0.000000000000000000e+00,1.000000000000000000e+00,2.209601866432062689e-01
2.351999999999999957e+01,2.501668035984039307e-02,6.197665929794311107e-02,0.000000000000000000e+00,1.000000000000000000e+00,2.207532960959636137e-01
2.353999999999999915e+01,2.501569390296936105e-02,6.198678731918334794e-02,0.000000000000000000e+00,1.000000000000000000e+00,2.203943449620532624e-01
2.355999999999999872e+01,2.501704096794128696e-02,6.199790954589843445e-02,0.000000000000000000e+00,1.000000000000000000e+00,2.201325962624218480e-01
2.358000000000000185e+01,2.501611709594726840e-02,6.199346780776977123e-02,0.000000000000000000e+00,1.000000000000000000e+00,2.202384152534725414e-01
2.360000000000000142e+01,2.501654624938964844e-02,6.199577093124389315e-02,0.000000000000000000e+00,1.000000000000000000e+00,2.209999587296131163e-01
2.362000000000000099e+01,2.501931786537170410e-02,6.201628446578979353e-02,0.000000000000000000e+00,1.000000000000000000e+00,2.225900554548427834e-01
2.364000000000000057e+01,2.502175569534301897e-02,6.204681158065795954e-02,0.000000000000000000e+00,1.000000000000000000e+00,2.249277216235517074e-01
2.366000000000000014e+01,2.502249479293823520e-02,6.207459926605224387e-02,0.000000000000000000e+00,1.000000000000000000e+00,2.276302669385113220e-01
2.367999999999999972e+01,2.502111792564392159e-02,6.213105440139770480e-02,0.000000000000000000e+00,1.000000000000000000e+00,2.301431218887287633e-01
2.369999999999999929e+01,2.501833140850067208e-02,6.216847658157348411e-02,0.000000000000000000e+00,1.000000000000000000e+00,2.320474880719479993e-01
2.371999999999999886e+01,2.501785755157470703e-02,6.217228174209594310e-02,0.000000000000000000e+00,1.000000000000000000e+00,2.332790995390529309e-01
2.374000000000000199e+01,2.501786351203918665e-02,6.217223882675170649e-02,0.000000000000000000e+00,1.000000000000000000e+00,2.340257605218158399e-01
2.376000000000000156e+01,2.501928210258484025e-02,6.216556549072265597e-02,0.000000000000000000e+00,1.000000000000000000e+00,2.344798084365763979e-01
2.378000000000000114e+01,2.501926422119140833e-02,6.216564416885375643e-02,0.000000000000000000e+00,1.000000000000000000e+00,2.347293205727340182e-01
2.380000000000000071e+01,2.501984834671020647e-02,6.216260433197021151e-02,0.000000000000000000e+00,1.000000000000000000e+00,2.348264827632467189e-01
2.382000000000000028e+01,2.501925826072692871e-02,6.216701745986938366e-02,0.000000000000000000e+00,1.000000000000000000e+00,2.348656786052396028e-01
2.383999999999999986e+01,2.501872777938842982e-02,6.217032909393310075e-02,0.000000000000000000e+00,1.000000000000000000e+00,2.349072767336312650e-01
2.385999999999999943e+01,2.501670122146606653e-02,6.217404842376708651e-02,0.000000000000000000e+00,1.000000000000000000e+00,2.347783979410214272e-01
2.387999999999999901e+01,2.501486837863922327e-02,6.217328310012817244e-02,0.000000000000000000e+00,1.000000000000000000e+00,2.339427496939987250e-01
2.390000000000000213e+01,2.501162290573120256e-02,6.216761112213134433e-02,0.000000000000000000e+00,1.000000000000000000e+00,2.316965893872688920e-01
2.392000000000000171e+01,2.501510679721832484e-02,6.217773199081420843e-02,0.000000000000000000e+00,1.000000000000000000e+00,2.278313545247165617e-01
2.394000000000000128e+01,2.502072155475616733e-02,6.220162153244018083e-02,0.000000000000000000e+00,1.000000000000000000e+00,2.231655853720636296e-01
2.396000000000000085e+01,2.502141296863556047e-02,6.220589876174926341e-02,0.000000000000000000e+00,1.000000000000000000e+00,2.190519020666075733e-01
2.398000000000000043e+01,2.502258121967315674e-02,6.221722126007080134e-02,0.000000000000000000e+00,1.000000000000000000e+00,2.164607570567239625e-01
2.400000000000000000e+01,2.502747774124145647e-02,6.230933189392089816e-02,0.000000000000000000e+00,1.000000000000000000e+00,2.157145961235046316e-01
2.401999999999999957e+01,2.502830624580383578e-02,6.242129087448120006e-02,0.000000000000000000e+00,1.000000000000000000e+00,2.166144637844588383e-01
2.403999999999999915e+01,2.502688169479370256e-02,6.246068716049194003e-02,0.000000000000000000e+00,1.000000000000000000e+00,2.184486895066998502e-01
2.406000000000000227e+01,2.502162158489227434e-02,6.252752780914305752e-02,0.000000000000000000e+00,1.000000000000000000e+00,2.201139584396704096e-01
2.408000000000000185e+01,2.501300573348999232e-02,6.259938240051268754e-02,0.000000000000000000e+00,1.000000000000000000e+00,2.206726455067588577e-01
2.410000000000000142e+01,2.500835061073303223e-02,6.262940883636473888e-02,0.000000000000000000e+00,1.000000000000000000e+00,2.198572382732350561e-01
2.412000000000000099e+01,2.500287890434265206e-02,6.266183137893677202e-02,0.000000000000000000e+00,1.000000000000000000e+00,2.179752618190120006e-01
2.414000000000000057e+01,2.500175237655639926e-02,6.267055034637450395e-02,0.000000000000000000e+00,1.000000000000000000e+00,2.155462147262597050e-01
2.416000000000000014e+01,2.500158548355102539e-02,6.267839670181274414e-02,0.000000000000000000e+00,1.000000000000000000e+00,2.131198403873053593e-01
2.417999999999999972e+01,2.500191926956176966e-02,6.268215179443359375e-02,0.000000000000000000e+00,1.000000000000000000e+00,2.112463771178661742e-01
2.419999999999999929e+01,2.500033676624298373e-02,6.267022132873534268e-02,0.000000000000000000e+00,1.000000000000000000e+00,2.104096460029930837e-01
2.421999999999999886e+01,2.500155866146087924e-02,6.268020629882811723e-02,0.000000000000000000e+00,1.000000000000000000e+00,2.109065712718211361e-01
2.424000000000000199e+01,2.500235736370086739e-02,6.268920421600342185e-02,0.000000000000000000e+00,1.000000000000000000e+00,2.127607366707085779e-01
2.426000000000000156e+01,2.500486075878143380e-02,6.274044513702392578e-02,0.000000000000000000e+00,1.000000000000000000e+00,2.156837861661950184e-01
2.428000000000000114e+01,2.500494420528412073e-02,6.274935007095336359e-02,0.000000000000000000e+00,1.000000000000000000e+00,2.191135356573457871e-01
2.430000000000000071e+01,2.500409185886383334e-02,6.278183698654174472e-02,0.000000000000000000e+00,1.000000000000000000e+00,2.224331325866510389e-01
2.432000000000000028e+01,2.500239610671997278e-02,6.281306505203246293e-02,0.000000000000000000e+00,1.000000000000000000e+00,2.252765916540295510e-01
2.433999999999999986e+01,2.500007748603820870e-02,6.284647464752196599e-02,0.000000000000000000e+00,1.000000000000000000e+00,2.276002982848354117e-01
2.435999999999999943e+01,2.499878555536270280e-02,6.286658048629760465e-02,0.000000000000000000e+00,1.000000000000000000e+00,2.294817747792588236e-01
2.437999999999999901e+01,2.499724775552749842e-02,6.290876626968383567e-02,0.000000000000000000e+00,1.000000000000000000e+00,2.309477010601076463e-01
2.440000000000000213e+01,2.499730437994003573e-02,6.293018817901610551e-02,0.000000000000000000e+00,1.000000000000000000e+00,2.320235227265633193e-01
2.442000000000000171e+01,2.499789595603943079e-02,6.294935703277587669e-02,0.000000000000000000e+00,1.000000000000000000e+00,2.328936351782513459e-01
2.444000000000000128e+01,2.499859780073165894e-02,6.297046422958374468e-02,0.000000000000000000e+00,1.000000000000000000e+00,2.338982098274469956e-01
2.446000000000000085e+01,2.499885857105255127e-02,6.300408124923706499e-02,0.000000000000000000e+00,1.000000000000000000e+00,2.352930113007196400e-01
2.448000000000000043e+01,2.499895840883255282e-02,6.300187110900878906e-02,0.000000000000000000e+00,1.000000000000000000e+00,2.369696628483582701e-01
2.450000000000000000e+01,2.499825954437255929e-02,6.300702810287475697e-02,0.000000000000000000e+00,1.000000000000000000e+00,2.383059732287427512e-01
2.451999999999999957e+01,2.499602288007736484e-02,6.301391601562500444e-02,0.000000000000000000e+00,1.000000000000000000e+00,2.383674050132228717e-01
2.453999999999999915e+01,2.499764561653137346e-02,6.301265716552734153e-02,0.000000000000000000e+00,1.000000000000000000e+00,2.366721653018437621e-01
2.456000000000000227e+01,2.499848753213882585e-02,6.301350831985473577e-02,0.000000000000000000e+00,1.000000000000000000e+00,2.338279356857149438e-01
2.458000000000000185e+01,2.500860989093780726e-02,6.304274797439575473e-02,0.000000000000000000e+00,1.000000000000000000e+00,2.310521377865892290e-01
2.460000000000000142e+01,2.500774860382080217e-02,6.303796291351318470e-02,0.000000000000000000e+00,1.000000000000000000e+00,2.292699637348961927e-01
2.462000000000000099e+01,2.501102685928344865e-02,6.307411909103392833e-02,0.000000000000000000e+00,1.000000000000000000e+00,2.287912567241486284e-01
2.464000000000000057e+01,2.501241564750671456e-02,6.312481641769408791e-02,0.000000000000000000e+00,1.000000000000000000e+00,2.293452429745773680e-01
2.466000000000000014e+01,2.501057088375091553e-02,6.320152759552001565e-02,0.000000000000000000e+00,1.000000000000000000e+00,2.301488280172103718e-01
2.467999999999999972e+01,2.500860989093780726e-02,6.323019504547118530e-02,0.000000000000000000e+00,1.000000000000000000e+00,2.301755945170421702e-01
2.469999999999999929e+01,2.500685751438140939e-02,6.324687480926513561e-02,0.000000000000000000e+00,1.000000000000000000e+00,2.286559071565080203e-01
2.471999999999999886e+01,2.500322759151459018e-02,6.327548503875732311e-02,0.000000000000000000e+00,1.000000000000000000e+00,2.253936868126918125e-01
2.474000000000000199e+01,2.500154972076416154e-02,6.328982591629028764e-02,0.000000000000000000e+00,1.000000000000000000e+00,2.207194431813830349e-01
2.476000000000000156e+01,2.500015199184417794e-02,6.331332921981810968e-02,0.000000000000000000e+00,1.000000000000000000e+00,2.153349451462627517e-01
2.478000000000000114e+01,2.500033378601074219e-02,6.332034587860106700e-02,0.000000000000000000e+00,1.000000000000000000e+00,2.101613865728413633e-01
2.480000000000000071e+01,2.500127553939819613e-02,6.333118915557861550e-02,0.000000000000000000e+00,1.000000000000000000e+00,2.060898404389874816e-01
2.482000000000000028e+01,2.500161230564117501e-02,6.333450078964232566e-02,0.000000000000000000e+00,1.000000000000000000e+00,2.037088940129762604e-01
2.483999999999999986e+01,2.500295042991638322e-02,6.335037946701049805e-02,0.000000000000000000e+00,1.000000000000000000e+00,2.032067957248877010e-01
2.485999999999999943e+01,2.500346899032592982e-02,6.336011409759521873e-02,0.000000000000000000e+00,1.000000000000000000e+00,2.044148606877956575e-01
2.487999999999999901e+01,2.500416934490204066e-02,6.339710712432861106e-02,0.000000000000000000e+00,1.000000000000000000e+00,2.068448622731121900e-01
2.490000000000000213e+01,2.500376403331756869e-02,6.342827081680298129e-02,0.000000000000000000e+00,1.000000000000000000e+00,2.097906704957895330e-01
2.492000000000000171e+01,2.500247359275818010e-02,6.346314668655395064e-02,0.000000000000000000e+00,1.000000000000000000e+00,2.126264178633019697e-01
2.494000000000000128e+01,2.500121593475342074e-02,6.349029779434203768e-02,0.000000000000000000e+00,1.000000000000000000e+00,2.150717491806204973e-01
2.496000000000000085e+01,2.500010430812835832e-02,6.352339982986450473e-02,0.000000000000000000e+00,1.000000000000000000e+00,2.171224984388367696e-01
2.498000000000000043e+01,2.500014603137970179e-02,6.354711771011352373e-02,0.000000000000000000e+00,1.000000000000000000e+00,2.188175402890382981e-01
2.500000000000000000e+01,2.500161528587341309e-02,6.357993364334106612e-02,0.000000000000000000e+00,1.000000000000000000e+00,2.201801572660115058e-01
2.501999999999999957e+01,2.500248849391937395e-02,6.359174966812133900e-02,0.000000000000000000e+00,1.000000000000000000e+00,2.213812970781733058e-01
2.503999999999999915e+01,2.500498294830322266e-02,6.362344264984130804e-02,0.000000000000000000e+00,1.000000000000000000e+00,2.228530270525198032e-01
2.506000000000000227e+01,2.500786483287811487e-02,6.366990566253662165e-02,0.000000000000000000e+00,1.000000000000000000e+00,2.251207589999549563e-01
2.508000000000000185e+01,2.500990927219391008e-02,6.373811244964600053e-02,0.000000000000000000e+00,1.000000000000000000e+00,2.285115770189761752e-01
2.510000000000000142e+01,2.500941157341003696e-02,6.377500534057617410e-02,0.000000000000000000e+00,1.000000000000000000e+00,2.329210585039065418e-01
2.512000000000000099e+01,2.500585317611694544e-02,6.382654666900634821e-02,0.000000000000000000e+00,1.000000000000000000e+00,2.376109234877373244e-01
2.514000000000000057e+01,2.500178515911102503e-02,6.385454893112182950e-02,0.000000000000000000e+00,1.000000000000000000e+00,2.413068769575560935e-01
2.516000000000000014e+01,2.499508708715439051e-02,6.387911796569824274e-02,0.000000000000000000e+00,1.000000000000000000e+00,2.430369536680729026e-01
2.517999999999999972e+01,2.499358654022217074e-02,6.388154983520508146e-02,0.000000000000000000e+00,1.000000000000000000e+00,2.429873845966387669e-01
2.519999999999999929e+01,2.499135583639144897e-02,6.388124942779541127e-02,0.000000000000000000e+00,1.000000000000000000e+00,2.421754835934659400e-01
2.521999999999999886e+01,2.499164193868637363e-02,6.388186454772948331e-02,0.000000000000000000e+00,1.000000000000000000e+00,2.415343664792204137e-01
2.524000000000000199e+01,2.499299496412277222e-02,6.388923883438110685e-02,0.000000000000000000e+00,1.000000000000000000e+00,2.414595947721628610e-01
2.526000000000000156e+01,2.499577999114990443e-02,6.393148899078368586e-02,0.000000000000000000e+00,1.000000000000000000e+00,2.417907049860107127e-01
2.528000000000000114e+01,2.499558478593826363e-02,6.395545005798339289e-02,0.000000000000000000e+00,1.000000000000000000e+00,2.419461006033861439e-01
2.530000000000000071e+01,2.499323785305023263e-02,6.399362325668334073e-02,0.000000000000000000e+00,1.000000000000000000e+00,2.411571204280124336e-01
2.532000000000000028e+01,2.499283254146576067e-02,6.399787902832031194e-02,0.000000000000000000e+00,1.000000000000000000e+00,2.387395499942086274e-01
2.533999999999999986e+01,2.499153167009353707e-02,6.401116847991943082e-02,0.000000000000000000e+00,1.000000000000000000e+00,2.343177638725357503e-01
2.535999999999999943e+01,2.499136030673980782e-02,6.401432991027831976e-02,0.000000000000000000e+00,1.000000000000000000e+00,2.280395601191005650e-01
2.537999999999999901e+01,2.499158829450607439e-02,6.402415752410887950e-02,0.000000000000000000e+00,1.000000000000000000e+00,2.207265573688856064e-01
2.540000000000000213e+01,2.499358654022217074e-02,6.404751062393188032e-02,0.000000000000000000e+00,1.000000000000000000e+00,2.136594391468583654e-01
2.542000000000000171e+01,2.499658614397048950e-02,6.407632112503051924e-02,0.000000000000000000e+00,1.000000000000000000e+00,2.079870102044287794e-01
2.544000000000000128e+01,2.499731332063674996e-02,6.408450365066528653e-02,0.000000000000000000e+00,1.000000000000000000e+00,2.042986459748726280e-01
2.546000000000000085e+01,2.499930262565612862e-02,6.411952257156372514e-02,0.000000000000000000e+00,1.000000000000000000e+00,2.026433950528603034e-01
2.548000000000000043e+01,2.500008344650268832e-02,6.416045665740965909e-02,0.000000000000000000e+00,1.000000000000000000e+00,2.026980778423834451e-01
2.550000000000000000e+01,2.499962002038955827e-02,6.418586254119873491e-02,0.000000000000000000e+00,1.000000000000000000e+00,2.038577853494420444e-01
2.551999999999999957e+01,2.499868869781494279e-02,6.420466661453247403e-02,0.000000000000000000e+00,1.000000000000000000e+00,2.054004625927834948e-01
2.553999999999999915e+01,2.499812692403793543e-02,6.421322107315063921e-02,0.000000000000000000e+00,1.000000000000000000e+00,2.067988635777860684e-01
2.556000000000000227e+01,2.499718070030212611e-02,6.423122406005858653e-02,0.000000000000000000e+00,1.000000000000000000e+00,2.078612731022501658e-01
2.558000000000000185e+01,2.499718219041824341e-02,6.423058748245238925e-02,0.000000000000000000e+00,1.000000000000000000e+00,2.085669282271332692e-01
2.560000000000000142e+01,2.499809265136718889e-02,6.424407005310057983e-02,0.000000000000000000e+00,1.000000000000000000e+00,2.089150908150753105e-01
2.562000000000000099e+01,2.500091791152954379e-02,6.426833152770995705e-02,0.000000000000000000e+00,1.000000000000000000e+00,2.090285678493563337e-01
2.564000000000000057e+01,2.500387132167816370e-02,6.429129838943481445e-02,0.000000000000000000e+00,1.000000000000000000e+00,2.093488625554222327e-01
2.566000000000000014e+01,2.500716745853424211e-02,6.432045221328734630e-02,0.000000000000000000e+00,1.000000000000000000e+00,2.105622894052079364e-01
2.567999999999999972e+01,2.501500546932220598e-02,6.441537380218505249e-02,0.000000000000000000e+00,1.000000000000000000e+00,2.132892056909691247e-01
2.569999999999999929e+01,2.501904368400573869e-02,6.450504541397095171e-02,0.000000000000000000e+00,1.000000000000000000e+00,2.178737445531446770e-01
2.571999999999999886e+01,2.501927018165588448e-02,6.456423282623291460e-02,0.000000000000000000e+00,1.000000000000000000e+00,2.242266537497965007e-01
2.574000000000000199e+01,2.501547336578369141e-02,6.465750932693481445e-02,0.000000000000000000e+00,1.000000000000000000e+00,2.315403919465043869e-01
2.576000000000000156e+01,2.500748932361603061e-02,6.474600791931152399e-02,0.000000000000000000e+00,1.000000000000000000e+00,2.382808197544971085e-01
2.578000000000000114e+01,2.500157058238983154e-02,6.478562593460082675e-02,0.000000000000000000e+00,1.000000000000000000e+00,2.430354860773642489e-01
2.580000000000000071e+01,2.499409168958664079e-02,6.481830596923827958e-02,0.000000000000000000e+00,1.000000000000000000e+00,2.454958886352941461e-01
2.582000000000000028e+01,2.499013990163803309e-02,6.482929944992064930e-02,0.000000000000000000e+00,1.000000000000000000e+00,2.463460646823213140e-01
2.583999999999999986e+01,2.498815208673477173e-02,6.483216047286986805e-02,0.000000000000000000e+00,1.000000000000000000e+00,2.464706955613746031e-01
2.585999999999999943e+01,2.498886883258819719e-02,6.483218908309935913e-02,0.000000000000000000e+00,1.000000000000000000e+00,2.464555623878627033e-01
2.587999999999999901e+01,2.498959749937057495e-02,6.483412742614745594e-02,0.000000000000000000e+00,1.000000000000000000e+00,2.465041759497010043e-01
2.590000000000000213e+01,2.498950213193893571e-02,6.483226776123046653e-02,0.000000000000000000e+00,1.000000000000000000e+00,2.464997706994819793e-01
2.592000000000000171e+01,2.498946785926818917e-02,6.483269691467284657e-02,0.000000000000000000e+00,1.000000000000000000e+00,2.460468305312059623e-01
2.594000000000000128e+01,2.498949021100997994e-02,6.483248233795166349e-02,0.000000000000000000e+00,1.000000000000000000e+00,2.444990135871316084e-01
2.596000000000000085e+01,2.498947829008102417e-02,6.483179569244384988e-02,0.000000000000000000e+00,1.000000000000000000e+00,2.411387698121598977e-01
2.598000000000000043e+01,2.498948723077774187e-02,6.483184576034545232e-02,0.000000000000000000e+00,1.000000000000000000e+00,2.356740103948378184e-01
2.600000000000000000e+01,2.498966455459594727e-02,6.483258962631224809e-02,0.000000000000000000e+00,1.000000000000000000e+00,2.287551596695495126e-01
2.601999999999999957e+01,2.499033063650131503e-02,6.483582973480224443e-02,0.000000000000000000e+00,1.000000000000000000e+00,2.217669169833536569e-01
2.603999999999999915e+01,2.499175518751144479e-02,6.484534263610840232e-02,0.000000000000000000e+00,1.000000000000000000e+00,2.159570849519263647e-01
2.606000000000000227e+01,2.499371916055679460e-02,6.486695766448974387e-02,0.000000000000000000e+00,1.000000000000000000e+00,2.119003104466334331e-01
2.608000000000000185e+01,2.499403059482574463e-02,6.487636327743530329e-02,0.000000000000000000e+00,1.000000000000000000e+00,2.095825705330899291e-01
2.610000000000000142e+01,2.499365508556366036e-02,6.489213466644286332e-02,0.000000000000000000e+00,1.000000000000000000e+00,2.086246537839387960e-01
2.612000000000000099e+01,2.499211132526397983e-02,6.491140365600585327e-02,0.000000000000000000e+00,1.000000000000000000e+00,2.084389416167618525e-01
2.614000000000000057e+01,2.499171495437622209e-02,6.491442203521728682e-02,0.000000000000000000e+00,1.000000000000000000e+00,2.084544143338629141e-01
2.616000000000000014e+01,2.499280273914337297e-02,6.490755558013916460e-02,0.000000000000000000e+00,1.000000000000000000e+00,2.083318289541709889e-01
2.617999999999999972e+01,2.499184459447860787e-02,6.491650342941283902e-02,0.000000000000000000e+00,1.000000000000000000e+00,2.079265605874267564e-01
2.619999999999999929e+01,2.499197572469711442e-02,6.491891384124755249e-02,0.000000000000000000e+00,1.000000000000000000e+00,2.071178804688195429e-01
2.621999999999999886e+01,2.499140948057174821e-02,6.491600990295409712e-02,0.000000000000000000e+00,1.000000000000000000e+00,2.058323268251506799e-01
2.624000000000000199e+01,2.499748021364212036e-02,6.494288921356200506e-02,0.000000000000000000e+00,1.000000000000000000e+00,2.043132005998483103e-01
2.626000000000000156e+01,2.500287592411041399e-02,6.497029781341552568e-02,0.000000000000000000e+00,1.000000000000000000e+00,2.032560803252123072e-01
2.628000000000000114e+01,2.501079440116882324e-02,6.502259731292724110e-02,0.000000000000000000e+00,1.000000000000000000e+00,2.035081893964210964e-01
2.630000000000000071e+01,2.502061426639556885e-02,6.511661052703857089e-02,0.000000000000000000e+00,1.000000000000000000e+00,2.056988022904961133e-01
2.632000000000000028e+01,2.502424120903015345e-02,6.517717123031616100e-02,0.000000000000000000e+00,1.000000000000000000e+00,2.101292455269087034e-01
2.633999999999999986e+01,2.502605617046356479e-02,6.527662038803100364e-02,0.000000000000000000e+00,1.000000000000000000e+00,2.166606755010300756e-01
2.635999999999999943e+01,2.502337098121643066e-02,6.540500879287719505e-02,0.000000000000000000e+00,1.000000000000000000e+00,2.244435739708634525e-01
2.637999999999999901e+01,2.501470744609832902e-02,6.555439710617065596e-02,0.000000000000000000e+00,1.000000000000000000e+00,2.319408710925086881e-01
2.640000000000000213e+01,2.500733733177185059e-02,6.563388347625731534e-02,0.000000000000000000e+00,1.000000000000000000e+00,2.376563301029943898e-01
2.642000000000000171e+01,2.499831169843673775e-02,6.570719003677367998e-02,0.000000000000000000e+00,1.000000000000000000e+00,2.409498836290856483e-01
2.644000000000000128e+01,2.499460130929946969e-02,6.573300361633301059e-02,0.000000000000000000e+00,1.000000000000000000e+00,2.421100636702409048e-01
2.646000000000000085e+01,2.499113529920578280e-02,6.575693607330322654e-02,0.000000000000000000e+00,1.000000000000000000e+00,2.419052541149908364e-01
2.648000000000000043e+01,2.499001324176788538e-02,6.576652050018309825e-02,0.000000000000000000e+00,1.000000000000000000e+00,2.411839946068960738e-01
2.650000000000000000e+01,2.499022781848907540e-02,6.576335906982422319e-02,0.000000000000000000e+00,1.000000000000000000e+00,2.406407195352880390e-01
2.651999999999999957e+01,2.499017715454101771e-02,6.576516151428223045e-02,0.000000000000000000e+00,1.000000000000000000e+00,2.406519376969863400e-01
2.653999999999999915e+01,2.498995661735534807e-02,6.577427387237548551e-02,0.000000000000000000e+00,1.000000000000000000e+00,2.411522154300256848e-01
2.656000000000000227e+01,2.498950064182281494e-02,6.578126192092895175e-02,0.000000000000000000e+00,1.000000000000000000e+00,2.415650493507012220e-01
2.658000000000000185e+01,2.498803585767746249e-02,6.579027414321898803e-02,0.000000000000000000e+00,1.000000000000000000e+00,2.409180469646932388e-01
2.660000000000000142e+01,2.498850822448730677e-02,6.578909397125243252e-02,0.000000000000000000e+00,1.000000000000000000e+00,2.384105453058505963e-01
2.662000000000000099e+01,2.498683482408523698e-02,6.578973770141600952e-02,0.000000000000000000e+00,1.000000000000000000e+00,2.341987171673798607e-01
2.664000000000000057e+01,2.498654425144195695e-02,6.578933000564575473e-02,0.000000000000000000e+00,1.000000000000000000e+00,2.293783402055922516e-01
2.666000000000000014e+01,2.498561292886734148e-02,6.578593254089355746e-02,0.000000000000000000e+00,1.000000000000000000e+00,2.250882473849316889e-01
2.667999999999999972e+01,2.498664408922195504e-02,6.579491615295410267e-02,0.000000000000000000e+00,1.000000000000000000e+00,2.218975428453595078e-01
2.669999999999999929e+01,2.498677968978882044e-02,6.582110166549681729e-02,0.000000000000000000e+00,1.000000000000000000e+00,2.198240786531602542e-01
2.671999999999999886e+01,2.498627305030822962e-02,6.582604408264160212e-02,0.000000000000000000e+00,1.000000000000000000e+00,2.185523050703718217e-01
2.674000000000000199e+01,2.498575150966644495e-02,6.582815408706664539e-02,0.000000000000000000e+00,1.000000000000000000e+00,2.176683078205501332e-01
2.676000000000000156e+01,2.498590499162674228e-02,6.582788228988646628e-02,0.000000000000000000e+00,1.000000000000000000e+00,2.168799799714296594e-01
2.678000000000000114e+01,2.498567104339599609e-02,6.582791805267333707e-02,0.000000000000000000e+00,1.000000000000000000e+00,2.160492304321386114e-01
2.680000000000000071e+01,2.498553693294525146e-02,6.582758188247680997e-02,0.000000000000000000e+00,1.000000000000000000e+00,2.150227401308680009e-01
2.682000000000000028e+01,2.498649507761001656e-02,6.582382678985596036e-02,0.000000000000000000e+00,1.000000000000000000e+00,2.135309274546460245e-01
2.683999999999999986e+01,2.498857378959655831e-02,6.582415580749512163e-02,0.000000000000000000e+00,1.000000000000000000e+00,2.113848107538177645e-01
2.685999999999999943e+01,2.499074637889862199e-02,6.582763910293579213e-02,0.000000000000000000e+00,1.000000000000000000e+00,2.088588024007804189e-01
2.687999999999999901e+01,2.499180883169174403e-02,6.583078622817993553e-02,0.000000000000000000e+00,1.000000000000000000e+00,2.067486992043207350e-01
2.690000000000000213e+01,2.500299811363220284e-02,6.588319301605224942e-02,0.000000000000000000e+00,1.000000000000000000e+00,2.059358447339941500e-01
2.692000000000000171e+01,2.501235306262970109e-02,6.595210790634155329e-02,0.000000000000000000e+00,1.000000000000000000e+00,2.070028127057422507e-01
2.694000000000000128e+01,2.501775920391082972e-02,6.602079391479491466e-02,0.000000000000000000e+00,1.000000000000000000e+00,2.101486999556707314e-01
2.696000000000000085e+01,2.502160966396331856e-02,6.613579273223876842e-02,0.000000000000000000e+00,1.000000000000000000e+00,2.151231276817399674e-01
2.698000000000000043e+01,2.502121329307556430e-02,6.625133514404296653e-02,0.000000000000000000e+00,1.000000000000000000e+00,2.211077301265223505e-01
2.700000000000000000e+01,2.501668930053711076e-02,6.638929367065429799e-02,0.000000000000000000e+00,1.000000000000000000e+00,2.268393049511642501e-01
2.701999999999999957e+01,2.501126229763031214e-02,6.649098157882690763e-02,0.000000000000000000e+00,1.000000000000000000e+00,2.310844043917015533e-01
2.703999999999999915e+01,2.500780820846557756e-02,6.654646396636962336e-02,0.000000000000000000e+00,1.000000000000000000e+00,2.331179611439535837e-01
2.706000000000000227e+01,2.500410377979278564e-02,6.661173820495605580e-02,0.000000000000000000e+00,1.000000000000000000e+00,2.329317482114769133e-01
2.708000000000000185e+01,2.500111460685730189e-02,6.668985843658446766e-02,0.000000000000000000e+00,1.000000000000000000e+00,2.312140756724499202e-01
2.710000000000000142e+01,2.500032484531402796e-02,6.674094915390015037e-02,0.000000000000000000e+00,1.000000000000000000e+00,2.290932056887935719e-01
2.712000000000000099e+01,2.500029206275940219e-02,6.677729845046996571e-02,0.000000000000000000e+00,1.000000000000000000e+00,2.276548775662365076e-01
2.714000000000000057e+01,2.500019371509552141e-02,6.681079387664794200e-02,0.000000000000000000e+00,1.000000000000000000e+00,2.275374590640392158e-01
2.716000000000000014e+01,2.499826848506927698e-02,6.689216136932372991e-02,0.000000000000000000e+00,1.000000000000000000e+00,2.288147517967144551e-01
2.717999999999999972e+01,2.499479502439498971e-02,6.694775104522704412e-02,0.000000000000000000e+00,1.000000000000000000e+00,2.309921005374973024e-01
2.719999999999999929e+01,2.499308884143829415e-02,6.696173429489135631e-02,0.000000000000000000e+00,1.000000000000000000e+00,2.330450783469228959e-01
2.721999999999999886e+01,2.498863935470581332e-02,6.698234796524048240e-02,0.000000000000000000e+00,1.000000000000000000e+00,2.338685547982081725e-01
2.724000000000000199e+01,2.498337477445602625e-02,6.699548721313476618e-02,0.000000000000000000e+00,1.000000000000000000e+00,2.331169618433171220e-01
2.726000000000000156e+01,2.498077303171157906e-02,6.699770450592040794e-02,0.000000000000000000e+00,1.000000000000000000e+00,2.313995505079117776e-01
2.728000000000000114e+01,2.498182356357574532e-02,6.699865579605102095e-02,0.000000000000000000e+00,1.000000000000000000e+00,2.295664428186054151e-01
2.730000000000000071e+01,2.498225271701812883e-02,6.700063705444335438e-02,0.000000000000000000e+00,1.000000000000000000e+00,2.281064244593866419e-01
2.732000000000000028e+01,2.498167306184768954e-02,6.701038599014282060e-02,0.000000000000000000e+00,1.000000000000000000e+00,2.270780381773604972e-01
2.733999999999999986e+01,2.498105913400650024e-02,6.701179504394530473e-02,0.000000000000000000e+00,1.000000000000000000e+00,2.263158076864068557e-01
2.735999999999999943e+01,2.498090863227844446e-02,6.701179504394530473e-02,0.000000000000000000e+00,1.000000000000000000e+00,2.256867070087807958e-01
2.737999999999999901e+01,2.498348057270050049e-02,6.701637268066405750e-02,0.000000000000000000e+00,1.000000000000000000e+00,2.251954379073611567e-01
2.740000000000000213e+01,2.498448938131332675e-02,6.702069282531737671e-02,0.000000000000000000e+00,1.000000000000000000e+00,2.248483813075383697e-01
2.742000000000000171e+01,2.498490214347839564e-02,6.702589273452758123e-02,0.000000000000000000e+00,1.000000000000000000e+00,2.244560806167296141e-01
2.744000000000000128e+01,2.498365789651870936e-02,6.704928159713745284e-02,0.000000000000000000e+00,1.000000000000000000e+00,2.236170184691665952e-01
2.746000000000000085e+01,2.498067915439605713e-02,6.706149816513061468e-02,0.000000000000000000e+00,1.000000000000000000e+00,2.220079980020274457e-01
2.748000000000000043e+01,2.498127073049545566e-02,6.706086158752441739e-02,0.000000000000000000e+00,1.000000000000000000e+00,2.197939883925547899e-01
2.750000000000000000e+01,2.498879432678222795e-02,6.706691980361938199e-02,0.000000000000000000e+00,1.000000000000000000e+00,2.176524577782331105e-01
2.751999999999999957e+01,2.499749809503555575e-02,6.708980798721313199e-02,0.000000000000000000e+00,1.000000000000000000e+00,2.163452732188151373e-01
2.753999999999999915e+01,2.500262260437011858e-02,6.711556434631348045e-02,0.000000000000000000e+00,1.000000000000000000e+00,2.163507761988947842e-01
2.756000000000000227e+01,2.500717639923095981e-02,6.715707778930664340e-02,0.000000000000000000e+00,1.000000000000000000e+00,2.177640496442963258e-01
2.758000000000000185e+01,2.501026988029480050e-02,6.721510648727416215e-02,0.000000000000000000e+00,1.000000000000000000e+00,2.202998194648662922e-01
2.760000000000000142e+01,2.501095533370971749e-02,6.725963830947875866e-02,0.000000000000000000e+00,1.000000000000000000e+00,2.233352162024236087e-01
2.762000000000000099e+01,2.501076757907867709e-02,6.728477239608764149e-02,0.000000000000000000e+00,1.000000000000000000e+00,2.260361990301352764e-01
2.764000000000000057e+01,2.501009404659271240e-02,6.732949733734130970e-02,0.000000000000000000e+00,1.000000000000000000e+00,2.275366179704231828e-01
2.766000000000000014e+01,2.500968873500824044e-02,6.738194704055786022e-02,0.000000000000000000e+00,1.000000000000000000e+00,2.271610757399382952e-01
2.767999999999999972e+01,2.501020729541778703e-02,6.743478298187255415e-02,0.000000000000000000e+00,1.000000000000000000e+00,2.247770228382584279e-01
2.769999999999999929e+01,2.501277029514312883e-02,6.752680063247680498e-02,0.000000000000000000e+00,1.000000000000000000e+00,2.211106128227490475e-01
2.771999999999999886e+01,2.501449584960937708e-02,6.757402181625365989e-02,0.000000000000000000e+00,1.000000000000000000e+00,2.175125292536500554e-01
2.774000000000000199e+01,2.501708567142486850e-02,6.765641212463378851e-02,0.000000000000000000e+00,1.000000000000000000e+00,2.152024332939994899e-01
2.776000000000000156e+01,2.501786649227142473e-02,6.771652221679687333e-02,0.000000000000000000e+00,1.000000000000000000e+00,2.147859340079118773e-01
2.778000000000000114e+01,2.501599490642547607e-02,6.782963991165161244e-02,0.000000000000000000e+00,1.000000000000000000e+00,2.162930135300586698e-01
2.780000000000000071e+01,2.501147985458374023e-02,6.791100025177002064e-02,0.000000000000000000e+00,1.000000000000000000e+00,2.192516536365354540e-01
2.782000000000000028e+01,2.500206530094147006e-02,6.800108671188354048e-02,0.000000000000000000e+00,1.000000000000000000e+00,2.226570766266334211e-01
2.783999999999999986e+01,2.499533444643020630e-02,6.804129123687743808e-02,0.000000000000000000e+00,1.000000000000000000e+00,2.253378539971521433e-01
2.785999999999999943e+01,2.499592453241348405e-02,6.803896665573119784e-02,0.000000000000000000e+00,1.000000000000000000e+00,2.267428038254497014e-01
2.787999999999999901e+01,2.499189972877502441e-02,6.804935932159424106e-02,0.000000000000000000e+00,1.000000000000000000e+00,2.271573887254550173e-01
2.790000000000000213e+01,2.499048411846160889e-02,6.805162668228148526e-02,0.000000000000000000e+00,1.000000000000000000e+00,2.271451977141956957e-01
2.792000000000000171e+01,2.499008774757385462e-02,6.805206298828124500e-02,0.000000000000000000e+00,1.000000000000000000e+00,2.270616189670314478e-01
2.794000000000000128e+01,2.498998790979385654e-02,6.805191278457640991e-02,0.000000000000000000e+00,1.000000000000000000e+00,2.270030954190434547e-01
2.796000000000000085e+01,2.499187737703323364e-02,6.805521726608275423e-02,0.000000000000000000e+00,1.000000000000000000e+00,2.270035520242869864e-01
2.798000000000000043e+01,2.499433308839798043e-02,6.806216239929198386e-02,0.000000000000000000e+00,1.000000000000000000e+00,2.271979002594452512e-01
2.800000000000000000e+01,2.499943375587463518e-02,6.808542966842651145e-02,0.000000000000000000e+00,1.000000000000000000e+00,2.277691381702492968e-01
2.801999999999999957e+01,2.499785125255584925e-02,6.807264089584350031e-02,0.000000000000000000e+00,1.000000000000000000e+00,2.287524912268871780e-01
2.803999999999999915e+01,2.499945908784866402e-02,6.810844659805297130e-02,0.000000000000000000e+00,1.000000000000000000e+00,2.298940938623988961e-01
2.806000000000000227e+01,2.499851584434509277e-02,6.813917398452758178e-02,0.000000000000000000e+00,1.000000000000000000e+00,2.307064875967361761e-01
2.808000000000000185e+01,2.499423474073410312e-02,6.817574501037597379e-02,0.000000000000000000e+00,1.000000000000000000e+00,2.307783614479932688e-01
2.810000000000000142e+01,2.499153763055801669e-02,6.818677425384521429e-02,0.000000000000000000e+00,1.000000000000000000e+00,2.301194515109098171e-01
2.812000000000000099e+01,2.498907148838043490e-02,6.819124460220336859e-02,0.000000000000000000e+00,1.000000000000000000e+00,2.291473548443877239e-01
2.814000000000000057e+01,2.498415261507034441e-02,6.819130182266235074e-02,0.000000000000000000e+00,1.000000000000000000e+00,2.283522689056089183e-01
2.816000000000000014e+01,2.499124407768249512e-02,6.820532083511351984e-02,0.000000000000000000e+00,1.000000000000000000e+00,2.280260067343739261e-01
2.817999999999999972e+01,2.499204427003860751e-02,6.820926189422607533e-02,0.000000000000000000e+00,1.000000000000000000e+00,2.282066759419905944e-01
2.819999999999999929e+01,2.499280422925949374e-02,6.821722984313964566e-02,0.000000000000000000e+00,1.000000000000000000e+00,2.287432116575828789e-01
2.821999999999999886e+01,2.499389499425888270e-02,6.824041843414306585e-02,0.000000000000000000e+00,1.000000000000000000e+00,2.293567145275823282e-01
2.824000000000000199e+01,2.499367594718933383e-02,6.823421716690063199e-02,0.000000000000000000e+00,1.000000000000000000e+00,2.296247589138807055e-01
2.826000000000000156e+01,2.499458193778991699e-02,6.825221300125121349e-02,0.000000000000000000e+00,1.000000000000000000e+00,2.289416759526618494e-01
2.828000000000000114e+01,2.499519884586334437e-02,6.826022386550903431e-02,0.000000000000000000e+00,1.000000000000000000e+00,2.266719953579789393e-01
2.830000000000000071e+01,2.499753087759018153e-02,6.828427076339721458e-02,0.000000000000000000e+00,1.000000000000000000e+00,2.226686568771134855e-01
2.832000000000000028e+01,2.500170171260833810e-02,6.832593441009521262e-02,0.000000000000000000e+00,1.000000000000000000e+00,2.177536278467566144e-01
2.833999999999999986e+01,2.500305175781250208e-02,6.834148406982420987e-02,0.000000000000000000e+00,1.000000000000000000e+00,2.133542692471337432e-01
2.835999999999999943e+01,2.500795125961303988e-02,6.842034101486205167e-02,0.000000000000000000e+00,1.000000000000000000e+00,2.105883238104566402e-01
2.837999999999999901e+01,2.501147985458374023e-02,6.853718519210814930e-02,0.000000000000000000e+00,1.000000000000000000e+00,2.098935096872215633e-01
2.840000000000000213e+01,2.501092851161956787e-02,6.862396001815795898e-02,0.000000000000000000e+00,1.000000000000000000e+00,2.111883191901139378e-01
2.842000000000000171e+01,2.500579059123993197e-02,6.873423099517822488e-02,0.000000000000000000e+00,1.000000000000000000e+00,2.139195140703544495e-01
2.844000000000000128e+01,2.499889582395553589e-02,6.881017684936523160e-02,0.000000000000000000e+00,1.000000000000000000e+00,2.170375050525058247e-01
2.846000000000000085e+01,2.498758286237716744e-02,6.889115095138549638e-02,0.000000000000000000e+00,1.000000000000000000e+00,2.194423515657643042e-01
2.848000000000000043e+01,2.498241215944290231e-02,6.891798734664916770e-02,0.000000000000000000e+00,1.000000000000000000e+00,2.206723995039071851e-01
2.850000000000000000e+01,2.497851848602294922e-02,6.893423080444335826e-02,0.000000000000000000e+00,1.000000000000000000e+00,2.209601866432056028e-01
2.851999999999999957e+01,2.497708648443222254e-02,6.894024610519408625e-02,0.000000000000000000e+00,1.000000000000000000e+00,2.207532960959632251e-01
2.853999999999999915e+01,2.497691661119461060e-02,6.894199132919311135e-02,0.000000000000000000e+00,1.000000000000000000e+00,2.203943449620529571e-01
2.856000000000000227e+01,2.497834116220474382e-02,6.895375013351440208e-02,0.000000000000000000e+00,1.000000000000000000e+00,2.201325962624214039e-01
2.858000000000000185e+01,2.498040050268173287e-02,6.896367073059081476e-02,0.000000000000000000e+00,1.000000000000000000e+00,2.202384152534719586e-01
2.860000000000000142e+01,2.498370856046676705e-02,6.898137331008910578e-02,0.000000000000000000e+00,1.000000000000000000e+00,2.209999587296126999e-01
2.862000000000000099e+01,2.498843818902969638e-02,6.901636362075805331e-02,0.000000000000000000e+00,1.000000000000000000e+00,2.225900554548427279e-01
2.864000000000000057e+01,2.499402612447738925e-02,6.908638715744018499e-02,0.000000000000000000e+00,1.000000000000000000e+00,2.249277216235507915e-01
2.866000000000000014e+01,2.499479353427887240e-02,6.911522626876830111e-02,0.000000000000000000e+00,1.000000000000000000e+00,2.276302669385101562e-01
2.867999999999999972e+01,2.499312758445739954e-02,6.918342590332031417e-02,0.000000000000000000e+00,1.000000000000000000e+00,2.301431218887281804e-01
2.869999999999999929e+01,2.499161660671234131e-02,6.920371055603026511e-02,0.000000000000000000e+00,1.000000000000000000e+00,2.320474880719468891e-01
2.871999999999999886e+01,2.498862296342849870e-02,6.922779321670531616e-02,0.000000000000000000e+00,1.000000000000000000e+00,2.332790995390524869e-01
2.874000000000000199e+01,2.498472481966018677e-02,6.925037384033203014e-02,0.000000000000000000e+00,1.000000000000000000e+00,2.340257605218151182e-01
2.876000000000000156e+01,2.498121112585068027e-02,6.926690340042114535e-02,0.000000000000000000e+00,1.000000000000000000e+00,2.344798084365756485e-01
2.878000000000000114e+01,2.498135119676590105e-02,6.926628112792967973e-02,0.000000000000000000e+00,1.000000000000000000e+00,2.347293205727332688e-01
2.880000000000000071e+01,2.498023509979248324e-02,6.927210330963134988e-02,0.000000000000000000e+00,1.000000000000000000e+00,2.348264827632460250e-01
2.882000000000000028e+01,2.497986853122711320e-02,6.927484273910522461e-02,0.000000000000000000e+00,1.000000000000000000e+00,2.348656786052389644e-01
2.883999999999999986e+01,2.497899383306503504e-02,6.928028583526611717e-02,0.000000000000000000e+00,1.000000000000000000e+00,2.349072767336306267e-01
2.885999999999999943e+01,2.497971951961517473e-02,6.927894830703734685e-02,0.000000000000000000e+00,1.000000000000000000e+00,2.347783979410210664e-01
2.887999999999999901e+01,2.497913688421249390e-02,6.927870512008667270e-02,0.000000000000000000e+00,1.000000000000000000e+00,2.339427496939982254e-01
2.890000000000000213e+01,2.498108297586441179e-02,6.928210258483886996e-02,0.000000000000000000e+00,1.000000000000000000e+00,2.316965893872683924e-01
2.892000000000000171e+01,2.498505711555481026e-02,6.929363965988158403e-02,0.000000000000000000e+00,1.000000000000000000e+00,2.278313545247147021e-01
2.894000000000000128e+01,2.499068975448608468e-02,6.931759357452392523e-02,0.000000000000000000e+00,1.000000000000000000e+00,2.231655853720635740e-01
2.896000000000000085e+01,2.499989569187164445e-02,6.937461376190184881e-02,0.000000000000000000e+00,1.000000000000000000e+00,2.190519020666075456e-01
2.898000000000000043e+01,2.500653862953186243e-02,6.943892955780028853e-02,0.000000000000000000e+00,1.000000000000000000e+00,2.164607570567233241e-01
2.900000000000000000e+01,2.501168251037597795e-02,6.953573226928710938e-02,0.000000000000000000e+00,1.000000000000000000e+00,2.157145961235047704e-01
2.901999999999999957e+01,2.501271665096282959e-02,6.967535018920897882e-02,0.000000000000000000e+00,1.000000000000000000e+00,2.166144637844551468e-01
2.903999999999999915e+01,2.501114010810852328e-02,6.971895217895507368e-02,0.000000000000000000e+00,1.000000000000000000e+00,2.184486895066991008e-01
2.906000000000000227e+01,2.500437498092651645e-02,6.980494022369385099e-02,0.000000000000000000e+00,1.000000000000000000e+00,2.201139584396695492e-01
2.908000000000000185e+01,2.499278336763382027e-02,6.990164279937743919e-02,0.000000000000000000e+00,1.000000000000000000e+00,2.206726455067587744e-01
2.910000000000000142e+01,2.498664259910583774e-02,6.994125366210937611e-02,0.000000000000000000e+00,1.000000000000000000e+00,2.198572382732329744e-01
2.912000000000000099e+01,2.498347014188766549e-02,6.996006488800048106e-02,0.000000000000000000e+00,1.000000000000000000e+00,2.179752618190101687e-01
2.914000000000000057e+01,2.498168647289276262e-02,6.997386932373046708e-02,0.000000000000000000e+00,1.000000000000000000e+00,2.155462147262588724e-01
2.916000000000000014e+01,2.498145252466201990e-02,6.998474121093749278e-02,0.000000000000000000e+00,1.000000000000000000e+00,2.131198403873040270e-01
2.917999999999999972e+01,2.498141974210739413e-02,6.998436212539672907e-02,0.000000000000000000e+00,1.000000000000000000e+00,2.112463771178649530e-01
2.919999999999999929e+01,2.498430758714675903e-02,7.000613451004028542e-02,0.000000000000000000e+00,1.000000000000000000e+00,2.104096460029917792e-01
2.921999999999999886e+01,2.498813271522522250e-02,7.003738403320312889e-02,0.000000000000000000e+00,1.000000000000000000e+00,2.109065712718195540e-01
2.924000000000000199e+01,2.499214112758636752e-02,7.008250951766967218e-02,0.000000000000000000e+00,1.000000000000000000e+00,2.127607366707070236e-01
2.926000000000000156e+01,2.499475479125976701e-02,7.013604640960692527e-02,0.000000000000000000e+00,1.000000000000000000e+00,2.156837861661942135e-01
2.928000000000000114e+01,2.499535232782364169e-02,7.020026206970214622e-02,0.000000000000000000e+00,1.000000000000000000e+00,2.191135356573443715e-01
2.930000000000000071e+01,2.499410510063171387e-02,7.024777650833129161e-02,0.000000000000000000e+00,1.000000000000000000e+00,2.224331325866495679e-01
2.932000000000000028e+01,2.499280422925949374e-02,7.027172327041625310e-02,0.000000000000000000e+00,1.000000000000000000e+00,2.252765916540289681e-01
2.933999999999999986e+01,2.499057203531265467e-02,7.030389547348021850e-02,0.000000000000000000e+00,1.000000000000000000e+00,2.276002982848341349e-01
2.935999999999999943e+01,2.498897910118103027e-02,7.032867908477782870e-02,0.000000000000000000e+00,1.000000000000000000e+00,2.294817747792581852e-01
2.937999999999999901e+01,2.498794198036194056e-02,7.035711765289306974e-02,0.000000000000000000e+00,1.000000000000000000e+00,2.309477010601065361e-01
2.940000000000000213e+01,2.498801350593567172e-02,7.038472652435302790e-02,0.000000000000000000e+00,1.000000000000000000e+00,2.320235227265625977e-01
2.942000000000000171e+01,2.498928606510162492e-02,7.042598247528075728e-02,0.000000000000000000e+00,1.000000000000000000e+00,2.328936351782507075e-01
2.944000000000000128e+01,2.498932182788848877e-02,7.042705535888671431e-02,0.000000000000000000e+00,1.000000000000000000e+00,2.338982098274467181e-01
2.946000000000000085e+01,2.498956471681594918e-02,7.045854091644286610e-02,0.000000000000000000e+00,1.000000000000000000e+00,2.352930113007187241e-01
2.948000000000000043e+01,2.498780786991119593e-02,7.049765825271606112e-02,0.000000000000000000e+00,1.000000000000000000e+00,2.369696628483577427e-01
2.950000000000000000e+01,2.498527765274047990e-02,7.051636219024658148e-02,0.000000000000000000e+00,1.000000000000000000e+00,2.383059732287421684e-01
2.951999999999999957e+01,2.498188167810440341e-02,7.052683353424071822e-02,0.000000000000000000e+00,1.000000000000000000e+00,2.383674050132221223e-01
2.953999999999999915e+01,2.498460859060287753e-02,7.052471637725829523e-02,0.000000000000000000e+00,1.000000000000000000e+00,2.366721653018437066e-01
2.956000000000000227e+01,2.498816400766372750e-02,7.052829980850219838e-02,0.000000000000000000e+00,1.000000000000000000e+00,2.338279356857135838e-01
2.958000000000000185e+01,2.498967349529266496e-02,7.053265571594237449e-02,0.000000000000000000e+00,1.000000000000000000e+00,2.310521377865893400e-01
2.960000000000000142e+01,2.499492615461349626e-02,7.056183099746703158e-02,0.000000000000000000e+00,1.000000000000000000e+00,2.292699637348951380e-01
2.962000000000000099e+01,2.499874085187912126e-02,7.060390949249267800e-02,0.000000000000000000e+00,1.000000000000000000e+00,2.287912567241473794e-01
2.964000000000000057e+01,2.500065565109253068e-02,7.067378997802734042e-02,0.000000000000000000e+00,1.000000000000000000e+00,2.293452429745770349e-01
2.966000000000000014e+01,2.499970346689224521e-02,7.071339368820189764e-02,0.000000000000000000e+00,1.000000000000000000e+00,2.301488280172098166e-01
2.967999999999999972e+01,2.499302327632904261e-02,7.081104040145873302e-02,0.000000000000000000e+00,1.000000000000000000e+00,2.301755945170426698e-01
2.969999999999999929e+01,2.498760074377059937e-02,7.086262464523315763e-02,0.000000000000000000e+00,1.000000000000000000e+00,2.286559071565064105e-01
2.971999999999999886e+01,2.498359531164169589e-02,7.089421033859252819e-02,0.000000000000000000e+00,1.000000000000000000e+00,2.253936868126908410e-01
2.974000000000000199e+01,2.498109042644500871e-02,7.091563940048217773e-02,0.000000000000000000e+00,1.000000000000000000e+00,2.207194431813820634e-01
2.976000000000000156e+01,2.497994899749755859e-02,7.093483686447142611e-02,0.000000000000000000e+00,1.000000000000000000e+00,2.153349451462626407e-01
2.978000000000000114e+01,2.498008161783218592e-02,7.093995094299315740e-02,0.000000000000000000e+00,1.000000000000000000e+00,2.101613865728391706e-01
2.980000000000000071e+01,2.498161196708679338e-02,7.095756769180297518e-02,0.000000000000000000e+00,1.000000000000000000e+00,2.060898404389867600e-01
2.982000000000000028e+01,2.498600780963897844e-02,7.100092649459838201e-02,0.000000000000000000e+00,1.000000000000000000e+00,2.037088940129765380e-01
2.983999999999999986e+01,2.499052137136459351e-02,7.105447769165039451e-02,0.000000000000000000e+00,1.000000000000000000e+00,2.032067957248868961e-01
2.985999999999999943e+01,2.499174773693084786e-02,7.107748746871947465e-02,0.000000000000000000e+00,1.000000000000000000e+00,2.044148606877952135e-01
2.987999999999999901e+01,2.499247640371322909e-02,7.111603975296020008e-02,0.000000000000000000e+00,1.000000000000000000e+00,2.068448622731112463e-01
2.990000000000000213e+01,2.499193102121353288e-02,7.115806102752685047e-02,0.000000000000000000e+00,1.000000000000000000e+00,2.097906704957896717e-01
2.992000000000000171e+01,2.499149143695831438e-02,7.116991281509399414e-02,0.000000000000000000e+00,1.000000000000000000e+00,2.126264178633007762e-01
2.994000000000000128e+01,2.499022334814071655e-02,7.119727134704589844e-02,0.000000000000000000e+00,1.000000000000000000e+00,2.150717491806203585e-01
2.996000000000000085e+01,2.498916089534759799e-02,7.122887849807739424e-02,0.000000000000000000e+00,1.000000000000000000e+00,2.171224984388357981e-01
2.998000000000000043e+01,2.498922348022461146e-02,7.126625061035156417e-02,0.000000000000000000e+00,1.000000000000000000e+00,2.188175402890375210e-01
3.000000000000000000e+01,2.499058693647384852e-02,7.129674911499023215e-02,0.000000000000000000e+00,1.000000000000000000e+00,2.201801572660113671e-01
3.001999999999999957e+01,2.499186396598816057e-02,7.131403684616088867e-02,0.000000000000000000e+00,1.000000000000000000e+00,2.213812970781727785e-01
3.003999999999999915e+01,2.499571591615677019e-02,7.136298179626464344e-02,0.000000000000000000e+00,1.000000000000000000e+00,2.228530270525201085e-01
3.006000000000000227e+01,2.499890774488449166e-02,7.141449451446532648e-02,0.000000000000000000e+00,1.000000000000000000e+00,2.251207589999523750e-01
3.008000000000000185e+01,2.500195205211639543e-02,7.151613235473631980e-02,0.000000000000000000e+00,1.000000000000000000e+00,2.285115770189757034e-01
3.010000000000000142e+01,2.500056922435760567e-02,7.161875009536743109e-02,0.000000000000000000e+00,1.000000000000000000e+00,2.329210585039063197e-01
3.012000000000000099e+01,2.499635219573974679e-02,7.167981863021850863e-02,0.000000000000000000e+00,1.000000000000000000e+00,2.376109234877373799e-01
3.014000000000000057e+01,2.498571723699569841e-02,7.175306797027587724e-02,0.000000000000000000e+00,1.000000000000000000e+00,2.413068769575557049e-01
3.016000000000000014e+01,2.498035728931427210e-02,7.177274465560912198e-02,0.000000000000000000e+00,1.000000000000000000e+00,2.430369536680727083e-01
3.017999999999999972e+01,2.497585117816925049e-02,7.178006172180174949e-02,0.000000000000000000e+00,1.000000000000000000e+00,2.429873845966387669e-01
3.019999999999999929e+01,2.497116178274154732e-02,7.177944660186767745e-02,0.000000000000000000e+00,1.000000000000000000e+00,2.421754835934658567e-01
3.021999999999999886e+01,2.497213780879974435e-02,7.178154230117797518e-02,0.000000000000000000e+00,1.000000000000000000e+00,2.415343664792203582e-01
3.024000000000000199e+01,2.497579008340835779e-02,7.180144071578979659e-02,0.000000000000000000e+00,1.000000000000000000e+00,2.414595947721626112e-01
3.026000000000000156e+01,2.497737407684326449e-02,7.182546615600585160e-02,0.000000000000000000e+00,1.000000000000000000e+00,2.417907049860104074e-01
3.028000000000000114e+01,2.497744411230087488e-02,7.181684017181395874e-02,0.000000000000000000e+00,1.000000000000000000e+00,2.419461006033854222e-01
3.030000000000000071e+01,2.497576624155044625e-02,7.184413433074951505e-02,0.000000000000000000e+00,1.000000000000000000e+00,2.411571204280123226e-01
3.032000000000000028e+01,2.497446686029434343e-02,7.185777425765990656e-02,0.000000000000000000e+00,1.000000000000000000e+00,2.387395499942089050e-01
3.033999999999999986e+01,2.497230470180511475e-02,7.187986135482787864e-02,0.000000000000000000e+00,1.000000000000000000e+00,2.343177638725357226e-01
3.035999999999999943e+01,2.497203946113586703e-02,7.188473939895630160e-02,0.000000000000000000e+00,1.000000000000000000e+00,2.280395601191007593e-01
3.037999999999999901e+01,2.497233152389526437e-02,7.189729213714599054e-02,0.000000000000000000e+00,1.000000000000000000e+00,2.207265573688837190e-01
3.040000000000000213e+01,2.497266829013824671e-02,7.190123319625854603e-02,0.000000000000000000e+00,1.000000000000000000e+00,2.136594391468581433e-01
3.042000000000000171e+01,2.497533559799194544e-02,7.192685365676879106e-02,0.000000000000000000e+00,1.000000000000000000e+00,2.079870102044287794e-01
3.044000000000000128e+01,2.497672140598297327e-02,7.194246053695678433e-02,0.000000000000000000e+00,1.000000000000000000e+00,2.042986459748730999e-01
3.046000000000000085e+01,2.497844099998474190e-02,7.197273015975952370e-02,0.000000000000000000e+00,1.000000000000000000e+00,2.026433950528585271e-01
3.048000000000000043e+01,2.497901618480682581e-02,7.200287818908690518e-02,0.000000000000000000e+00,1.000000000000000000e+00,2.026980778423815022e-01
3.050000000000000000e+01,2.497851699590683192e-02,7.203021526336669811e-02,0.000000000000000000e+00,1.000000000000000000e+00,2.038577853494422110e-01
3.051999999999999957e+01,2.497755140066146989e-02,7.204970598220825084e-02,0.000000000000000000e+00,1.000000000000000000e+00,2.054004625927828009e-01
3.053999999999999915e+01,2.497519105672836581e-02,7.208568334579466830e-02,0.000000000000000000e+00,1.000000000000000000e+00,2.067988635777857076e-01
3.056000000000000227e+01,2.497300654649734636e-02,7.212723255157470204e-02,0.000000000000000000e+00,1.000000000000000000e+00,2.078612731022487226e-01
3.058000000000000185e+01,2.497297227382659981e-02,7.214664459228514737e-02,0.000000000000000000e+00,1.000000000000000000e+00,2.085669282271331582e-01
3.060000000000000142e+01,2.497381269931793490e-02,7.215910434722899724e-02,0.000000000000000000e+00,1.000000000000000000e+00,2.089150908150743946e-01
3.062000000000000099e+01,2.497909218072891235e-02,7.220444440841675138e-02,0.000000000000000000e+00,1.000000000000000000e+00,2.090285678493559174e-01
3.064000000000000057e+01,2.498267441987991541e-02,7.223229646682738370e-02,0.000000000000000000e+00,1.000000000000000000e+00,2.093488625554218718e-01
3.066000000000000014e+01,2.499277144670486450e-02,7.232162475585937611e-02,0.000000000000000000e+00,1.000000000000000000e+00,2.105622894052080196e-01
3.067999999999999972e+01,2.500051856040954798e-02,7.241545915603637973e-02,0.000000000000000000e+00,1.000000000000000000e+00,2.132892056909692358e-01
3.069999999999999929e+01,2.500595152378082275e-02,7.253605842590331310e-02,0.000000000000000000e+00,1.000000000000000000e+00,2.178737445531440109e-01
3.071999999999999886e+01,2.500644624233246127e-02,7.266633510589599887e-02,0.000000000000000000e+00,1.000000000000000000e+00,2.242266537497974721e-01
3.074000000000000199e+01,2.500296533107757707e-02,7.275192260742187333e-02,0.000000000000000000e+00,1.000000000000000000e+00,2.315403919465022498e-01
3.076000000000000156e+01,2.499130517244339128e-02,7.288120508193969560e-02,0.000000000000000000e+00,1.000000000000000000e+00,2.382808197544974971e-01
3.078000000000000114e+01,2.497883439064026156e-02,7.296471118927001787e-02,0.000000000000000000e+00,1.000000000000000000e+00,2.430354860773639436e-01
3.080000000000000071e+01,2.497000545263290683e-02,7.300330638885497991e-02,0.000000000000000000e+00,1.000000000000000000e+00,2.454958886352944791e-01
3.082000000000000028e+01,2.496694475412368844e-02,7.301182508468627430e-02,0.000000000000000000e+00,1.000000000000000000e+00,2.463460646823213696e-01
3.083999999999999986e+01,2.496362924575805733e-02,7.301661014556884433e-02,0.000000000000000000e+00,1.000000000000000000e+00,2.464706955613747696e-01
3.085999999999999943e+01,2.496616095304489413e-02,7.301671743392944280e-02,0.000000000000000000e+00,1.000000000000000000e+00,2.464555623878628976e-01
3.087999999999999901e+01,2.496657669544220109e-02,7.301781892776489091e-02,0.000000000000000000e+00,1.000000000000000000e+00,2.465041759497012819e-01
3.090000000000000213e+01,2.496665567159652918e-02,7.301936388015746460e-02,0.000000000000000000e+00,1.000000000000000000e+00,2.464997706994822013e-01
3.092000000000000171e+01,2.496664226055145264e-02,7.301952838897704523e-02,0.000000000000000000e+00,1.000000000000000000e+00,2.460468305312064063e-01
3.094000000000000128e+01,2.496629208326339722e-02,7.302289724349975142e-02,0.000000000000000000e+00,1.000000000000000000e+00,2.444990135871318582e-01
3.096000000000000085e+01,2.496636360883712838e-02,7.302698850631714200e-02,0.000000000000000000e+00,1.000000000000000000e+00,2.411387698121602585e-01
3.098000000000000043e+01,2.496533691883087366e-02,7.302147388458252175e-02,0.000000000000000000e+00,1.000000000000000000e+00,2.356740103948385401e-01
3.100000000000000000e+01,2.496662288904190341e-02,7.302688837051390935e-02,0.000000000000000000e+00,1.000000000000000000e+00,2.287551596695498457e-01
3.101999999999999957e+01,2.496662437915802071e-02,7.302689552307128906e-02,0.000000000000000000e+00,1.000000000000000000e+00,2.217669169833558218e-01
3.103999999999999915e+01,2.496910393238067905e-02,7.304343938827514982e-02,0.000000000000000000e+00,1.000000000000000000e+00,2.159570849519267255e-01
3.106000000000000227e+01,2.497106045484542847e-02,7.306496858596801813e-02,0.000000000000000000e+00,1.000000000000000000e+00,2.119003104466325449e-01
3.108000000000000185e+01,2.497197240591049472e-02,7.309252023696899414e-02,0.000000000000000000e+00,1.000000000000000000e+00,2.095825705330894295e-01
3.110000000000000142e+01,2.497143596410751620e-02,7.311506509780883734e-02,0.000000000000000000e+00,1.000000000000000000e+00,2.086246537839389348e-01
3.112000000000000099e+01,2.497027665376663416e-02,7.312954187393187755e-02,0.000000000000000000e+00,1.000000000000000000e+00,2.084389416167636566e-01
3.114000000000000057e+01,2.496757507324218889e-02,7.315006971359253041e-02,0.000000000000000000e+00,1.000000000000000000e+00,2.084544143338631916e-01
3.116000000000000014e+01,2.496739774942398349e-02,7.315118551254272405e-02,0.000000000000000000e+00,1.000000000000000000e+00,2.083318289541711554e-01
3.117999999999999972e+01,2.496602684259414950e-02,7.316399574279784657e-02,0.000000000000000000e+00,1.000000000000000000e+00,2.079265605874270340e-01
3.119999999999999929e+01,2.496648877859115878e-02,7.317249298095702958e-02,0.000000000000000000e+00,1.000000000000000000e+00,2.071178804688201813e-01
3.122000000000000242e+01,2.496631294488907069e-02,7.317159175872801902e-02,0.000000000000000000e+00,1.000000000000000000e+00,2.058323268251517069e-01
3.124000000000000199e+01,2.496650964021682878e-02,7.317246437072753851e-02,0.000000000000000000e+00,1.000000000000000000e+00,2.043132005998483935e-01
3.126000000000000156e+01,2.497846037149429460e-02,7.323314666748047264e-02,0.000000000000000000e+00,1.000000000000000000e+00,2.032560803252132231e-01
3.128000000000000114e+01,2.498808354139328211e-02,7.329669713973999134e-02,0.000000000000000000e+00,1.000000000000000000e+00,2.035081893964211797e-01
3.130000000000000071e+01,2.499593794345855713e-02,7.337188482284545676e-02,0.000000000000000000e+00,1.000000000000000000e+00,2.056988022904976399e-01
3.132000000000000028e+01,2.500559687614441196e-02,7.353313207626342718e-02,0.000000000000000000e+00,1.000000000000000000e+00,2.101292455269075377e-01
3.133999999999999986e+01,2.500846982002258301e-02,7.369047403335571289e-02,0.000000000000000000e+00,1.000000000000000000e+00,2.166606755010278551e-01
3.135999999999999943e+01,2.500494718551635881e-02,7.385900259017944003e-02,0.000000000000000000e+00,1.000000000000000000e+00,2.244435739708644240e-01
3.137999999999999901e+01,2.499722540378570765e-02,7.399218320846556729e-02,0.000000000000000000e+00,1.000000000000000000e+00,2.319408710925083272e-01
3.140000000000000213e+01,2.498769760131835938e-02,7.409494400024413396e-02,0.000000000000000000e+00,1.000000000000000000e+00,2.376563301029936404e-01
3.142000000000000171e+01,2.497790604829788416e-02,7.417449474334716908e-02,0.000000000000000000e+00,1.000000000000000000e+00,2.409498836290842883e-01
3.144000000000000128e+01,2.497010529041290491e-02,7.422878265380859764e-02,0.000000000000000000e+00,1.000000000000000000e+00,2.421100636702410158e-01
3.146000000000000085e+01,2.497011125087738106e-02,7.422873973846434714e-02,0.000000000000000000e+00,1.000000000000000000e+00,2.419052541149909752e-01
3.148000000000000043e+01,2.496843039989471436e-02,7.424310207366943692e-02,0.000000000000000000e+00,1.000000000000000000e+00,2.411839946068962681e-01
3.150000000000000000e+01,2.496725767850875924e-02,7.426034688949584295e-02,0.000000000000000000e+00,1.000000000000000000e+00,2.406407195352877615e-01
3.151999999999999957e+01,2.496675699949264804e-02,7.427825689315795121e-02,0.000000000000000000e+00,1.000000000000000000e+00,2.406519376969860902e-01
3.153999999999999915e+01,2.496660053730011264e-02,7.428470849990843894e-02,0.000000000000000000e+00,1.000000000000000000e+00,2.411522154300255183e-01
3.156000000000000227e+01,2.496613115072250644e-02,7.429188966751097689e-02,0.000000000000000000e+00,1.000000000000000000e+00,2.415650493507013608e-01
3.158000000000000185e+01,2.496603727340698450e-02,7.429246902465820590e-02,0.000000000000000000e+00,1.000000000000000000e+00,2.409180469646931555e-01
3.160000000000000142e+01,2.496776431798935006e-02,7.428814888000488670e-02,0.000000000000000000e+00,1.000000000000000000e+00,2.384105453058508461e-01
3.162000000000000099e+01,2.496866434812546054e-02,7.428779840469360018e-02,0.000000000000000000e+00,1.000000000000000000e+00,2.341987171673813317e-01
3.164000000000000057e+01,2.496854513883590976e-02,7.428763389587401955e-02,0.000000000000000000e+00,1.000000000000000000e+00,2.293783402055924736e-01
3.166000000000000014e+01,2.497010976076126376e-02,7.429333448410034568e-02,0.000000000000000000e+00,1.000000000000000000e+00,2.250882473849324383e-01
3.167999999999999972e+01,2.497021704912185877e-02,7.429427146911621316e-02,0.000000000000000000e+00,1.000000000000000000e+00,2.218975428453592025e-01
3.169999999999999929e+01,2.497030198574066301e-02,7.431084394454955111e-02,0.000000000000000000e+00,1.000000000000000000e+00,2.198240786531608371e-01
3.172000000000000242e+01,2.496969699859619141e-02,7.431675910949707420e-02,0.000000000000000000e+00,1.000000000000000000e+00,2.185523050703731540e-01
3.174000000000000199e+01,2.496819794178009241e-02,7.432283163070678433e-02,0.000000000000000000e+00,1.000000000000000000e+00,2.176683078205510213e-01
3.176000000000000156e+01,2.496817857027053972e-02,7.432286739349365512e-02,0.000000000000000000e+00,1.000000000000000000e+00,2.168799799714299370e-01
3.178000000000000114e+01,2.496716380119323730e-02,7.432301759719849021e-02,0.000000000000000000e+00,1.000000000000000000e+00,2.160492304321393886e-01
3.180000000000000071e+01,2.496723830699920654e-02,7.432320356369018222e-02,0.000000000000000000e+00,1.000000000000000000e+00,2.150227401308693054e-01
3.182000000000000028e+01,2.496716380119323730e-02,7.432349681854247270e-02,0.000000000000000000e+00,1.000000000000000000e+00,2.135309274546460523e-01
3.183999999999999986e+01,2.496696412563324113e-02,7.432346820831298162e-02,0.000000000000000000e+00,1.000000000000000000e+00,2.113848107538187915e-01
3.185999999999999943e+01,2.496396899223327775e-02,7.431867599487304576e-02,0.000000000000000000e+00,1.000000000000000000e+00,2.088588024007808630e-01
3.187999999999999901e+01,2.497312724590301791e-02,7.434578418731689620e-02,0.000000000000000000e+00,1.000000000000000000e+00,2.067486992043211513e-01
3.190000000000000213e+01,2.497867494821548462e-02,7.437176227569579356e-02,0.000000000000000000e+00,1.000000000000000000e+00,2.059358447339932063e-01
3.192000000000000171e+01,2.499022185802459925e-02,7.445681333541870339e-02,0.000000000000000000e+00,1.000000000000000000e+00,2.070028127057416956e-01
3.194000000000000128e+01,2.499809265136718889e-02,7.455680608749389038e-02,0.000000000000000000e+00,1.000000000000000000e+00,2.101486999556715363e-01
3.196000000000000085e+01,2.500252723693847934e-02,7.468926429748534712e-02,0.000000000000000000e+00,1.000000000000000000e+00,2.151231276817400784e-01
3.198000000000000043e+01,2.500207424163818429e-02,7.482124328613280750e-02,0.000000000000000000e+00,1.000000000000000000e+00,2.211077301265239048e-01
3.200000000000000000e+01,2.499943226575851440e-02,7.490179538726805808e-02,0.000000000000000000e+00,1.000000000000000000e+00,2.268393049511633341e-01
3.202000000000000313e+01,2.499347776174545496e-02,7.501338243484496904e-02,0.000000000000000000e+00,1.000000000000000000e+00,2.310844043917032187e-01
3.203999999999999915e+01,2.499078512191772738e-02,7.505662679672241155e-02,0.000000000000000000e+00,1.000000000000000000e+00,2.331179611439539168e-01
3.206000000000000227e+01,2.498573809862136841e-02,7.514554738998412142e-02,0.000000000000000000e+00,1.000000000000000000e+00,2.329317482114795224e-01
3.207999999999999829e+01,2.498365044593811243e-02,7.520010709762572909e-02,0.000000000000000000e+00,1.000000000000000000e+00,2.312140756724502255e-01
3.210000000000000142e+01,2.498275488615036080e-02,7.525792121887206476e-02,0.000000000000000000e+00,1.000000000000000000e+00,2.290932056887926282e-01
3.211999999999999744e+01,2.498269081115722656e-02,7.532753705978392778e-02,0.000000000000000000e+00,1.000000000000000000e+00,2.276548775662350088e-01
3.214000000000000057e+01,2.498256266117096155e-02,7.537068843841553123e-02,0.000000000000000000e+00,1.000000000000000000e+00,2.275374590640392436e-01
3.216000000000000369e+01,2.498118281364440987e-02,7.542899608612060880e-02,0.000000000000000000e+00,1.000000000000000000e+00,2.288147517967155653e-01
3.217999999999999972e+01,2.497944682836532662e-02,7.545679092407225896e-02,0.000000000000000000e+00,1.000000000000000000e+00,2.309921005374974134e-01
3.220000000000000284e+01,2.497455328702926844e-02,7.549690246582030362e-02,0.000000000000000000e+00,1.000000000000000000e+00,2.330450783469243947e-01
3.221999999999999886e+01,2.497160136699676583e-02,7.551057815551757979e-02,0.000000000000000000e+00,1.000000000000000000e+00,2.338685547982090607e-01
3.224000000000000199e+01,2.496999651193618913e-02,7.551458358764648326e-02,0.000000000000000000e+00,1.000000000000000000e+00,2.331169618433183433e-01
3.225999999999999801e+01,2.497348934412002563e-02,7.551160097122192050e-02,0.000000000000000000e+00,1.000000000000000000e+00,2.313995505079128878e-01
3.228000000000000114e+01,2.497469931840896884e-02,7.551269531250000278e-02,0.000000000000000000e+00,1.000000000000000000e+00,2.295664428186065253e-01
3.229999999999999716e+01,2.497470080852508614e-02,7.551270246505736861e-02,0.000000000000000000e+00,1.000000000000000000e+00,2.281064244593879187e-01
3.232000000000000028e+01,2.497493922710418771e-02,7.550870418548583096e-02,0.000000000000000000e+00,1.000000000000000000e+00,2.270780381773614409e-01
3.234000000000000341e+01,2.497461438179016113e-02,7.550944805145264060e-02,0.000000000000000000e+00,1.000000000000000000e+00,2.263158076864080215e-01
3.235999999999999943e+01,2.497255504131317208e-02,7.550940513610839011e-02,0.000000000000000000e+00,1.000000000000000000e+00,2.256867070087817950e-01
3.238000000000000256e+01,2.497262656688690324e-02,7.550953388214111384e-02,0.000000000000000000e+00,1.000000000000000000e+00,2.251954379073624612e-01
3.239999999999999858e+01,2.497540116310119698e-02,7.552140712738036887e-02,0.000000000000000000e+00,1.000000000000000000e+00,2.248483813075393412e-01
3.242000000000000171e+01,2.497620880603790283e-02,7.553160667419432650e-02,0.000000000000000000e+00,1.000000000000000000e+00,2.244560806167310019e-01
3.243999999999999773e+01,2.497584819793701241e-02,7.553838014602660966e-02,0.000000000000000000e+00,1.000000000000000000e+00,2.236170184691674279e-01
3.246000000000000085e+01,2.497380375862121721e-02,7.554677009582519420e-02,0.000000000000000000e+00,1.000000000000000000e+00,2.220079980020290833e-01
3.248000000000000398e+01,2.497300356626510828e-02,7.554762840270995428e-02,0.000000000000000000e+00,1.000000000000000000e+00,2.197939883925578430e-01
3.250000000000000000e+01,2.497410774230957031e-02,7.554851531982421931e-02,0.000000000000000000e+00,1.000000000000000000e+00,2.176524577782336933e-01
3.252000000000000313e+01,2.497858107089996615e-02,7.556027412414551003e-02,0.000000000000000000e+00,1.000000000000000000e+00,2.163452732188166916e-01
3.253999999999999915e+01,2.498700022697449008e-02,7.560258150100707120e-02,0.000000000000000000e+00,1.000000000000000000e+00,2.163507761988961164e-01
3.256000000000000227e+01,2.498777508735657016e-02,7.560964107513427901e-02,0.000000000000000000e+00,1.000000000000000000e+00,2.177640496442987406e-01
3.257999999999999829e+01,2.498843967914581368e-02,7.562210798263549472e-02,0.000000000000000000e+00,1.000000000000000000e+00,2.202998194648659314e-01
3.260000000000000142e+01,2.498994767665863037e-02,7.571989774703978548e-02,0.000000000000000000e+00,1.000000000000000000e+00,2.233352162024235810e-01
3.261999999999999744e+01,2.498945444822311610e-02,7.578618049621581310e-02,0.000000000000000000e+00,1.000000000000000000e+00,2.260361990301336110e-01
3.264000000000000057e+01,2.498801648616790980e-02,7.588178157806396706e-02,0.000000000000000000e+00,1.000000000000000000e+00,2.275366179704236269e-01
3.266000000000000369e+01,2.498725503683090279e-02,7.598055839538574163e-02,0.000000000000000000e+00,1.000000000000000000e+00,2.271610757399402936e-01
3.267999999999999972e+01,2.498783469200134555e-02,7.603957414627074418e-02,0.000000000000000000e+00,1.000000000000000000e+00,2.247770228382584556e-01
3.270000000000000284e+01,2.498974502086639612e-02,7.610818147659301203e-02,0.000000000000000000e+00,1.000000000000000000e+00,2.211106128227515455e-01
3.271999999999999886e+01,2.499358654022217074e-02,7.621324539184569369e-02,0.000000000000000000e+00,1.000000000000000000e+00,2.175125292536500832e-01
3.274000000000000199e+01,2.499726414680480957e-02,7.633021116256713534e-02,0.000000000000000000e+00,1.000000000000000000e+00,2.152024332940025986e-01
3.275999999999999801e+01,2.499865144491195817e-02,7.643728494644164151e-02,0.000000000000000000e+00,1.000000000000000000e+00,2.147859340079104895e-01
3.278000000000000114e+01,2.499671131372451990e-02,7.655464410781860629e-02,0.000000000000000000e+00,1.000000000000000000e+00,2.162930135300573931e-01
3.279999999999999716e+01,2.499234676361083984e-02,7.663330078124999667e-02,0.000000000000000000e+00,1.000000000000000000e+00,2.192516536365330115e-01
3.282000000000000028e+01,2.498467117547989100e-02,7.670675754547118252e-02,0.000000000000000000e+00,1.000000000000000000e+00,2.226570766266331436e-01
3.284000000000000341e+01,2.497912198305130005e-02,7.673991680145263172e-02,0.000000000000000000e+00,1.000000000000000000e+00,2.253378539971525318e-01
3.285999999999999943e+01,2.497222721576690743e-02,7.676708221435546431e-02,0.000000000000000000e+00,1.000000000000000000e+00,2.267428038254495903e-01
3.288000000000000256e+01,2.497162669897079468e-02,7.676863431930541770e-02,0.000000000000000000e+00,1.000000000000000000e+00,2.271573887254552948e-01
3.289999999999999858e+01,2.497097253799438615e-02,7.676967859268188366e-02,0.000000000000000000e+00,1.000000000000000000e+00,2.271451977141959178e-01
3.292000000000000171e+01,2.497074902057647844e-02,7.676992893218993752e-02,0.000000000000000000e+00,1.000000000000000000e+00,2.270616189670315865e-01
3.293999999999999773e+01,2.496978044509887834e-02,7.676848411560058261e-02,0.000000000000000000e+00,1.000000000000000000e+00,2.270030954190436490e-01
3.296000000000000085e+01,2.497250139713287631e-02,7.677324056625366155e-02,0.000000000000000000e+00,1.000000000000000000e+00,2.270035520242873195e-01
3.298000000000000398e+01,2.497116774320602695e-02,7.676947116851806641e-02,0.000000000000000000e+00,1.000000000000000000e+00,2.271979002594456676e-01
3.300000000000000000e+01,2.497346997261047641e-02,7.677997112274169422e-02,0.000000000000000000e+00,1.000000000000000000e+00,2.277691381702496298e-01
3.302000000000000313e+01,2.497578710317611972e-02,7.679870367050170565e-02,0.000000000000000000e+00,1.000000000000000000e+00,2.287524912268882327e-01
3.303999999999999915e+01,2.497708499431610177e-02,7.682763576507567471e-02,0.000000000000000000e+00,1.000000000000000000e+00,2.298940938623991181e-01
3.306000000000000227e+01,2.497700154781341830e-02,7.683035373687743808e-02,0.000000000000000000e+00,1.000000000000000000e+00,2.307064875967367590e-01
3.307999999999999829e+01,2.497328966856002946e-02,7.686206817626953236e-02,0.000000000000000000e+00,1.000000000000000000e+00,2.307783614479936019e-01
3.310000000000000142e+01,2.496948540210723946e-02,7.687763214111327514e-02,0.000000000000000000e+00,1.000000000000000000e+00,2.301194515109111771e-01
3.311999999999999744e+01,2.496721446514129847e-02,7.688175201416015681e-02,0.000000000000000000e+00,1.000000000000000000e+00,2.291473548443880293e-01
3.314000000000000057e+01,2.496631294488907069e-02,7.688176631927490234e-02,0.000000000000000000e+00,1.000000000000000000e+00,2.283522689056096677e-01
3.316000000000000369e+01,2.496514618396759172e-02,7.687946319580077348e-02,0.000000000000000000e+00,1.000000000000000000e+00,2.280260067343753139e-01
3.317999999999999972e+01,2.496734559535980502e-02,7.689029932022094227e-02,0.000000000000000000e+00,1.000000000000000000e+00,2.282066759419911495e-01
3.320000000000000284e+01,2.496926635503769060e-02,7.691044807434081754e-02,0.000000000000000000e+00,1.000000000000000000e+00,2.287432116575839336e-01
3.321999999999999886e+01,2.496965974569320679e-02,7.691880941390991100e-02,0.000000000000000000e+00,1.000000000000000000e+00,2.293567145275830221e-01
3.324000000000000199e+01,2.497083544731140345e-02,7.695214748382568637e-02,0.000000000000000000e+00,1.000000000000000000e+00,2.296247589138822598e-01
3.325999999999999801e+01,2.497229278087616244e-02,7.698108673095703514e-02,0.000000000000000000e+00,1.000000000000000000e+00,2.289416759526611278e-01
3.328000000000000114e+01,2.497562319040298739e-02,7.702430963516235241e-02,0.000000000000000000e+00,1.000000000000000000e+00,2.266719953579793279e-01
3.329999999999999716e+01,2.497797608375549455e-02,7.704857110977172963e-02,0.000000000000000000e+00,1.000000000000000000e+00,2.226686568771113761e-01
3.332000000000000028e+01,2.498412728309631556e-02,7.711000442504882535e-02,0.000000000000000000e+00,1.000000000000000000e+00,2.177536278467573638e-01
3.334000000000000341e+01,2.498943358659744263e-02,7.717106580734252319e-02,0.000000000000000000e+00,1.000000000000000000e+00,2.133542692471382118e-01
3.335999999999999943e+01,2.499522119760513514e-02,7.726422071456909291e-02,0.000000000000000000e+00,1.000000000000000000e+00,2.105883238104552246e-01
3.338000000000000256e+01,2.499991506338119715e-02,7.741971015930175504e-02,0.000000000000000000e+00,1.000000000000000000e+00,2.098935096872246442e-01
3.339999999999999858e+01,2.499906122684478899e-02,7.755388498306274581e-02,0.000000000000000000e+00,1.000000000000000000e+00,2.111883191901130774e-01
3.342000000000000171e+01,2.499218583106994906e-02,7.770146369934081976e-02,0.000000000000000000e+00,1.000000000000000000e+00,2.139195140703570863e-01
3.343999999999999773e+01,2.497975975275039742e-02,7.783836364746093972e-02,0.000000000000000000e+00,1.000000000000000000e+00,2.170375050525050753e-01
3.346000000000000085e+01,2.497140318155288696e-02,7.789818763732909990e-02,0.000000000000000000e+00,1.000000000000000000e+00,2.194423515657629165e-01
3.348000000000000398e+01,2.496221214532852450e-02,7.794591665267944225e-02,0.000000000000000000e+00,1.000000000000000000e+00,2.206723995039069353e-01
3.350000000000000000e+01,2.495840936899185181e-02,7.796178102493285522e-02,0.000000000000000000e+00,1.000000000000000000e+00,2.209601866432056028e-01
3.352000000000000313e+01,2.495659589767456124e-02,7.796940565109253263e-02,0.000000000000000000e+00,1.000000000000000000e+00,2.207532960959632251e-01
3.353999999999999915e+01,2.495694756507873743e-02,7.796579360961913840e-02,0.000000000000000000e+00,1.000000000000000000e+00,2.203943449620527351e-01
3.356000000000000227e+01,2.495769411325454712e-02,7.797195196151733565e-02,0.000000000000000000e+00,1.000000000000000000e+00,2.201325962624211818e-01
3.357999999999999829e+01,2.496027052402496546e-02,7.798436164855956920e-02,0.000000000000000000e+00,1.000000000000000000e+00,2.202384152534717365e-01
3.360000000000000142e+01,2.496368139982223580e-02,7.800260782241820456e-02,0.000000000000000000e+00,1.000000000000000000e+00,2.209999587296125334e-01
3.361999999999999744e+01,2.496957480907440255e-02,7.804621696472167913e-02,0.000000000000000000e+00,1.000000000000000000e+00,2.225900554548410071e-01
3.364000000000000057e+01,2.497273385524749825e-02,7.808580636978149081e-02,0.000000000000000000e+00,1.000000000000000000e+00,2.249277216235505694e-01
3.366000000000000369e+01,2.497381567955017298e-02,7.812646865844725952e-02,0.000000000000000000e+00,1.000000000000000000e+00,2.276302669385112942e-01
3.367999999999999972e+01,2.497238367795944283e-02,7.818511247634887806e-02,0.000000000000000000e+00,1.000000000000000000e+00,2.301431218887278474e-01
3.370000000000000284e+01,2.496788650751113892e-02,7.824550151824950783e-02,0.000000000000000000e+00,1.000000000000000000e+00,2.320474880719479993e-01
3.371999999999999886e+01,2.496308833360671997e-02,7.828411102294921542e-02,0.000000000000000000e+00,1.000000000000000000e+00,2.332790995390529587e-01
3.374000000000000199e+01,2.496166527271270752e-02,7.829235076904296486e-02,0.000000000000000000e+00,1.000000000000000000e+00,2.340257605218158121e-01
3.375999999999999801e+01,2.495877891778945992e-02,7.830593347549438810e-02,0.000000000000000000e+00,1.000000000000000000e+00,2.344798084365760649e-01
3.378000000000000114e+01,2.495785504579544137e-02,7.831001758575438509e-02,0.000000000000000000e+00,1.000000000000000000e+00,2.347293205727339904e-01
3.379999999999999716e+01,2.495697736740112513e-02,7.831459522247313787e-02,0.000000000000000000e+00,1.000000000000000000e+00,2.348264827632466079e-01
3.382000000000000028e+01,2.495653778314590662e-02,7.831788539886473666e-02,0.000000000000000000e+00,1.000000000000000000e+00,2.348656786052395473e-01
3.384000000000000341e+01,2.495664805173873971e-02,7.831719875335693692e-02,0.000000000000000000e+00,1.000000000000000000e+00,2.349072767336312650e-01
3.385999999999999943e+01,2.495534718036651611e-02,7.831959486007690485e-02,0.000000000000000000e+00,1.000000000000000000e+00,2.347783979410213717e-01
3.388000000000000256e+01,2.495720684528350899e-02,7.832036733627319169e-02,0.000000000000000000e+00,1.000000000000000000e+00,2.339427496939991691e-01
3.389999999999999858e+01,2.495890706777572840e-02,7.832332849502562921e-02,0.000000000000000000e+00,1.000000000000000000e+00,2.316965893872695859e-01
3.392000000000000171e+01,2.496440559625625819e-02,7.833929300308227484e-02,0.000000000000000000e+00,1.000000000000000000e+00,2.278313545247172001e-01
3.393999999999999773e+01,2.496909201145172327e-02,7.835922002792358732e-02,0.000000000000000000e+00,1.000000000000000000e+00,2.231655853720618810e-01
3.396000000000000085e+01,2.497445940971374650e-02,7.839246511459350975e-02,0.000000000000000000e+00,1.000000000000000000e+00,2.190519020666079619e-01
3.398000000000000398e+01,2.497749179601669450e-02,7.842182636260985884e-02,0.000000000000000000e+00,1.000000000000000000e+00,2.164607570567251837e-01
3.400000000000000000e+01,2.498258799314499040e-02,7.851771354675292358e-02,0.000000000000000000e+00,1.000000000000000000e+00,2.157145961235048814e-01
3.402000000000000313e+01,2.498363703489303589e-02,7.865942716598510465e-02,0.000000000000000000e+00,1.000000000000000000e+00,2.166144637844572562e-01
3.403999999999999915e+01,2.497918605804443429e-02,7.878260135650634599e-02,0.000000000000000000e+00,1.000000000000000000e+00,2.184486895066971579e-01
3.406000000000000227e+01,2.497116327285766810e-02,7.888458251953124611e-02,0.000000000000000000e+00,1.000000000000000000e+00,2.201139584396679671e-01
3.407999999999999829e+01,2.496592402458190987e-02,7.892828464508055974e-02,0.000000000000000000e+00,1.000000000000000000e+00,2.206726455067577752e-01
3.410000000000000142e+01,2.496165931224823137e-02,7.895580053329467884e-02,0.000000000000000000e+00,1.000000000000000000e+00,2.198572382732349173e-01
3.411999999999999744e+01,2.495616078376770158e-02,7.898840904235839011e-02,0.000000000000000000e+00,1.000000000000000000e+00,2.179752618190127778e-01
3.414000000000000057e+01,2.495616823434829851e-02,7.898835182189940796e-02,0.000000000000000000e+00,1.000000000000000000e+00,2.155462147262588724e-01
3.416000000000000369e+01,2.495616525411606043e-02,7.898851633071898859e-02,0.000000000000000000e+00,1.000000000000000000e+00,2.131198403873034719e-01
3.417999999999999972e+01,2.495836764574051181e-02,7.901337862014770619e-02,0.000000000000000000e+00,1.000000000000000000e+00,2.112463771178646754e-01
3.420000000000000284e+01,2.496161758899688790e-02,7.903787612915039174e-02,0.000000000000000000e+00,1.000000000000000000e+00,2.104096460029912241e-01
3.421999999999999886e+01,2.496659904718399187e-02,7.907857418060303123e-02,0.000000000000000000e+00,1.000000000000000000e+00,2.109065712718196928e-01
3.424000000000000199e+01,2.496977746486664027e-02,7.911435127258301114e-02,0.000000000000000000e+00,1.000000000000000000e+00,2.127607366707073844e-01
3.425999999999999801e+01,2.497141957283020158e-02,7.914798259735107699e-02,0.000000000000000000e+00,1.000000000000000000e+00,2.156837861661926314e-01
3.428000000000000114e+01,2.497192174196243356e-02,7.920186996459960271e-02,0.000000000000000000e+00,1.000000000000000000e+00,2.191135356573442605e-01
3.430000000000000426e+01,2.497033774852752686e-02,7.926216602325439342e-02,0.000000000000000000e+00,1.000000000000000000e+00,2.224331325866518438e-01
3.432000000000000028e+01,2.496662884950637956e-02,7.933040857315062921e-02,0.000000000000000000e+00,1.000000000000000000e+00,2.252765916540276636e-01
3.434000000000000341e+01,2.496227174997329989e-02,7.939320087432860662e-02,0.000000000000000000e+00,1.000000000000000000e+00,2.276002982848344680e-01
3.435999999999999943e+01,2.496073693037033359e-02,7.941708326339722013e-02,0.000000000000000000e+00,1.000000000000000000e+00,2.294817747792570750e-01
3.438000000000000256e+01,2.495956867933273385e-02,7.944911956787109597e-02,0.000000000000000000e+00,1.000000000000000000e+00,2.309477010601063141e-01
3.439999999999999858e+01,2.495960891246795654e-02,7.946467638015747292e-02,0.000000000000000000e+00,1.000000000000000000e+00,2.320235227265621814e-01
3.442000000000000171e+01,2.496021240949630737e-02,7.948428153991698997e-02,0.000000000000000000e+00,1.000000000000000000e+00,2.328936351782504854e-01
3.443999999999999773e+01,2.496100962162017822e-02,7.950828552246093361e-02,0.000000000000000000e+00,1.000000000000000000e+00,2.338982098274456634e-01
3.446000000000000085e+01,2.496111989021301478e-02,7.952251195907591996e-02,0.000000000000000000e+00,1.000000000000000000e+00,2.352930113007185020e-01
3.448000000000000398e+01,2.496048063039779663e-02,7.953673124313354048e-02,0.000000000000000000e+00,1.000000000000000000e+00,2.369696628483576872e-01
3.450000000000000000e+01,2.495405375957489291e-02,7.958424568176268588e-02,0.000000000000000000e+00,1.000000000000000000e+00,2.383059732287414467e-01
3.452000000000000313e+01,2.495366185903549403e-02,7.958545446395873246e-02,0.000000000000000000e+00,1.000000000000000000e+00,2.383674050132216227e-01
3.453999999999999915e+01,2.494742274284363071e-02,7.959030389785766435e-02,0.000000000000000000e+00,1.000000000000000000e+00,2.366721653018429850e-01
3.456000000000000227e+01,2.495265305042267123e-02,7.959556818008423074e-02,0.000000000000000000e+00,1.000000000000000000e+00,2.338279356857129454e-01
3.457999999999999829e+01,2.495767921209335327e-02,7.961007356643676203e-02,0.000000000000000000e+00,1.000000000000000000e+00,2.310521377865895898e-01
3.460000000000000142e+01,2.496968954801559448e-02,7.967677116394042414e-02,0.000000000000000000e+00,1.000000000000000000e+00,2.292699637348972752e-01
3.461999999999999744e+01,2.497218847274780551e-02,7.970433712005614568e-02,0.000000000000000000e+00,1.000000000000000000e+00,2.287912567241489337e-01
3.464000000000000057e+01,2.497409582138061801e-02,7.977398157119751365e-02,0.000000000000000000e+00,1.000000000000000000e+00,2.293452429745772292e-01
3.466000000000000369e+01,2.497139722108841081e-02,7.988616228103637140e-02,0.000000000000000000e+00,1.000000000000000000e+00,2.301488280172112599e-01
3.467999999999999972e+01,2.496679872274398804e-02,7.995338201522826649e-02,0.000000000000000000e+00,1.000000000000000000e+00,2.301755945170423645e-01
3.470000000000000284e+01,2.496312707662582536e-02,7.998830795288085216e-02,0.000000000000000000e+00,1.000000000000000000e+00,2.286559071565065215e-01
3.471999999999999886e+01,2.495680451393127511e-02,8.003816127777099720e-02,0.000000000000000000e+00,1.000000000000000000e+00,2.253936868126911741e-01
3.474000000000000199e+01,2.495634555816650391e-02,8.004208803176879328e-02,0.000000000000000000e+00,1.000000000000000000e+00,2.207194431813828406e-01
3.475999999999999801e+01,2.495533823966980189e-02,8.005901098251343162e-02,0.000000000000000000e+00,1.000000000000000000e+00,2.153349451462646114e-01
3.478000000000000114e+01,2.495571523904800693e-02,8.007350206375121737e-02,0.000000000000000000e+00,1.000000000000000000e+00,2.101613865728424180e-01
3.480000000000000426e+01,2.495864033699035645e-02,8.010716915130615401e-02,0.000000000000000000e+00,1.000000000000000000e+00,2.060898404389913674e-01
3.482000000000000028e+01,2.496166825294494906e-02,8.013703107833862471e-02,0.000000000000000000e+00,1.000000000000000000e+00,2.037088940129770931e-01
3.484000000000000341e+01,2.496327161788940499e-02,8.015606403350829245e-02,0.000000000000000000e+00,1.000000000000000000e+00,2.032067957248881729e-01
3.485999999999999943e+01,2.496570348739624023e-02,8.020167589187621182e-02,0.000000000000000000e+00,1.000000000000000000e+00,2.044148606877951857e-01
3.488000000000000256e+01,2.496687024831771920e-02,8.026341676712035744e-02,0.000000000000000000e+00,1.000000000000000000e+00,2.068448622731123010e-01
3.489999999999999858e+01,2.496595978736877719e-02,8.033352613449096236e-02,0.000000000000000000e+00,1.000000000000000000e+00,2.097906704957883950e-01
3.492000000000000171e+01,2.496379166841507236e-02,8.039203405380249134e-02,0.000000000000000000e+00,1.000000000000000000e+00,2.126264178633019974e-01
3.493999999999999773e+01,2.496270835399627686e-02,8.041540145874023771e-02,0.000000000000000000e+00,1.000000000000000000e+00,2.150717491806201087e-01
3.496000000000000085e+01,2.496145069599151750e-02,8.045285224914550115e-02,0.000000000000000000e+00,1.000000000000000000e+00,2.171224984388368806e-01
3.498000000000000398e+01,2.496153116226196289e-02,8.050059556961058904e-02,0.000000000000000000e+00,1.000000000000000000e+00,2.188175402890401022e-01
3.500000000000000000e+01,2.496241629123687952e-02,8.052040815353393721e-02,0.000000000000000000e+00,1.000000000000000000e+00,2.201801572660107842e-01
3.502000000000000313e+01,2.496577203273773332e-02,8.056584835052489624e-02,0.000000000000000000e+00,1.000000000000000000e+00,2.213812970781732226e-01
3.503999999999999915e+01,2.496799975633621355e-02,8.059415102005004772e-02,0.000000000000000000e+00,1.000000000000000000e+00,2.228530270525193313e-01
3.506000000000000227e+01,2.497040331363678187e-02,8.063295364379882701e-02,0.000000000000000000e+00,1.000000000000000000e+00,2.251207589999532355e-01
3.507999999999999829e+01,2.497284114360809326e-02,8.071435689926147183e-02,0.000000000000000000e+00,1.000000000000000000e+00,2.285115770189745932e-01
3.510000000000000142e+01,2.497131079435348580e-02,8.082808256149291715e-02,0.000000000000000000e+00,1.000000000000000000e+00,2.329210585039066528e-01
3.511999999999999744e+01,2.496510148048401018e-02,8.091803312301636131e-02,0.000000000000000000e+00,1.000000000000000000e+00,2.376109234877358534e-01
3.514000000000000057e+01,2.495999038219452043e-02,8.095324516296385775e-02,0.000000000000000000e+00,1.000000000000000000e+00,2.413068769575558992e-01
3.516000000000000369e+01,2.495600134134292811e-02,8.096789360046385831e-02,0.000000000000000000e+00,1.000000000000000000e+00,2.430369536680732634e-01
3.517999999999999972e+01,2.495248764753341814e-02,8.097360134124755027e-02,0.000000000000000000e+00,1.000000000000000000e+00,2.429873845966392110e-01
3.520000000000000284e+01,2.495614439249038696e-02,8.097408056259154663e-02,0.000000000000000000e+00,1.000000000000000000e+00,2.421754835934660510e-01
3.521999999999999886e+01,2.495978325605392734e-02,8.098189830780029574e-02,0.000000000000000000e+00,1.000000000000000000e+00,2.415343664792206357e-01
3.524000000000000199e+01,2.496012598276138583e-02,8.098376512527465099e-02,0.000000000000000000e+00,1.000000000000000000e+00,2.414595947721627778e-01
3.525999999999999801e+01,2.496253401041030953e-02,8.102031469345093162e-02,0.000000000000000000e+00,1.000000000000000000e+00,2.417907049860102686e-01
3.528000000000000114e+01,2.496229559183120797e-02,8.104955434799193670e-02,0.000000000000000000e+00,1.000000000000000000e+00,2.419461006033870321e-01
3.530000000000000426e+01,2.496061772108078280e-02,8.107682704925536776e-02,0.000000000000000000e+00,1.000000000000000000e+00,2.411571204280149594e-01
3.532000000000000028e+01,2.495923191308975497e-02,8.109137535095214955e-02,0.000000000000000000e+00,1.000000000000000000e+00,2.387395499942095989e-01
3.534000000000000341e+01,2.495631724596023698e-02,8.112115859985351285e-02,0.000000000000000000e+00,1.000000000000000000e+00,2.343177638725349177e-01
3.535999999999999943e+01,2.495568096637726038e-02,8.113289594650267833e-02,0.000000000000000000e+00,1.000000000000000000e+00,2.280395601191015087e-01
3.538000000000000256e+01,2.495571076869964808e-02,8.113415479660034124e-02,0.000000000000000000e+00,1.000000000000000000e+00,2.207265573688820259e-01
3.539999999999999858e+01,2.495670914649963587e-02,8.114582777023314486e-02,0.000000000000000000e+00,1.000000000000000000e+00,2.136594391468597809e-01
3.542000000000000171e+01,2.496073395013809204e-02,8.118447303771972323e-02,0.000000000000000000e+00,1.000000000000000000e+00,2.079870102044286684e-01
3.543999999999999773e+01,2.496270984411239763e-02,8.120673894882202148e-02,0.000000000000000000e+00,1.000000000000000000e+00,2.042986459748737660e-01
3.546000000000000085e+01,2.496393322944641391e-02,8.122828245162963534e-02,0.000000000000000000e+00,1.000000000000000000e+00,2.026433950528613026e-01
3.548000000000000398e+01,2.496472895145416399e-02,8.127001762390136108e-02,0.000000000000000000e+00,1.000000000000000000e+00,2.026980778423852214e-01
3.550000000000000000e+01,2.496390044689178467e-02,8.131537199020386075e-02,0.000000000000000000e+00,1.000000000000000000e+00,2.038577853494422110e-01
3.552000000000000313e+01,2.496192455291748255e-02,8.135526895523070845e-02,0.000000000000000000e+00,1.000000000000000000e+00,2.054004625927838001e-01
3.553999999999999915e+01,2.496060132980346818e-02,8.137543916702270896e-02,0.000000000000000000e+00,1.000000000000000000e+00,2.067988635777862905e-01
3.556000000000000227e+01,2.495956420898437500e-02,8.139516592025757002e-02,0.000000000000000000e+00,1.000000000000000000e+00,2.078612731022501936e-01
3.557999999999999829e+01,2.495953291654587000e-02,8.141248226165771762e-02,0.000000000000000000e+00,1.000000000000000000e+00,2.085669282271334635e-01
3.560000000000000142e+01,2.496172189712524483e-02,8.144493341445922796e-02,0.000000000000000000e+00,1.000000000000000000e+00,2.089150908150758656e-01
3.561999999999999744e+01,2.496536672115326136e-02,8.147624015808105358e-02,0.000000000000000000e+00,1.000000000000000000e+00,2.090285678493574717e-01
3.564000000000000057e+01,2.497325390577316562e-02,8.153757333755493053e-02,0.000000000000000000e+00,1.000000000000000000e+00,2.093488625554237870e-01
3.566000000000000369e+01,2.498963922262191842e-02,8.168252706527709406e-02,0.000000000000000000e+00,1.000000000000000000e+00,2.105622894052105731e-01
3.567999999999999972e+01,2.499901950359344552e-02,8.179613828659057506e-02,0.000000000000000000e+00,1.000000000000000000e+00,2.132892056909679035e-01
3.570000000000000284e+01,2.500526309013366769e-02,8.193476915359497459e-02,0.000000000000000000e+00,1.000000000000000000e+00,2.178737445531457317e-01
3.571999999999999886e+01,2.500582933425903390e-02,8.208344936370849665e-02,0.000000000000000000e+00,1.000000000000000000e+00,2.242266537497936141e-01
3.574000000000000199e+01,2.500149905681610385e-02,8.218992948532104215e-02,0.000000000000000000e+00,1.000000000000000000e+00,2.315403919465018889e-01
3.575999999999999801e+01,2.498950064182281494e-02,8.232298135757445956e-02,0.000000000000000000e+00,1.000000000000000000e+00,2.382808197544951934e-01
3.578000000000000114e+01,2.498102486133575717e-02,8.237974405288696345e-02,0.000000000000000000e+00,1.000000000000000000e+00,2.430354860773635273e-01
3.580000000000000426e+01,2.496686726808548112e-02,8.244164943695067582e-02,0.000000000000000000e+00,1.000000000000000000e+00,2.454958886352942571e-01
3.582000000000000028e+01,2.496411055326461931e-02,8.244933128356933538e-02,0.000000000000000000e+00,1.000000000000000000e+00,2.463460646823209532e-01
3.584000000000000341e+01,2.495846897363662720e-02,8.245747089385986606e-02,0.000000000000000000e+00,1.000000000000000000e+00,2.464706955613742145e-01
3.585999999999999943e+01,2.495928704738617152e-02,8.245750665664672296e-02,0.000000000000000000e+00,1.000000000000000000e+00,2.464555623878623702e-01
3.588000000000000256e+01,2.495884597301483224e-02,8.245633363723754716e-02,0.000000000000000000e+00,1.000000000000000000e+00,2.465041759497007545e-01
3.589999999999999858e+01,2.495895326137542725e-02,8.245841503143309936e-02,0.000000000000000000e+00,1.000000000000000000e+00,2.464997706994815629e-01
3.592000000000000171e+01,2.495921105146408150e-02,8.245512485504150058e-02,0.000000000000000000e+00,1.000000000000000000e+00,2.460468305312055459e-01
3.593999999999999773e+01,2.495962828397750924e-02,8.245111942291259710e-02,0.000000000000000000e+00,1.000000000000000000e+00,2.444990135871322467e-01
3.596000000000000085e+01,2.495964020490646501e-02,8.245178461074828546e-02,0.000000000000000000e+00,1.000000000000000000e+00,2.411387698121602585e-01
3.598000000000000398e+01,2.495990693569183350e-02,8.245321512222289484e-02,0.000000000000000000e+00,1.000000000000000000e+00,2.356740103948355147e-01
3.600000000000000000e+01,2.496084868907928744e-02,8.245717763900756170e-02,0.000000000000000000e+00,1.000000000000000000e+00,2.287551596695502065e-01
3.602000000000000313e+01,2.496232539415359566e-02,8.246435880661009965e-02,0.000000000000000000e+00,1.000000000000000000e+00,2.217669169833524634e-01
3.603999999999999915e+01,2.496407777070999354e-02,8.247605323791504239e-02,0.000000000000000000e+00,1.000000000000000000e+00,2.159570849519268365e-01
3.606000000000000227e+01,2.496540993452072213e-02,8.249071598052978849e-02,0.000000000000000000e+00,1.000000000000000000e+00,2.119003104466327392e-01
3.607999999999999829e+01,2.496593296527862757e-02,8.250650882720947377e-02,0.000000000000000000e+00,1.000000000000000000e+00,2.095825705330897626e-01
3.610000000000000142e+01,2.496526241302490443e-02,8.253467559814452181e-02,0.000000000000000000e+00,1.000000000000000000e+00,2.086246537839383797e-01
3.611999999999999744e+01,2.496380209922790736e-02,8.255291461944579134e-02,0.000000000000000000e+00,1.000000000000000000e+00,2.084389416167615472e-01
3.614000000000000057e+01,2.496189177036285678e-02,8.256743431091308205e-02,0.000000000000000000e+00,1.000000000000000000e+00,2.084544143338634692e-01
3.616000000000000369e+01,2.496012300252914429e-02,8.257859945297241211e-02,0.000000000000000000e+00,1.000000000000000000e+00,2.083318289541713775e-01
3.617999999999999972e+01,2.496034801006317277e-02,8.257650375366210049e-02,0.000000000000000000e+00,1.000000000000000000e+00,2.079265605874267842e-01
3.620000000000000284e+01,2.496071159839630127e-02,8.258318424224853072e-02,0.000000000000000000e+00,1.000000000000000000e+00,2.071178804688192376e-01
3.621999999999999886e+01,2.496240735054016183e-02,8.259188175201415127e-02,0.000000000000000000e+00,1.000000000000000000e+00,2.058323268251505134e-01
3.624000000000000199e+01,2.496667206287384033e-02,8.261076450347899780e-02,0.000000000000000000e+00,1.000000000000000000e+00,2.043132005998477552e-01
3.625999999999999801e+01,2.497460395097732613e-02,8.265104055404662309e-02,0.000000000000000000e+00,1.000000000000000000e+00,2.032560803252130011e-01
3.628000000000000114e+01,2.498688846826553622e-02,8.273217201232910267e-02,0.000000000000000000e+00,1.000000000000000000e+00,2.035081893964217903e-01
3.630000000000000426e+01,2.499809265136718889e-02,8.283943176269531472e-02,0.000000000000000000e+00,1.000000000000000000e+00,2.056988022904958358e-01
3.632000000000000028e+01,2.500262260437011858e-02,8.291503429412841464e-02,0.000000000000000000e+00,1.000000000000000000e+00,2.101292455269089254e-01
3.634000000000000341e+01,2.500600218772888392e-02,8.310007810592651145e-02,0.000000000000000000e+00,1.000000000000000000e+00,2.166606755010332952e-01
3.635999999999999943e+01,2.500211000442505160e-02,8.328633069992065485e-02,0.000000000000000000e+00,1.000000000000000000e+00,2.244435739708611488e-01
3.638000000000000256e+01,2.499534189701080322e-02,8.340305328369140847e-02,0.000000000000000000e+00,1.000000000000000000e+00,2.319408710925093819e-01
3.639999999999999858e+01,2.498203366994857996e-02,8.354659795761107399e-02,0.000000000000000000e+00,1.000000000000000000e+00,2.376563301029913367e-01
3.642000000000000171e+01,2.497435808181762765e-02,8.360895395278930553e-02,0.000000000000000000e+00,1.000000000000000000e+00,2.409498836290833723e-01
3.643999999999999773e+01,2.496621906757354875e-02,8.366559505462646540e-02,0.000000000000000000e+00,1.000000000000000000e+00,2.421100636702397391e-01
3.646000000000000085e+01,2.496061623096466203e-02,8.370429754257201205e-02,0.000000000000000000e+00,1.000000000000000000e+00,2.419052541149901148e-01
3.648000000000000398e+01,2.495683133602142473e-02,8.373661994934081254e-02,0.000000000000000000e+00,1.000000000000000000e+00,2.411839946068949636e-01
3.650000000000000000e+01,2.495639920234680315e-02,8.374296426773071567e-02,0.000000000000000000e+00,1.000000000000000000e+00,2.406407195352873174e-01
3.652000000000000313e+01,2.495583891868591309e-02,8.376300573348999245e-02,0.000000000000000000e+00,1.000000000000000000e+00,2.406519376969850355e-01
3.653999999999999915e+01,2.495562881231308192e-02,8.377168893814086748e-02,0.000000000000000000e+00,1.000000000000000000e+00,2.411522154300243248e-01
3.656000000000000227e+01,2.495489567518234530e-02,8.378292560577392523e-02,0.000000000000000000e+00,1.000000000000000000e+00,2.415650493506999175e-01
3.657999999999999829e+01,2.495475113391876221e-02,8.378381252288817638e-02,0.000000000000000000e+00,1.000000000000000000e+00,2.409180469646923783e-01
3.660000000000000142e+01,2.495322525501251359e-02,8.378763198852538785e-02,0.000000000000000000e+00,1.000000000000000000e+00,2.384105453058487922e-01
3.661999999999999744e+01,2.495640963315963815e-02,8.378640174865722989e-02,0.000000000000000000e+00,1.000000000000000000e+00,2.341987171673808599e-01
3.664000000000000057e+01,2.495889365673065186e-02,8.378985643386840931e-02,0.000000000000000000e+00,1.000000000000000000e+00,2.293783402055921683e-01
3.666000000000000369e+01,2.496263384819030762e-02,8.380348205566405528e-02,0.000000000000000000e+00,1.000000000000000000e+00,2.250882473849294130e-01
3.667999999999999972e+01,2.496268600225448608e-02,8.380393266677856057e-02,0.000000000000000000e+00,1.000000000000000000e+00,2.218975428453589527e-01
3.670000000000000284e+01,2.496276646852493494e-02,8.381958961486815629e-02,0.000000000000000000e+00,1.000000000000000000e+00,2.198240786531588664e-01
3.671999999999999886e+01,2.496078014373779436e-02,8.383900880813598133e-02,0.000000000000000000e+00,1.000000000000000000e+00,2.185523050703707115e-01
3.674000000000000199e+01,2.495851367712020874e-02,8.384818553924559825e-02,0.000000000000000000e+00,1.000000000000000000e+00,2.176683078205485233e-01
3.675999999999999801e+01,2.496004402637481967e-02,8.384543895721435769e-02,0.000000000000000000e+00,1.000000000000000000e+00,2.168799799714283272e-01
3.678000000000000114e+01,2.496210485696792603e-02,8.384513139724730779e-02,0.000000000000000000e+00,1.000000000000000000e+00,2.160492304321372514e-01
3.680000000000000426e+01,2.496281117200851649e-02,8.384689092636107843e-02,0.000000000000000000e+00,1.000000000000000000e+00,2.150227401308660302e-01
3.682000000000000028e+01,2.496234923601150721e-02,8.384870052337646540e-02,0.000000000000000000e+00,1.000000000000000000e+00,2.135309274546453029e-01
3.684000000000000341e+01,2.496379017829895158e-02,8.384892940521239402e-02,0.000000000000000000e+00,1.000000000000000000e+00,2.113848107538164323e-01
3.685999999999999943e+01,2.496657520532608032e-02,8.385338544845580278e-02,0.000000000000000000e+00,1.000000000000000000e+00,2.088588024007797805e-01
3.688000000000000256e+01,2.496661096811294764e-02,8.385349273681640125e-02,0.000000000000000000e+00,1.000000000000000000e+00,2.067486992043190974e-01
3.689999999999999858e+01,2.497643381357193132e-02,8.389949083328246404e-02,0.000000000000000000e+00,1.000000000000000000e+00,2.059358447339922904e-01
3.692000000000000171e+01,2.498763203620910783e-02,8.398197412490844560e-02,0.000000000000000000e+00,1.000000000000000000e+00,2.070028127057402523e-01
3.693999999999999773e+01,2.499713301658630649e-02,8.410267353057861162e-02,0.000000000000000000e+00,1.000000000000000000e+00,2.101486999556689272e-01
3.696000000000000085e+01,2.500111758708953996e-02,8.422174215316771684e-02,0.000000000000000000e+00,1.000000000000000000e+00,2.151231276817389959e-01
3.698000000000000398e+01,2.500074803829193185e-02,8.432978868484496127e-02,0.000000000000000000e+00,1.000000000000000000e+00,2.211077301265225170e-01
3.700000000000000000e+01,2.499767988920212000e-02,8.442334413528441994e-02,0.000000000000000000e+00,1.000000000000000000e+00,2.268393049511653325e-01
3.702000000000000313e+01,2.499153763055801669e-02,8.453845024108885831e-02,0.000000000000000000e+00,1.000000000000000000e+00,2.310844043917027468e-01
3.703999999999999915e+01,2.498851120471954484e-02,8.458705902099608598e-02,0.000000000000000000e+00,1.000000000000000000e+00,2.331179611439524735e-01
3.706000000000000227e+01,2.498580217361450265e-02,8.463480234146117387e-02,0.000000000000000000e+00,1.000000000000000000e+00,2.329317482114766913e-01
3.707999999999999829e+01,2.498285770416260043e-02,8.471176385879516935e-02,0.000000000000000000e+00,1.000000000000000000e+00,2.312140756724498647e-01
3.710000000000000142e+01,2.498174905776977608e-02,8.478326797485351285e-02,0.000000000000000000e+00,1.000000000000000000e+00,2.290932056887921842e-01
3.711999999999999744e+01,2.498169094324112147e-02,8.484571695327758345e-02,0.000000000000000000e+00,1.000000000000000000e+00,2.276548775662364521e-01
3.714000000000000057e+01,2.498157024383544991e-02,8.488629341125487893e-02,0.000000000000000000e+00,1.000000000000000000e+00,2.275374590640389660e-01
3.716000000000000369e+01,2.497987747192383090e-02,8.495778322219847689e-02,0.000000000000000000e+00,1.000000000000000000e+00,2.288147517967144551e-01
3.717999999999999972e+01,2.497912496328354159e-02,8.496982812881469227e-02,0.000000000000000000e+00,1.000000000000000000e+00,2.309921005374968028e-01
3.720000000000000284e+01,2.497737407684326449e-02,8.498418331146240234e-02,0.000000000000000000e+00,1.000000000000000000e+00,2.330450783469228127e-01
3.721999999999999886e+01,2.497442364692688266e-02,8.499785900115966464e-02,0.000000000000000000e+00,1.000000000000000000e+00,2.338685547982076174e-01
3.724000000000000199e+01,2.497092485427856653e-02,8.500659942626952181e-02,0.000000000000000000e+00,1.000000000000000000e+00,2.331169618433173440e-01
3.725999999999999801e+01,2.497379779815674106e-02,8.500414609909057173e-02,0.000000000000000000e+00,1.000000000000000000e+00,2.313995505079127490e-01
3.728000000000000114e+01,2.497305274009704867e-02,8.500347375869750366e-02,0.000000000000000000e+00,1.000000000000000000e+00,2.295664428186051653e-01
3.730000000000000426e+01,2.497381567955017298e-02,8.500699996948242465e-02,0.000000000000000000e+00,1.000000000000000000e+00,2.281064244593861146e-01
3.732000000000000028e+01,2.497358471155166834e-02,8.501089811325072965e-02,0.000000000000000000e+00,1.000000000000000000e+00,2.270780381773604972e-01
3.734000000000000341e+01,2.497232258319855014e-02,8.501379489898681918e-02,0.000000000000000000e+00,1.000000000000000000e+00,2.263158076864066615e-01
3.735999999999999943e+01,2.497450411319732805e-02,8.501383781433105580e-02,0.000000000000000000e+00,1.000000000000000000e+00,2.256867070087810734e-01
3.738000000000000256e+01,2.497395277023315568e-02,8.501285791397093783e-02,0.000000000000000000e+00,1.000000000000000000e+00,2.251954379073612400e-01
3.739999999999999858e+01,2.497316449880600253e-02,8.500948190689086581e-02,0.000000000000000000e+00,1.000000000000000000e+00,2.248483813075387583e-01
3.742000000000000171e+01,2.497430890798568726e-02,8.502392292022704912e-02,0.000000000000000000e+00,1.000000000000000000e+00,2.244560806167293920e-01
3.743999999999999773e+01,2.497339844703674525e-02,8.504103183746337946e-02,0.000000000000000000e+00,1.000000000000000000e+00,2.236170184691667617e-01
3.746000000000000085e+01,2.497143745422363351e-02,8.504907846450805720e-02,0.000000000000000000e+00,1.000000000000000000e+00,2.220079980020275845e-01
3.748000000000000398e+01,2.497688233852386752e-02,8.504323482513427568e-02,0.000000000000000000e+00,1.000000000000000000e+00,2.197939883925537352e-01
3.750000000000000000e+01,2.497691810131073137e-02,8.504326343536376676e-02,0.000000000000000000e+00,1.000000000000000000e+00,2.176524577782334713e-01
3.752000000000000313e+01,2.498292773962021082e-02,8.505905628204345204e-02,0.000000000000000000e+00,1.000000000000000000e+00,2.163452732188152483e-01
3.753999999999999915e+01,2.499195933341979980e-02,8.510443925857544278e-02,0.000000000000000000e+00,1.000000000000000000e+00,2.163507761988942013e-01
3.756000000000000227e+01,2.499646097421646257e-02,8.514547348022460938e-02,0.000000000000000000e+00,1.000000000000000000e+00,2.177640496442952989e-01
3.757999999999999829e+01,2.499874681234359741e-02,8.518836021423339955e-02,0.000000000000000000e+00,1.000000000000000000e+00,2.202998194648641550e-01
3.760000000000000142e+01,2.500032782554626604e-02,8.529090642929076926e-02,0.000000000000000000e+00,1.000000000000000000e+00,2.233352162024221932e-01
3.761999999999999744e+01,2.499972432851791521e-02,8.537209510803221713e-02,0.000000000000000000e+00,1.000000000000000000e+00,2.260361990301338608e-01
3.764000000000000057e+01,2.499830573797226160e-02,8.546635866165161466e-02,0.000000000000000000e+00,1.000000000000000000e+00,2.275366179704225444e-01
3.766000000000000369e+01,2.499776482582092424e-02,8.553648233413696511e-02,0.000000000000000000e+00,1.000000000000000000e+00,2.271610757399364355e-01
3.767999999999999972e+01,2.499849796295166085e-02,8.561110496520996094e-02,0.000000000000000000e+00,1.000000000000000000e+00,2.247770228382605651e-01
3.770000000000000284e+01,2.500023245811462680e-02,8.567339658737181673e-02,0.000000000000000000e+00,1.000000000000000000e+00,2.211106128227494083e-01
3.771999999999999886e+01,2.500374615192413330e-02,8.576953411102294922e-02,0.000000000000000000e+00,1.000000000000000000e+00,2.175125292536506383e-01
3.774000000000000199e+01,2.500787675380707065e-02,8.590096235275268555e-02,0.000000000000000000e+00,1.000000000000000000e+00,2.152024332939997675e-01
3.775999999999999801e+01,2.500908076763153076e-02,8.599377393722533458e-02,0.000000000000000000e+00,1.000000000000000000e+00,2.147859340079102952e-01
3.778000000000000114e+01,2.500748038291931291e-02,8.609046220779419112e-02,0.000000000000000000e+00,1.000000000000000000e+00,2.162930135300572820e-01
3.780000000000000426e+01,2.500399649143219064e-02,8.615324735641478882e-02,0.000000000000000000e+00,1.000000000000000000e+00,2.192516536365367308e-01
3.782000000000000028e+01,2.499420195817947388e-02,8.624699592590331920e-02,0.000000000000000000e+00,1.000000000000000000e+00,2.226570766266336987e-01
3.784000000000000341e+01,2.498712241649627894e-02,8.628930330276489424e-02,0.000000000000000000e+00,1.000000000000000000e+00,2.253378539971535310e-01
3.785999999999999943e+01,2.498677670955658237e-02,8.629066228866576205e-02,0.000000000000000000e+00,1.000000000000000000e+00,2.267428038254505895e-01
3.788000000000000256e+01,2.498361468315124512e-02,8.629883766174316351e-02,0.000000000000000000e+00,1.000000000000000000e+00,2.271573887254553781e-01
3.789999999999999858e+01,2.498427629470825403e-02,8.629777908325195201e-02,0.000000000000000000e+00,1.000000000000000000e+00,2.271451977141963896e-01
3.792000000000000171e+01,2.498444020748138636e-02,8.629759311676024613e-02,0.000000000000000000e+00,1.000000000000000000e+00,2.270616189670320306e-01
3.793999999999999773e+01,2.498423457145691057e-02,8.629728555679321012e-02,0.000000000000000000e+00,1.000000000000000000e+00,2.270030954190440375e-01
3.796000000000000085e+01,2.498581111431122034e-02,8.630003929138183039e-02,0.000000000000000000e+00,1.000000000000000000e+00,2.270035520242877081e-01
3.798000000000000398e+01,2.498980015516281267e-02,8.631131172180175892e-02,0.000000000000000000e+00,1.000000000000000000e+00,2.271979002594458896e-01
3.800000000000000000e+01,2.499559968709945748e-02,8.633776187896728682e-02,0.000000000000000000e+00,1.000000000000000000e+00,2.277691381702499629e-01
3.802000000000000313e+01,2.499983757734298984e-02,8.637201547622680442e-02,0.000000000000000000e+00,1.000000000000000000e+00,2.287524912268883992e-01
3.803999999999999915e+01,2.500099539756775111e-02,8.639781475067138949e-02,0.000000000000000000e+00,1.000000000000000000e+00,2.298940938623996733e-01
3.806000000000000227e+01,2.500049471855163644e-02,8.641408681869507113e-02,0.000000000000000000e+00,1.000000000000000000e+00,2.307064875967373418e-01
3.807999999999999829e+01,2.499657273292541643e-02,8.644759654998779297e-02,0.000000000000000000e+00,1.000000000000000000e+00,2.307783614479940737e-01
3.810000000000000142e+01,2.499372363090515345e-02,8.645925521850585105e-02,0.000000000000000000e+00,1.000000000000000000e+00,2.301194515109107330e-01
3.811999999999999744e+01,2.499371170997619768e-02,8.645927667617797630e-02,0.000000000000000000e+00,1.000000000000000000e+00,2.291473548443889729e-01
3.814000000000000057e+01,2.498952150344848841e-02,8.645933389663695845e-02,0.000000000000000000e+00,1.000000000000000000e+00,2.283522689056095289e-01
3.816000000000000369e+01,2.499031573534012118e-02,8.646090030670165738e-02,0.000000000000000000e+00,1.000000000000000000e+00,2.280260067343745922e-01
3.817999999999999972e+01,2.499384880065918038e-02,8.647830247879027821e-02,0.000000000000000000e+00,1.000000000000000000e+00,2.282066759419916213e-01
3.820000000000000284e+01,2.499558925628662248e-02,8.649655580520629328e-02,0.000000000000000000e+00,1.000000000000000000e+00,2.287432116575839891e-01
3.821999999999999886e+01,2.499647736549377719e-02,8.651541709899901456e-02,0.000000000000000000e+00,1.000000000000000000e+00,2.293567145275828556e-01
3.824000000000000199e+01,2.499733567237854073e-02,8.653974294662475364e-02,0.000000000000000000e+00,1.000000000000000000e+00,2.296247589138809553e-01
3.825999999999999801e+01,2.499852180480957239e-02,8.656329631805419200e-02,0.000000000000000000e+00,1.000000000000000000e+00,2.289416759526616829e-01
3.828000000000000114e+01,2.500222623348236084e-02,8.661139011383056641e-02,0.000000000000000000e+00,1.000000000000000000e+00,2.266719953579788560e-01
3.830000000000000426e+01,2.500707805156707902e-02,8.666140079498291238e-02,0.000000000000000000e+00,1.000000000000000000e+00,2.226686568771126529e-01
3.832000000000000028e+01,2.501278221607208460e-02,8.671837091445921963e-02,0.000000000000000000e+00,1.000000000000000000e+00,2.177536278467576691e-01
3.834000000000000341e+01,2.502228915691375941e-02,8.682776212692260021e-02,0.000000000000000000e+00,1.000000000000000000e+00,2.133542692471327717e-01
3.835999999999999943e+01,2.503101825714111606e-02,8.696825265884398914e-02,0.000000000000000000e+00,1.000000000000000000e+00,2.105883238104583055e-01
3.838000000000000256e+01,2.503521442413330148e-02,8.710729122161864346e-02,0.000000000000000000e+00,1.000000000000000000e+00,2.098935096872232009e-01
3.839999999999999858e+01,2.503424286842346330e-02,8.726004123687744474e-02,0.000000000000000000e+00,1.000000000000000000e+00,2.111883191901130497e-01
3.842000000000000171e+01,2.502885758876800815e-02,8.737565517425537054e-02,0.000000000000000000e+00,1.000000000000000000e+00,2.139195140703545051e-01
3.843999999999999773e+01,2.502075731754303117e-02,8.746490478515624167e-02,0.000000000000000000e+00,1.000000000000000000e+00,2.170375050525041039e-01
3.846000000000000085e+01,2.500986456871032854e-02,8.754288911819457786e-02,0.000000000000000000e+00,1.000000000000000000e+00,2.194423515657628609e-01
3.848000000000000398e+01,2.500029504299164027e-02,8.759257793426512839e-02,0.000000000000000000e+00,1.000000000000000000e+00,2.206723995039075181e-01
3.850000000000000000e+01,2.499935775995254517e-02,8.759649038314819280e-02,0.000000000000000000e+00,1.000000000000000000e+00,2.209601866432056860e-01
3.852000000000000313e+01,2.499739080667495728e-02,8.760475873947143333e-02,0.000000000000000000e+00,1.000000000000000000e+00,2.207532960959634749e-01
3.853999999999999915e+01,2.499723881483078072e-02,8.760631799697875255e-02,0.000000000000000000e+00,1.000000000000000000e+00,2.203943449620534845e-01
3.856000000000000227e+01,2.499729990959167689e-02,8.760681867599487416e-02,0.000000000000000000e+00,1.000000000000000000e+00,2.201325962624214594e-01
3.857999999999999829e+01,2.499725967645645419e-02,8.760661840438842274e-02,0.000000000000000000e+00,1.000000000000000000e+00,2.202384152534717365e-01
3.860000000000000142e+01,2.499796450138092041e-02,8.761039495468139759e-02,0.000000000000000000e+00,1.000000000000000000e+00,2.209999587296126999e-01
3.861999999999999744e+01,2.499995529651641984e-02,8.762512207031249167e-02,0.000000000000000000e+00,1.000000000000000000e+00,2.225900554548421728e-01
3.864000000000000057e+01,2.500348389148712366e-02,8.766933202743529274e-02,0.000000000000000000e+00,1.000000000000000000e+00,2.249277216235515964e-01
3.866000000000000369e+01,2.500499784946441650e-02,8.772623777389526589e-02,0.000000000000000000e+00,1.000000000000000000e+00,2.276302669385123489e-01
3.867999999999999972e+01,2.500342726707458635e-02,8.779056072235107144e-02,0.000000000000000000e+00,1.000000000000000000e+00,2.301431218887287911e-01
3.870000000000000284e+01,2.500097751617431918e-02,8.782344818115234153e-02,0.000000000000000000e+00,1.000000000000000000e+00,2.320474880719489985e-01
3.871999999999999886e+01,2.499913573265075822e-02,8.783826828002928855e-02,0.000000000000000000e+00,1.000000000000000000e+00,2.332790995390535971e-01
3.874000000000000199e+01,2.499654889106750488e-02,8.785326004028319591e-02,0.000000000000000000e+00,1.000000000000000000e+00,2.340257605218162840e-01
3.875999999999999801e+01,2.498982250690460344e-02,8.788491725921630804e-02,0.000000000000000000e+00,1.000000000000000000e+00,2.344798084365769530e-01
3.878000000000000114e+01,2.498938590288162301e-02,8.788684844970702514e-02,0.000000000000000000e+00,1.000000000000000000e+00,2.347293205727345455e-01
3.880000000000000426e+01,2.498975247144699305e-02,8.788493871688841941e-02,0.000000000000000000e+00,1.000000000000000000e+00,2.348264827632473295e-01
3.882000000000000028e+01,2.499013543128967424e-02,8.788207054138183483e-02,0.000000000000000000e+00,1.000000000000000000e+00,2.348656786052402412e-01
3.884000000000000341e+01,2.498997151851654192e-02,8.788309335708617553e-02,0.000000000000000000e+00,1.000000000000000000e+00,2.349072767336319034e-01
3.885999999999999943e+01,2.498898953199386874e-02,8.788490295410156250e-02,0.000000000000000000e+00,1.000000000000000000e+00,2.347783979410225097e-01
3.888000000000000256e+01,2.498959302902221957e-02,8.788515329360961637e-02,0.000000000000000000e+00,1.000000000000000000e+00,2.339427496939996409e-01
3.889999999999999858e+01,2.498768270015716553e-02,8.788182735443114679e-02,0.000000000000000000e+00,1.000000000000000000e+00,2.316965893872711957e-01
3.892000000000000171e+01,2.499294281005859375e-02,8.789709806442259910e-02,0.000000000000000000e+00,1.000000000000000000e+00,2.278313545247168115e-01
3.893999999999999773e+01,2.500229179859161585e-02,8.793684482574462558e-02,0.000000000000000000e+00,1.000000000000000000e+00,2.231655853720648508e-01
3.896000000000000085e+01,2.501209378242492953e-02,8.799754858016967107e-02,0.000000000000000000e+00,1.000000000000000000e+00,2.190519020666082117e-01
3.898000000000000398e+01,2.501827478408813477e-02,8.805738687515259067e-02,0.000000000000000000e+00,1.000000000000000000e+00,2.164607570567239903e-01
3.900000000000000000e+01,2.502496838569641391e-02,8.818334341049194336e-02,0.000000000000000000e+00,1.000000000000000000e+00,2.157145961235048537e-01
3.902000000000000313e+01,2.502603828907012939e-02,8.832784652709960160e-02,0.000000000000000000e+00,1.000000000000000000e+00,2.166144637844565624e-01
3.903999999999999915e+01,2.502149045467376778e-02,8.845368862152098999e-02,0.000000000000000000e+00,1.000000000000000000e+00,2.184486895067001555e-01
3.906000000000000227e+01,2.501600086688995569e-02,8.852346181869506780e-02,0.000000000000000000e+00,1.000000000000000000e+00,2.201139584396707705e-01
3.907999999999999829e+01,2.500860393047332764e-02,8.858517408370970847e-02,0.000000000000000000e+00,1.000000000000000000e+00,2.206726455067584969e-01
3.910000000000000142e+01,2.500274479389190743e-02,8.862297534942627231e-02,0.000000000000000000e+00,1.000000000000000000e+00,2.198572382732334463e-01
3.911999999999999744e+01,2.499527633190155168e-02,8.866725683212280107e-02,0.000000000000000000e+00,1.000000000000000000e+00,2.179752618190113067e-01
3.914000000000000057e+01,2.499321699142456263e-02,8.868319272994994173e-02,0.000000000000000000e+00,1.000000000000000000e+00,2.155462147262589001e-01
3.916000000000000369e+01,2.499305605888366838e-02,8.869065284729003851e-02,0.000000000000000000e+00,1.000000000000000000e+00,2.131198403873036384e-01
3.917999999999999972e+01,2.499357312917709420e-02,8.869648933410644032e-02,0.000000000000000000e+00,1.000000000000000000e+00,2.112463771178644256e-01
3.920000000000000284e+01,2.499490082263946741e-02,8.870649576187134011e-02,0.000000000000000000e+00,1.000000000000000000e+00,2.104096460029920845e-01
3.921999999999999886e+01,2.500056028366089145e-02,8.875273704528807706e-02,0.000000000000000000e+00,1.000000000000000000e+00,2.109065712718205532e-01
3.924000000000000199e+01,2.500266730785370012e-02,8.877647638320922130e-02,0.000000000000000000e+00,1.000000000000000000e+00,2.127607366707058301e-01
3.925999999999999801e+01,2.500597238540649622e-02,8.884418249130249245e-02,0.000000000000000000e+00,1.000000000000000000e+00,2.156837861661914102e-01
3.928000000000000114e+01,2.500628829002380510e-02,8.887804269790648692e-02,0.000000000000000000e+00,1.000000000000000000e+00,2.191135356573431225e-01
3.930000000000000426e+01,2.500377893447876254e-02,8.897359371185302457e-02,0.000000000000000000e+00,1.000000000000000000e+00,2.224331325866507891e-01
3.932000000000000028e+01,2.500174343585968156e-02,8.901102304458617664e-02,0.000000000000000000e+00,1.000000000000000000e+00,2.252765916540282187e-01
3.934000000000000341e+01,2.499913424253463745e-02,8.904863834381103460e-02,0.000000000000000000e+00,1.000000000000000000e+00,2.276002982848350509e-01
3.935999999999999943e+01,2.499910444021224976e-02,8.904910326004028542e-02,0.000000000000000000e+00,1.000000000000000000e+00,2.294817747792579632e-01
3.938000000000000256e+01,2.499813437461853236e-02,8.907571077346801425e-02,0.000000000000000000e+00,1.000000000000000000e+00,2.309477010601069802e-01
3.939999999999999858e+01,2.499826848506927698e-02,8.912741661071776900e-02,0.000000000000000000e+00,1.000000000000000000e+00,2.320235227265622646e-01
3.942000000000000171e+01,2.499885708093643397e-02,8.914654254913330356e-02,0.000000000000000000e+00,1.000000000000000000e+00,2.328936351782498471e-01
3.943999999999999773e+01,2.500002384185791293e-02,8.918170452117919755e-02,0.000000000000000000e+00,1.000000000000000000e+00,2.338982098274454691e-01
3.946000000000000085e+01,2.500034570693969796e-02,8.922333240509032481e-02,0.000000000000000000e+00,1.000000000000000000e+00,2.352930113007186130e-01
3.948000000000000398e+01,2.499985843896865984e-02,8.923419713973998468e-02,0.000000000000000000e+00,1.000000000000000000e+00,2.369696628483579093e-01
3.950000000000000000e+01,2.499812841415405273e-02,8.924698591232299583e-02,0.000000000000000000e+00,1.000000000000000000e+00,2.383059732287419463e-01
3.952000000000000313e+01,2.499543875455856323e-02,8.925528287887572743e-02,0.000000000000000000e+00,1.000000000000000000e+00,2.383674050132221223e-01
3.953999999999999915e+01,2.499444633722305506e-02,8.925605535507201427e-02,0.000000000000000000e+00,1.000000000000000000e+00,2.366721653018445115e-01
3.956000000000000227e+01,2.499853819608688354e-02,8.926017522811889593e-02,0.000000000000000000e+00,1.000000000000000000e+00,2.338279356857147495e-01
3.957999999999999829e+01,2.501124441623688022e-02,8.929683923721312699e-02,0.000000000000000000e+00,1.000000000000000000e+00,2.310521377865908388e-01
3.960000000000000142e+01,2.502618134021759172e-02,8.937978744506835938e-02,0.000000000000000000e+00,1.000000000000000000e+00,2.292699637348958042e-01
3.961999999999999744e+01,2.503162622451782227e-02,8.943986177444457342e-02,0.000000000000000000e+00,1.000000000000000000e+00,2.287912567241479067e-01
3.964000000000000057e+01,2.503324747085571358e-02,8.949909210205077292e-02,0.000000000000000000e+00,1.000000000000000000e+00,2.293452429745775623e-01
3.966000000000000369e+01,2.503211200237274309e-02,8.954627037048339122e-02,0.000000000000000000e+00,1.000000000000000000e+00,2.301488280172108991e-01
3.967999999999999972e+01,2.502856254577636927e-02,8.959813356399536077e-02,0.000000000000000000e+00,1.000000000000000000e+00,2.301755945170426421e-01
3.970000000000000284e+01,2.502262592315673828e-02,8.965461015701294001e-02,0.000000000000000000e+00,1.000000000000000000e+00,2.286559071565065493e-01
3.971999999999999886e+01,2.502027451992035190e-02,8.967314958572387973e-02,0.000000000000000000e+00,1.000000000000000000e+00,2.253936868126946991e-01
3.974000000000000199e+01,2.501783668994903703e-02,8.969400644302367998e-02,0.000000000000000000e+00,1.000000000000000000e+00,2.207194431813862823e-01
3.975999999999999801e+01,2.501704394817352503e-02,8.970732450485228993e-02,0.000000000000000000e+00,1.000000000000000000e+00,2.153349451462666653e-01
3.978000000000000114e+01,2.501791715621948242e-02,8.974079847335815485e-02,0.000000000000000000e+00,1.000000000000000000e+00,2.101613865728423902e-01
3.980000000000000426e+01,2.501949071884155412e-02,8.975890874862670066e-02,0.000000000000000000e+00,1.000000000000000000e+00,2.060898404389875649e-01
3.982000000000000028e+01,2.502275407314300676e-02,8.979111671447753684e-02,0.000000000000000000e+00,1.000000000000000000e+00,2.037088940129768155e-01
3.984000000000000341e+01,2.502703368663787911e-02,8.984189271926878995e-02,0.000000000000000000e+00,1.000000000000000000e+00,2.032067957248883117e-01
3.985999999999999943e+01,2.502775192260742188e-02,8.985536098480224887e-02,0.000000000000000000e+00,1.000000000000000000e+00,2.044148606877952967e-01
3.988000000000000256e+01,2.502910196781158586e-02,8.992679357528686468e-02,0.000000000000000000e+00,1.000000000000000000e+00,2.068448622731119957e-01
3.989999999999999858e+01,2.502834498882293771e-02,8.998495101928710715e-02,0.000000000000000000e+00,1.000000000000000000e+00,2.097906704957903101e-01
3.992000000000000171e+01,2.502610385417938441e-02,9.004542589187622403e-02,0.000000000000000000e+00,1.000000000000000000e+00,2.126264178633007762e-01
3.993999999999999773e+01,2.502430379390716692e-02,9.008423566818236916e-02,0.000000000000000000e+00,1.000000000000000000e+00,2.150717491806187487e-01
3.996000000000000085e+01,2.502243816852569788e-02,9.013978242874144675e-02,0.000000000000000000e+00,1.000000000000000000e+00,2.171224984388353263e-01
3.998000000000000398e+01,2.502249181270599365e-02,9.017086029052734375e-02,0.000000000000000000e+00,1.000000000000000000e+00,2.188175402890387977e-01
4.000000000000000000e+01,2.502435445785522461e-02,9.021252393722534180e-02,0.000000000000000000e+00,1.000000000000000000e+00,2.201801572660116724e-01
4.002000000000000313e+01,2.502976059913635323e-02,9.028575181961059903e-02,0.000000000000000000e+00,1.000000000000000000e+00,2.213812970781731670e-01
4.003999999999999915e+01,2.503645420074462891e-02,9.037079572677611528e-02,0.000000000000000000e+00,1.000000000000000000e+00,2.228530270525194978e-01
4.006000000000000227e+01,2.503940463066101074e-02,9.041843891143798440e-02,0.000000000000000000e+00,1.000000000000000000e+00,2.251207589999540681e-01
4.007999999999999829e+01,2.504161596298217982e-02,9.049223899841307706e-02,0.000000000000000000e+00,1.000000000000000000e+00,2.285115770189747320e-01
4.010000000000000142e+01,2.504039406776428431e-02,9.058299779891967884e-02,0.000000000000000000e+00,1.000000000000000000e+00,2.329210585039059866e-01
4.011999999999999744e+01,2.503524422645568917e-02,9.065757751464843806e-02,0.000000000000000000e+00,1.000000000000000000e+00,2.376109234877351872e-01
4.014000000000000057e+01,2.502686679363250871e-02,9.071529150009155495e-02,0.000000000000000000e+00,1.000000000000000000e+00,2.413068769575545947e-01
4.016000000000000369e+01,2.501577436923980990e-02,9.075603961944579690e-02,0.000000000000000000e+00,1.000000000000000000e+00,2.430369536680731801e-01
4.017999999999999972e+01,2.500856220722198764e-02,9.076775550842285101e-02,0.000000000000000000e+00,1.000000000000000000e+00,2.429873845966387669e-01
4.020000000000000284e+01,2.500602006912231584e-02,9.076742649078368974e-02,0.000000000000000000e+00,1.000000000000000000e+00,2.421754835934656347e-01
4.021999999999999886e+01,2.500579357147217005e-02,9.076694011688232755e-02,0.000000000000000000e+00,1.000000000000000000e+00,2.415343664792206635e-01
4.024000000000000199e+01,2.501123249530792444e-02,9.079657316207885576e-02,0.000000000000000000e+00,1.000000000000000000e+00,2.414595947721637492e-01
4.025999999999999801e+01,2.501344084739685197e-02,9.083006858825683205e-02,0.000000000000000000e+00,1.000000000000000000e+00,2.417907049860108515e-01
4.028000000000000114e+01,2.501333951950073312e-02,9.084242105484008345e-02,0.000000000000000000e+00,1.000000000000000000e+00,2.419461006033857831e-01
4.030000000000000426e+01,2.501093745231628557e-02,9.088148832321166215e-02,0.000000000000000000e+00,1.000000000000000000e+00,2.411571204280121838e-01
4.032000000000000028e+01,2.500770390033722063e-02,9.091544151306152344e-02,0.000000000000000000e+00,1.000000000000000000e+00,2.387395499942091825e-01
4.034000000000000341e+01,2.500595748424530237e-02,9.093329429626464955e-02,0.000000000000000000e+00,1.000000000000000000e+00,2.343177638725346956e-01
4.035999999999999943e+01,2.500489652156830112e-02,9.095287084579467551e-02,0.000000000000000000e+00,1.000000000000000000e+00,2.280395601191023414e-01
4.038000000000000256e+01,2.500519156455993652e-02,9.096561670303345004e-02,0.000000000000000000e+00,1.000000000000000000e+00,2.207265573688826088e-01
4.039999999999999858e+01,2.500528097152709961e-02,9.096667528152466153e-02,0.000000000000000000e+00,1.000000000000000000e+00,2.136594391468626120e-01
4.042000000000000171e+01,2.500691413879394670e-02,9.098236799240111417e-02,0.000000000000000000e+00,1.000000000000000000e+00,2.079870102044322766e-01
4.043999999999999773e+01,2.500901818275451730e-02,9.100607156753540150e-02,0.000000000000000000e+00,1.000000000000000000e+00,2.042986459748758477e-01
4.046000000000000085e+01,2.501161098480224679e-02,9.105172634124755748e-02,0.000000000000000000e+00,1.000000000000000000e+00,2.026433950528606365e-01
4.048000000000000398e+01,2.501269280910492152e-02,9.110844612121581088e-02,0.000000000000000000e+00,1.000000000000000000e+00,2.026980778423847773e-01
4.050000000000000000e+01,2.501237690448761264e-02,9.112576246261595847e-02,0.000000000000000000e+00,1.000000000000000000e+00,2.038577853494435987e-01
4.052000000000000313e+01,2.500939369201660156e-02,9.118601560592651256e-02,0.000000000000000000e+00,1.000000000000000000e+00,2.054004625927847993e-01
4.053999999999999915e+01,2.500677704811096400e-02,9.122591257095336026e-02,0.000000000000000000e+00,1.000000000000000000e+00,2.067988635777870676e-01
4.056000000000000227e+01,2.500672340393066476e-02,9.122693538665771484e-02,0.000000000000000000e+00,1.000000000000000000e+00,2.078612731022514981e-01
4.057999999999999829e+01,2.500669062137603899e-02,9.124539613723754716e-02,0.000000000000000000e+00,1.000000000000000000e+00,2.085669282271351566e-01
4.060000000000000142e+01,2.500903010368347307e-02,9.128006458282469926e-02,0.000000000000000000e+00,1.000000000000000000e+00,2.089150908150761710e-01
4.061999999999999744e+01,2.501019835472106934e-02,9.129008531570434459e-02,0.000000000000000000e+00,1.000000000000000000e+00,2.090285678493566668e-01
4.064000000000000057e+01,2.501660883426666537e-02,9.133993148803710993e-02,0.000000000000000000e+00,1.000000000000000000e+00,2.093488625554224825e-01
4.066000000000000369e+01,2.502387464046478341e-02,9.140422582626342440e-02,0.000000000000000000e+00,1.000000000000000000e+00,2.105622894052094074e-01
4.067999999999999972e+01,2.502912580966949740e-02,9.146783351898192527e-02,0.000000000000000000e+00,1.000000000000000000e+00,2.132892056909690415e-01
4.070000000000000284e+01,2.503502368927001953e-02,9.159876823425291970e-02,0.000000000000000000e+00,1.000000000000000000e+00,2.178737445531470085e-01
4.071999999999999886e+01,2.503572106361389230e-02,9.178223133087157204e-02,0.000000000000000000e+00,1.000000000000000000e+00,2.242266537497954459e-01
4.074000000000000199e+01,2.503092288970947335e-02,9.190019130706786332e-02,0.000000000000000000e+00,1.000000000000000000e+00,2.315403919465054694e-01
4.075999999999999801e+01,2.502566874027252475e-02,9.195845603942870428e-02,0.000000000000000000e+00,1.000000000000000000e+00,2.382808197544973028e-01
4.078000000000000114e+01,2.501747608184814661e-02,9.201333045959472767e-02,0.000000000000000000e+00,1.000000000000000000e+00,2.430354860773636105e-01
4.080000000000000426e+01,2.501150667667388985e-02,9.203943729400634877e-02,0.000000000000000000e+00,1.000000000000000000e+00,2.454958886352942571e-01
4.082000000000000028e+01,2.500460147857666224e-02,9.205867052078246793e-02,0.000000000000000000e+00,1.000000000000000000e+00,2.463460646823210920e-01
4.084000000000000341e+01,2.500390708446502755e-02,9.205967187881469727e-02,0.000000000000000000e+00,1.000000000000000000e+00,2.464706955613748529e-01
4.085999999999999943e+01,2.500687241554260323e-02,9.205979347229004128e-02,0.000000000000000000e+00,1.000000000000000000e+00,2.464555623878629809e-01
4.088000000000000256e+01,2.500829398632049838e-02,9.206357002258300226e-02,0.000000000000000000e+00,1.000000000000000000e+00,2.465041759497014484e-01
4.089999999999999858e+01,2.500835061073303223e-02,9.206465005874633900e-02,0.000000000000000000e+00,1.000000000000000000e+00,2.464997706994823956e-01
4.092000000000000171e+01,2.500796914100647181e-02,9.206949949264525701e-02,0.000000000000000000e+00,1.000000000000000000e+00,2.460468305312064896e-01
4.093999999999999773e+01,2.500793635845184604e-02,9.206982135772705245e-02,0.000000000000000000e+00,1.000000000000000000e+00,2.444990135871330239e-01
4.096000000000000085e+01,2.500801086425781528e-02,9.207406997680664396e-02,0.000000000000000000e+00,1.000000000000000000e+00,2.411387698121604251e-01
4.098000000000000398e+01,2.500752210617065638e-02,9.207144498825073353e-02,0.000000000000000000e+00,1.000000000000000000e+00,2.356740103948359033e-01
4.100000000000000000e+01,2.500826716423034876e-02,9.207458496093749722e-02,0.000000000000000000e+00,1.000000000000000000e+00,2.287551596695493739e-01
4.102000000000000313e+01,2.500635981559753626e-02,9.206530809402466153e-02,0.000000000000000000e+00,1.000000000000000000e+00,2.217669169833528242e-01
4.103999999999999915e+01,2.500753700733185023e-02,9.207316875457763339e-02,0.000000000000000000e+00,1.000000000000000000e+00,2.159570849519265034e-01
4.106000000000000227e+01,2.501219511032104492e-02,9.212443113327026256e-02,0.000000000000000000e+00,1.000000000000000000e+00,2.119003104466316845e-01
4.107999999999999829e+01,2.501277923583984653e-02,9.214210510253906250e-02,0.000000000000000000e+00,1.000000000000000000e+00,2.095825705330910949e-01
4.110000000000000142e+01,2.501182854175567835e-02,9.218199491500854437e-02,0.000000000000000000e+00,1.000000000000000000e+00,2.086246537839403781e-01
4.111999999999999744e+01,2.500994801521301547e-02,9.220546245574950950e-02,0.000000000000000000e+00,1.000000000000000000e+00,2.084389416167626297e-01
4.114000000000000057e+01,2.500647902488708704e-02,9.223183393478393000e-02,0.000000000000000000e+00,1.000000000000000000e+00,2.084544143338633304e-01
4.116000000000000369e+01,2.500592470169067660e-02,9.223532438278198020e-02,0.000000000000000000e+00,1.000000000000000000e+00,2.083318289541712942e-01
4.117999999999999972e+01,2.500575482845306466e-02,9.223691940307617021e-02,0.000000000000000000e+00,1.000000000000000000e+00,2.079265605874274503e-01
4.120000000000000284e+01,2.500593662261962891e-02,9.224025964736938532e-02,0.000000000000000000e+00,1.000000000000000000e+00,2.071178804688195152e-01
4.121999999999999886e+01,2.500724196434021135e-02,9.224695444107054720e-02,0.000000000000000000e+00,1.000000000000000000e+00,2.058323268251507354e-01
4.124000000000000199e+01,2.501031160354614397e-02,9.226054430007933627e-02,0.000000000000000000e+00,1.000000000000000000e+00,2.043132005998504752e-01
4.125999999999999801e+01,2.501731812953949044e-02,9.229612112045287864e-02,0.000000000000000000e+00,1.000000000000000000e+00,2.032560803252153603e-01
4.128000000000000114e+01,2.502257525920868059e-02,9.233084678649902677e-02,0.000000000000000000e+00,1.000000000000000000e+00,2.035081893964218180e-01
4.130000000000000426e+01,2.503260672092437814e-02,9.242687702178954690e-02,0.000000000000000000e+00,1.000000000000000000e+00,2.056988022904953917e-01
4.132000000000000028e+01,2.504132091999054094e-02,9.257232427597045232e-02,0.000000000000000000e+00,1.000000000000000000e+00,2.101292455269066495e-01
4.134000000000000341e+01,2.504309713840484689e-02,9.266962051391601507e-02,0.000000000000000000e+00,1.000000000000000000e+00,2.166606755010325180e-01
4.135999999999999943e+01,2.504113018512725899e-02,9.276370525360107255e-02,0.000000000000000000e+00,1.000000000000000000e+00,2.244435739708647570e-01
4.138000000000000256e+01,2.503331899642944475e-02,9.289845228195189875e-02,0.000000000000000000e+00,1.000000000000000000e+00,2.319408710925110473e-01
4.139999999999999858e+01,2.502510845661163469e-02,9.298702955245971569e-02,0.000000000000000000e+00,1.000000000000000000e+00,2.376563301029936959e-01
4.142000000000000171e+01,2.501585185527801722e-02,9.306224584579467218e-02,0.000000000000000000e+00,1.000000000000000000e+00,2.409498836290866475e-01
4.143999999999999773e+01,2.501335442066192696e-02,9.307961940765380193e-02,0.000000000000000000e+00,1.000000000000000000e+00,2.421100636702425146e-01
4.146000000000000085e+01,2.501111924648284981e-02,9.309506177902221458e-02,0.000000000000000000e+00,1.000000000000000000e+00,2.419052541149918356e-01
4.148000000000000398e+01,2.500907778739929269e-02,9.311249256134032648e-02,0.000000000000000000e+00,1.000000000000000000e+00,2.411839946068963236e-01
4.150000000000000000e+01,2.500882148742675920e-02,9.311627626419066717e-02,0.000000000000000000e+00,1.000000000000000000e+00,2.406407195352885942e-01
4.152000000000000313e+01,2.500853836536407609e-02,9.312640428543091098e-02,0.000000000000000000e+00,1.000000000000000000e+00,2.406519376969869506e-01
4.153999999999999915e+01,2.500835061073303223e-02,9.313418626785277543e-02,0.000000000000000000e+00,1.000000000000000000e+00,2.411522154300264897e-01
4.156000000000000227e+01,2.500831186771393030e-02,9.313475847244262473e-02,0.000000000000000000e+00,1.000000000000000000e+00,2.415650493507019159e-01
4.157999999999999829e+01,2.500790655612945834e-02,9.313724756240844560e-02,0.000000000000000000e+00,1.000000000000000000e+00,2.409180469646943212e-01
4.160000000000000142e+01,2.500856518745422571e-02,9.313559532165527344e-02,0.000000000000000000e+00,1.000000000000000000e+00,2.384105453058521507e-01
4.161999999999999744e+01,2.501054406166076938e-02,9.313482999801635243e-02,0.000000000000000000e+00,1.000000000000000000e+00,2.341987171673834134e-01
4.164000000000000057e+01,2.501226663589477608e-02,9.313722610473632035e-02,0.000000000000000000e+00,1.000000000000000000e+00,2.293783402055928067e-01
4.166000000000000369e+01,2.501080334186554094e-02,9.313189029693602627e-02,0.000000000000000000e+00,1.000000000000000000e+00,2.250882473849312726e-01
4.167999999999999972e+01,2.501165568828582833e-02,9.313932180404663197e-02,0.000000000000000000e+00,1.000000000000000000e+00,2.218975428453602017e-01
4.170000000000000284e+01,2.501168549060821603e-02,9.314497947692870761e-02,0.000000000000000000e+00,1.000000000000000000e+00,2.198240786531596158e-01
4.171999999999999886e+01,2.501047849655151437e-02,9.315678119659423495e-02,0.000000000000000000e+00,1.000000000000000000e+00,2.185523050703717662e-01
4.174000000000000199e+01,2.500886321067810267e-02,9.316332578659057562e-02,0.000000000000000000e+00,1.000000000000000000e+00,2.176683078205496336e-01
4.175999999999999801e+01,2.500827312469482491e-02,9.316438436508178711e-02,0.000000000000000000e+00,1.000000000000000000e+00,2.168799799714302423e-01
4.178000000000000114e+01,2.500567138195038119e-02,9.316477775573729636e-02,0.000000000000000000e+00,1.000000000000000000e+00,2.160492304321389723e-01
4.180000000000000426e+01,2.500481605529785226e-02,9.316264629364012784e-02,0.000000000000000000e+00,1.000000000000000000e+00,2.150227401308682507e-01
4.182000000000000028e+01,2.500520348548889230e-02,9.316112995147704523e-02,0.000000000000000000e+00,1.000000000000000000e+00,2.135309274546466074e-01
4.184000000000000341e+01,2.500314414501190324e-02,9.316080808639526367e-02,0.000000000000000000e+00,1.000000000000000000e+00,2.113848107538170706e-01
4.185999999999999943e+01,2.500252127647399972e-02,9.315981388092040016e-02,0.000000000000000000e+00,1.000000000000000000e+00,2.088588024007807242e-01
4.188000000000000256e+01,2.500996887683868547e-02,9.318185806274413563e-02,0.000000000000000000e+00,1.000000000000000000e+00,2.067486992043211236e-01
4.189999999999999858e+01,2.501778900623321741e-02,9.321847200393676425e-02,0.000000000000000000e+00,1.000000000000000000e+00,2.059358447339920406e-01
4.192000000000000171e+01,2.502248585224151750e-02,9.325306892395018865e-02,0.000000000000000000e+00,1.000000000000000000e+00,2.070028127057422229e-01
4.193999999999999773e+01,2.502872049808502197e-02,9.333228349685668279e-02,0.000000000000000000e+00,1.000000000000000000e+00,2.101486999556725077e-01
4.196000000000000085e+01,2.502999007701874057e-02,9.337017059326171986e-02,0.000000000000000000e+00,1.000000000000000000e+00,2.151231276817389126e-01
4.198000000000000398e+01,2.502970993518829554e-02,9.345139503479003851e-02,0.000000000000000000e+00,1.000000000000000000e+00,2.211077301265230166e-01
4.200000000000000000e+01,2.502654790878296176e-02,9.354776859283446544e-02,0.000000000000000000e+00,1.000000000000000000e+00,2.268393049511628068e-01
4.202000000000000313e+01,2.502302229404449602e-02,9.361385822296142134e-02,0.000000000000000000e+00,1.000000000000000000e+00,2.310844043917012203e-01
4.203999999999999915e+01,2.502067089080810616e-02,9.365161657333373468e-02,0.000000000000000000e+00,1.000000000000000000e+00,2.331179611439537780e-01
4.206000000000000227e+01,2.501839697360992709e-02,9.369166374206543135e-02,0.000000000000000000e+00,1.000000000000000000e+00,2.329317482114764692e-01
4.207999999999999829e+01,2.501657307147979806e-02,9.373933553695677767e-02,0.000000000000000000e+00,1.000000000000000000e+00,2.312140756724507251e-01
4.210000000000000142e+01,2.501632273197174072e-02,9.375540018081664206e-02,0.000000000000000000e+00,1.000000000000000000e+00,2.290932056887943491e-01
4.211999999999999744e+01,2.501630783081054688e-02,9.377039909362792913e-02,0.000000000000000000e+00,1.000000000000000000e+00,2.276548775662383395e-01
4.214000000000000057e+01,2.501621842384338379e-02,9.380001068115234597e-02,0.000000000000000000e+00,1.000000000000000000e+00,2.275374590640396877e-01
4.216000000000000369e+01,2.501588463783264299e-02,9.381412982940673384e-02,0.000000000000000000e+00,1.000000000000000000e+00,2.288147517967138167e-01
4.217999999999999972e+01,2.501519620418548792e-02,9.382515907287597434e-02,0.000000000000000000e+00,1.000000000000000000e+00,2.309921005374958869e-01
4.220000000000000284e+01,2.501391768455505510e-02,9.383563756942749079e-02,0.000000000000000000e+00,1.000000000000000000e+00,2.330450783469239229e-01
4.221999999999999886e+01,2.500844001770019531e-02,9.386103630065917303e-02,0.000000000000000000e+00,1.000000000000000000e+00,2.338685547982087831e-01
4.224000000000000199e+01,2.500263452529907435e-02,9.387554168701171819e-02,0.000000000000000000e+00,1.000000000000000000e+00,2.331169618433172885e-01
4.225999999999999801e+01,2.500251829624176164e-02,9.387564182281493697e-02,0.000000000000000000e+00,1.000000000000000000e+00,2.313995505079133042e-01
4.228000000000000114e+01,2.500404715538025180e-02,9.387702226638793002e-02,0.000000000000000000e+00,1.000000000000000000e+00,2.295664428186061090e-01
4.230000000000000426e+01,2.500433921813964913e-02,9.387837409973144587e-02,0.000000000000000000e+00,1.000000000000000000e+00,2.281064244593872803e-01
4.232000000000000028e+01,2.500444650650024414e-02,9.387655019760131336e-02,0.000000000000000000e+00,1.000000000000000000e+00,2.270780381773609691e-01
4.234000000000000341e+01,2.500362992286682406e-02,9.387841701507568248e-02,0.000000000000000000e+00,1.000000000000000000e+00,2.263158076864065782e-01
4.235999999999999943e+01,2.500528097152709961e-02,9.387845277786253939e-02,0.000000000000000000e+00,1.000000000000000000e+00,2.256867070087815452e-01
4.238000000000000256e+01,2.500730752944946289e-02,9.388205766677856778e-02,0.000000000000000000e+00,1.000000000000000000e+00,2.251954379073614620e-01
4.239999999999999858e+01,2.500824034214019914e-02,9.388604879379272572e-02,0.000000000000000000e+00,1.000000000000000000e+00,2.248483813075389803e-01
4.242000000000000171e+01,2.500833868980407992e-02,9.388727903366088368e-02,0.000000000000000000e+00,1.000000000000000000e+00,2.244560806167290035e-01
4.243999999999999773e+01,2.500825822353363106e-02,9.388881683349609153e-02,0.000000000000000000e+00,1.000000000000000000e+00,2.236170184691675389e-01
4.246000000000000085e+01,2.500669956207275668e-02,9.389521121978759710e-02,0.000000000000000000e+00,1.000000000000000000e+00,2.220079980020291943e-01
4.248000000000000398e+01,2.500584125518798967e-02,9.389613389968871904e-02,0.000000000000000000e+00,1.000000000000000000e+00,2.197939883925546789e-01
4.250000000000000000e+01,2.501107454299926827e-02,9.390033960342407393e-02,0.000000000000000000e+00,1.000000000000000000e+00,2.176524577782327774e-01
4.252000000000000313e+01,2.500787377357482910e-02,9.389192104339599831e-02,0.000000000000000000e+00,1.000000000000000000e+00,2.163452732188152206e-01
4.253999999999999915e+01,2.501211166381836146e-02,9.391321420669555831e-02,0.000000000000000000e+00,1.000000000000000000e+00,2.163507761988950617e-01
4.256000000000000227e+01,2.501671612262726038e-02,9.395519256591797208e-02,0.000000000000000000e+00,1.000000000000000000e+00,2.177640496442954099e-01
4.257999999999999829e+01,2.502001225948333879e-02,9.401701211929321123e-02,0.000000000000000000e+00,1.000000000000000000e+00,2.202998194648638774e-01
4.260000000000000142e+01,2.502077519893646310e-02,9.406648635864257868e-02,0.000000000000000000e+00,1.000000000000000000e+00,2.233352162024235810e-01
4.261999999999999744e+01,2.502048015594482422e-02,9.410610437393188143e-02,0.000000000000000000e+00,1.000000000000000000e+00,2.260361990301353041e-01
4.264000000000000057e+01,2.501932680606842180e-02,9.418277978897093838e-02,0.000000000000000000e+00,1.000000000000000000e+00,2.275366179704231273e-01
4.266000000000000369e+01,2.501903772354126254e-02,9.422021627426147017e-02,0.000000000000000000e+00,1.000000000000000000e+00,2.271610757399364078e-01
4.267999999999999972e+01,2.501946389675140450e-02,9.426354646682738592e-02,0.000000000000000000e+00,1.000000000000000000e+00,2.247770228382582058e-01
4.270000000000000284e+01,2.502178251743316859e-02,9.434688091278076172e-02,0.000000000000000000e+00,1.000000000000000000e+00,2.211106128227471324e-01
4.271999999999999886e+01,2.502388060092926303e-02,9.440428733825682872e-02,0.000000000000000000e+00,1.000000000000000000e+00,2.175125292536507493e-01
4.274000000000000199e+01,2.502544224262237549e-02,9.445395469665526789e-02,0.000000000000000000e+00,1.000000000000000000e+00,2.152024332939983797e-01
4.275999999999999801e+01,2.502605020999908517e-02,9.450093269348144864e-02,0.000000000000000000e+00,1.000000000000000000e+00,2.147859340079094626e-01
4.278000000000000114e+01,2.502471804618835657e-02,9.458155632019042691e-02,0.000000000000000000e+00,1.000000000000000000e+00,2.162930135300602519e-01
4.280000000000000426e+01,2.502444386482238770e-02,9.458649873733519786e-02,0.000000000000000000e+00,1.000000000000000000e+00,2.192516536365387292e-01
4.282000000000000028e+01,2.502123415470123430e-02,9.461723327636718806e-02,0.000000000000000000e+00,1.000000000000000000e+00,2.226570766266328660e-01
4.284000000000000341e+01,2.501680254936218539e-02,9.464371204376220703e-02,0.000000000000000000e+00,1.000000000000000000e+00,2.253378539971527816e-01
4.285999999999999943e+01,2.501291632652282923e-02,9.465901851654053012e-02,0.000000000000000000e+00,1.000000000000000000e+00,2.267428038254497291e-01
4.288000000000000256e+01,2.501625418663025111e-02,9.465038537979125755e-02,0.000000000000000000e+00,1.000000000000000000e+00,2.271573887254553503e-01
4.289999999999999858e+01,2.501643598079681535e-02,9.465009212493896706e-02,0.000000000000000000e+00,1.000000000000000000e+00,2.271451977141962786e-01
4.292000000000000171e+01,2.501608133316040108e-02,9.465048551559447632e-02,0.000000000000000000e+00,1.000000000000000000e+00,2.270616189670319196e-01
4.293999999999999773e+01,2.501563429832458565e-02,9.464982032775878795e-02,0.000000000000000000e+00,1.000000000000000000e+00,2.270030954190438433e-01
4.296000000000000085e+01,2.501471936702728480e-02,9.464822530746459794e-02,0.000000000000000000e+00,1.000000000000000000e+00,2.270035520242877358e-01
4.298000000000000398e+01,2.501245439052581995e-02,9.464182376861571266e-02,0.000000000000000000e+00,1.000000000000000000e+00,2.271979002594457231e-01
4.300000000000000000e+01,2.501643002033233920e-02,9.465996265411376343e-02,0.000000000000000000e+00,1.000000000000000000e+00,2.277691381702492135e-01
4.302000000000000313e+01,2.502003312110900879e-02,9.468908071517943836e-02,0.000000000000000000e+00,1.000000000000000000e+00,2.287524912268873167e-01
4.303999999999999915e+01,2.502166032791137973e-02,9.472535848617553988e-02,0.000000000000000000e+00,1.000000000000000000e+00,2.298940938623984798e-01
4.306000000000000227e+01,2.502139806747436662e-02,9.473390579223632535e-02,0.000000000000000000e+00,1.000000000000000000e+00,2.307064875967374806e-01
4.307999999999999829e+01,2.501958310604095528e-02,9.474941253662108598e-02,0.000000000000000000e+00,1.000000000000000000e+00,2.307783614479941570e-01
4.310000000000000142e+01,2.501636743545532227e-02,9.476256608963012917e-02,0.000000000000000000e+00,1.000000000000000000e+00,2.301194515109100669e-01
4.311999999999999744e+01,2.501158118247985909e-02,9.477124929428100419e-02,0.000000000000000000e+00,1.000000000000000000e+00,2.291473548443890562e-01
4.314000000000000057e+01,2.501349151134490967e-02,9.477122068405151312e-02,0.000000000000000000e+00,1.000000000000000000e+00,2.283522689056096400e-01
4.316000000000000369e+01,2.501208186149597376e-02,9.476843833923340177e-02,0.000000000000000000e+00,1.000000000000000000e+00,2.280260067343744812e-01
4.317999999999999972e+01,2.501229643821716378e-02,9.476948976516723355e-02,0.000000000000000000e+00,1.000000000000000000e+00,2.282066759419913438e-01
4.320000000000000284e+01,2.501213252544403146e-02,9.476775884628295399e-02,0.000000000000000000e+00,1.000000000000000000e+00,2.287432116575836838e-01
4.321999999999999886e+01,2.501214444637298723e-02,9.476798057556151678e-02,0.000000000000000000e+00,1.000000000000000000e+00,2.293567145275830221e-01
4.324000000000000199e+01,2.501271665096282959e-02,9.478417396545410489e-02,0.000000000000000000e+00,1.000000000000000000e+00,2.296247589138810385e-01
4.325999999999999801e+01,2.501310408115386963e-02,9.479185581207275058e-02,0.000000000000000000e+00,1.000000000000000000e+00,2.289416759526612666e-01
4.328000000000000114e+01,2.501480281352996826e-02,9.481390714645385187e-02,0.000000000000000000e+00,1.000000000000000000e+00,2.266719953579814650e-01
4.330000000000000426e+01,2.501904964447021484e-02,9.485767364501952736e-02,0.000000000000000000e+00,1.000000000000000000e+00,2.226686568771162333e-01
4.332000000000000028e+01,2.502162158489227434e-02,9.488335847854613425e-02,0.000000000000000000e+00,1.000000000000000000e+00,2.177536278467585851e-01
4.334000000000000341e+01,2.502855062484741350e-02,9.496311664581298662e-02,0.000000000000000000e+00,1.000000000000000000e+00,2.133542692471323554e-01
4.335999999999999943e+01,2.502955794334411899e-02,9.497934579849243164e-02,0.000000000000000000e+00,1.000000000000000000e+00,2.105883238104542532e-01
4.338000000000000256e+01,2.503089606761932373e-02,9.502369880676268810e-02,0.000000000000000000e+00,1.000000000000000000e+00,2.098935096872206196e-01
4.339999999999999858e+01,2.503038644790649483e-02,9.510400772094726451e-02,0.000000000000000000e+00,1.000000000000000000e+00,2.111883191901130497e-01
4.342000000000000171e+01,2.502816915512084961e-02,9.515158653259277177e-02,0.000000000000000000e+00,1.000000000000000000e+00,2.139195140703538944e-01
4.343999999999999773e+01,2.502281069755554407e-02,9.521060943603515403e-02,0.000000000000000000e+00,1.000000000000000000e+00,2.170375050525034100e-01
4.346000000000000085e+01,2.501860857009887903e-02,9.524068593978882169e-02,0.000000000000000000e+00,1.000000000000000000e+00,2.194423515657634993e-01
4.348000000000000398e+01,2.501215636730194300e-02,9.527418851852416382e-02,0.000000000000000000e+00,1.000000000000000000e+00,2.206723995039088504e-01
4.350000000000000000e+01,2.501256167888641496e-02,9.527250051498412087e-02,0.000000000000000000e+00,1.000000000000000000e+00,2.209601866432059358e-01
4.352000000000000313e+01,2.500992715358734200e-02,9.528357267379759798e-02,0.000000000000000000e+00,1.000000000000000000e+00,2.207532960959628643e-01
4.353999999999999915e+01,2.500937283039093156e-02,9.528925895690917858e-02,0.000000000000000000e+00,1.000000000000000000e+00,2.203943449620523465e-01
4.356000000000000227e+01,2.500793337821960449e-02,9.527738571166992354e-02,0.000000000000000000e+00,1.000000000000000000e+00,2.201325962624215427e-01
4.357999999999999829e+01,2.500759065151214600e-02,9.527573347091675138e-02,0.000000000000000000e+00,1.000000000000000000e+00,2.202384152534717088e-01
4.360000000000000142e+01,2.501041591167450090e-02,9.529085397720336859e-02,0.000000000000000000e+00,1.000000000000000000e+00,2.209999587296124224e-01
4.361999999999999744e+01,2.501079738140106479e-02,9.529367208480835072e-02,0.000000000000000000e+00,1.000000000000000000e+00,2.225900554548417842e-01
4.364000000000000057e+01,2.501398921012878626e-02,9.533366918563843107e-02,0.000000000000000000e+00,1.000000000000000000e+00,2.249277216235516796e-01
4.366000000000000369e+01,2.501467764377594133e-02,9.535954713821410966e-02,0.000000000000000000e+00,1.000000000000000000e+00,2.276302669385114608e-01
4.367999999999999972e+01,2.501370906829834123e-02,9.539917230606079213e-02,0.000000000000000000e+00,1.000000000000000000e+00,2.301431218887267371e-01
4.370000000000000284e+01,2.501139342784881869e-02,9.543027877807616632e-02,0.000000000000000000e+00,1.000000000000000000e+00,2.320474880719476662e-01
4.371999999999999886e+01,2.500960826873779505e-02,9.544464111328124223e-02,0.000000000000000000e+00,1.000000000000000000e+00,2.332790995390520705e-01
4.374000000000000199e+01,2.500918209552764962e-02,9.544711589813231756e-02,0.000000000000000000e+00,1.000000000000000000e+00,2.340257605218151460e-01
4.375999999999999801e+01,2.500990033149719238e-02,9.544373989105224554e-02,0.000000000000000000e+00,1.000000000000000000e+00,2.344798084365758706e-01
4.378000000000000114e+01,2.500924468040466309e-02,9.544663667678832120e-02,0.000000000000000000e+00,1.000000000000000000e+00,2.347293205727332133e-01
4.380000000000000426e+01,2.500795125961303988e-02,9.545338869094847911e-02,0.000000000000000000e+00,1.000000000000000000e+00,2.348264827632459417e-01
4.382000000000000028e+01,2.500799000263214181e-02,9.545309543609618863e-02,0.000000000000000000e+00,1.000000000000000000e+00,2.348656786052388534e-01
4.384000000000000341e+01,2.500799298286437988e-02,9.545307397842406338e-02,0.000000000000000000e+00,1.000000000000000000e+00,2.349072767336304879e-01
4.385999999999999943e+01,2.500881850719452112e-02,9.545155048370361495e-02,0.000000000000000000e+00,1.000000000000000000e+00,2.347783979410208721e-01
4.388000000000000256e+01,2.500935494899749964e-02,9.545177221298217773e-02,0.000000000000000000e+00,1.000000000000000000e+00,2.339427496939981976e-01
4.389999999999999858e+01,2.501381039619446009e-02,9.545953989028929665e-02,0.000000000000000000e+00,1.000000000000000000e+00,2.316965893872699467e-01
4.392000000000000171e+01,2.501820325851440707e-02,9.547229290008545088e-02,0.000000000000000000e+00,1.000000000000000000e+00,2.278313545247160621e-01
4.393999999999999773e+01,2.502039968967437883e-02,9.548162698745726873e-02,0.000000000000000000e+00,1.000000000000000000e+00,2.231655853720622973e-01
4.396000000000000085e+01,2.502571642398834437e-02,9.551455020904540960e-02,0.000000000000000000e+00,1.000000000000000000e+00,2.190519020666101824e-01
4.398000000000000398e+01,2.502974569797515939e-02,9.555356740951537198e-02,0.000000000000000000e+00,1.000000000000000000e+00,2.164607570567251560e-01
4.400000000000000000e+01,2.503518760204315186e-02,9.565594911575317494e-02,0.000000000000000000e+00,1.000000000000000000e+00,2.157145961235062970e-01
4.402000000000000313e+01,2.503541409969330112e-02,9.568672657012938787e-02,0.000000000000000000e+00,1.000000000000000000e+00,2.166144637844573395e-01
4.403999999999999915e+01,2.503351569175720284e-02,9.573928356170653686e-02,0.000000000000000000e+00,1.000000000000000000e+00,2.184486895066969914e-01
4.406000000000000227e+01,2.502848803997040003e-02,9.580319166183470792e-02,0.000000000000000000e+00,1.000000000000000000e+00,2.201139584396677451e-01
4.407999999999999829e+01,2.502709925174713412e-02,9.581476449966430664e-02,0.000000000000000000e+00,1.000000000000000000e+00,2.206726455067579140e-01
4.410000000000000142e+01,2.502152919769287318e-02,9.585069894790648748e-02,0.000000000000000000e+00,1.000000000000000000e+00,2.198572382732318919e-01
4.411999999999999744e+01,2.502277195453643868e-02,9.584332466125487782e-02,0.000000000000000000e+00,1.000000000000000000e+00,2.179752618190098357e-01
4.414000000000000057e+01,2.502055466175079346e-02,9.586048364639282449e-02,0.000000000000000000e+00,1.000000000000000000e+00,2.155462147262594830e-01
4.416000000000000369e+01,2.502038776874542306e-02,9.586823701858519786e-02,0.000000000000000000e+00,1.000000000000000000e+00,2.131198403873043601e-01
4.417999999999999972e+01,2.502072155475616733e-02,9.587200641632079301e-02,0.000000000000000000e+00,1.000000000000000000e+00,2.112463771178645922e-01
4.420000000000000284e+01,2.502171695232391357e-02,9.587949514389038086e-02,0.000000000000000000e+00,1.000000000000000000e+00,2.104096460029904192e-01
4.421999999999999886e+01,2.502127587795257777e-02,9.587588310241698664e-02,0.000000000000000000e+00,1.000000000000000000e+00,2.109065712718186658e-01
4.424000000000000199e+01,2.502412199974060267e-02,9.590792655944824219e-02,0.000000000000000000e+00,1.000000000000000000e+00,2.127607366707067460e-01
4.425999999999999801e+01,2.502593100070953439e-02,9.594500541687010775e-02,0.000000000000000000e+00,1.000000000000000000e+00,2.156837861661919931e-01
4.428000000000000114e+01,2.502596974372863978e-02,9.594906091690062755e-02,0.000000000000000000e+00,1.000000000000000000e+00,2.191135356573426785e-01
4.430000000000000426e+01,2.502512037754059046e-02,9.598142623901366466e-02,0.000000000000000000e+00,1.000000000000000000e+00,2.224331325866509279e-01
4.432000000000000028e+01,2.502399384975433419e-02,9.600214004516600952e-02,0.000000000000000000e+00,1.000000000000000000e+00,2.252765916540284408e-01
4.434000000000000341e+01,2.502276301383972446e-02,9.601987123489379161e-02,0.000000000000000000e+00,1.000000000000000000e+00,2.276002982848353007e-01
4.435999999999999943e+01,2.502296268939972063e-02,9.601678133010864424e-02,0.000000000000000000e+00,1.000000000000000000e+00,2.294817747792561868e-01
4.438000000000000256e+01,2.502172589302063127e-02,9.605069875717162087e-02,0.000000000000000000e+00,1.000000000000000000e+00,2.309477010601057589e-01
4.439999999999999858e+01,2.502178549766540666e-02,9.607436656951903742e-02,0.000000000000000000e+00,1.000000000000000000e+00,2.320235227265613764e-01
4.442000000000000171e+01,2.502192556858062744e-02,9.607887983322142833e-02,0.000000000000000000e+00,1.000000000000000000e+00,2.328936351782503189e-01
4.443999999999999773e+01,2.502237260341644287e-02,9.609231233596801647e-02,0.000000000000000000e+00,1.000000000000000000e+00,2.338982098274453580e-01
4.446000000000000085e+01,2.502268254756927560e-02,9.613241672515868141e-02,0.000000000000000000e+00,1.000000000000000000e+00,2.352930113007181412e-01
4.448000000000000398e+01,2.502208054065704554e-02,9.614583492279052401e-02,0.000000000000000000e+00,1.000000000000000000e+00,2.369696628483577705e-01
4.450000000000000000e+01,2.502086460590362618e-02,9.615482568740844893e-02,0.000000000000000000e+00,1.000000000000000000e+00,2.383059732287419186e-01
4.452000000000000313e+01,2.501788735389709473e-02,9.616400957107543168e-02,0.000000000000000000e+00,1.000000000000000000e+00,2.383674050132216782e-01
4.453999999999999915e+01,2.501434385776520053e-02,9.616676330566406583e-02,0.000000000000000000e+00,1.000000000000000000e+00,2.366721653018430127e-01
4.456000000000000227e+01,2.501490414142608712e-02,9.616732835769653542e-02,0.000000000000000000e+00,1.000000000000000000e+00,2.338279356857140001e-01
4.457999999999999829e+01,2.501632273197174072e-02,9.617142677307129184e-02,0.000000000000000000e+00,1.000000000000000000e+00,2.310521377865905335e-01
4.460000000000000142e+01,2.501592040061950684e-02,9.616918802261352484e-02,0.000000000000000000e+00,1.000000000000000000e+00,2.292699637348945552e-01
4.461999999999999744e+01,2.501898407936096330e-02,9.620299100875853715e-02,0.000000000000000000e+00,1.000000000000000000e+00,2.287912567241461304e-01
4.464000000000000057e+01,2.502020299434662073e-02,9.624750137329100841e-02,0.000000000000000000e+00,1.000000000000000000e+00,2.293452429745786170e-01
4.466000000000000369e+01,2.501944899559021065e-02,9.627887964248657560e-02,0.000000000000000000e+00,1.000000000000000000e+00,2.301488280172121204e-01
4.467999999999999972e+01,2.501474022865295480e-02,9.634770154953002652e-02,0.000000000000000000e+00,1.000000000000000000e+00,2.301755945170445017e-01
4.470000000000000284e+01,2.501066327095032016e-02,9.638648271560668057e-02,0.000000000000000000e+00,1.000000000000000000e+00,2.286559071565062995e-01
4.471999999999999886e+01,2.500970959663391391e-02,9.639400005340575950e-02,0.000000000000000000e+00,1.000000000000000000e+00,2.253936868126921456e-01
4.474000000000000199e+01,2.500764131546020716e-02,9.641168832778930498e-02,0.000000000000000000e+00,1.000000000000000000e+00,2.207194431813844504e-01
4.475999999999999801e+01,2.500745058059692522e-02,9.641487836837768499e-02,0.000000000000000000e+00,1.000000000000000000e+00,2.153349451462653608e-01
4.478000000000000114e+01,2.500767111778259486e-02,9.642331123352050615e-02,0.000000000000000000e+00,1.000000000000000000e+00,2.101613865728397812e-01
4.480000000000000426e+01,2.500828802585601876e-02,9.643041372299193670e-02,0.000000000000000000e+00,1.000000000000000000e+00,2.060898404389861216e-01
4.482000000000000028e+01,2.501121759414673060e-02,9.645931005477904885e-02,0.000000000000000000e+00,1.000000000000000000e+00,2.037088940129784254e-01
4.484000000000000341e+01,2.501432001590728899e-02,9.649611711502074918e-02,0.000000000000000000e+00,1.000000000000000000e+00,2.032067957248887557e-01
4.485999999999999943e+01,2.501669228076934884e-02,9.654063463211058627e-02,0.000000000000000000e+00,1.000000000000000000e+00,2.044148606877938257e-01
4.488000000000000256e+01,2.501665353775024692e-02,9.653851747512817716e-02,0.000000000000000000e+00,1.000000000000000000e+00,2.068448622731113851e-01
4.489999999999999858e+01,2.501630783081054688e-02,9.656515359878539706e-02,0.000000000000000000e+00,1.000000000000000000e+00,2.097906704957880342e-01
4.492000000000000171e+01,2.501575350761413644e-02,9.658015251159667025e-02,0.000000000000000000e+00,1.000000000000000000e+00,2.126264178633006929e-01
4.493999999999999773e+01,2.501558065414428988e-02,9.658385038375853771e-02,0.000000000000000000e+00,1.000000000000000000e+00,2.150717491806188042e-01
4.496000000000000085e+01,2.501555383205414027e-02,9.658466577529907504e-02,0.000000000000000000e+00,1.000000000000000000e+00,2.171224984388353818e-01
4.498000000000000398e+01,2.501558959484100411e-02,9.660583734512329102e-02,0.000000000000000000e+00,1.000000000000000000e+00,2.188175402890389920e-01
4.500000000000000000e+01,2.501726746559143275e-02,9.664335250854491632e-02,0.000000000000000000e+00,1.000000000000000000e+00,2.201801572660121997e-01
4.502000000000000313e+01,2.501932382583618372e-02,9.667121171951294223e-02,0.000000000000000000e+00,1.000000000000000000e+00,2.213812970781740552e-01
4.503999999999999915e+01,2.502126991748809814e-02,9.669592380523681086e-02,0.000000000000000000e+00,1.000000000000000000e+00,2.228530270525184431e-01
4.506000000000000227e+01,2.502346336841583530e-02,9.673133611679077259e-02,0.000000000000000000e+00,1.000000000000000000e+00,2.251207589999519032e-01
4.507999999999999829e+01,2.502448260784149309e-02,9.676539659500121848e-02,0.000000000000000000e+00,1.000000000000000000e+00,2.285115770189725115e-01
4.510000000000000142e+01,2.502343058586120605e-02,9.684363842010497436e-02,0.000000000000000000e+00,1.000000000000000000e+00,2.329210585039054870e-01
4.511999999999999744e+01,2.502038776874542306e-02,9.688770532608032005e-02,0.000000000000000000e+00,1.000000000000000000e+00,2.376109234877347154e-01
4.514000000000000057e+01,2.501416504383087436e-02,9.693057775497436468e-02,0.000000000000000000e+00,1.000000000000000000e+00,2.413068769575541506e-01
4.516000000000000369e+01,2.501483559608459750e-02,9.692811727523803489e-02,0.000000000000000000e+00,1.000000000000000000e+00,2.430369536680731246e-01
4.517999999999999972e+01,2.500901520252227922e-02,9.693757295608519675e-02,0.000000000000000000e+00,1.000000000000000000e+00,2.429873845966383783e-01
4.520000000000000284e+01,2.500180602073669503e-02,9.693662881851196345e-02,0.000000000000000000e+00,1.000000000000000000e+00,2.421754835934655514e-01
4.521999999999999886e+01,2.500351667404174943e-02,9.694030523300170565e-02,0.000000000000000000e+00,1.000000000000000000e+00,2.415343664792201084e-01
4.524000000000000199e+01,2.500700056552887171e-02,9.695928812026977095e-02,0.000000000000000000e+00,1.000000000000000000e+00,2.414595947721620284e-01
4.525999999999999801e+01,2.500829398632049838e-02,9.697892189025877907e-02,0.000000000000000000e+00,1.000000000000000000e+00,2.417907049860095747e-01
4.528000000000000114e+01,2.500813007354736606e-02,9.699896335601806974e-02,0.000000000000000000e+00,1.000000000000000000e+00,2.419461006033846173e-01
4.530000000000000426e+01,2.500716745853424211e-02,9.701462030410766546e-02,0.000000000000000000e+00,1.000000000000000000e+00,2.411571204280112957e-01
4.532000000000000028e+01,2.500654757022857666e-02,9.702111482620238980e-02,0.000000000000000000e+00,1.000000000000000000e+00,2.387395499942107369e-01
4.534000000000000341e+01,2.500627636909484933e-02,9.702388286590575561e-02,0.000000000000000000e+00,1.000000000000000000e+00,2.343177638725353340e-01
4.535999999999999943e+01,2.500658929347992013e-02,9.701812505722046120e-02,0.000000000000000000e+00,1.000000000000000000e+00,2.280395601191028410e-01
4.538000000000000256e+01,2.500670850276947091e-02,9.702324628829955833e-02,0.000000000000000000e+00,1.000000000000000000e+00,2.207265573688828308e-01
4.539999999999999858e+01,2.500784695148468295e-02,9.703654289245605691e-02,0.000000000000000000e+00,1.000000000000000000e+00,2.136594391468599474e-01
4.542000000000000171e+01,2.500940859317779541e-02,9.705154895782470981e-02,0.000000000000000000e+00,1.000000000000000000e+00,2.079870102044299729e-01
4.543999999999999773e+01,2.500863671302795688e-02,9.704285860061645508e-02,0.000000000000000000e+00,1.000000000000000000e+00,2.042986459748747652e-01
4.546000000000000085e+01,2.501008510589599818e-02,9.706837892532348133e-02,0.000000000000000000e+00,1.000000000000000000e+00,2.026433950528588601e-01
4.548000000000000398e+01,2.501023709774017473e-02,9.707628250122070368e-02,0.000000000000000000e+00,1.000000000000000000e+00,2.026980778423827234e-01
4.550000000000000000e+01,2.500990629196167200e-02,9.709438562393188366e-02,0.000000000000000000e+00,1.000000000000000000e+00,2.038577853494425440e-01
4.552000000000000313e+01,2.500888407230377267e-02,9.711505651473999190e-02,0.000000000000000000e+00,1.000000000000000000e+00,2.054004625927841332e-01
4.553999999999999915e+01,2.500915825366974155e-02,9.711089372634887362e-02,0.000000000000000000e+00,1.000000000000000000e+00,2.067988635777846806e-01
4.556000000000000227e+01,2.500897049903869768e-02,9.711444854736327181e-02,0.000000000000000000e+00,1.000000000000000000e+00,2.078612731022488336e-01
4.557999999999999829e+01,2.500894963741302768e-02,9.712671518325804998e-02,0.000000000000000000e+00,1.000000000000000000e+00,2.085669282271327696e-01
4.560000000000000142e+01,2.500854432582855225e-02,9.712071418762206754e-02,0.000000000000000000e+00,1.000000000000000000e+00,2.089150908150741170e-01
4.561999999999999744e+01,2.500863075256347726e-02,9.712145805358886330e-02,0.000000000000000000e+00,1.000000000000000000e+00,2.090285678493548904e-01
4.564000000000000057e+01,2.501098513603210519e-02,9.713976144790649470e-02,0.000000000000000000e+00,1.000000000000000000e+00,2.093488625554213722e-01
4.566000000000000369e+01,2.500855624675750802e-02,9.711826086044311745e-02,0.000000000000000000e+00,1.000000000000000000e+00,2.105622894052087690e-01
4.567999999999999972e+01,2.500758767127990792e-02,9.710654497146606334e-02,0.000000000000000000e+00,1.000000000000000000e+00,2.132892056909703182e-01
4.570000000000000284e+01,2.500853836536407609e-02,9.712768077850340853e-02,0.000000000000000000e+00,1.000000000000000000e+00,2.178737445531465367e-01
4.571999999999999886e+01,2.500853538513183802e-02,9.712659358978270596e-02,0.000000000000000000e+00,1.000000000000000000e+00,2.242266537497918100e-01
4.574000000000000199e+01,2.500780522823333948e-02,9.714451074600219393e-02,0.000000000000000000e+00,1.000000000000000000e+00,2.315403919465012228e-01
4.575999999999999801e+01,2.500205039978027621e-02,9.720831871032714622e-02,0.000000000000000000e+00,1.000000000000000000e+00,2.382808197544934448e-01
4.578000000000000114e+01,2.499793320894241541e-02,9.723589897155761330e-02,0.000000000000000000e+00,1.000000000000000000e+00,2.430354860773623893e-01
4.580000000000000426e+01,2.499274313449859758e-02,9.725859403610229159e-02,0.000000000000000000e+00,1.000000000000000000e+00,2.454958886352929526e-01
4.582000000000000028e+01,2.499505728483200281e-02,9.725214958190916970e-02,0.000000000000000000e+00,1.000000000000000000e+00,2.463460646823198430e-01
4.584000000000000341e+01,2.499278038740158220e-02,9.725543975830078236e-02,0.000000000000000000e+00,1.000000000000000000e+00,2.464706955613736039e-01
4.585999999999999943e+01,2.499319016933441301e-02,9.725545406341552790e-02,0.000000000000000000e+00,1.000000000000000000e+00,2.464555623878617041e-01
4.588000000000000256e+01,2.499229162931442330e-02,9.725307226181030551e-02,0.000000000000000000e+00,1.000000000000000000e+00,2.465041759497002827e-01
4.589999999999999858e+01,2.499241828918457101e-02,9.725552558898925559e-02,0.000000000000000000e+00,1.000000000000000000e+00,2.464997706994810911e-01
4.592000000000000171e+01,2.499244213104248255e-02,9.725522518157958540e-02,0.000000000000000000e+00,1.000000000000000000e+00,2.460468305312055459e-01
4.593999999999999773e+01,2.499251663684845179e-02,9.725450992584228072e-02,0.000000000000000000e+00,1.000000000000000000e+00,2.444990135871320247e-01
4.596000000000000085e+01,2.499244958162307947e-02,9.725071191787719449e-02,0.000000000000000000e+00,1.000000000000000000e+00,2.411387698121590373e-01
4.598000000000000398e+01,2.499228268861770907e-02,9.724981069564818392e-02,0.000000000000000000e+00,1.000000000000000000e+00,2.356740103948347653e-01
4.600000000000000000e+01,2.499342262744903842e-02,9.725461006164549949e-02,0.000000000000000000e+00,1.000000000000000000e+00,2.287551596695485412e-01
4.602000000000000313e+01,2.499358355998992920e-02,9.725539684295654574e-02,0.000000000000000000e+00,1.000000000000000000e+00,2.217669169833530463e-01
4.603999999999999915e+01,2.499168217182159632e-02,9.724270820617675337e-02,0.000000000000000000e+00,1.000000000000000000e+00,2.159570849519275859e-01
4.606000000000000227e+01,2.499296814203262607e-02,9.725686311721801203e-02,0.000000000000000000e+00,1.000000000000000000e+00,2.119003104466335996e-01
4.607999999999999829e+01,2.499383687973022461e-02,9.728313446044921375e-02,0.000000000000000000e+00,1.000000000000000000e+00,2.095825705330906785e-01
4.610000000000000142e+01,2.499347627162933419e-02,9.729829072952270175e-02,0.000000000000000000e+00,1.000000000000000000e+00,2.086246537839389903e-01
4.611999999999999744e+01,2.499374598264694422e-02,9.729492902755737527e-02,0.000000000000000000e+00,1.000000000000000000e+00,2.084389416167621856e-01
4.614000000000000057e+01,2.499112635850906511e-02,9.731483459472656250e-02,0.000000000000000000e+00,1.000000000000000000e+00,2.084544143338626088e-01
4.616000000000000369e+01,2.498952299356460571e-02,9.732494831085204690e-02,0.000000000000000000e+00,1.000000000000000000e+00,2.083318289541709889e-01
4.617999999999999972e+01,2.499070018529891968e-02,9.731396198272704301e-02,0.000000000000000000e+00,1.000000000000000000e+00,2.079265605874281164e-01
4.620000000000000284e+01,2.499087303876876970e-02,9.731713056564331166e-02,0.000000000000000000e+00,1.000000000000000000e+00,2.071178804688200981e-01
4.621999999999999886e+01,2.499168962240219324e-02,9.732132196426390713e-02,0.000000000000000000e+00,1.000000000000000000e+00,2.058323268251509019e-01
4.624000000000000199e+01,2.499240487813949793e-02,9.732449054718017578e-02,0.000000000000000000e+00,1.000000000000000000e+00,2.043132005998481993e-01
4.625999999999999801e+01,2.499407380819320887e-02,9.733296632766723355e-02,0.000000000000000000e+00,1.000000000000000000e+00,2.032560803252129733e-01
4.628000000000000114e+01,2.499910145998001168e-02,9.736617565155028520e-02,0.000000000000000000e+00,1.000000000000000000e+00,2.035081893964224009e-01
4.630000000000000426e+01,2.500295639038085938e-02,9.740309000015258400e-02,0.000000000000000000e+00,1.000000000000000000e+00,2.056988022904956970e-01
4.632000000000000028e+01,2.500815689563751221e-02,9.748991489410399613e-02,0.000000000000000000e+00,1.000000000000000000e+00,2.101292455269058446e-01
4.634000000000000341e+01,2.500867843627929688e-02,9.751847505569458119e-02,0.000000000000000000e+00,1.000000000000000000e+00,2.166606755010313801e-01
4.635999999999999943e+01,2.500787079334259103e-02,9.755710601806640014e-02,0.000000000000000000e+00,1.000000000000000000e+00,2.244435739708657285e-01
4.638000000000000256e+01,2.500919997692108154e-02,9.753418922424315907e-02,0.000000000000000000e+00,1.000000000000000000e+00,2.319408710925116857e-01
4.639999999999999858e+01,2.500471174716949532e-02,9.758259057998656949e-02,0.000000000000000000e+00,1.000000000000000000e+00,2.376563301029910869e-01
4.642000000000000171e+01,2.500089704990387032e-02,9.761357545852661355e-02,0.000000000000000000e+00,1.000000000000000000e+00,2.409498836290845381e-01
4.643999999999999773e+01,2.499746978282928536e-02,9.763742923736572210e-02,0.000000000000000000e+00,1.000000000000000000e+00,2.421100636702405162e-01
4.646000000000000085e+01,2.499580085277557442e-02,9.764895915985107033e-02,0.000000000000000000e+00,1.000000000000000000e+00,2.419052541149900870e-01
4.648000000000000398e+01,2.499597966670990060e-02,9.764742851257324219e-02,0.000000000000000000e+00,1.000000000000000000e+00,2.411839946068951024e-01
4.650000000000000000e+01,2.499633282423019409e-02,9.764224290847778320e-02,0.000000000000000000e+00,1.000000000000000000e+00,2.406407195352872341e-01
4.652000000000000313e+01,2.499615848064422677e-02,9.764849424362181951e-02,0.000000000000000000e+00,1.000000000000000000e+00,2.406519376969859791e-01
4.653999999999999915e+01,2.499606460332870483e-02,9.765234231948852206e-02,0.000000000000000000e+00,1.000000000000000000e+00,2.411522154300250187e-01
4.656000000000000227e+01,2.499558329582214633e-02,9.765971660614013172e-02,0.000000000000000000e+00,1.000000000000000000e+00,2.415650493507004448e-01
4.657999999999999829e+01,2.499618977308273524e-02,9.765598297119140736e-02,0.000000000000000000e+00,1.000000000000000000e+00,2.409180469646926281e-01
4.660000000000000142e+01,2.499432712793350428e-02,9.766064643859863337e-02,0.000000000000000000e+00,1.000000000000000000e+00,2.384105453058506519e-01
4.661999999999999744e+01,2.499271929264068604e-02,9.766126871109008512e-02,0.000000000000000000e+00,1.000000000000000000e+00,2.341987171673824975e-01
4.664000000000000057e+01,2.499261200428009103e-02,9.766111850738525002e-02,0.000000000000000000e+00,1.000000000000000000e+00,2.293783402055906417e-01
4.666000000000000369e+01,2.499299198389053414e-02,9.766250610351562278e-02,0.000000000000000000e+00,1.000000000000000000e+00,2.250882473849295240e-01
4.667999999999999972e+01,2.499203085899353097e-02,9.765413045883178378e-02,0.000000000000000000e+00,1.000000000000000000e+00,2.218975428453580367e-01
4.670000000000000284e+01,2.499201744794845789e-02,9.765151262283325306e-02,0.000000000000000000e+00,1.000000000000000000e+00,2.198240786531587831e-01
4.671999999999999886e+01,2.499205172061920444e-02,9.765117645263671209e-02,0.000000000000000000e+00,1.000000000000000000e+00,2.185523050703709613e-01
4.674000000000000199e+01,2.499108463525772164e-02,9.765509605407714233e-02,0.000000000000000000e+00,1.000000000000000000e+00,2.176683078205483290e-01
4.675999999999999801e+01,2.499220222234726022e-02,9.765309333801269753e-02,0.000000000000000000e+00,1.000000000000000000e+00,2.168799799714288268e-01
4.678000000000000114e+01,2.499321103096008301e-02,9.765294313430786244e-02,0.000000000000000000e+00,1.000000000000000000e+00,2.160492304321370849e-01
4.680000000000000426e+01,2.499212026596069405e-02,9.765023231506347878e-02,0.000000000000000000e+00,1.000000000000000000e+00,2.150227401308660857e-01
4.682000000000000028e+01,2.499246895313263217e-02,9.764886617660521739e-02,0.000000000000000000e+00,1.000000000000000000e+00,2.135309274546441649e-01
4.684000000000000341e+01,2.499566227197647095e-02,9.764936685562133900e-02,0.000000000000000000e+00,1.000000000000000000e+00,2.113848107538151277e-01
4.685999999999999943e+01,2.500032782554626604e-02,9.765682697296142190e-02,0.000000000000000000e+00,1.000000000000000000e+00,2.088588024007810295e-01
4.688000000000000256e+01,2.500328719615936557e-02,9.766558170318602461e-02,0.000000000000000000e+00,1.000000000000000000e+00,2.067486992043202076e-01
4.689999999999999858e+01,2.500806450843811105e-02,9.768794775009155551e-02,0.000000000000000000e+00,1.000000000000000000e+00,2.059358447339909859e-01
4.692000000000000171e+01,2.500506043434143344e-02,9.766581773757934681e-02,0.000000000000000000e+00,1.000000000000000000e+00,2.070028127057404188e-01
4.693999999999999773e+01,2.500441074371338029e-02,9.765757083892821766e-02,0.000000000000000000e+00,1.000000000000000000e+00,2.101486999556685387e-01
4.696000000000000085e+01,2.500506937503814767e-02,9.767721891403198520e-02,0.000000000000000000e+00,1.000000000000000000e+00,2.151231276817378579e-01
4.698000000000000398e+01,2.500487864017486572e-02,9.773258686065673662e-02,0.000000000000000000e+00,1.000000000000000000e+00,2.211077301265221839e-01
4.700000000000000000e+01,2.500384449958801408e-02,9.776410102844237948e-02,0.000000000000000000e+00,1.000000000000000000e+00,2.268393049511621407e-01
4.702000000000000313e+01,2.500344812870025635e-02,9.777153968811035101e-02,0.000000000000000000e+00,1.000000000000000000e+00,2.310844043917009705e-01
4.703999999999999915e+01,2.500402927398681641e-02,9.776219129562377375e-02,0.000000000000000000e+00,1.000000000000000000e+00,2.331179611439557209e-01
4.706000000000000227e+01,2.500163912773132463e-02,9.780428409576415183e-02,0.000000000000000000e+00,1.000000000000000000e+00,2.329317482114786897e-01
4.707999999999999829e+01,2.500197589397430697e-02,9.779548645019531250e-02,0.000000000000000000e+00,1.000000000000000000e+00,2.312140756724507529e-01
4.710000000000000142e+01,2.500176429748535156e-02,9.780908346176146739e-02,0.000000000000000000e+00,1.000000000000000000e+00,2.290932056887927115e-01
4.711999999999999744e+01,2.500175237655639926e-02,9.782075643539428489e-02,0.000000000000000000e+00,1.000000000000000000e+00,2.276548775662366741e-01
4.714000000000000057e+01,2.500173747539520541e-02,9.782546281814574751e-02,0.000000000000000000e+00,1.000000000000000000e+00,2.275374590640398265e-01
4.716000000000000369e+01,2.500144839286804269e-02,9.783770799636840043e-02,0.000000000000000000e+00,1.000000000000000000e+00,2.288147517967137334e-01
4.717999999999999972e+01,2.500070035457611223e-02,9.784969568252563366e-02,0.000000000000000000e+00,1.000000000000000000e+00,2.309921005374956371e-01
4.720000000000000284e+01,2.499734312295913766e-02,9.787721872329711859e-02,0.000000000000000000e+00,1.000000000000000000e+00,2.330450783469237563e-01
4.721999999999999886e+01,2.499874681234359741e-02,9.787070989608764870e-02,0.000000000000000000e+00,1.000000000000000000e+00,2.338685547982084778e-01
4.724000000000000199e+01,2.499912083148956438e-02,9.786977291107176735e-02,0.000000000000000000e+00,1.000000000000000000e+00,2.331169618433177881e-01
4.725999999999999801e+01,2.500148415565491000e-02,9.786775588989257701e-02,0.000000000000000000e+00,1.000000000000000000e+00,2.313995505079136372e-01
4.728000000000000114e+01,2.499944418668747018e-02,9.786591768264769897e-02,0.000000000000000000e+00,1.000000000000000000e+00,2.295664428186057204e-01
4.730000000000000426e+01,2.499902695417404244e-02,9.786398649215698187e-02,0.000000000000000000e+00,1.000000000000000000e+00,2.281064244593867529e-01
4.732000000000000028e+01,2.499903440475463937e-02,9.786385774612425814e-02,0.000000000000000000e+00,1.000000000000000000e+00,2.270780381773606915e-01
4.734000000000000341e+01,2.499898225069046090e-02,9.786397933959960216e-02,0.000000000000000000e+00,1.000000000000000000e+00,2.263158076864068835e-01
4.735999999999999943e+01,2.499847412109375278e-02,9.786397218704223633e-02,0.000000000000000000e+00,1.000000000000000000e+00,2.256867070087810179e-01
4.738000000000000256e+01,2.499933093786239902e-02,9.786549568176268477e-02,0.000000000000000000e+00,1.000000000000000000e+00,2.251954379073613788e-01
4.739999999999999858e+01,2.500092685222625802e-02,9.787231922149658425e-02,0.000000000000000000e+00,1.000000000000000000e+00,2.248483813075389526e-01
4.742000000000000171e+01,2.500158250331878731e-02,9.788058757781982477e-02,0.000000000000000000e+00,1.000000000000000000e+00,2.244560806167298361e-01
4.743999999999999773e+01,2.500145435333252231e-02,9.788301944732664961e-02,0.000000000000000000e+00,1.000000000000000000e+00,2.236170184691667062e-01
4.746000000000000085e+01,2.499970644712448328e-02,9.789019346237182173e-02,0.000000000000000000e+00,1.000000000000000000e+00,2.220079980020285282e-01
4.748000000000000398e+01,2.499966174364090174e-02,9.789024353027343806e-02,0.000000000000000000e+00,1.000000000000000000e+00,2.197939883925540128e-01
4.750000000000000000e+01,2.500701844692230363e-02,9.789615154266356756e-02,0.000000000000000000e+00,1.000000000000000000e+00,2.176524577782321668e-01
4.752000000000000313e+01,2.500442862510681222e-02,9.788934230804442749e-02,0.000000000000000000e+00,1.000000000000000000e+00,2.163452732188143324e-01
4.753999999999999915e+01,2.500683665275573939e-02,9.790143728256224531e-02,0.000000000000000000e+00,1.000000000000000000e+00,2.163507761988958944e-01
4.756000000000000227e+01,2.500911355018616000e-02,9.792219400405884067e-02,0.000000000000000000e+00,1.000000000000000000e+00,2.177640496442959928e-01
4.757999999999999829e+01,2.500932514667511194e-02,9.792616367340087336e-02,0.000000000000000000e+00,1.000000000000000000e+00,2.202998194648642105e-01
4.760000000000000142e+01,2.500959634780883928e-02,9.794385194778441883e-02,0.000000000000000000e+00,1.000000000000000000e+00,2.233352162024224985e-01
4.761999999999999744e+01,2.500941455364227503e-02,9.796819925308226928e-02,0.000000000000000000e+00,1.000000000000000000e+00,2.260361990301338053e-01
4.764000000000000057e+01,2.500913441181183000e-02,9.798680305480957087e-02,0.000000000000000000e+00,1.000000000000000000e+00,2.275366179704214065e-01
4.766000000000000369e+01,2.500912249088287423e-02,9.798844814300536332e-02,0.000000000000000000e+00,1.000000000000000000e+00,2.271610757399362968e-01
4.767999999999999972e+01,2.500925958156585693e-02,9.800226688385009488e-02,0.000000000000000000e+00,1.000000000000000000e+00,2.247770228382571234e-01
4.770000000000000284e+01,2.500977516174316545e-02,9.802078485488890935e-02,0.000000000000000000e+00,1.000000000000000000e+00,2.211106128227462719e-01
4.771999999999999886e+01,2.501133978366851945e-02,9.806361436843871737e-02,0.000000000000000000e+00,1.000000000000000000e+00,2.175125292536549126e-01
4.774000000000000199e+01,2.501121461391449252e-02,9.805964469909667081e-02,0.000000000000000000e+00,1.000000000000000000e+00,2.152024332940017659e-01
4.775999999999999801e+01,2.501185834407806605e-02,9.810937643051147183e-02,0.000000000000000000e+00,1.000000000000000000e+00,2.147859340079093793e-01
4.778000000000000114e+01,2.501121163368225098e-02,9.814852237701415794e-02,0.000000000000000000e+00,1.000000000000000000e+00,2.162930135300580314e-01
4.780000000000000426e+01,2.501073181629180978e-02,9.815719127655028742e-02,0.000000000000000000e+00,1.000000000000000000e+00,2.192516536365362867e-01
4.782000000000000028e+01,2.500834763050079415e-02,9.818000793457030972e-02,0.000000000000000000e+00,1.000000000000000000e+00,2.226570766266330048e-01
4.784000000000000341e+01,2.500779032707214564e-02,9.818333387374877930e-02,0.000000000000000000e+00,1.000000000000000000e+00,2.253378539971530314e-01
4.785999999999999943e+01,2.500334382057189941e-02,9.820086479187010997e-02,0.000000000000000000e+00,1.000000000000000000e+00,2.267428038254501177e-01
4.788000000000000256e+01,2.500234246253967355e-02,9.820345401763914961e-02,0.000000000000000000e+00,1.000000000000000000e+00,2.271573887254556834e-01
4.789999999999999858e+01,2.500331401824951172e-02,9.820189476013183039e-02,0.000000000000000000e+00,1.000000000000000000e+00,2.271451977141966672e-01
4.792000000000000171e+01,2.500407695770263949e-02,9.820104360580443614e-02,0.000000000000000000e+00,1.000000000000000000e+00,2.270616189670321972e-01
4.793999999999999773e+01,2.500423491001129220e-02,9.820127964019774447e-02,0.000000000000000000e+00,1.000000000000000000e+00,2.270030954190440931e-01
4.796000000000000085e+01,2.500405013561248987e-02,9.820095777511596291e-02,0.000000000000000000e+00,1.000000000000000000e+00,2.270035520242879579e-01
4.798000000000000398e+01,2.500355839729309290e-02,9.819956302642822432e-02,0.000000000000000000e+00,1.000000000000000000e+00,2.271979002594459451e-01
4.800000000000000000e+01,2.499997615814208984e-02,9.818322658538818082e-02,0.000000000000000000e+00,1.000000000000000000e+00,2.277691381702500462e-01
4.802000000000000313e+01,2.500200867652893275e-02,9.819965600967406338e-02,0.000000000000000000e+00,1.000000000000000000e+00,2.287524912268875943e-01
4.803999999999999915e+01,2.500129640102386613e-02,9.818378448486327070e-02,0.000000000000000000e+00,1.000000000000000000e+00,2.298940938624000618e-01
4.806000000000000227e+01,2.500071823596954415e-02,9.820266723632811723e-02,0.000000000000000000e+00,1.000000000000000000e+00,2.307064875967374529e-01
4.807999999999999829e+01,2.500057518482208530e-02,9.820388317108154352e-02,0.000000000000000000e+00,1.000000000000000000e+00,2.307783614479940459e-01
4.810000000000000142e+01,2.500230073928833008e-02,9.819681644439696988e-02,0.000000000000000000e+00,1.000000000000000000e+00,2.301194515109112049e-01
4.812000000000000455e+01,2.499865591526031702e-02,9.820343255996703824e-02,0.000000000000000000e+00,1.000000000000000000e+00,2.291473548443895558e-01
4.814000000000000057e+01,2.499998360872268677e-02,9.820341110229491299e-02,0.000000000000000000e+00,1.000000000000000000e+00,2.283522689056099730e-01
4.816000000000000369e+01,2.499685883522033761e-02,9.819723844528198409e-02,0.000000000000000000e+00,1.000000000000000000e+00,2.280260067343752028e-01
4.817999999999999972e+01,2.499809116125106812e-02,9.820331096649169422e-02,0.000000000000000000e+00,1.000000000000000000e+00,2.282066759419913715e-01
4.820000000000000284e+01,2.499848157167434970e-02,9.820740222930908481e-02,0.000000000000000000e+00,1.000000000000000000e+00,2.287432116575837393e-01
4.821999999999999886e+01,2.499954551458358903e-02,9.823001146316527599e-02,0.000000000000000000e+00,1.000000000000000000e+00,2.293567145275839658e-01
4.824000000000000199e+01,2.499980479478836060e-02,9.823737859725951982e-02,0.000000000000000000e+00,1.000000000000000000e+00,2.296247589138821488e-01
4.825999999999999801e+01,2.500035166740417758e-02,9.824822187423705444e-02,0.000000000000000000e+00,1.000000000000000000e+00,2.289416759526617939e-01
4.828000000000000114e+01,2.500053346157074183e-02,9.825056791305541992e-02,0.000000000000000000e+00,1.000000000000000000e+00,2.266719953579798275e-01
4.830000000000000426e+01,2.500303983688354631e-02,9.827641010284422773e-02,0.000000000000000000e+00,1.000000000000000000e+00,2.226686568771138464e-01
4.832000000000000028e+01,2.500295639038085938e-02,9.827558755874633845e-02,0.000000000000000000e+00,1.000000000000000000e+00,2.177536278467591402e-01
4.834000000000000341e+01,2.500236034393310547e-02,9.826872110366820234e-02,0.000000000000000000e+00,1.000000000000000000e+00,2.133542692471327995e-01
4.835999999999999943e+01,2.500349581241607944e-02,9.828701019287108820e-02,0.000000000000000000e+00,1.000000000000000000e+00,2.105883238104542809e-01
4.838000000000000256e+01,2.500467896461486955e-02,9.832622766494750199e-02,0.000000000000000000e+00,1.000000000000000000e+00,2.098935096872203698e-01
4.839999999999999858e+01,2.500442564487457414e-02,9.836592435836791215e-02,0.000000000000000000e+00,1.000000000000000000e+00,2.111883191901156864e-01
4.842000000000000171e+01,2.500352263450622559e-02,9.838529348373412087e-02,0.000000000000000000e+00,1.000000000000000000e+00,2.139195140703550879e-01
4.843999999999999773e+01,2.500287890434265206e-02,9.839238166809081976e-02,0.000000000000000000e+00,1.000000000000000000e+00,2.170375050525041871e-01
4.846000000000000085e+01,2.500540316104889194e-02,9.837431430816649669e-02,0.000000000000000000e+00,1.000000000000000000e+00,2.194423515657630275e-01
4.848000000000000398e+01,2.500810325145721644e-02,9.836029529571532759e-02,0.000000000000000000e+00,1.000000000000000000e+00,2.206723995039066022e-01
4.850000000000000000e+01,2.500758767127990792e-02,9.836244821548462136e-02,0.000000000000000000e+00,1.000000000000000000e+00,2.209601866432050754e-01
4.852000000000000313e+01,2.500627636909484933e-02,9.836796283721922773e-02,0.000000000000000000e+00,1.000000000000000000e+00,2.207532960959625035e-01
4.853999999999999915e+01,2.500551342964172502e-02,9.837581634521483376e-02,0.000000000000000000e+00,1.000000000000000000e+00,2.203943449620525130e-01
4.856000000000000227e+01,2.500624656677246163e-02,9.838186740875243252e-02,0.000000000000000000e+00,1.000000000000000000e+00,2.201325962624214871e-01
4.857999999999999829e+01,2.500758469104766984e-02,9.838831186294555442e-02,0.000000000000000000e+00,1.000000000000000000e+00,2.202384152534719308e-01
4.860000000000000142e+01,2.500748932361603061e-02,9.838780403137206698e-02,0.000000000000000000e+00,1.000000000000000000e+00,2.209999587296114509e-01
4.862000000000000455e+01,2.500580847263336390e-02,9.837535858154296264e-02,0.000000000000000000e+00,1.000000000000000000e+00,2.225900554548427557e-01
4.864000000000000057e+01,2.500609457492828508e-02,9.837894201278686579e-02,0.000000000000000000e+00,1.000000000000000000e+00,2.249277216235506249e-01
4.866000000000000369e+01,2.500604689121246546e-02,9.837715387344360407e-02,0.000000000000000000e+00,1.000000000000000000e+00,2.276302669385104338e-01
4.867999999999999972e+01,2.500604987144470354e-02,9.837708234786986250e-02,0.000000000000000000e+00,1.000000000000000000e+00,2.301431218887270425e-01
4.870000000000000284e+01,2.500469982624053955e-02,9.839519977569580189e-02,0.000000000000000000e+00,1.000000000000000000e+00,2.320474880719479993e-01
4.871999999999999886e+01,2.500481307506561418e-02,9.839429855346679132e-02,0.000000000000000000e+00,1.000000000000000000e+00,2.332790995390531807e-01
4.874000000000000199e+01,2.500491738319397111e-02,9.839369773864745095e-02,0.000000000000000000e+00,1.000000000000000000e+00,2.340257605218158399e-01
4.875999999999999801e+01,2.500435113906860490e-02,9.839635848999023215e-02,0.000000000000000000e+00,1.000000000000000000e+00,2.344798084365765090e-01
4.878000000000000114e+01,2.500381469726562639e-02,9.839872598648070900e-02,0.000000000000000000e+00,1.000000000000000000e+00,2.347293205727337406e-01
4.880000000000000426e+01,2.500359416007995675e-02,9.839987754821777344e-02,0.000000000000000000e+00,1.000000000000000000e+00,2.348264827632466079e-01
4.882000000000000028e+01,2.500315904617309709e-02,9.840312480926513561e-02,0.000000000000000000e+00,1.000000000000000000e+00,2.348656786052395196e-01
4.884000000000000341e+01,2.500360608100891252e-02,9.840033531188964455e-02,0.000000000000000000e+00,1.000000000000000000e+00,2.349072767336311263e-01
4.885999999999999943e+01,2.500246465206146240e-02,9.840243101119994229e-02,0.000000000000000000e+00,1.000000000000000000e+00,2.347783979410213717e-01
4.888000000000000256e+01,2.500290870666503976e-02,9.840261697769164817e-02,0.000000000000000000e+00,1.000000000000000000e+00,2.339427496939983087e-01
4.889999999999999858e+01,2.500505149364471574e-02,9.840635061264037253e-02,0.000000000000000000e+00,1.000000000000000000e+00,2.316965893872718341e-01
4.892000000000000171e+01,2.500249445438385010e-02,9.839893341064452625e-02,0.000000000000000000e+00,1.000000000000000000e+00,2.278313545247171168e-01
4.893999999999999773e+01,2.500968873500824044e-02,9.842952489852904718e-02,0.000000000000000000e+00,1.000000000000000000e+00,2.231655853720648508e-01
4.896000000000000085e+01,2.501024305820465088e-02,9.843295097351073553e-02,0.000000000000000000e+00,1.000000000000000000e+00,2.190519020666090999e-01
4.898000000000000398e+01,2.501648962497711459e-02,9.849344015121459794e-02,0.000000000000000000e+00,1.000000000000000000e+00,2.164607570567234629e-01
4.900000000000000000e+01,2.501584887504577914e-02,9.848140239715576227e-02,0.000000000000000000e+00,1.000000000000000000e+00,2.157145961235040765e-01
4.902000000000000313e+01,2.501612603664398263e-02,9.851867437362669955e-02,0.000000000000000000e+00,1.000000000000000000e+00,2.166144637844573950e-01
4.903999999999999915e+01,2.501843273639679094e-02,9.845483064651489036e-02,0.000000000000000000e+00,1.000000000000000000e+00,2.184486895066970469e-01
4.906000000000000227e+01,2.501487731933593750e-02,9.850002765655517523e-02,0.000000000000000000e+00,1.000000000000000000e+00,2.201139584396679949e-01
4.907999999999999829e+01,2.501743137836456507e-02,9.847872018814086970e-02,0.000000000000000000e+00,1.000000000000000000e+00,2.206726455067607728e-01
4.910000000000000142e+01,2.501572668552398682e-02,9.848972082138060524e-02,0.000000000000000000e+00,1.000000000000000000e+00,2.198572382732350283e-01
4.912000000000000455e+01,2.501477599143982211e-02,9.849535703659056951e-02,0.000000000000000000e+00,1.000000000000000000e+00,2.179752618190128333e-01
4.914000000000000057e+01,2.501377463340759277e-02,9.850311040878295676e-02,0.000000000000000000e+00,1.000000000000000000e+00,2.155462147262600103e-01
4.916000000000000369e+01,2.501362562179565430e-02,9.850997686386107899e-02,0.000000000000000000e+00,1.000000000000000000e+00,2.131198403873049430e-01
4.917999999999999972e+01,2.501405179500579973e-02,9.851478338241577426e-02,0.000000000000000000e+00,1.000000000000000000e+00,2.112463771178662020e-01
4.920000000000000284e+01,2.501240074634552071e-02,9.850233793258666992e-02,0.000000000000000000e+00,1.000000000000000000e+00,2.104096460029918902e-01
4.921999999999999886e+01,2.501170039176940987e-02,9.849662303924559825e-02,0.000000000000000000e+00,1.000000000000000000e+00,2.109065712718205532e-01
4.924000000000000199e+01,2.501131594181060791e-02,9.849228143692016768e-02,0.000000000000000000e+00,1.000000000000000000e+00,2.127607366707079672e-01
4.925999999999999801e+01,2.501261532306671420e-02,9.851888895034789650e-02,0.000000000000000000e+00,1.000000000000000000e+00,2.156837861661931866e-01
4.928000000000000114e+01,2.501267790794372767e-02,9.852554082870483565e-02,0.000000000000000000e+00,1.000000000000000000e+00,2.191135356573435944e-01
4.930000000000000426e+01,2.501278817653656075e-02,9.852133512496948076e-02,0.000000000000000000e+00,1.000000000000000000e+00,2.224331325866500397e-01
4.932000000000000028e+01,2.501128315925598214e-02,9.854902982711791215e-02,0.000000000000000000e+00,1.000000000000000000e+00,2.252765916540279134e-01
4.934000000000000341e+01,2.501168847084045410e-02,9.854319334030151034e-02,0.000000000000000000e+00,1.000000000000000000e+00,2.276002982848346068e-01
4.935999999999999943e+01,2.501249015331268380e-02,9.853071212768554910e-02,0.000000000000000000e+00,1.000000000000000000e+00,2.294817747792572693e-01
4.938000000000000256e+01,2.501247525215148995e-02,9.853107690811156727e-02,0.000000000000000000e+00,1.000000000000000000e+00,2.309477010601068969e-01
4.939999999999999858e+01,2.501248121261596957e-02,9.853361606597900446e-02,0.000000000000000000e+00,1.000000000000000000e+00,2.320235227265625422e-01
4.942000000000000171e+01,2.501239478588104456e-02,9.853083372116087923e-02,0.000000000000000000e+00,1.000000000000000000e+00,2.328936351782508463e-01
4.943999999999999773e+01,2.501286864280700961e-02,9.854511737823486162e-02,0.000000000000000000e+00,1.000000000000000000e+00,2.338982098274461074e-01
4.946000000000000085e+01,2.501279115676879883e-02,9.853513956069945290e-02,0.000000000000000000e+00,1.000000000000000000e+00,2.352930113007181967e-01
4.948000000000000398e+01,2.501372992992401123e-02,9.851426124572754128e-02,0.000000000000000000e+00,1.000000000000000000e+00,2.369696628483582423e-01
4.950000000000000000e+01,2.501304149627685616e-02,9.851935386657714733e-02,0.000000000000000000e+00,1.000000000000000000e+00,2.383059732287419186e-01
4.952000000000000313e+01,2.501306235790252963e-02,9.851928949356078546e-02,0.000000000000000000e+00,1.000000000000000000e+00,2.383674050132217614e-01
4.953999999999999915e+01,2.501124441623688022e-02,9.852070569992064930e-02,0.000000000000000000e+00,1.000000000000000000e+00,2.366721653018434846e-01
4.956000000000000227e+01,2.500978708267212122e-02,9.851923942565916914e-02,0.000000000000000000e+00,1.000000000000000000e+00,2.338279356857139446e-01
4.957999999999999829e+01,2.500867545604705880e-02,9.851602792739867775e-02,0.000000000000000000e+00,1.000000000000000000e+00,2.310521377865909498e-01
4.960000000000000142e+01,2.500736415386200021e-02,9.850874662399292103e-02,0.000000000000000000e+00,1.000000000000000000e+00,2.292699637348965536e-01
4.962000000000000455e+01,2.501013278961181779e-02,9.853928804397582564e-02,0.000000000000000000e+00,1.000000000000000000e+00,2.287912567241517925e-01
4.964000000000000057e+01,2.501028478145599435e-02,9.854484558105468250e-02,0.000000000000000000e+00,1.000000000000000000e+00,2.293452429745773680e-01
4.966000000000000369e+01,2.501005232334137240e-02,9.855453729629516657e-02,0.000000000000000000e+00,1.000000000000000000e+00,2.301488280172107048e-01
4.967999999999999972e+01,2.500914037227630615e-02,9.856786251068114235e-02,0.000000000000000000e+00,1.000000000000000000e+00,2.301755945170423090e-01
4.970000000000000284e+01,2.501010894775390625e-02,9.855864286422728882e-02,0.000000000000000000e+00,1.000000000000000000e+00,2.286559071565071322e-01
4.971999999999999886e+01,2.500763833522796908e-02,9.857813358306884155e-02,0.000000000000000000e+00,1.000000000000000000e+00,2.253936868126913962e-01
4.974000000000000199e+01,2.500611841678619662e-02,9.859113693237304965e-02,0.000000000000000000e+00,1.000000000000000000e+00,2.207194431813832292e-01
4.975999999999999801e+01,2.500520348548889230e-02,9.860650777816772072e-02,0.000000000000000000e+00,1.000000000000000000e+00,2.153349451462683029e-01
4.978000000000000114e+01,2.500491142272949496e-02,9.859527111053466297e-02,0.000000000000000000e+00,1.000000000000000000e+00,2.101613865728423625e-01
4.980000000000000426e+01,2.500533759593963692e-02,9.860017776489257701e-02,0.000000000000000000e+00,1.000000000000000000e+00,2.060898404389876759e-01
4.982000000000000028e+01,2.500737607479095598e-02,9.862027645111083596e-02,0.000000000000000000e+00,1.000000000000000000e+00,2.037088940129775094e-01
4.984000000000000341e+01,2.500572502613067696e-02,9.860067844390868474e-02,0.000000000000000000e+00,1.000000000000000000e+00,2.032067957248875900e-01
4.985999999999999943e+01,2.500560283660888811e-02,9.859837532043456976e-02,0.000000000000000000e+00,1.000000000000000000e+00,2.044148606877943808e-01
4.988000000000000256e+01,2.500534653663635462e-02,9.858482122421263760e-02,0.000000000000000000e+00,1.000000000000000000e+00,2.068448622731118569e-01
4.989999999999999858e+01,2.500523030757904192e-02,9.859380483627318281e-02,0.000000000000000000e+00,1.000000000000000000e+00,2.097906704957885060e-01
4.992000000000000171e+01,2.500473856925964494e-02,9.860707283020019032e-02,0.000000000000000000e+00,1.000000000000000000e+00,2.126264178633013591e-01
4.993999999999999773e+01,2.500431537628174106e-02,9.861622810363769587e-02,0.000000000000000000e+00,1.000000000000000000e+00,2.150717491806195814e-01
4.996000000000000085e+01,2.500434815883636683e-02,9.861524820327757790e-02,0.000000000000000000e+00,1.000000000000000000e+00,2.171224984388346324e-01
4.998000000000000398e+01,2.500436902046203683e-02,9.862677812576294001e-02,0.000000000000000000e+00,1.000000000000000000e+00,2.188175402890383536e-01
5.000000000000000000e+01,2.500397861003875871e-02,9.861806631088256003e-02,0.000000000000000000e+00,1.000000000000000000e+00,2.201801572660113393e-01
5.002000000000000313e+01,2.500580847263336390e-02,9.864287137985229548e-02,0.000000000000000000e+00,1.000000000000000000e+00,2.213812970781731115e-01
5.003999999999999915e+01,2.500636577606201241e-02,9.864995241165160078e-02,0.000000000000000000e+00,1.000000000000000000e+00,2.228530270525179158e-01
5.006000000000000227e+01,2.500445842742919991e-02,9.861915349960326260e-02,0.000000000000000000e+00,1.000000000000000000e+00,2.251207589999527914e-01
5.007999999999999829e+01,2.500472068786621302e-02,9.862792968749999056e-02,0.000000000000000000e+00,1.000000000000000000e+00,2.285115770189741213e-01
5.010000000000000142e+01,2.500441670417785645e-02,9.865052461624145008e-02,0.000000000000000000e+00,1.000000000000000000e+00,2.329210585039053483e-01
5.012000000000000455e+01,2.500747740268707484e-02,9.860620737075805053e-02,0.000000000000000000e+00,1.000000000000000000e+00,2.376109234877389065e-01
5.014000000000000057e+01,2.499959170818329135e-02,9.866054534912109542e-02,0.000000000000000000e+00,1.000000000000000000e+00,2.413068769575550387e-01
5.016000000000000369e+01,2.500074207782745569e-02,9.865632534027099498e-02,0.000000000000000000e+00,1.000000000000000000e+00,2.430369536680727915e-01
5.017999999999999972e+01,2.500727474689483712e-02,9.864571094512938898e-02,0.000000000000000000e+00,1.000000000000000000e+00,2.429873845966389057e-01
5.020000000000000284e+01,2.500313222408294747e-02,9.864516735076904463e-02,0.000000000000000000e+00,1.000000000000000000e+00,2.421754835934659678e-01
5.021999999999999886e+01,2.499879300594329973e-02,9.863584756851195845e-02,0.000000000000000000e+00,1.000000000000000000e+00,2.415343664792203859e-01
5.024000000000000199e+01,2.499718219041824341e-02,9.862707138061523049e-02,0.000000000000000000e+00,1.000000000000000000e+00,2.414595947721621672e-01
5.025999999999999801e+01,2.499720603227615495e-02,9.862742900848388283e-02,0.000000000000000000e+00,1.000000000000000000e+00,2.417907049860106294e-01
5.028000000000000114e+01,2.499714940786361764e-02,9.863431692123413030e-02,0.000000000000000000e+00,1.000000000000000000e+00,2.419461006033858941e-01
5.030000000000000426e+01,2.499837875366211007e-02,9.861431837081909013e-02,0.000000000000000000e+00,1.000000000000000000e+00,2.411571204280130165e-01
5.032000000000000028e+01,2.499891370534897128e-02,9.860869646072387140e-02,0.000000000000000000e+00,1.000000000000000000e+00,2.387395499942104038e-01
5.034000000000000341e+01,2.499710023403167725e-02,9.862722158432006558e-02,0.000000000000000000e+00,1.000000000000000000e+00,2.343177638725353340e-01
5.035999999999999943e+01,2.499750554561615268e-02,9.861975431442260298e-02,0.000000000000000000e+00,1.000000000000000000e+00,2.280395601191030908e-01
5.038000000000000256e+01,2.499731332063674996e-02,9.861150741577147383e-02,0.000000000000000000e+00,1.000000000000000000e+00,2.207265573688837745e-01
5.039999999999999858e+01,2.499881237745285242e-02,9.862903118133543867e-02,0.000000000000000000e+00,1.000000000000000000e+00,2.136594391468607523e-01
5.042000000000000171e+01,2.500087916851043840e-02,9.864888668060302346e-02,0.000000000000000000e+00,1.000000000000000000e+00,2.079870102044305002e-01
5.043999999999999773e+01,2.499974668025970598e-02,9.863612651824950339e-02,0.000000000000000000e+00,1.000000000000000000e+00,2.042986459748765138e-01
5.046000000000000085e+01,2.500007152557373255e-02,9.864186286926268643e-02,0.000000000000000000e+00,1.000000000000000000e+00,2.026433950528626626e-01
5.048000000000000398e+01,2.500035166740417758e-02,9.865658998489379439e-02,0.000000000000000000e+00,1.000000000000000000e+00,2.026980778423835006e-01
5.050000000000000000e+01,2.500011026859283447e-02,9.866987228393554743e-02,0.000000000000000000e+00,1.000000000000000000e+00,2.038577853494429049e-01
5.052000000000000313e+01,2.500066757202148646e-02,9.865864276885985551e-02,0.000000000000000000e+00,1.000000000000000000e+00,2.054004625927847716e-01
5.053999999999999915e+01,2.500015199184417794e-02,9.866648197174071599e-02,0.000000000000000000e+00,1.000000000000000000e+00,2.067988635777862072e-01
5.056000000000000227e+01,2.499929219484329362e-02,9.868281841278075950e-02,0.000000000000000000e+00,1.000000000000000000e+00,2.078612731022508597e-01
5.057999999999999829e+01,2.499929815530776978e-02,9.867919206619261974e-02,0.000000000000000000e+00,1.000000000000000000e+00,2.085669282271345182e-01
5.060000000000000142e+01,2.499964386224746982e-02,9.868432044982909657e-02,0.000000000000000000e+00,1.000000000000000000e+00,2.089150908150772812e-01
5.062000000000000455e+01,2.499998211860656946e-02,9.868723154067993164e-02,0.000000000000000000e+00,1.000000000000000000e+00,2.090285678493576660e-01
5.064000000000000057e+01,2.500058114528656145e-02,9.869188785552977794e-02,0.000000000000000000e+00,1.000000000000000000e+00,2.093488625554219551e-01
5.066000000000000369e+01,2.500662803649902552e-02,9.874538183212279441e-02,0.000000000000000000e+00,1.000000000000000000e+00,2.105622894052097960e-01
5.067999999999999972e+01,2.500770688056945870e-02,9.875844240188598466e-02,0.000000000000000000e+00,1.000000000000000000e+00,2.132892056909689582e-01
5.070000000000000284e+01,2.500856518745422571e-02,9.877751111984252319e-02,0.000000000000000000e+00,1.000000000000000000e+00,2.178737445531449268e-01
5.071999999999999886e+01,2.500860095024108956e-02,9.878720998764037309e-02,0.000000000000000000e+00,1.000000000000000000e+00,2.242266537497941692e-01
5.074000000000000199e+01,2.500821650028228760e-02,9.879666566848754883e-02,0.000000000000000000e+00,1.000000000000000000e+00,2.315403919465022220e-01
5.075999999999999801e+01,2.500747442245483676e-02,9.880490541458129827e-02,0.000000000000000000e+00,1.000000000000000000e+00,2.382808197544945827e-01
5.078000000000000114e+01,2.500615715980529855e-02,9.881371736526488314e-02,0.000000000000000000e+00,1.000000000000000000e+00,2.430354860773647763e-01
5.080000000000000426e+01,2.500757873058319369e-02,9.880749464035033791e-02,0.000000000000000000e+00,1.000000000000000000e+00,2.454958886352949510e-01
5.082000000000000028e+01,2.500715255737304826e-02,9.880867481231689342e-02,0.000000000000000000e+00,1.000000000000000000e+00,2.463460646823213696e-01
5.084000000000000341e+01,2.501090466976165980e-02,9.880326032638549194e-02,0.000000000000000000e+00,1.000000000000000000e+00,2.464706955613751582e-01
5.085999999999999943e+01,2.501003146171569894e-02,9.880322456359863503e-02,0.000000000000000000e+00,1.000000000000000000e+00,2.464555623878632862e-01
5.088000000000000256e+01,2.500962018966675082e-02,9.880213022232055275e-02,0.000000000000000000e+00,1.000000000000000000e+00,2.465041759497016149e-01
5.089999999999999858e+01,2.500990629196167200e-02,9.880769491195678933e-02,0.000000000000000000e+00,1.000000000000000000e+00,2.464997706994826454e-01
5.092000000000000171e+01,2.500981688499450892e-02,9.880882501602172852e-02,0.000000000000000000e+00,1.000000000000000000e+00,2.460468305312061565e-01
5.093999999999999773e+01,2.500983774662017892e-02,9.880863189697265681e-02,0.000000000000000000e+00,1.000000000000000000e+00,2.444990135871336623e-01
5.096000000000000085e+01,2.500978410243988315e-02,9.880549907684325894e-02,0.000000000000000000e+00,1.000000000000000000e+00,2.411387698121613132e-01
5.098000000000000398e+01,2.501001358032226701e-02,9.880673646926879661e-02,0.000000000000000000e+00,1.000000000000000000e+00,2.356740103948372911e-01
5.100000000000000000e+01,2.500856220722198764e-02,9.880062818527221569e-02,0.000000000000000000e+00,1.000000000000000000e+00,2.287551596695517331e-01
5.102000000000000313e+01,2.500777244567871371e-02,9.879678726196289285e-02,0.000000000000000000e+00,1.000000000000000000e+00,2.217669169833532961e-01
5.103999999999999915e+01,2.500762939453125139e-02,9.879583597183226595e-02,0.000000000000000000e+00,1.000000000000000000e+00,2.159570849519273639e-01
5.106000000000000227e+01,2.500908076763153076e-02,9.881180047988891157e-02,0.000000000000000000e+00,1.000000000000000000e+00,2.119003104466335163e-01
5.107999999999999829e+01,2.500955164432525774e-02,9.882602691650389792e-02,0.000000000000000000e+00,1.000000000000000000e+00,2.095825705330902899e-01
5.110000000000000142e+01,2.500939369201660156e-02,9.883262157440185491e-02,0.000000000000000000e+00,1.000000000000000000e+00,2.086246537839384629e-01
5.112000000000000455e+01,2.500865459442138880e-02,9.884183406829834262e-02,0.000000000000000000e+00,1.000000000000000000e+00,2.084389416167630182e-01
5.114000000000000057e+01,2.500861585140228341e-02,9.884212732315063310e-02,0.000000000000000000e+00,1.000000000000000000e+00,2.084544143338634692e-01
5.116000000000000369e+01,2.500762343406677524e-02,9.884839296340941495e-02,0.000000000000000000e+00,1.000000000000000000e+00,2.083318289541713220e-01
5.117999999999999972e+01,2.500757873058319369e-02,9.884882211685180886e-02,0.000000000000000000e+00,1.000000000000000000e+00,2.079265605874274503e-01
5.120000000000000284e+01,2.500776648521423409e-02,9.885226249694824274e-02,0.000000000000000000e+00,1.000000000000000000e+00,2.071178804688196262e-01
5.121999999999999886e+01,2.500864565372467110e-02,9.885677576065063366e-02,0.000000000000000000e+00,1.000000000000000000e+00,2.058323268251505134e-01
5.124000000000000199e+01,2.500400841236114641e-02,9.883625507354736051e-02,0.000000000000000000e+00,1.000000000000000000e+00,2.043132005998488099e-01
5.125999999999999801e+01,2.499980032444000522e-02,9.881489038467407282e-02,0.000000000000000000e+00,1.000000000000000000e+00,2.032560803252131398e-01
5.128000000000000114e+01,2.499303668737411568e-02,9.877021551132202093e-02,0.000000000000000000e+00,1.000000000000000000e+00,2.035081893964231503e-01
5.130000000000000426e+01,2.498807311058044711e-02,9.872270107269286166e-02,0.000000000000000000e+00,1.000000000000000000e+00,2.056988022904989721e-01
5.132000000000000028e+01,2.498835027217865060e-02,9.872733592987059659e-02,0.000000000000000000e+00,1.000000000000000000e+00,2.101292455269060666e-01
5.134000000000000341e+01,2.498861998319626063e-02,9.874208450317382979e-02,0.000000000000000000e+00,1.000000000000000000e+00,2.166606755010289653e-01
5.135999999999999943e+01,2.498748600482940743e-02,9.879637241363524447e-02,0.000000000000000000e+00,1.000000000000000000e+00,2.244435739708616206e-01
5.138000000000000256e+01,2.498282790184021274e-02,9.887672424316405750e-02,0.000000000000000000e+00,1.000000000000000000e+00,2.319408710925095485e-01
5.139999999999999858e+01,2.498293220996856967e-02,9.887560844421386386e-02,0.000000000000000000e+00,1.000000000000000000e+00,2.376563301029910869e-01
5.142000000000000171e+01,2.497877031564712733e-02,9.890942573547363559e-02,0.000000000000000000e+00,1.000000000000000000e+00,2.409498836290849821e-01
5.143999999999999773e+01,2.497491538524627963e-02,9.893625497817992720e-02,0.000000000000000000e+00,1.000000000000000000e+00,2.421100636702412379e-01
5.146000000000000085e+01,2.497345805168152064e-02,9.894632577896117498e-02,0.000000000000000000e+00,1.000000000000000000e+00,2.419052541149914470e-01
5.148000000000000398e+01,2.497549206018448084e-02,9.892894506454467940e-02,0.000000000000000000e+00,1.000000000000000000e+00,2.411839946068959351e-01
5.150000000000000000e+01,2.497610151767730782e-02,9.891997575759887973e-02,0.000000000000000000e+00,1.000000000000000000e+00,2.406407195352876505e-01
5.152000000000000313e+01,2.497630417346954554e-02,9.891270875930785467e-02,0.000000000000000000e+00,1.000000000000000000e+00,2.406519376969862567e-01
5.153999999999999915e+01,2.497621029615402360e-02,9.891660690307617354e-02,0.000000000000000000e+00,1.000000000000000000e+00,2.411522154300252130e-01
5.156000000000000227e+01,2.497551292181015084e-02,9.892728567123412753e-02,0.000000000000000000e+00,1.000000000000000000e+00,2.415650493507010832e-01
5.157999999999999829e+01,2.497658878564834595e-02,9.892066240310667946e-02,0.000000000000000000e+00,1.000000000000000000e+00,2.409180469646933498e-01
5.160000000000000142e+01,2.497752457857132027e-02,9.891832351684569369e-02,0.000000000000000000e+00,1.000000000000000000e+00,2.384105453058505963e-01
5.162000000000000455e+01,2.497779577970504761e-02,9.891821622848510909e-02,0.000000000000000000e+00,1.000000000000000000e+00,2.341987171673790558e-01
5.164000000000000057e+01,2.497725635766983102e-02,9.891746520996093361e-02,0.000000000000000000e+00,1.000000000000000000e+00,2.293783402055931397e-01
5.166000000000000369e+01,2.497875392436981271e-02,9.892292261123657171e-02,0.000000000000000000e+00,1.000000000000000000e+00,2.250882473849309673e-01
5.167999999999999972e+01,2.497784793376922607e-02,9.891503334045409490e-02,0.000000000000000000e+00,1.000000000000000000e+00,2.218975428453599519e-01
5.170000000000000284e+01,2.497783601284027377e-02,9.891257286071776511e-02,0.000000000000000000e+00,1.000000000000000000e+00,2.198240786531600044e-01
5.171999999999999886e+01,2.497873604297638078e-02,9.890378236770629161e-02,0.000000000000000000e+00,1.000000000000000000e+00,2.185523050703716830e-01
5.174000000000000199e+01,2.497724145650863717e-02,9.890983343124389038e-02,0.000000000000000000e+00,1.000000000000000000e+00,2.176683078205499389e-01
5.175999999999999801e+01,2.497864663600921770e-02,9.890731573104857843e-02,0.000000000000000000e+00,1.000000000000000000e+00,2.168799799714295762e-01
5.178000000000000114e+01,2.497713267803192139e-02,9.890754461288452093e-02,0.000000000000000000e+00,1.000000000000000000e+00,2.160492304321381396e-01
5.180000000000000426e+01,2.497764527797699183e-02,9.890881776809691550e-02,0.000000000000000000e+00,1.000000000000000000e+00,2.150227401308680564e-01
5.182000000000000028e+01,2.497741132974624911e-02,9.890973329544067161e-02,0.000000000000000000e+00,1.000000000000000000e+00,2.135309274546460245e-01
5.184000000000000341e+01,2.497622966766357630e-02,9.890954732894896573e-02,0.000000000000000000e+00,1.000000000000000000e+00,2.113848107538171539e-01
5.185999999999999943e+01,2.497447729110717843e-02,9.890674352645874301e-02,0.000000000000000000e+00,1.000000000000000000e+00,2.088588024007810295e-01
5.188000000000000256e+01,2.497320324182510445e-02,9.890297412872313398e-02,0.000000000000000000e+00,1.000000000000000000e+00,2.067486992043199856e-01
5.189999999999999858e+01,2.497576922178268433e-02,9.891498327255249245e-02,0.000000000000000000e+00,1.000000000000000000e+00,2.059358447339918186e-01
5.192000000000000171e+01,2.497185021638870239e-02,9.888611555099487138e-02,0.000000000000000000e+00,1.000000000000000000e+00,2.070028127057411682e-01
5.193999999999999773e+01,2.497625648975372592e-02,9.894208431243896318e-02,0.000000000000000000e+00,1.000000000000000000e+00,2.101486999556690105e-01
5.196000000000000085e+01,2.497551143169403354e-02,9.891981840133666493e-02,0.000000000000000000e+00,1.000000000000000000e+00,2.151231276817399118e-01
5.198000000000000398e+01,2.497547715902328699e-02,9.892974615097045732e-02,0.000000000000000000e+00,1.000000000000000000e+00,2.211077301265242379e-01
5.200000000000000000e+01,2.497473359107971191e-02,9.895239830017089899e-02,0.000000000000000000e+00,1.000000000000000000e+00,2.268393049511610859e-01
5.202000000000000313e+01,2.497265785932541171e-02,9.899130821228026289e-02,0.000000000000000000e+00,1.000000000000000000e+00,2.310844043917002766e-01
5.203999999999999915e+01,2.497140020132064889e-02,9.901150703430175448e-02,0.000000000000000000e+00,1.000000000000000000e+00,2.331179611439537502e-01
5.206000000000000227e+01,2.497040629386901994e-02,9.902900934219359408e-02,0.000000000000000000e+00,1.000000000000000000e+00,2.329317482114766913e-01
5.207999999999999829e+01,2.496844530105590820e-02,9.908026456832885742e-02,0.000000000000000000e+00,1.000000000000000000e+00,2.312140756724502255e-01
5.210000000000000142e+01,2.496846765279769897e-02,9.907884836196899359e-02,0.000000000000000000e+00,1.000000000000000000e+00,2.290932056887930168e-01
5.212000000000000455e+01,2.496843636035919398e-02,9.911340951919554720e-02,0.000000000000000000e+00,1.000000000000000000e+00,2.276548775662355084e-01
5.214000000000000057e+01,2.496837526559829781e-02,9.913392305374145452e-02,0.000000000000000000e+00,1.000000000000000000e+00,2.275374590640395489e-01
5.216000000000000369e+01,2.496760040521621773e-02,9.916664600372314398e-02,0.000000000000000000e+00,1.000000000000000000e+00,2.288147517967154820e-01
5.217999999999999972e+01,2.496948242187500139e-02,9.913651227951049416e-02,0.000000000000000000e+00,1.000000000000000000e+00,2.309921005374959424e-01
5.220000000000000284e+01,2.496927231550216675e-02,9.913823604583739402e-02,0.000000000000000000e+00,1.000000000000000000e+00,2.330450783469226739e-01
5.221999999999999886e+01,2.497026771306991647e-02,9.913362264633178433e-02,0.000000000000000000e+00,1.000000000000000000e+00,2.338685547982077007e-01
5.224000000000000199e+01,2.497062534093856881e-02,9.913272857666015347e-02,0.000000000000000000e+00,1.000000000000000000e+00,2.331169618433175106e-01
5.225999999999999801e+01,2.497112154960632463e-02,9.913230657577513927e-02,0.000000000000000000e+00,1.000000000000000000e+00,2.313995505079132764e-01
5.228000000000000114e+01,2.497112452983856271e-02,9.913230657577513927e-02,0.000000000000000000e+00,1.000000000000000000e+00,2.295664428186051376e-01
5.230000000000000426e+01,2.497046887874603341e-02,9.912928104400633988e-02,0.000000000000000000e+00,1.000000000000000000e+00,2.281064244593859480e-01
5.232000000000000028e+01,2.497004419565200875e-02,9.913642644882202093e-02,0.000000000000000000e+00,1.000000000000000000e+00,2.270780381773603585e-01
5.234000000000000341e+01,2.496927231550216675e-02,9.913820028305053711e-02,0.000000000000000000e+00,1.000000000000000000e+00,2.263158076864064949e-01
5.235999999999999943e+01,2.497153282165527621e-02,9.913825035095213956e-02,0.000000000000000000e+00,1.000000000000000000e+00,2.256867070087807126e-01
5.238000000000000256e+01,2.497104853391647616e-02,9.913739204406737948e-02,0.000000000000000000e+00,1.000000000000000000e+00,2.251954379073605739e-01
5.239999999999999858e+01,2.497235685586929321e-02,9.914299249649047296e-02,0.000000000000000000e+00,1.000000000000000000e+00,2.248483813075380922e-01
5.242000000000000171e+01,2.497333735227584908e-02,9.915536642074584961e-02,0.000000000000000000e+00,1.000000000000000000e+00,2.244560806167288647e-01
5.243999999999999773e+01,2.497256547212600708e-02,9.916988611221312644e-02,0.000000000000000000e+00,1.000000000000000000e+00,2.236170184691665397e-01
5.246000000000000085e+01,2.497178465127945085e-02,9.917309045791625199e-02,0.000000000000000000e+00,1.000000000000000000e+00,2.220079980020264743e-01
5.248000000000000398e+01,2.496799379587173739e-02,9.917716026306151733e-02,0.000000000000000000e+00,1.000000000000000000e+00,2.197939883925558724e-01
5.250000000000000000e+01,2.496576607227325717e-02,9.917537212371825561e-02,0.000000000000000000e+00,1.000000000000000000e+00,2.176524577782332215e-01
5.252000000000000313e+01,2.496603429317474643e-02,9.917607307434081476e-02,0.000000000000000000e+00,1.000000000000000000e+00,2.163452732188138883e-01
5.253999999999999915e+01,2.496312409639358729e-02,9.916144609451293945e-02,0.000000000000000000e+00,1.000000000000000000e+00,2.163507761988943123e-01
5.256000000000000227e+01,2.496296316385269304e-02,9.915997982025145929e-02,0.000000000000000000e+00,1.000000000000000000e+00,2.177640496442958817e-01
5.257999999999999829e+01,2.496231943368911951e-02,9.914789915084838701e-02,0.000000000000000000e+00,1.000000000000000000e+00,2.202998194648639330e-01
5.260000000000000142e+01,2.496296167373657227e-02,9.918962001800536721e-02,0.000000000000000000e+00,1.000000000000000000e+00,2.233352162024224985e-01
5.262000000000000455e+01,2.496294081211090227e-02,9.919232368469238503e-02,0.000000000000000000e+00,1.000000000000000000e+00,2.260361990301350543e-01
5.264000000000000057e+01,2.496241033077239990e-02,9.922755002975464089e-02,0.000000000000000000e+00,1.000000000000000000e+00,2.275366179704244041e-01
5.266000000000000369e+01,2.496219575405120988e-02,9.925527334213256336e-02,0.000000000000000000e+00,1.000000000000000000e+00,2.271610757399401825e-01
5.267999999999999972e+01,2.496243566274643222e-02,9.927972793579101229e-02,0.000000000000000000e+00,1.000000000000000000e+00,2.247770228382611479e-01
5.270000000000000284e+01,2.496224194765091220e-02,9.927276134490965742e-02,0.000000000000000000e+00,1.000000000000000000e+00,2.211106128227479373e-01
5.271999999999999886e+01,2.496228814125061105e-02,9.927402734756470004e-02,0.000000000000000000e+00,1.000000000000000000e+00,2.175125292536515265e-01
5.274000000000000199e+01,2.496344298124313424e-02,9.931077003479003851e-02,0.000000000000000000e+00,1.000000000000000000e+00,2.152024332939997397e-01
5.275999999999999801e+01,2.496385127305984775e-02,9.934231281280517245e-02,0.000000000000000000e+00,1.000000000000000000e+00,2.147859340079099899e-01
5.278000000000000114e+01,2.496413439512253085e-02,9.932516098022460549e-02,0.000000000000000000e+00,1.000000000000000000e+00,2.162930135300575596e-01
5.280000000000000426e+01,2.496745586395263811e-02,9.926529407501220870e-02,0.000000000000000000e+00,1.000000000000000000e+00,2.192516536365360924e-01
5.282000000000000028e+01,2.496698349714279383e-02,9.926980733871459961e-02,0.000000000000000000e+00,1.000000000000000000e+00,2.226570766266335044e-01
5.284000000000000341e+01,2.496868669986725131e-02,9.925962924957275335e-02,0.000000000000000000e+00,1.000000000000000000e+00,2.253378539971536421e-01
5.285999999999999943e+01,2.496781200170516968e-02,9.926307678222655306e-02,0.000000000000000000e+00,1.000000000000000000e+00,2.267428038254496736e-01
5.288000000000000256e+01,2.496550530195236484e-02,9.926904201507567860e-02,0.000000000000000000e+00,1.000000000000000000e+00,2.271573887254556001e-01
5.289999999999999858e+01,2.496438324451446741e-02,9.927084445953368586e-02,0.000000000000000000e+00,1.000000000000000000e+00,2.271451977141960565e-01
5.292000000000000171e+01,2.496467530727386475e-02,9.927051544189452459e-02,0.000000000000000000e+00,1.000000000000000000e+00,2.270616189670319751e-01
5.293999999999999773e+01,2.496372610330581734e-02,9.926909923553466075e-02,0.000000000000000000e+00,1.000000000000000000e+00,2.270030954190439820e-01
5.296000000000000085e+01,2.496543824672699252e-02,9.927208900451660323e-02,0.000000000000000000e+00,1.000000000000000000e+00,2.270035520242875138e-01
5.298000000000000398e+01,2.496685683727264612e-02,9.927609443664550670e-02,0.000000000000000000e+00,1.000000000000000000e+00,2.271979002594458619e-01
5.300000000000000000e+01,2.496633231639862338e-02,9.927369832992553877e-02,0.000000000000000000e+00,1.000000000000000000e+00,2.277691381702495188e-01
5.302000000000000313e+01,2.496682554483413766e-02,9.927768945693969671e-02,0.000000000000000000e+00,1.000000000000000000e+00,2.287524912268880384e-01
5.303999999999999915e+01,2.496697604656219691e-02,9.928104400634765736e-02,0.000000000000000000e+00,1.000000000000000000e+00,2.298940938623988961e-01
5.306000000000000227e+01,2.496697008609771729e-02,9.928123712539672907e-02,0.000000000000000000e+00,1.000000000000000000e+00,2.307064875967359263e-01
5.307999999999999829e+01,2.496707588434219499e-02,9.928033590316771850e-02,0.000000000000000000e+00,1.000000000000000000e+00,2.307783614479926582e-01
5.310000000000000142e+01,2.496650218963623186e-02,9.928268194198608398e-02,0.000000000000000000e+00,1.000000000000000000e+00,2.301194515109099281e-01
5.312000000000000455e+01,2.496796995401382585e-02,9.928002119064330278e-02,0.000000000000000000e+00,1.000000000000000000e+00,2.291473548443870856e-01
5.314000000000000057e+01,2.496856302022934168e-02,9.928001403808593694e-02,0.000000000000000000e+00,1.000000000000000000e+00,2.283522689056082799e-01
5.316000000000000369e+01,2.496852874755859514e-02,9.927994251251220925e-02,0.000000000000000000e+00,1.000000000000000000e+00,2.280260067343740926e-01
5.317999999999999972e+01,2.497013956308365146e-02,9.928787469863890880e-02,0.000000000000000000e+00,1.000000000000000000e+00,2.282066759419902335e-01
5.320000000000000284e+01,2.497086226940155307e-02,9.929545640945433571e-02,0.000000000000000000e+00,1.000000000000000000e+00,2.287432116575821572e-01
5.321999999999999886e+01,2.497165501117706507e-02,9.931230068206786665e-02,0.000000000000000000e+00,1.000000000000000000e+00,2.293567145275816899e-01
5.324000000000000199e+01,2.497114092111587733e-02,9.929770231246948242e-02,0.000000000000000000e+00,1.000000000000000000e+00,2.296247589138799838e-01
5.325999999999999801e+01,2.497151643037796159e-02,9.930516242980956532e-02,0.000000000000000000e+00,1.000000000000000000e+00,2.289416759526611000e-01
5.328000000000000114e+01,2.496993541717529297e-02,9.928464889526367188e-02,0.000000000000000000e+00,1.000000000000000000e+00,2.266719953579776625e-01
5.330000000000000426e+01,2.497275173664093018e-02,9.931368112564085970e-02,0.000000000000000000e+00,1.000000000000000000e+00,2.226686568771115704e-01
5.332000000000000028e+01,2.497151494026184082e-02,9.930132865905760831e-02,0.000000000000000000e+00,1.000000000000000000e+00,2.177536278467599729e-01
5.334000000000000341e+01,2.496988475322723527e-02,9.928256750106810580e-02,0.000000000000000000e+00,1.000000000000000000e+00,2.133542692471365188e-01
5.335999999999999943e+01,2.496945261955261369e-02,9.927560806274413063e-02,0.000000000000000000e+00,1.000000000000000000e+00,2.105883238104587774e-01
5.338000000000000256e+01,2.496916055679321289e-02,9.926591634750366044e-02,0.000000000000000000e+00,1.000000000000000000e+00,2.098935096872188155e-01
5.339999999999999858e+01,2.496940642595291138e-02,9.922732114791869840e-02,0.000000000000000000e+00,1.000000000000000000e+00,2.111883191901116064e-01
5.342000000000000171e+01,2.497139424085617274e-02,9.918466329574585072e-02,0.000000000000000000e+00,1.000000000000000000e+00,2.139195140703534503e-01
5.343999999999999773e+01,2.496844381093979090e-02,9.921716451644897738e-02,0.000000000000000000e+00,1.000000000000000000e+00,2.170375050525032434e-01
5.346000000000000085e+01,2.496289014816284457e-02,9.925693273544311523e-02,0.000000000000000000e+00,1.000000000000000000e+00,2.194423515657623891e-01
5.348000000000000398e+01,2.495742142200470248e-02,9.928533554077148549e-02,0.000000000000000000e+00,1.000000000000000000e+00,2.206723995039062136e-01
5.350000000000000000e+01,2.495631873607635776e-02,9.928993463516234963e-02,0.000000000000000000e+00,1.000000000000000000e+00,2.209601866432056028e-01
5.352000000000000313e+01,2.495534420013427804e-02,9.929403305053710604e-02,0.000000000000000000e+00,1.000000000000000000e+00,2.207532960959631418e-01
5.353999999999999915e+01,2.495509535074234148e-02,9.929658651351928877e-02,0.000000000000000000e+00,1.000000000000000000e+00,2.203943449620525963e-01
5.356000000000000227e+01,2.495549321174621651e-02,9.929987668991088756e-02,0.000000000000000000e+00,1.000000000000000000e+00,2.201325962624211263e-01
5.357999999999999829e+01,2.495570927858352731e-02,9.930091381072997381e-02,0.000000000000000000e+00,1.000000000000000000e+00,2.202384152534716255e-01
5.360000000000000142e+01,2.495628148317337314e-02,9.930397510528564398e-02,0.000000000000000000e+00,1.000000000000000000e+00,2.209999587296118950e-01
5.362000000000000455e+01,2.495595514774322579e-02,9.930155754089355080e-02,0.000000000000000000e+00,1.000000000000000000e+00,2.225900554548430610e-01
5.364000000000000057e+01,2.495791763067245483e-02,9.932616233825683483e-02,0.000000000000000000e+00,1.000000000000000000e+00,2.249277216235507915e-01
5.366000000000000369e+01,2.495811432600021640e-02,9.933354377746581032e-02,0.000000000000000000e+00,1.000000000000000000e+00,2.276302669385104338e-01
5.367999999999999972e+01,2.495822608470917026e-02,9.932896614074707142e-02,0.000000000000000000e+00,1.000000000000000000e+00,2.301431218887285413e-01
5.370000000000000284e+01,2.496023923158645699e-02,9.930193662643432839e-02,0.000000000000000000e+00,1.000000000000000000e+00,2.320474880719475830e-01
5.371999999999999886e+01,2.496104240417480746e-02,9.929547786712646096e-02,0.000000000000000000e+00,1.000000000000000000e+00,2.332790995390524036e-01
5.374000000000000199e+01,2.496043145656585971e-02,9.929901838302611361e-02,0.000000000000000000e+00,1.000000000000000000e+00,2.340257605218147574e-01
5.375999999999999801e+01,2.496119141578674594e-02,9.929544210433959017e-02,0.000000000000000000e+00,1.000000000000000000e+00,2.344798084365752877e-01
5.378000000000000114e+01,2.496218681335449219e-02,9.929103612899779774e-02,0.000000000000000000e+00,1.000000000000000000e+00,2.347293205727334908e-01
5.380000000000000426e+01,2.496230304241180489e-02,9.929043531417845736e-02,0.000000000000000000e+00,1.000000000000000000e+00,2.348264827632460250e-01
5.382000000000000028e+01,2.496224194765091220e-02,9.929088592529296264e-02,0.000000000000000000e+00,1.000000000000000000e+00,2.348656786052390477e-01
5.384000000000000341e+01,2.496206760406494141e-02,9.929197311401366521e-02,0.000000000000000000e+00,1.000000000000000000e+00,2.349072767336307377e-01
5.385999999999999943e+01,2.496122121810913363e-02,9.929353237152099831e-02,0.000000000000000000e+00,1.000000000000000000e+00,2.347783979410209831e-01
5.388000000000000256e+01,2.496182024478912562e-02,9.929378271102905218e-02,0.000000000000000000e+00,1.000000000000000000e+00,2.339427496939981421e-01
5.389999999999999858e+01,2.495954930782318115e-02,9.928982019424438532e-02,0.000000000000000000e+00,1.000000000000000000e+00,2.316965893872705851e-01
5.392000000000000171e+01,2.496069222688675204e-02,9.929313898086547518e-02,0.000000000000000000e+00,1.000000000000000000e+00,2.278313545247155070e-01
5.393999999999999773e+01,2.495884597301483224e-02,9.928529262542724887e-02,0.000000000000000000e+00,1.000000000000000000e+00,2.231655853720640459e-01
5.396000000000000085e+01,2.495793998241424561e-02,9.927968502044677568e-02,0.000000000000000000e+00,1.000000000000000000e+00,2.190519020666091554e-01
5.398000000000000398e+01,2.495961487293243616e-02,9.929590702056884099e-02,0.000000000000000000e+00,1.000000000000000000e+00,2.164607570567218253e-01
5.400000000000000000e+01,2.496110796928405900e-02,9.932400226593017523e-02,0.000000000000000000e+00,1.000000000000000000e+00,2.157145961235054088e-01
5.402000000000000313e+01,2.496120929718017786e-02,9.933759212493896429e-02,0.000000000000000000e+00,1.000000000000000000e+00,2.166144637844585330e-01
5.403999999999999915e+01,2.496115416288376132e-02,9.933911561965942660e-02,0.000000000000000000e+00,1.000000000000000000e+00,2.184486895066981571e-01
5.406000000000000227e+01,2.496058344841003626e-02,9.934637546539305808e-02,0.000000000000000000e+00,1.000000000000000000e+00,2.201139584396666349e-01
5.407999999999999829e+01,2.495715022087097168e-02,9.937502145767211637e-02,0.000000000000000000e+00,1.000000000000000000e+00,2.206726455067573867e-01
5.410000000000000142e+01,2.495992779731750696e-02,9.935709714889526256e-02,0.000000000000000000e+00,1.000000000000000000e+00,2.198572382732330577e-01
5.412000000000000455e+01,2.495613247156143466e-02,9.937959909439086914e-02,0.000000000000000000e+00,1.000000000000000000e+00,2.179752618190095581e-01
5.414000000000000057e+01,2.495476752519607683e-02,9.939016342163085882e-02,0.000000000000000000e+00,1.000000000000000000e+00,2.155462147262580119e-01
5.416000000000000369e+01,2.495477050542831490e-02,9.939003467559813509e-02,0.000000000000000000e+00,1.000000000000000000e+00,2.131198403873023894e-01
5.417999999999999972e+01,2.495578974485397616e-02,9.940153598785400613e-02,0.000000000000000000e+00,1.000000000000000000e+00,2.112463771178648420e-01
5.420000000000000284e+01,2.495626360177993774e-02,9.940511226654052956e-02,0.000000000000000000e+00,1.000000000000000000e+00,2.104096460029917792e-01
5.421999999999999886e+01,2.495682090520858973e-02,9.940966844558715709e-02,0.000000000000000000e+00,1.000000000000000000e+00,2.109065712718186381e-01
5.424000000000000199e+01,2.495909780263901034e-02,9.943530321121214766e-02,0.000000000000000000e+00,1.000000000000000000e+00,2.127607366707053582e-01
5.425999999999999801e+01,2.496006935834884852e-02,9.945522308349609431e-02,0.000000000000000000e+00,1.000000000000000000e+00,2.156837861661905220e-01
5.428000000000000114e+01,2.495985478162765503e-02,9.943213462829589289e-02,0.000000000000000000e+00,1.000000000000000000e+00,2.191135356573429838e-01
5.430000000000000426e+01,2.495984137058258195e-02,9.943267107009887140e-02,0.000000000000000000e+00,1.000000000000000000e+00,2.224331325866494291e-01
5.432000000000000028e+01,2.495892196893692225e-02,9.944957971572875033e-02,0.000000000000000000e+00,1.000000000000000000e+00,2.252765916540274138e-01
5.434000000000000341e+01,2.496079504489898820e-02,9.942257881164549838e-02,0.000000000000000000e+00,1.000000000000000000e+00,2.276002982848341627e-01
5.435999999999999943e+01,2.496094554662704745e-02,9.942023992538451260e-02,0.000000000000000000e+00,1.000000000000000000e+00,2.294817747792568530e-01
5.438000000000000256e+01,2.496207356452942103e-02,9.938932657241821012e-02,0.000000000000000000e+00,1.000000000000000000e+00,2.309477010601064806e-01
5.439999999999999858e+01,2.496212124824524065e-02,9.940788745880126120e-02,0.000000000000000000e+00,1.000000000000000000e+00,2.320235227265612932e-01
5.442000000000000171e+01,2.496223002672195643e-02,9.941139936447143666e-02,0.000000000000000000e+00,1.000000000000000000e+00,2.328936351782497638e-01
5.443999999999999773e+01,2.496251463890075684e-02,9.941998243331909291e-02,0.000000000000000000e+00,1.000000000000000000e+00,2.338982098274442478e-01
5.446000000000000085e+01,2.496258914470672607e-02,9.942959547042846957e-02,0.000000000000000000e+00,1.000000000000000000e+00,2.352930113007173640e-01
5.448000000000000398e+01,2.496209591627121180e-02,9.944058179855345958e-02,0.000000000000000000e+00,1.000000000000000000e+00,2.369696628483572431e-01
5.450000000000000000e+01,2.496401518583298007e-02,9.942638397216796431e-02,0.000000000000000000e+00,1.000000000000000000e+00,2.383059732287408361e-01
5.452000000000000313e+01,2.496162950992584367e-02,9.943374395370482843e-02,0.000000000000000000e+00,1.000000000000000000e+00,2.383674050132221500e-01
5.453999999999999915e+01,2.496479898691177438e-02,9.943127632141113281e-02,0.000000000000000000e+00,1.000000000000000000e+00,2.366721653018439842e-01
5.456000000000000227e+01,2.496665269136429111e-02,9.943314313888548805e-02,0.000000000000000000e+00,1.000000000000000000e+00,2.338279356857130287e-01
5.457999999999999829e+01,2.496059685945510934e-02,9.941566944122313954e-02,0.000000000000000000e+00,1.000000000000000000e+00,2.310521377865897563e-01
5.460000000000000142e+01,2.496397346258163660e-02,9.943442344665527621e-02,0.000000000000000000e+00,1.000000000000000000e+00,2.292699637348963038e-01
5.462000000000000455e+01,2.496357858180999964e-02,9.943006038665770652e-02,0.000000000000000000e+00,1.000000000000000000e+00,2.287912567241467687e-01
5.464000000000000057e+01,2.496310174465179652e-02,9.941265821456908569e-02,0.000000000000000000e+00,1.000000000000000000e+00,2.293452429745760079e-01
5.466000000000000369e+01,2.496251463890075684e-02,9.943706989288329801e-02,0.000000000000000000e+00,1.000000000000000000e+00,2.301488280172096224e-01
5.467999999999999972e+01,2.496249079704284876e-02,9.943741321563720481e-02,0.000000000000000000e+00,1.000000000000000000e+00,2.301755945170413931e-01
5.470000000000000284e+01,2.496232092380523682e-02,9.943902969360350619e-02,0.000000000000000000e+00,1.000000000000000000e+00,2.286559071565092138e-01
5.471999999999999886e+01,2.496294826269149919e-02,9.943408012390136941e-02,0.000000000000000000e+00,1.000000000000000000e+00,2.253936868126938942e-01
5.474000000000000199e+01,2.496437281370163241e-02,9.942189931869506447e-02,0.000000000000000000e+00,1.000000000000000000e+00,2.207194431813849778e-01
5.475999999999999801e+01,2.496470510959625244e-02,9.941630601882933682e-02,0.000000000000000000e+00,1.000000000000000000e+00,2.153349451462671649e-01
5.478000000000000114e+01,2.496459037065506051e-02,9.941192865371703546e-02,0.000000000000000000e+00,1.000000000000000000e+00,2.101613865728412800e-01
5.480000000000000426e+01,2.496642172336578647e-02,9.943300724029541238e-02,0.000000000000000000e+00,1.000000000000000000e+00,2.060898404389875649e-01
5.482000000000000028e+01,2.496677041053772111e-02,9.943644046783446655e-02,0.000000000000000000e+00,1.000000000000000000e+00,2.037088940129771764e-01
5.484000000000000341e+01,2.496553063392639368e-02,9.942172765731811801e-02,0.000000000000000000e+00,1.000000000000000000e+00,2.032067957248861745e-01
5.485999999999999943e+01,2.496591508388519565e-02,9.942894458770751287e-02,0.000000000000000000e+00,1.000000000000000000e+00,2.044148606877949914e-01
5.488000000000000256e+01,2.496603280305862566e-02,9.943513870239258090e-02,0.000000000000000000e+00,1.000000000000000000e+00,2.068448622731123288e-01
5.489999999999999858e+01,2.496614754199981759e-02,9.942636251449583906e-02,0.000000000000000000e+00,1.000000000000000000e+00,2.097906704957864799e-01
5.492000000000000171e+01,2.496596723794937411e-02,9.943124055862426203e-02,0.000000000000000000e+00,1.000000000000000000e+00,2.126264178633006652e-01
5.493999999999999773e+01,2.496579587459564487e-02,9.943493843078612948e-02,0.000000000000000000e+00,1.000000000000000000e+00,2.150717491806181936e-01
5.496000000000000085e+01,2.496584653854370256e-02,9.943345069885253795e-02,0.000000000000000000e+00,1.000000000000000000e+00,2.171224984388354096e-01
5.498000000000000398e+01,2.496588081121444910e-02,9.945378541946410522e-02,0.000000000000000000e+00,1.000000000000000000e+00,2.188175402890377153e-01
5.500000000000000000e+01,2.496585249900817871e-02,9.945315599441527377e-02,0.000000000000000000e+00,1.000000000000000000e+00,2.201801572660106732e-01
5.502000000000000313e+01,2.496815174818039010e-02,9.948429107666015292e-02,0.000000000000000000e+00,1.000000000000000000e+00,2.213812970781731670e-01
5.503999999999999915e+01,2.496933341026306291e-02,9.949929714202880582e-02,0.000000000000000000e+00,1.000000000000000000e+00,2.228530270525194146e-01
5.506000000000000227e+01,2.497193068265915125e-02,9.954123258590698298e-02,0.000000000000000000e+00,1.000000000000000000e+00,2.251207589999539571e-01
5.507999999999999829e+01,2.497279345989227364e-02,9.957002162933349665e-02,0.000000000000000000e+00,1.000000000000000000e+00,2.285115770189744266e-01
5.510000000000000142e+01,2.497246116399765015e-02,9.959464788436889204e-02,0.000000000000000000e+00,1.000000000000000000e+00,2.329210585039040160e-01
5.512000000000000455e+01,2.497386485338211337e-02,9.957432031631469060e-02,0.000000000000000000e+00,1.000000000000000000e+00,2.376109234877376297e-01
5.514000000000000057e+01,2.497621625661849976e-02,9.955811262130737083e-02,0.000000000000000000e+00,1.000000000000000000e+00,2.413068769575549555e-01
5.516000000000000369e+01,2.497542649507522583e-02,9.956101655960082619e-02,0.000000000000000000e+00,1.000000000000000000e+00,2.430369536680727915e-01
5.517999999999999972e+01,2.497425824403762956e-02,9.956291198730468639e-02,0.000000000000000000e+00,1.000000000000000000e+00,2.429873845966389057e-01
5.520000000000000284e+01,2.497716695070266793e-02,9.956329107284545010e-02,0.000000000000000000e+00,1.000000000000000000e+00,2.421754835934664396e-01
5.521999999999999886e+01,2.497307062149048060e-02,9.955449342727661077e-02,0.000000000000000000e+00,1.000000000000000000e+00,2.415343664792208023e-01
5.524000000000000199e+01,2.497431337833404610e-02,9.956125974655151423e-02,0.000000000000000000e+00,1.000000000000000000e+00,2.414595947721625280e-01
5.525999999999999801e+01,2.497389018535614222e-02,9.955484390258788341e-02,0.000000000000000000e+00,1.000000000000000000e+00,2.417907049860099911e-01
5.528000000000000114e+01,2.497376799583435336e-02,9.956981420516967940e-02,0.000000000000000000e+00,1.000000000000000000e+00,2.419461006033865325e-01
5.530000000000000426e+01,2.497314959764480868e-02,9.957986354827880193e-02,0.000000000000000000e+00,1.000000000000000000e+00,2.411571204280121838e-01
5.532000000000000028e+01,2.497350573539734025e-02,9.957612276077269786e-02,0.000000000000000000e+00,1.000000000000000000e+00,2.387395499942094046e-01
5.534000000000000341e+01,2.497328519821167062e-02,9.957837581634521040e-02,0.000000000000000000e+00,1.000000000000000000e+00,2.343177638725349732e-01
5.535999999999999943e+01,2.497352063655853410e-02,9.957403421401976595e-02,0.000000000000000000e+00,1.000000000000000000e+00,2.280395601191015365e-01
5.538000000000000256e+01,2.497319281101226945e-02,9.955989360809325284e-02,0.000000000000000000e+00,1.000000000000000000e+00,2.207265573688867444e-01
5.539999999999999858e+01,2.497474849224090576e-02,9.957807540893554021e-02,0.000000000000000000e+00,1.000000000000000000e+00,2.136594391468641385e-01
5.542000000000000171e+01,2.497574687004089355e-02,9.958766698837280551e-02,0.000000000000000000e+00,1.000000000000000000e+00,2.079870102044307223e-01
5.543999999999999773e+01,2.497655451297760287e-02,9.959677219390868086e-02,0.000000000000000000e+00,1.000000000000000000e+00,2.042986459748755979e-01
5.546000000000000085e+01,2.497625499963760515e-02,9.959150075912474864e-02,0.000000000000000000e+00,1.000000000000000000e+00,2.026433950528614691e-01
5.548000000000000398e+01,2.497616559267044206e-02,9.958685159683226817e-02,0.000000000000000000e+00,1.000000000000000000e+00,2.026980778423836393e-01
5.550000000000000000e+01,2.497640997171401978e-02,9.957344055175780528e-02,0.000000000000000000e+00,1.000000000000000000e+00,2.038577853494430159e-01
5.552000000000000313e+01,2.497545033693313737e-02,9.959281682968139371e-02,0.000000000000000000e+00,1.000000000000000000e+00,2.054004625927850214e-01
5.553999999999999915e+01,2.497632503509521554e-02,9.957947731018065851e-02,0.000000000000000000e+00,1.000000000000000000e+00,2.067988635777872064e-01
5.556000000000000227e+01,2.497655898332595825e-02,9.957501411437988392e-02,0.000000000000000000e+00,1.000000000000000000e+00,2.078612731022519977e-01
5.557999999999999829e+01,2.497656941413879672e-02,9.956887006759643222e-02,0.000000000000000000e+00,1.000000000000000000e+00,2.085669282271344349e-01
5.560000000000000142e+01,2.497518062591552734e-02,9.954829216003417691e-02,0.000000000000000000e+00,1.000000000000000000e+00,2.089150908150763652e-01
5.562000000000000455e+01,2.497327029705047677e-02,9.953189134597778542e-02,0.000000000000000000e+00,1.000000000000000000e+00,2.090285678493568056e-01
5.564000000000000057e+01,2.497840225696563998e-02,9.957179546356201283e-02,0.000000000000000000e+00,1.000000000000000000e+00,2.093488625554230653e-01
5.566000000000000369e+01,2.498065382242202828e-02,9.959172248840331143e-02,0.000000000000000000e+00,1.000000000000000000e+00,2.105622894052107674e-01
5.567999999999999972e+01,2.497917711734772006e-02,9.957383394241332841e-02,0.000000000000000000e+00,1.000000000000000000e+00,2.132892056909682643e-01
5.570000000000000284e+01,2.497863769531250000e-02,9.956186056137084073e-02,0.000000000000000000e+00,1.000000000000000000e+00,2.178737445531452599e-01
5.571999999999999886e+01,2.497885078191757272e-02,9.961781501770018699e-02,0.000000000000000000e+00,1.000000000000000000e+00,2.242266537497978052e-01
5.574000000000000199e+01,2.497862428426742692e-02,9.962337970733642356e-02,0.000000000000000000e+00,1.000000000000000000e+00,2.315403919465033322e-01
5.575999999999999801e+01,2.498159259557724068e-02,9.959045648574828269e-02,0.000000000000000000e+00,1.000000000000000000e+00,2.382808197544935003e-01
5.578000000000000114e+01,2.498582005500793457e-02,9.956213951110839955e-02,0.000000000000000000e+00,1.000000000000000000e+00,2.430354860773636383e-01
5.580000000000000426e+01,2.498139590024948259e-02,9.958148717880248302e-02,0.000000000000000000e+00,1.000000000000000000e+00,2.454958886352943404e-01
5.582000000000000028e+01,2.498001307249069283e-02,9.958533525466918557e-02,0.000000000000000000e+00,1.000000000000000000e+00,2.463460646823214806e-01
5.584000000000000341e+01,2.497641295194626132e-02,9.959053516387939009e-02,0.000000000000000000e+00,1.000000000000000000e+00,2.464706955613747696e-01
5.585999999999999943e+01,2.497701942920685023e-02,9.959055662155151534e-02,0.000000000000000000e+00,1.000000000000000000e+00,2.464555623878629531e-01
5.588000000000000256e+01,2.497838139533996651e-02,9.959416866302489568e-02,0.000000000000000000e+00,1.000000000000000000e+00,2.465041759497013096e-01
5.589999999999999858e+01,2.497845441102981845e-02,9.959557771682739369e-02,0.000000000000000000e+00,1.000000000000000000e+00,2.464997706994823123e-01
5.592000000000000171e+01,2.497861087322235385e-02,9.959358930587768055e-02,0.000000000000000000e+00,1.000000000000000000e+00,2.460468305312061843e-01
5.593999999999999773e+01,2.497891485691070695e-02,9.959067106246947965e-02,0.000000000000000000e+00,1.000000000000000000e+00,2.444990135871330239e-01
5.596000000000000085e+01,2.497887015342712541e-02,9.958813905715942216e-02,0.000000000000000000e+00,1.000000000000000000e+00,2.411387698121597867e-01
5.598000000000000398e+01,2.497840225696563998e-02,9.958562850952147605e-02,0.000000000000000000e+00,1.000000000000000000e+00,2.356740103948371245e-01
5.600000000000000000e+01,2.497955262660980433e-02,9.959047079086302823e-02,0.000000000000000000e+00,1.000000000000000000e+00,2.287551596695515388e-01
5.602000000000000313e+01,2.497833669185638497e-02,9.958456277847289873e-02,0.000000000000000000e+00,1.000000000000000000e+00,2.217669169833529907e-01
5.603999999999999915e+01,2.497847676277160922e-02,9.958549261093138649e-02,0.000000000000000000e+00,1.000000000000000000e+00,2.159570849519268365e-01
5.606000000000000227e+01,2.497883588075637887e-02,9.958944797515868752e-02,0.000000000000000000e+00,1.000000000000000000e+00,2.119003104466353760e-01
5.607999999999999829e+01,2.497896403074264735e-02,9.959333896636962669e-02,0.000000000000000000e+00,1.000000000000000000e+00,2.095825705330919275e-01
5.610000000000000142e+01,2.497934848070144931e-02,9.957720994949340043e-02,0.000000000000000000e+00,1.000000000000000000e+00,2.086246537839392678e-01
5.612000000000000455e+01,2.498064637184143136e-02,9.956100940704344648e-02,0.000000000000000000e+00,1.000000000000000000e+00,2.084389416167622966e-01
5.614000000000000057e+01,2.498072832822799752e-02,9.956038713455199474e-02,0.000000000000000000e+00,1.000000000000000000e+00,2.084544143338636635e-01
5.616000000000000369e+01,2.498191893100738803e-02,9.955286979675292969e-02,0.000000000000000000e+00,1.000000000000000000e+00,2.083318289541712665e-01
5.617999999999999972e+01,2.498095333576202601e-02,9.956188201904296597e-02,0.000000000000000000e+00,1.000000000000000000e+00,2.079265605874273393e-01
5.620000000000000284e+01,2.498099505901336947e-02,9.956264734268188699e-02,0.000000000000000000e+00,1.000000000000000000e+00,2.071178804688199593e-01
5.621999999999999886e+01,2.498405873775482247e-02,9.957835435867308516e-02,0.000000000000000000e+00,1.000000000000000000e+00,2.058323268251525950e-01
5.624000000000000199e+01,2.498345971107483049e-02,9.957570791244506336e-02,0.000000000000000000e+00,1.000000000000000000e+00,2.043132005998502532e-01
5.625999999999999801e+01,2.498084455728531023e-02,9.956243276596069003e-02,0.000000000000000000e+00,1.000000000000000000e+00,2.032560803252136949e-01
5.628000000000000114e+01,2.497827410697937150e-02,9.954545974731444924e-02,0.000000000000000000e+00,1.000000000000000000e+00,2.035081893964214850e-01
5.630000000000000426e+01,2.497669309377670288e-02,9.953033208847045232e-02,0.000000000000000000e+00,1.000000000000000000e+00,2.056988022904970570e-01
5.632000000000000028e+01,2.497553527355194161e-02,9.951100587844848022e-02,0.000000000000000000e+00,1.000000000000000000e+00,2.101292455269072601e-01
5.634000000000000341e+01,2.497657984495163172e-02,9.956820487976074385e-02,0.000000000000000000e+00,1.000000000000000000e+00,2.166606755010299645e-01
5.635999999999999943e+01,2.497615218162536899e-02,9.958865404129027543e-02,0.000000000000000000e+00,1.000000000000000000e+00,2.244435739708625366e-01
5.638000000000000256e+01,2.497854977846145769e-02,9.954731225967407282e-02,0.000000000000000000e+00,1.000000000000000000e+00,2.319408710925106032e-01
5.639999999999999858e+01,2.497735917568207065e-02,9.956015825271606612e-02,0.000000000000000000e+00,1.000000000000000000e+00,2.376563301029933906e-01
5.642000000000000171e+01,2.497580349445343087e-02,9.957278966903686246e-02,0.000000000000000000e+00,1.000000000000000000e+00,2.409498836290874801e-01
5.643999999999999773e+01,2.497805058956146379e-02,9.955714702606201227e-02,0.000000000000000000e+00,1.000000000000000000e+00,2.421100636702422371e-01
5.646000000000000085e+01,2.497977167367935319e-02,9.954525232315063199e-02,0.000000000000000000e+00,1.000000000000000000e+00,2.419052541149922242e-01
5.648000000000000398e+01,2.497957795858383317e-02,9.954690456390380415e-02,0.000000000000000000e+00,1.000000000000000000e+00,2.411839946068968510e-01
5.650000000000000000e+01,2.497932165861129969e-02,9.955065965652465376e-02,0.000000000000000000e+00,1.000000000000000000e+00,2.406407195352892880e-01
5.652000000000000313e+01,2.497938871383667200e-02,9.954827070236205167e-02,0.000000000000000000e+00,1.000000000000000000e+00,2.406519376969870339e-01
5.653999999999999915e+01,2.497954666614532471e-02,9.954176187515258178e-02,0.000000000000000000e+00,1.000000000000000000e+00,2.411522154300260457e-01
5.656000000000000227e+01,2.497915476560592929e-02,9.954775571823119840e-02,0.000000000000000000e+00,1.000000000000000000e+00,2.415650493507023877e-01
5.657999999999999829e+01,2.498065978288650790e-02,9.953848600387572854e-02,0.000000000000000000e+00,1.000000000000000000e+00,2.409180469646949319e-01
5.660000000000000142e+01,2.498032897710800171e-02,9.953931570053099753e-02,0.000000000000000000e+00,1.000000000000000000e+00,2.384105453058505963e-01
5.662000000000000455e+01,2.497932612895965854e-02,9.953970193862914095e-02,0.000000000000000000e+00,1.000000000000000000e+00,2.341987171673811097e-01
5.664000000000000057e+01,2.498054951429367135e-02,9.954140424728392944e-02,0.000000000000000000e+00,1.000000000000000000e+00,2.293783402055940279e-01
5.666000000000000369e+01,2.497805207967758456e-02,9.953229904174804021e-02,0.000000000000000000e+00,1.000000000000000000e+00,2.250882473849303012e-01
5.667999999999999972e+01,2.497898638248443812e-02,9.954043149948119118e-02,0.000000000000000000e+00,1.000000000000000000e+00,2.218975428453599241e-01
5.670000000000000284e+01,2.497905939817428658e-02,9.955467224121093694e-02,0.000000000000000000e+00,1.000000000000000000e+00,2.198240786531597546e-01
5.671999999999999886e+01,2.497854977846145769e-02,9.955965042114257868e-02,0.000000000000000000e+00,1.000000000000000000e+00,2.185523050703713221e-01
5.674000000000000199e+01,2.497902065515518466e-02,9.955774784088133877e-02,0.000000000000000000e+00,1.000000000000000000e+00,2.176683078205507160e-01
5.675999999999999801e+01,2.497924417257309238e-02,9.955734729766844981e-02,0.000000000000000000e+00,1.000000000000000000e+00,2.168799799714303811e-01
5.678000000000000114e+01,2.498117089271545410e-02,9.955705404281615933e-02,0.000000000000000000e+00,1.000000000000000000e+00,2.160492304321390278e-01
5.680000000000000426e+01,2.498139739036560336e-02,9.955761909484862893e-02,0.000000000000000000e+00,1.000000000000000000e+00,2.150227401308678621e-01
5.682000000000000028e+01,2.498161941766739030e-02,9.955674648284912331e-02,0.000000000000000000e+00,1.000000000000000000e+00,2.135309274546459690e-01
5.684000000000000341e+01,2.498321980237960815e-02,9.955699682235717718e-02,0.000000000000000000e+00,1.000000000000000000e+00,2.113848107538181531e-01
5.685999999999999943e+01,2.498301416635513583e-02,9.955666780471801591e-02,0.000000000000000000e+00,1.000000000000000000e+00,2.088588024007812516e-01
5.688000000000000256e+01,2.498568594455718994e-02,9.956457138061522438e-02,0.000000000000000000e+00,1.000000000000000000e+00,2.067486992043200966e-01
5.689999999999999858e+01,2.498912215232849260e-02,9.958066463470457985e-02,0.000000000000000000e+00,1.000000000000000000e+00,2.059358447339953158e-01
5.692000000000000171e+01,2.499210238456726213e-02,9.960261583328246238e-02,0.000000000000000000e+00,1.000000000000000000e+00,2.070028127057421119e-01
5.693999999999999773e+01,2.499097734689712663e-02,9.958832502365111417e-02,0.000000000000000000e+00,1.000000000000000000e+00,2.101486999556677060e-01
5.696000000000000085e+01,2.499130070209503243e-02,9.959800243377685269e-02,0.000000000000000000e+00,1.000000000000000000e+00,2.151231276817400229e-01
5.698000000000000398e+01,2.499134093523025513e-02,9.958612918853759766e-02,0.000000000000000000e+00,1.000000000000000000e+00,2.211077301265219064e-01
5.700000000000000000e+01,2.499130964279175013e-02,9.958707332611083096e-02,0.000000000000000000e+00,1.000000000000000000e+00,2.268393049511626125e-01
5.702000000000000313e+01,2.499126344919204781e-02,9.958794593811035045e-02,0.000000000000000000e+00,1.000000000000000000e+00,2.310844043917013313e-01
5.703999999999999915e+01,2.499066442251205583e-02,9.959756612777709295e-02,0.000000000000000000e+00,1.000000000000000000e+00,2.331179611439528621e-01
5.706000000000000227e+01,2.498844414949417253e-02,9.963669061660766768e-02,0.000000000000000000e+00,1.000000000000000000e+00,2.329317482114778015e-01
5.707999999999999829e+01,2.498947829008102417e-02,9.960964679718016523e-02,0.000000000000000000e+00,1.000000000000000000e+00,2.312140756724527235e-01
5.710000000000000142e+01,2.498939782381057878e-02,9.961480379104613314e-02,0.000000000000000000e+00,1.000000000000000000e+00,2.290932056887959867e-01
5.712000000000000455e+01,2.498939335346221993e-02,9.961970329284668135e-02,0.000000000000000000e+00,1.000000000000000000e+00,2.276548775662362023e-01
5.714000000000000057e+01,2.498942017555236955e-02,9.961061954498290349e-02,0.000000000000000000e+00,1.000000000000000000e+00,2.275374590640389660e-01
5.716000000000000369e+01,2.498955428600311418e-02,9.960494041442870261e-02,0.000000000000000000e+00,1.000000000000000000e+00,2.288147517967148437e-01
5.717999999999999972e+01,2.498970031738281458e-02,9.960260868072509655e-02,0.000000000000000000e+00,1.000000000000000000e+00,2.309921005374968861e-01
5.720000000000000284e+01,2.498894333839416643e-02,9.960880994796753041e-02,0.000000000000000000e+00,1.000000000000000000e+00,2.330450783469235898e-01
5.721999999999999886e+01,2.498929500579834262e-02,9.960717916488646961e-02,0.000000000000000000e+00,1.000000000000000000e+00,2.338685547982085888e-01
5.724000000000000199e+01,2.499011605978012154e-02,9.960512638092040849e-02,0.000000000000000000e+00,1.000000000000000000e+00,2.331169618433185098e-01
5.725999999999999801e+01,2.498908489942550798e-02,9.960600614547729381e-02,0.000000000000000000e+00,1.000000000000000000e+00,2.313995505079141646e-01
5.728000000000000114e+01,2.499023079872131348e-02,9.960704326629638006e-02,0.000000000000000000e+00,1.000000000000000000e+00,2.295664428186059702e-01
5.730000000000000426e+01,2.499106675386428972e-02,9.961090564727782815e-02,0.000000000000000000e+00,1.000000000000000000e+00,2.281064244593867529e-01
5.732000000000000028e+01,2.499103248119354317e-02,9.961147069931029774e-02,0.000000000000000000e+00,1.000000000000000000e+00,2.270780381773613021e-01
5.734000000000000341e+01,2.499034106731415003e-02,9.961305856704712192e-02,0.000000000000000000e+00,1.000000000000000000e+00,2.263158076864067725e-01
5.735999999999999943e+01,2.498977929353714267e-02,9.961304426193236250e-02,0.000000000000000000e+00,1.000000000000000000e+00,2.256867070087808791e-01
5.738000000000000256e+01,2.498975694179535190e-02,9.961300134658812588e-02,0.000000000000000000e+00,1.000000000000000000e+00,2.251954379073614065e-01
5.739999999999999858e+01,2.498862892389297485e-02,9.960817337036131924e-02,0.000000000000000000e+00,1.000000000000000000e+00,2.248483813075385640e-01
5.742000000000000171e+01,2.498903274536132951e-02,9.961326599121093917e-02,0.000000000000000000e+00,1.000000000000000000e+00,2.244560806167305578e-01
5.743999999999999773e+01,2.498912811279296875e-02,9.961147069931029774e-02,0.000000000000000000e+00,1.000000000000000000e+00,2.236170184691675666e-01
5.746000000000000085e+01,2.498802691698074480e-02,9.961599111557006836e-02,0.000000000000000000e+00,1.000000000000000000e+00,2.220079980020278621e-01
5.748000000000000398e+01,2.498531639575958530e-02,9.961890220642088956e-02,0.000000000000000000e+00,1.000000000000000000e+00,2.197939883925557614e-01
5.750000000000000000e+01,2.498378604650497437e-02,9.961767196655273160e-02,0.000000000000000000e+00,1.000000000000000000e+00,2.176524577782330827e-01
5.752000000000000313e+01,2.498325407505035470e-02,9.961627721786499301e-02,0.000000000000000000e+00,1.000000000000000000e+00,2.163452732188140271e-01
5.753999999999999915e+01,2.498259842395782540e-02,9.961297988891601451e-02,0.000000000000000000e+00,1.000000000000000000e+00,2.163507761988942291e-01
5.756000000000000227e+01,2.498190850019454956e-02,9.960669279098510742e-02,0.000000000000000000e+00,1.000000000000000000e+00,2.177640496442956319e-01
5.757999999999999829e+01,2.498155087232589722e-02,9.959999799728393166e-02,0.000000000000000000e+00,1.000000000000000000e+00,2.202998194648648767e-01
5.760000000000000142e+01,2.498167604207992762e-02,9.960813760757446234e-02,0.000000000000000000e+00,1.000000000000000000e+00,2.233352162024236365e-01
5.762000000000000455e+01,2.498152703046798914e-02,9.962815761566161388e-02,0.000000000000000000e+00,1.000000000000000000e+00,2.260361990301364976e-01
5.764000000000000057e+01,2.498150318861007760e-02,9.962970972061156727e-02,0.000000000000000000e+00,1.000000000000000000e+00,2.275366179704219893e-01
5.766000000000000369e+01,2.498169094324112147e-02,9.960535526275633711e-02,0.000000000000000000e+00,1.000000000000000000e+00,2.271610757399381009e-01
5.767999999999999972e+01,2.498141080141067644e-02,9.957683801651000255e-02,0.000000000000000000e+00,1.000000000000000000e+00,2.247770228382594548e-01
5.770000000000000284e+01,2.498100548982620447e-02,9.956225395202636386e-02,0.000000000000000000e+00,1.000000000000000000e+00,2.211106128227489920e-01
5.771999999999999886e+01,2.498036473989486903e-02,9.954470872879027377e-02,0.000000000000000000e+00,1.000000000000000000e+00,2.175125292536495281e-01
5.774000000000000199e+01,2.498121112585068027e-02,9.957163810729979803e-02,0.000000000000000000e+00,1.000000000000000000e+00,2.152024332940032925e-01
5.775999999999999801e+01,2.498122900724411219e-02,9.957304716110229603e-02,0.000000000000000000e+00,1.000000000000000000e+00,2.147859340079170676e-01
5.778000000000000114e+01,2.498035579919815133e-02,9.962586164474486472e-02,0.000000000000000000e+00,1.000000000000000000e+00,2.162930135300593637e-01
5.780000000000000426e+01,2.497826963663101266e-02,9.966344833374023160e-02,0.000000000000000000e+00,1.000000000000000000e+00,2.192516536365374802e-01
5.782000000000000028e+01,2.498566657304764072e-02,9.959265232086181308e-02,0.000000000000000000e+00,1.000000000000000000e+00,2.226570766266338652e-01
5.784000000000000341e+01,2.498698979616165161e-02,9.958474159240722490e-02,0.000000000000000000e+00,1.000000000000000000e+00,2.253378539971544747e-01
5.785999999999999943e+01,2.498757243156433244e-02,9.958244562149047574e-02,0.000000000000000000e+00,1.000000000000000000e+00,2.267428038254523104e-01
5.788000000000000256e+01,2.498562633991241455e-02,9.958748102188109963e-02,0.000000000000000000e+00,1.000000000000000000e+00,2.271573887254572377e-01
5.789999999999999858e+01,2.498749792575836320e-02,9.958447694778442549e-02,0.000000000000000000e+00,1.000000000000000000e+00,2.271451977141977219e-01
5.792000000000000171e+01,2.498788386583328247e-02,9.958404779434203158e-02,0.000000000000000000e+00,1.000000000000000000e+00,2.270616189670336404e-01
5.793999999999999773e+01,2.498769313097000400e-02,9.958376169204712081e-02,0.000000000000000000e+00,1.000000000000000000e+00,2.270030954190456196e-01
5.796000000000000085e+01,2.498974204063415805e-02,9.958733797073364424e-02,0.000000000000000000e+00,1.000000000000000000e+00,2.270035520242887905e-01
5.798000000000000398e+01,2.499093115329742432e-02,9.959069967269897072e-02,0.000000000000000000e+00,1.000000000000000000e+00,2.271979002594470831e-01
5.800000000000000000e+01,2.498875856399536410e-02,9.958078622817992387e-02,0.000000000000000000e+00,1.000000000000000000e+00,2.277691381702506845e-01
5.802000000000000313e+01,2.498920559883117953e-02,9.958439826965331809e-02,0.000000000000000000e+00,1.000000000000000000e+00,2.287524912268897315e-01
5.803999999999999915e+01,2.498829960823059290e-02,9.956421375274657204e-02,0.000000000000000000e+00,1.000000000000000000e+00,2.298940938624006725e-01
5.806000000000000227e+01,2.498814761638641635e-02,9.956917047500610241e-02,0.000000000000000000e+00,1.000000000000000000e+00,2.307064875967373141e-01
5.807999999999999829e+01,2.498831748962402483e-02,9.956771850585936778e-02,0.000000000000000000e+00,1.000000000000000000e+00,2.307783614479950729e-01
5.810000000000000142e+01,2.498797029256820748e-02,9.956913471221923162e-02,0.000000000000000000e+00,1.000000000000000000e+00,2.301194515109123429e-01
5.812000000000000455e+01,2.499261945486068795e-02,9.956070184707641046e-02,0.000000000000000000e+00,1.000000000000000000e+00,2.291473548443895281e-01
5.814000000000000057e+01,2.498971074819564958e-02,9.956074476242064708e-02,0.000000000000000000e+00,1.000000000000000000e+00,2.283522689056106392e-01
5.816000000000000369e+01,2.499253749847412179e-02,9.956632375717162919e-02,0.000000000000000000e+00,1.000000000000000000e+00,2.280260067343755914e-01
5.817999999999999972e+01,2.499451786279678622e-02,9.957607269287109542e-02,0.000000000000000000e+00,1.000000000000000000e+00,2.282066759419918711e-01
5.820000000000000284e+01,2.499453425407409737e-02,9.957625150680542159e-02,0.000000000000000000e+00,1.000000000000000000e+00,2.287432116575849328e-01
5.821999999999999886e+01,2.499524950981140206e-02,9.959146499633789174e-02,0.000000000000000000e+00,1.000000000000000000e+00,2.293567145275842156e-01
5.824000000000000199e+01,2.499546408653259555e-02,9.959756612777709295e-02,0.000000000000000000e+00,1.000000000000000000e+00,2.296247589138825929e-01
5.825999999999999801e+01,2.499496042728424280e-02,9.958754539489746149e-02,0.000000000000000000e+00,1.000000000000000000e+00,2.289416759526650691e-01
5.828000000000000114e+01,2.499415129423141618e-02,9.957703828811645397e-02,0.000000000000000000e+00,1.000000000000000000e+00,2.266719953579829083e-01
5.830000000000000426e+01,2.499262243509292603e-02,9.956128835678100530e-02,0.000000000000000000e+00,1.000000000000000000e+00,2.226686568771156227e-01
5.832000000000000028e+01,2.499165683984756747e-02,9.955164670944213756e-02,0.000000000000000000e+00,1.000000000000000000e+00,2.177536278467604447e-01
5.834000000000000341e+01,2.499497085809707780e-02,9.958978414535521462e-02,0.000000000000000000e+00,1.000000000000000000e+00,2.133542692471394331e-01
5.835999999999999943e+01,2.499267309904098719e-02,9.955279111862182229e-02,0.000000000000000000e+00,1.000000000000000000e+00,2.105883238104613864e-01
5.838000000000000256e+01,2.499183416366577287e-02,9.952498197555541271e-02,0.000000000000000000e+00,1.000000000000000000e+00,2.098935096872211747e-01
5.839999999999999858e+01,2.499199211597442905e-02,9.950016975402831143e-02,0.000000000000000000e+00,1.000000000000000000e+00,2.111883191901137158e-01
5.842000000000000171e+01,2.499160617589950631e-02,9.950845241546631137e-02,0.000000000000000000e+00,1.000000000000000000e+00,2.139195140703521181e-01
5.843999999999999773e+01,2.498882114887237757e-02,9.953912973403930553e-02,0.000000000000000000e+00,1.000000000000000000e+00,2.170375050525038818e-01
5.846000000000000085e+01,2.498716861009597778e-02,9.955096006393432395e-02,0.000000000000000000e+00,1.000000000000000000e+00,2.194423515657656920e-01
5.848000000000000398e+01,2.498424649238586634e-02,9.956613063812255748e-02,0.000000000000000000e+00,1.000000000000000000e+00,2.206723995039078789e-01
5.850000000000000000e+01,2.498602122068405151e-02,9.955872058868407704e-02,0.000000000000000000e+00,1.000000000000000000e+00,2.209601866432066852e-01
5.852000000000000313e+01,2.498619109392166346e-02,9.955800533294677235e-02,0.000000000000000000e+00,1.000000000000000000e+00,2.207532960959650570e-01
5.853999999999999915e+01,2.498598098754882882e-02,9.956016540527343195e-02,0.000000000000000000e+00,1.000000000000000000e+00,2.203943449620547057e-01
5.856000000000000227e+01,2.498579323291778842e-02,9.955861330032347856e-02,0.000000000000000000e+00,1.000000000000000000e+00,2.201325962624224863e-01
5.857999999999999829e+01,2.498541027307510376e-02,9.955677509307861439e-02,0.000000000000000000e+00,1.000000000000000000e+00,2.202384152534728468e-01
5.860000000000000142e+01,2.498735487461090088e-02,9.956718206405638927e-02,0.000000000000000000e+00,1.000000000000000000e+00,2.209999587296128110e-01
5.862000000000000455e+01,2.498625069856643885e-02,9.955901384353636752e-02,0.000000000000000000e+00,1.000000000000000000e+00,2.225900554548445320e-01
5.864000000000000057e+01,2.498645335435867310e-02,9.956155300140380471e-02,0.000000000000000000e+00,1.000000000000000000e+00,2.249277216235519572e-01
5.866000000000000369e+01,2.498585134744644304e-02,9.953892230987548828e-02,0.000000000000000000e+00,1.000000000000000000e+00,2.276302669385117938e-01
5.867999999999999972e+01,2.498699426651001046e-02,9.949215888977050448e-02,0.000000000000000000e+00,1.000000000000000000e+00,2.301431218887282637e-01
5.870000000000000284e+01,2.498603761196136613e-02,9.950501203536986361e-02,0.000000000000000000e+00,1.000000000000000000e+00,2.320474880719481936e-01
5.871999999999999886e+01,2.498666197061538696e-02,9.949999094009398526e-02,0.000000000000000000e+00,1.000000000000000000e+00,2.332790995390534305e-01
5.874000000000000199e+01,2.498479187488555908e-02,9.951082706451415405e-02,0.000000000000000000e+00,1.000000000000000000e+00,2.340257605218151737e-01
5.875999999999999801e+01,2.498442530632019251e-02,9.951255083084105391e-02,0.000000000000000000e+00,1.000000000000000000e+00,2.344798084365755930e-01
5.878000000000000114e+01,2.498400956392288208e-02,9.951438903808593195e-02,0.000000000000000000e+00,1.000000000000000000e+00,2.347293205727336018e-01
5.880000000000000426e+01,2.498377263545990129e-02,9.951562643051146961e-02,0.000000000000000000e+00,1.000000000000000000e+00,2.348264827632461638e-01
5.882000000000000028e+01,2.498404383659362862e-02,9.951359510421751986e-02,0.000000000000000000e+00,1.000000000000000000e+00,2.348656786052391587e-01
5.884000000000000341e+01,2.498391866683960169e-02,9.951437473297118641e-02,0.000000000000000000e+00,1.000000000000000000e+00,2.349072767336308210e-01
5.885999999999999943e+01,2.498493492603302141e-02,9.951250076293945146e-02,0.000000000000000000e+00,1.000000000000000000e+00,2.347783979410208999e-01
5.888000000000000256e+01,2.498512715101242065e-02,9.951257944107055886e-02,0.000000000000000000e+00,1.000000000000000000e+00,2.339427496939981144e-01
5.889999999999999858e+01,2.498919367790222376e-02,9.951966762542724387e-02,0.000000000000000000e+00,1.000000000000000000e+00,2.316965893872694471e-01
5.892000000000000171e+01,2.499514371156692782e-02,9.953694105148315485e-02,0.000000000000000000e+00,1.000000000000000000e+00,2.278313545247162009e-01
5.893999999999999773e+01,2.499674260616302490e-02,9.954374313354491521e-02,0.000000000000000000e+00,1.000000000000000000e+00,2.231655853720675431e-01
5.896000000000000085e+01,2.499705553054809570e-02,9.954568862915039174e-02,0.000000000000000000e+00,1.000000000000000000e+00,2.190519020666081007e-01
5.898000000000000398e+01,2.499965429306030482e-02,9.957084417343138594e-02,0.000000000000000000e+00,1.000000000000000000e+00,2.164607570567260997e-01
5.900000000000000000e+01,2.500070333480835030e-02,9.959056377410888117e-02,0.000000000000000000e+00,1.000000000000000000e+00,2.157145961235087395e-01
5.902000000000000313e+01,2.500053644180297990e-02,9.956818342208861861e-02,0.000000000000000000e+00,1.000000000000000000e+00,2.166144637844574783e-01
5.903999999999999915e+01,2.499983012676239291e-02,9.958775281906127874e-02,0.000000000000000000e+00,1.000000000000000000e+00,2.184486895066980461e-01
5.906000000000000227e+01,2.500025928020477295e-02,9.958229541778564065e-02,0.000000000000000000e+00,1.000000000000000000e+00,2.201139584396715199e-01
5.907999999999999829e+01,2.500054240226745605e-02,9.957993507385252963e-02,0.000000000000000000e+00,1.000000000000000000e+00,2.206726455067564430e-01
5.910000000000000142e+01,2.499828338623047083e-02,9.959451198577880249e-02,0.000000000000000000e+00,1.000000000000000000e+00,2.198572382732350561e-01
5.912000000000000455e+01,2.499658167362213412e-02,9.960460424423217551e-02,0.000000000000000000e+00,1.000000000000000000e+00,2.179752618190113900e-01
5.914000000000000057e+01,2.499776333570480347e-02,9.959546327590941550e-02,0.000000000000000000e+00,1.000000000000000000e+00,2.155462147262606487e-01
5.916000000000000369e+01,2.499770969152450770e-02,9.959793090820312500e-02,0.000000000000000000e+00,1.000000000000000000e+00,2.131198403873061364e-01
5.917999999999999972e+01,2.499771118164062500e-02,9.959794521331787054e-02,0.000000000000000000e+00,1.000000000000000000e+00,2.112463771178669791e-01
5.920000000000000284e+01,2.499710768461227417e-02,9.959339618682860884e-02,0.000000000000000000e+00,1.000000000000000000e+00,2.104096460029925286e-01
5.921999999999999886e+01,2.499720305204391688e-02,9.959417581558227539e-02,0.000000000000000000e+00,1.000000000000000000e+00,2.109065712718206920e-01
5.924000000000000199e+01,2.500044703483581682e-02,9.963069677352905107e-02,0.000000000000000000e+00,1.000000000000000000e+00,2.127607366707053860e-01
5.925999999999999801e+01,2.499976456165313790e-02,9.961671352386473888e-02,0.000000000000000000e+00,1.000000000000000000e+00,2.156837861661899114e-01
5.928000000000000114e+01,2.499970644712448328e-02,9.961052656173705055e-02,0.000000000000000000e+00,1.000000000000000000e+00,2.191135356573451209e-01
5.930000000000000426e+01,2.499953359365463326e-02,9.961712837219237338e-02,0.000000000000000000e+00,1.000000000000000000e+00,2.224331325866496512e-01
5.932000000000000028e+01,2.499968260526657174e-02,9.961437463760375310e-02,0.000000000000000000e+00,1.000000000000000000e+00,2.252765916540277191e-01
5.934000000000000341e+01,2.500030994415283411e-02,9.960534095764159157e-02,0.000000000000000000e+00,1.000000000000000000e+00,2.276002982848359391e-01
5.935999999999999943e+01,2.500123977661132882e-02,9.959089279174804243e-02,0.000000000000000000e+00,1.000000000000000000e+00,2.294817747792585461e-01
5.938000000000000256e+01,2.500111162662506381e-02,9.959440469741820401e-02,0.000000000000000000e+00,1.000000000000000000e+00,2.309477010601058700e-01
5.939999999999999858e+01,2.500115334987640381e-02,9.961019039154052346e-02,0.000000000000000000e+00,1.000000000000000000e+00,2.320235227265615707e-01
5.942000000000000171e+01,2.500098049640655726e-02,9.960461854934692105e-02,0.000000000000000000e+00,1.000000000000000000e+00,2.328936351782495695e-01
5.943999999999999773e+01,2.500191330909729004e-02,9.963271379470824141e-02,0.000000000000000000e+00,1.000000000000000000e+00,2.338982098274447197e-01
5.946000000000000085e+01,2.500173747539520541e-02,9.960974693298339788e-02,0.000000000000000000e+00,1.000000000000000000e+00,2.352930113007184187e-01
5.948000000000000398e+01,2.500145435333252231e-02,9.961601972579955944e-02,0.000000000000000000e+00,1.000000000000000000e+00,2.369696628483569656e-01
5.950000000000000000e+01,2.499898523092269897e-02,9.963427305221557451e-02,0.000000000000000000e+00,1.000000000000000000e+00,2.383059732287404753e-01
5.952000000000000313e+01,2.499814629554748813e-02,9.963686227798461414e-02,0.000000000000000000e+00,1.000000000000000000e+00,2.383674050132214839e-01
5.953999999999999915e+01,2.499354332685470650e-02,9.964044570922851729e-02,0.000000000000000000e+00,1.000000000000000000e+00,2.366721653018432625e-01
5.956000000000000227e+01,2.499477714300155778e-02,9.964169025421142079e-02,0.000000000000000000e+00,1.000000000000000000e+00,2.338279356857123348e-01
5.957999999999999829e+01,2.499240040779113908e-02,9.963483810424804410e-02,0.000000000000000000e+00,1.000000000000000000e+00,2.310521377865889237e-01
5.960000000000000142e+01,2.499255985021591256e-02,9.963572502136229525e-02,0.000000000000000000e+00,1.000000000000000000e+00,2.292699637348946939e-01
5.962000000000000455e+01,2.499581426382065097e-02,9.967163085937499889e-02,0.000000000000000000e+00,1.000000000000000000e+00,2.287912567241459083e-01
5.964000000000000057e+01,2.499722540378570765e-02,9.972315788269042747e-02,0.000000000000000000e+00,1.000000000000000000e+00,2.293452429745775900e-01
5.966000000000000369e+01,2.499700039625167916e-02,9.973253488540649581e-02,0.000000000000000000e+00,1.000000000000000000e+00,2.301488280172100387e-01
5.967999999999999972e+01,2.499771565198898385e-02,9.972207069396972490e-02,0.000000000000000000e+00,1.000000000000000000e+00,2.301755945170421702e-01
5.970000000000000284e+01,2.499686181545257568e-02,9.973018884658813032e-02,0.000000000000000000e+00,1.000000000000000000e+00,2.286559071565093249e-01
5.971999999999999886e+01,2.499586790800094674e-02,9.973802804946899081e-02,0.000000000000000000e+00,1.000000000000000000e+00,2.253936868126944493e-01
5.974000000000000199e+01,2.499862015247344971e-02,9.971449613571166382e-02,0.000000000000000000e+00,1.000000000000000000e+00,2.207194431813829238e-01
5.975999999999999801e+01,2.499917745590210169e-02,9.970513343811034102e-02,0.000000000000000000e+00,1.000000000000000000e+00,2.153349451462635011e-01
5.978000000000000114e+01,2.499912232160568515e-02,9.970300197601318637e-02,0.000000000000000000e+00,1.000000000000000000e+00,2.101613865728410024e-01
5.980000000000000426e+01,2.500040829181671143e-02,9.971780061721800814e-02,0.000000000000000000e+00,1.000000000000000000e+00,2.060898404389894800e-01
5.982000000000000028e+01,2.500139772891998499e-02,9.972755670547485407e-02,0.000000000000000000e+00,1.000000000000000000e+00,2.037088940129793690e-01
5.984000000000000341e+01,2.500303089618682861e-02,9.974694013595580833e-02,0.000000000000000000e+00,1.000000000000000000e+00,2.032067957248877010e-01
5.985999999999999943e+01,2.500206232070922852e-02,9.972875833511352095e-02,0.000000000000000000e+00,1.000000000000000000e+00,2.044148606877950192e-01
5.988000000000000256e+01,2.500208914279937814e-02,9.973018884658813032e-02,0.000000000000000000e+00,1.000000000000000000e+00,2.068448622731138831e-01
5.989999999999999858e+01,2.500215768814087122e-02,9.972501039505005105e-02,0.000000000000000000e+00,1.000000000000000000e+00,2.097906704957900881e-01
5.992000000000000171e+01,2.500190436840057581e-02,9.973187685012817327e-02,0.000000000000000000e+00,1.000000000000000000e+00,2.126264178633021640e-01
5.993999999999999773e+01,2.500065565109253068e-02,9.975881338119506336e-02,0.000000000000000000e+00,1.000000000000000000e+00,2.150717491806197756e-01
5.996000000000000085e+01,2.500019073486328333e-02,9.977265357971190629e-02,0.000000000000000000e+00,1.000000000000000000e+00,2.171224984388356039e-01
5.998000000000000398e+01,2.500017881393432756e-02,9.976630210876465121e-02,0.000000000000000000e+00,1.000000000000000000e+00,2.188175402890396026e-01
6.000000000000000000e+01,2.500050365924835413e-02,9.977357625961302823e-02,0.000000000000000000e+00,1.000000000000000000e+00,2.201801572660125605e-01
