time_s,J_kg_m2,b_Nms_rad,status,excitation_ok,gram_min_eigenvalue
2.000000000000000042e-02,1.500000059604644775e-02,9.600000143051147516e-02,5.000000000000000000e+00,0.000000000000000000e+00,0.000000000000000000e+00
4.000000000000000083e-02,1.500000059604644775e-02,9.600000143051147516e-02,5.000000000000000000e+00,0.000000000000000000e+00,2.582927697003523093e-04
5.999999999999999778e-02,1.500000059604644775e-02,9.600000143051147516e-02,5.000000000000000000e+00,0.000000000000000000e+00,3.236064746156230854e-03
8.000000000000000167e-02,1.500000059604644775e-02,9.600000143051147516e-02,5.000000000000000000e+00,0.000000000000000000e+00,3.443462249063466984e-02
1.000000000000000056e-01,1.500000059604644775e-02,9.600000143051147516e-02,5.000000000000000000e+00,0.000000000000000000e+00,1.544757773867918016e-01
1.199999999999999956e-01,1.500000059604644775e-02,9.600000143051147516e-02,5.000000000000000000e+00,0.000000000000000000e+00,3.563199191426242862e-01
1.400000000000000133e-01,1.500000059604644775e-02,9.600000143051147516e-02,5.000000000000000000e+00,0.000000000000000000e+00,4.138072609117042222e-01
1.600000000000000033e-01,1.500000059604644775e-02,9.600000143051147516e-02,5.000000000000000000e+00,0.000000000000000000e+00,3.752216797922208191e-01
1.799999999999999933e-01,1.500000059604644775e-02,9.600000143051147516e-02,5.000000000000000000e+00,0.000000000000000000e+00,3.335360086766813170e-01
2.000000000000000111e-01,1.500000059604644775e-02,9.600000143051147516e-02,5.000000000000000000e+00,0.000000000000000000e+00,3.030268983974408470e-01
2.200000000000000011e-01,1.500000059604644775e-02,9.600000143051147516e-02,5.000000000000000000e+00,0.000000000000000000e+00,2.827777417471519228e-01
2.399999999999999911e-01,1.500000059604644775e-02,9.600000143051147516e-02,5.000000000000000000e+00,0.000000000000000000e+00,2.704107242539205980e-01
2.600000000000000089e-01,1.500000059604644775e-02,9.600000143051147516e-02,5.000000000000000000e+00,0.000000000000000000e+00,2.631769211323375934e-01
2.800000000000000266e-01,1.500000059604644775e-02,9.600000143051147516e-02,5.000000000000000000e+00,0.000000000000000000e+00,2.576989026147372686e-01
2.999999999999999889e-01,1.500000059604644775e-02,9.600000143051147516e-02,5.000000000000000000e+00,0.000000000000000000e+00,2.510385507191619792e-01
3.200000000000000067e-01,1.500000059604644775e-02,9.600000143051147516e-02,5.000000000000000000e+00,0.000000000000000000e+00,2.423146786772885641e-01
3.400000000000000244e-01,1.500000059604644775e-02,9.600000143051147516e-02,5.000000000000000000e+00,0.000000000000000000e+00,2.324659573075754937e-01
3.599999999999999867e-01,1.500000059604644775e-02,9.600000143051147516e-02,5.000000000000000000e+00,0.000000000000000000e+00,2.228057592881512727e-01
3.800000000000000044e-01,1.500000059604644775e-02,9.600000143051147516e-02,5.000000000000000000e+00,0.000000000000000000e+00,2.143202761675040424e-01
4.000000000000000222e-01,1.500000059604644775e-02,9.600000143051147516e-02,5.000000000000000000e+00,0.000000000000000000e+00,2.077001306423386651e-01
4.199999999999999845e-01,1.500000059604644775e-02,9.600000143051147516e-02,5.000000000000000000e+00,0.000000000000000000e+00,2.033598034621331430e-01
4.400000000000000022e-01,1.500000059604644775e-02,9.600000143051147516e-02,5.000000000000000000e+00,0.000000000000000000e+00,2.013278931375442893e-01
4.600000000000000200e-01,1.500000059604644775e-02,9.600000143051147516e-02,5.000000000000000000e+00,0.000000000000000000e+00,2.012080472882497861e-01
4.799999999999999822e-01,1.500000059604644775e-02,9.600000143051147516e-02,5.000000000000000000e+00,0.000000000000000000e+00,2.021743735620265825e-01
5.000000000000000000e-01,1.500000059604644775e-02,9.600000143051147516e-02,5.000000000000000000e+00,0.000000000000000000e+00,2.030497132950135897e-01
5.200000000000000178e-01,1.500000059604644775e-02,9.600000143051147516e-02,5.000000000000000000e+00,0.000000000000000000e+00,2.027581179875564132e-01
5.400000000000000355e-01,1.500000059604644775e-02,9.600000143051147516e-02,5.000000000000000000e+00,0.000000000000000000e+00,2.009628770096256456e-01
5.600000000000000533e-01,1.500000059604644775e-02,9.600000143051147516e-02,5.000000000000000000e+00,0.000000000000000000e+00,1.981694697605688449e-01
5.799999999999999600e-01,1.500000059604644775e-02,9.600000143051147516e-02,5.000000000000000000e+00,0.000000000000000000e+00,1.952893447673224592e-01
5.999999999999999778e-01,1.500000059604644775e-02,9.600000143051147516e-02,5.000000000000000000e+00,0.000000000000000000e+00,1.933051263601781311e-01
6.199999999999999956e-01,1.500000059604644775e-02,9.600000143051147516e-02,5.000000000000000000e+00,0.000000000000000000e+00,1.931336434828891946e-01
6.400000000000000133e-01,1.500000059604644775e-02,9.600000143051147516e-02,5.000000000000000000e+00,0.000000000000000000e+00,1.954349028009753630e-01
6.600000000000000311e-01,1.500000059604644775e-02,9.600000143051147516e-02,5.000000000000000000e+00,0.000000000000000000e+00,2.006165002514921081e-01
6.800000000000000488e-01,1.500000059604644775e-02,9.600000143051147516e-02,5.000000000000000000e+00,0.000000000000000000e+00,2.092150085716666386e-01
7.000000000000000666e-01,1.500000059604644775e-02,9.600000143051147516e-02,5.000000000000000000e+00,0.000000000000000000e+00,2.220061628400939735e-01
7.199999999999999734e-01,1.500000059604644775e-02,9.600000143051147516e-02,5.000000000000000000e+00,0.000000000000000000e+00,2.390651933565440812e-01
7.399999999999999911e-01,1.500000059604644775e-02,9.600000143051147516e-02,5.000000000000000000e+00,0.000000000000000000e+00,2.577926313787445300e-01
7.600000000000000089e-01,1.500000059604644775e-02,9.600000143051147516e-02,5.000000000000000000e+00,0.000000000000000000e+00,2.725347988877276362e-01
7.800000000000000266e-01,1.500000059604644775e-02,9.600000143051147516e-02,5.000000000000000000e+00,0.000000000000000000e+00,2.789475594199182784e-01
8.000000000000000444e-01,1.500000059604644775e-02,9.600000143051147516e-02,5.000000000000000000e+00,0.000000000000000000e+00,2.778225759849854981e-01
8.200000000000000622e-01,1.500000059604644775e-02,9.600000143051147516e-02,5.000000000000000000e+00,0.000000000000000000e+00,2.726979856784994549e-01
8.399999999999999689e-01,1.500000059604644775e-02,9.600000143051147516e-02,5.000000000000000000e+00,0.000000000000000000e+00,2.663934210829199123e-01
8.599999999999999867e-01,1.500000059604644775e-02,9.600000143051147516e-02,5.000000000000000000e+00,0.000000000000000000e+00,2.602117225028823810e-01
8.800000000000000044e-01,1.500000059604644775e-02,9.600000143051147516e-02,5.000000000000000000e+00,0.000000000000000000e+00,2.544585100026615088e-01
9.000000000000000222e-01,1.500000059604644775e-02,9.600000143051147516e-02,5.000000000000000000e+00,0.000000000000000000e+00,2.490314799702169624e-01
9.200000000000000400e-01,1.500000059604644775e-02,9.600000143051147516e-02,5.000000000000000000e+00,0.000000000000000000e+00,2.437993327390935994e-01
9.400000000000000577e-01,1.500000059604644775e-02,9.600000143051147516e-02,5.000000000000000000e+00,0.000000000000000000e+00,2.387324310512745906e-01
9.599999999999999645e-01,1.500000059604644775e-02,9.600000143051147516e-02,5.000000000000000000e+00,0.000000000000000000e+00,2.338671483613119217e-01
9.799999999999999822e-01,1.500000059604644775e-02,9.600000143051147516e-02,5.000000000000000000e+00,0.000000000000000000e+00,2.292765977499039431e-01
1.000000000000000000e+00,1.500000059604644775e-02,9.600000143051147516e-02,5.000000000000000000e+00,0.000000000000000000e+00,2.251069476369787214e-01
1.020000000000000018e+00,1.500000059604644775e-02,9.600000143051147516e-02,5.000000000000000000e+00,0.000000000000000000e+00,2.215785024233928036e-01
1.040000000000000036e+00,1.500000059604644775e-02,9.600000143051147516e-02,5.000000000000000000e+00,0.000000000000000000e+00,2.188729903084621620e-01
1.060000000000000053e+00,1.500000059604644775e-02,9.600000143051147516e-02,5.000000000000000000e+00,0.000000000000000000e+00,2.169800592404763084e-01
1.080000000000000071e+00,1.500000059604644775e-02,9.600000143051147516e-02,5.000000000000000000e+00,0.000000000000000000e+00,2.156178038910668560e-01
1.100000000000000089e+00,1.500000059604644775e-02,9.600000143051147516e-02,5.000000000000000000e+00,0.000000000000000000e+00,2.142907677836737856e-01
1.120000000000000107e+00,1.500000059604644775e-02,9.600000143051147516e-02,5.000000000000000000e+00,0.000000000000000000e+00,2.125173030739966606e-01
1.140000000000000124e+00,1.500000059604644775e-02,9.600000143051147516e-02,5.000000000000000000e+00,0.000000000000000000e+00,2.101081459449876121e-01
1.159999999999999920e+00,1.500000059604644775e-02,9.600000143051147516e-02,5.000000000000000000e+00,0.000000000000000000e+00,2.072210688675286960e-01
1.179999999999999938e+00,1.500000059604644775e-02,9.600000143051147516e-02,5.000000000000000000e+00,0.000000000000000000e+00,2.041575656946134909e-01
1.199999999999999956e+00,1.500000059604644775e-02,9.600000143051147516e-02,5.000000000000000000e+00,0.000000000000000000e+00,2.012008322198550747e-01
1.219999999999999973e+00,1.500000059604644775e-02,9.600000143051147516e-02,5.000000000000000000e+00,0.000000000000000000e+00,1.986840132946625093e-01
1.239999999999999991e+00,1.500000059604644775e-02,9.600000143051147516e-02,5.000000000000000000e+00,0.000000000000000000e+00,1.971373982158275417e-01
1.260000000000000009e+00,1.500000059604644775e-02,9.600000143051147516e-02,5.000000000000000000e+00,0.000000000000000000e+00,1.972329149105830626e-01
1.280000000000000027e+00,1.500000059604644775e-02,9.600000143051147516e-02,5.000000000000000000e+00,0.000000000000000000e+00,1.995627924998666369e-01
1.300000000000000044e+00,1.500000059604644775e-02,9.600000143051147516e-02,5.000000000000000000e+00,0.000000000000000000e+00,2.045372027515278690e-01
1.320000000000000062e+00,1.500000059604644775e-02,9.600000143051147516e-02,5.000000000000000000e+00,0.000000000000000000e+00,2.123317457603371428e-01
1.340000000000000080e+00,1.500000059604644775e-02,9.600000143051147516e-02,5.000000000000000000e+00,0.000000000000000000e+00,2.225770390441095259e-01
1.360000000000000098e+00,1.500000059604644775e-02,9.600000143051147516e-02,5.000000000000000000e+00,0.000000000000000000e+00,2.338822828874634330e-01
1.380000000000000115e+00,1.500000059604644775e-02,9.600000143051147516e-02,5.000000000000000000e+00,0.000000000000000000e+00,2.439575112843478111e-01
1.400000000000000133e+00,1.500000059604644775e-02,9.600000143051147516e-02,5.000000000000000000e+00,0.000000000000000000e+00,2.508409417626525917e-01
1.419999999999999929e+00,1.500000059604644775e-02,9.600000143051147516e-02,5.000000000000000000e+00,0.000000000000000000e+00,2.540733829151697321e-01
1.439999999999999947e+00,1.500000059604644775e-02,9.600000143051147516e-02,5.000000000000000000e+00,0.000000000000000000e+00,2.544848391156270817e-01
1.459999999999999964e+00,1.500000059604644775e-02,9.600000143051147516e-02,5.000000000000000000e+00,0.000000000000000000e+00,2.532236113792821208e-01
1.479999999999999982e+00,1.500000059604644775e-02,9.600000143051147516e-02,5.000000000000000000e+00,0.000000000000000000e+00,2.511559582902653798e-01
1.500000000000000000e+00,1.500000059604644775e-02,9.600000143051147516e-02,5.000000000000000000e+00,0.000000000000000000e+00,2.487810333962397480e-01
1.520000000000000018e+00,1.500000059604644775e-02,9.600000143051147516e-02,5.000000000000000000e+00,0.000000000000000000e+00,2.463377156705749416e-01
1.540000000000000036e+00,1.500000059604644775e-02,9.600000143051147516e-02,5.000000000000000000e+00,0.000000000000000000e+00,2.438946649181328308e-01
1.560000000000000053e+00,1.500000059604644775e-02,9.600000143051147516e-02,5.000000000000000000e+00,0.000000000000000000e+00,2.413996000504461670e-01
1.580000000000000071e+00,1.500000059604644775e-02,9.600000143051147516e-02,5.000000000000000000e+00,0.000000000000000000e+00,2.387485455960085545e-01
1.600000000000000089e+00,1.500000059604644775e-02,9.600000143051147516e-02,5.000000000000000000e+00,0.000000000000000000e+00,2.359047941774278789e-01
1.620000000000000107e+00,1.500000059604644775e-02,9.600000143051147516e-02,5.000000000000000000e+00,0.000000000000000000e+00,2.329936120640568042e-01
1.640000000000000124e+00,1.500000059604644775e-02,9.600000143051147516e-02,5.000000000000000000e+00,0.000000000000000000e+00,2.302589090468755706e-01
1.660000000000000142e+00,1.500000059604644775e-02,9.600000143051147516e-02,5.000000000000000000e+00,0.000000000000000000e+00,2.278968621014875739e-01
1.679999999999999938e+00,1.500000059604644775e-02,9.600000143051147516e-02,5.000000000000000000e+00,0.000000000000000000e+00,2.259102244767033363e-01
1.699999999999999956e+00,1.500000059604644775e-02,9.600000143051147516e-02,5.000000000000000000e+00,0.000000000000000000e+00,2.240907524914476090e-01
1.719999999999999973e+00,1.500000059604644775e-02,9.600000143051147516e-02,5.000000000000000000e+00,0.000000000000000000e+00,2.221503308247442521e-01
1.739999999999999991e+00,1.500000059604644775e-02,9.600000143051147516e-02,5.000000000000000000e+00,0.000000000000000000e+00,2.199306367736153234e-01
1.760000000000000009e+00,1.500000059604644775e-02,9.600000143051147516e-02,5.000000000000000000e+00,0.000000000000000000e+00,2.175055919959087702e-01
1.780000000000000027e+00,1.500000059604644775e-02,9.600000143051147516e-02,5.000000000000000000e+00,0.000000000000000000e+00,2.150617554310153834e-01
1.800000000000000044e+00,1.500000059604644775e-02,9.600000143051147516e-02,5.000000000000000000e+00,0.000000000000000000e+00,2.127020042474067618e-01
1.820000000000000062e+00,1.500000059604644775e-02,9.600000143051147516e-02,5.000000000000000000e+00,0.000000000000000000e+00,2.103906314593832760e-01
1.840000000000000080e+00,1.500000059604644775e-02,9.600000143051147516e-02,5.000000000000000000e+00,0.000000000000000000e+00,2.081069640254946118e-01
1.860000000000000098e+00,1.500000059604644775e-02,9.600000143051147516e-02,5.000000000000000000e+00,0.000000000000000000e+00,2.060786134880047971e-01
1.880000000000000115e+00,1.500000059604644775e-02,9.600000143051147516e-02,5.000000000000000000e+00,0.000000000000000000e+00,2.048237161316928401e-01
1.900000000000000133e+00,1.500000059604644775e-02,9.600000143051147516e-02,5.000000000000000000e+00,0.000000000000000000e+00,2.049209203605391327e-01
1.919999999999999929e+00,1.500000059604644775e-02,9.600000143051147516e-02,5.000000000000000000e+00,0.000000000000000000e+00,2.067578635093512140e-01
1.939999999999999947e+00,1.500000059604644775e-02,9.600000143051147516e-02,5.000000000000000000e+00,0.000000000000000000e+00,2.104044422683652993e-01
1.959999999999999964e+00,1.500000059604644775e-02,9.600000143051147516e-02,5.000000000000000000e+00,0.000000000000000000e+00,2.155238133138352996e-01
1.979999999999999982e+00,1.500000059604644775e-02,9.600000143051147516e-02,5.000000000000000000e+00,0.000000000000000000e+00,2.213382137481999801e-01
2.000000000000000000e+00,2.850386202335357735e-02,6.779483556747435691e-02,0.000000000000000000e+00,1.000000000000000000e+00,2.268393049511644999e-01
2.020000000000000018e+00,2.386292219161987443e-02,5.559028387069701871e-02,0.000000000000000000e+00,1.000000000000000000e+00,2.310844043917010537e-01
2.040000000000000036e+00,2.518757581710815568e-02,5.963736176490783136e-02,0.000000000000000000e+00,1.000000000000000000e+00,2.331179611439533061e-01
2.060000000000000053e+00,2.510509788990020891e-02,5.943558454513549888e-02,0.000000000000000000e+00,1.000000000000000000e+00,2.329317482114765803e-01
2.080000000000000071e+00,2.512151598930359095e-02,5.952746272087097029e-02,0.000000000000000000e+00,1.000000000000000000e+00,2.312140756724485324e-01
2.100000000000000089e+00,2.474605739116668771e-02,5.781629562377929576e-02,0.000000000000000000e+00,1.000000000000000000e+00,2.290932056887918788e-01
2.120000000000000107e+00,2.518080472946167270e-02,5.969141006469726174e-02,0.000000000000000000e+00,1.000000000000000000e+00,2.276548775662359803e-01
2.140000000000000124e+00,2.532679140567779819e-02,6.032786607742309654e-02,0.000000000000000000e+00,1.000000000000000000e+00,2.275374590640384664e-01
2.160000000000000142e+00,2.529294192790985246e-02,6.012025594711303822e-02,0.000000000000000000e+00,1.000000000000000000e+00,2.288147517967136502e-01
2.180000000000000160e+00,2.522552311420440951e-02,6.001087903976440319e-02,0.000000000000000000e+00,1.000000000000000000e+00,2.309921005374966363e-01
2.200000000000000178e+00,2.510540187358856201e-02,5.967886090278625572e-02,0.000000000000000000e+00,1.000000000000000000e+00,2.330450783469227571e-01
2.220000000000000195e+00,2.495577782392502039e-02,5.920203566551208302e-02,0.000000000000000000e+00,1.000000000000000000e+00,2.338685547982074786e-01
2.240000000000000213e+00,2.492578625679016391e-02,5.909523725509643194e-02,0.000000000000000000e+00,1.000000000000000000e+00,2.331169618433168167e-01
2.260000000000000231e+00,2.502406537532806535e-02,5.948568463325500100e-02,0.000000000000000000e+00,1.000000000000000000e+00,2.313995505079112502e-01
2.280000000000000249e+00,2.514061629772186557e-02,6.001055002212524192e-02,0.000000000000000000e+00,1.000000000000000000e+00,2.295664428186047490e-01
2.300000000000000266e+00,2.509139776229858676e-02,5.973701834678649819e-02,0.000000000000000000e+00,1.000000000000000000e+00,2.281064244593863366e-01
2.319999999999999840e+00,2.508869767189025879e-02,5.980422735214233065e-02,0.000000000000000000e+00,1.000000000000000000e+00,2.270780381773599976e-01
2.339999999999999858e+00,2.505906820297241350e-02,5.971040010452269980e-02,0.000000000000000000e+00,1.000000000000000000e+00,2.263158076864064394e-01
2.359999999999999876e+00,2.499312162399291992e-02,5.943416476249694519e-02,0.000000000000000000e+00,1.000000000000000000e+00,2.256867070087806570e-01
2.379999999999999893e+00,2.498688250780105660e-02,5.940346240997314287e-02,0.000000000000000000e+00,1.000000000000000000e+00,2.251954379073610457e-01
2.399999999999999911e+00,2.501737177371978968e-02,5.958462595939636314e-02,0.000000000000000000e+00,1.000000000000000000e+00,2.248483813075386195e-01
2.419999999999999929e+00,2.502221763134002824e-02,5.962623238563537209e-02,0.000000000000000000e+00,1.000000000000000000e+00,2.244560806167295308e-01
2.439999999999999947e+00,2.502023279666900843e-02,5.971722364425659235e-02,0.000000000000000000e+00,1.000000000000000000e+00,2.236170184691668450e-01
2.459999999999999964e+00,2.497646063566208094e-02,5.968040585517882940e-02,0.000000000000000000e+00,1.000000000000000000e+00,2.220079980020276955e-01
2.479999999999999982e+00,2.497623711824417322e-02,5.967969417572021457e-02,0.000000000000000000e+00,1.000000000000000000e+00,2.197939883925553173e-01
2.500000000000000000e+00,2.499184757471084595e-02,5.975007534027099165e-02,0.000000000000000000e+00,1.000000000000000000e+00,2.176524577782326941e-01
2.520000000000000018e+00,2.498416751623153825e-02,5.970493197441100602e-02,0.000000000000000000e+00,1.000000000000000000e+00,2.163452732188150540e-01
2.540000000000000036e+00,2.499316334724426339e-02,5.977497696876525601e-02,0.000000000000000000e+00,1.000000000000000000e+00,2.163507761988957834e-01
2.560000000000000053e+00,2.496398389339447160e-02,5.945365548133849792e-02,0.000000000000000000e+00,1.000000000000000000e+00,2.177640496442966866e-01
2.580000000000000071e+00,2.497977316379547397e-02,5.973160028457641380e-02,0.000000000000000000e+00,1.000000000000000000e+00,2.202998194648663477e-01
2.600000000000000089e+00,2.497950792312622278e-02,5.972214460372924499e-02,0.000000000000000000e+00,1.000000000000000000e+00,2.233352162024238585e-01
2.620000000000000107e+00,2.497971057891845703e-02,5.974781870841979620e-02,0.000000000000000000e+00,1.000000000000000000e+00,2.260361990301361090e-01
2.640000000000000124e+00,2.497976720333099435e-02,5.988053441047667957e-02,0.000000000000000000e+00,1.000000000000000000e+00,2.275366179704235992e-01
2.660000000000000142e+00,2.497911453247070312e-02,5.979903459548949890e-02,0.000000000000000000e+00,1.000000000000000000e+00,2.271610757399373792e-01
2.680000000000000160e+00,2.498974800109863420e-02,6.020213127136229969e-02,0.000000000000000000e+00,1.000000000000000000e+00,2.247770228382571234e-01
2.700000000000000178e+00,2.499777823686599731e-02,6.037977933883666853e-02,0.000000000000000000e+00,1.000000000000000000e+00,2.211106128227468270e-01
2.720000000000000195e+00,2.500664591789245744e-02,6.054245710372924832e-02,0.000000000000000000e+00,1.000000000000000000e+00,2.175125292536493060e-01
2.740000000000000213e+00,2.500603199005127161e-02,6.052986145019530889e-02,0.000000000000000000e+00,1.000000000000000000e+00,2.152024332939996010e-01
2.760000000000000231e+00,2.500249445438385010e-02,6.039431333541869784e-02,0.000000000000000000e+00,1.000000000000000000e+00,2.147859340079109891e-01
2.780000000000000249e+00,2.500190436840057581e-02,6.043796539306640209e-02,0.000000000000000000e+00,1.000000000000000000e+00,2.162930135300580314e-01
2.800000000000000266e+00,2.500930428504943848e-02,6.033432483673095703e-02,0.000000000000000000e+00,1.000000000000000000e+00,2.192516536365363977e-01
2.819999999999999840e+00,2.500732541084289828e-02,6.034707069396972462e-02,0.000000000000000000e+00,1.000000000000000000e+00,2.226570766266340873e-01
2.839999999999999858e+00,2.500449419021606723e-02,6.035679817199706559e-02,0.000000000000000000e+00,1.000000000000000000e+00,2.253378539971521988e-01
2.859999999999999876e+00,2.498445063829422136e-02,6.039180994033813143e-02,0.000000000000000000e+00,1.000000000000000000e+00,2.267428038254495071e-01
2.879999999999999893e+00,2.497955411672592163e-02,6.039477825164794866e-02,0.000000000000000000e+00,1.000000000000000000e+00,2.271573887254549617e-01
2.899999999999999911e+00,2.497878521680832117e-02,6.039460659027099526e-02,0.000000000000000000e+00,1.000000000000000000e+00,2.271451977141955014e-01
2.919999999999999929e+00,2.497354894876480103e-02,6.039126634597778015e-02,0.000000000000000000e+00,1.000000000000000000e+00,2.270616189670312812e-01
2.939999999999999947e+00,2.497326731681823869e-02,6.039050102233886608e-02,0.000000000000000000e+00,1.000000000000000000e+00,2.270030954190433159e-01
2.959999999999999964e+00,2.496919482946395943e-02,6.037860631942748579e-02,0.000000000000000000e+00,1.000000000000000000e+00,2.270035520242869309e-01
2.979999999999999982e+00,2.496403455734252930e-02,6.035931587219237754e-02,0.000000000000000000e+00,1.000000000000000000e+00,2.271979002594453068e-01
3.000000000000000000e+00,2.498104572296142717e-02,6.044502496719360296e-02,0.000000000000000000e+00,1.000000000000000000e+00,2.277691381702495188e-01
3.020000000000000018e+00,2.498086690902710100e-02,6.044367313385009405e-02,0.000000000000000000e+00,1.000000000000000000e+00,2.287524912268876776e-01
3.040000000000000036e+00,2.497806847095489571e-02,6.039866209030150812e-02,0.000000000000000000e+00,1.000000000000000000e+00,2.298940938623995345e-01
3.060000000000000053e+00,2.498069703578949252e-02,6.027215480804443137e-02,0.000000000000000000e+00,1.000000000000000000e+00,2.307064875967368978e-01
3.080000000000000071e+00,2.498813271522522250e-02,6.021959781646728238e-02,0.000000000000000000e+00,1.000000000000000000e+00,2.307783614479941015e-01
3.100000000000000089e+00,2.498566508293151994e-02,6.022565603256225392e-02,0.000000000000000000e+00,1.000000000000000000e+00,2.301194515109105665e-01
3.120000000000000107e+00,2.497959882020950317e-02,6.022728681564330777e-02,0.000000000000000000e+00,1.000000000000000000e+00,2.291473548443883068e-01
3.140000000000000124e+00,2.496158331632614136e-02,6.020183801651000921e-02,0.000000000000000000e+00,1.000000000000000000e+00,2.283522689056097510e-01
3.160000000000000142e+00,2.496919631958008021e-02,6.022638559341430414e-02,0.000000000000000000e+00,1.000000000000000000e+00,2.280260067343750641e-01
3.180000000000000160e+00,2.496604621410369873e-02,6.020815372467040738e-02,0.000000000000000000e+00,1.000000000000000000e+00,2.282066759419915658e-01
3.200000000000000178e+00,2.496036291122436662e-02,6.015033960342407171e-02,0.000000000000000000e+00,1.000000000000000000e+00,2.287432116575839891e-01
3.220000000000000195e+00,2.496669292449951380e-02,6.025939464569091825e-02,0.000000000000000000e+00,1.000000000000000000e+00,2.293567145275834940e-01
3.240000000000000213e+00,2.496118247509002824e-02,6.014312982559203574e-02,0.000000000000000000e+00,1.000000000000000000e+00,2.296247589138817047e-01
3.260000000000000231e+00,2.496494203805923670e-02,6.020468473434448242e-02,0.000000000000000000e+00,1.000000000000000000e+00,2.289416759526617662e-01
3.280000000000000249e+00,2.497083246707916537e-02,6.027442932128906222e-02,0.000000000000000000e+00,1.000000000000000000e+00,2.266719953579789670e-01
3.300000000000000266e+00,2.496414482593536585e-02,6.020844697952270480e-02,0.000000000000000000e+00,1.000000000000000000e+00,2.226686568771138186e-01
3.320000000000000284e+00,2.496098875999450822e-02,6.017811298370361051e-02,0.000000000000000000e+00,1.000000000000000000e+00,2.177536278467565867e-01
3.339999999999999858e+00,2.495141327381134033e-02,6.007425785064696849e-02,0.000000000000000000e+00,1.000000000000000000e+00,2.133542692471332713e-01
3.359999999999999876e+00,2.494773566722870151e-02,6.002057075500488031e-02,0.000000000000000000e+00,1.000000000000000000e+00,2.105883238104550026e-01
3.379999999999999893e+00,2.494688779115676949e-02,5.999684929847717146e-02,0.000000000000000000e+00,1.000000000000000000e+00,2.098935096872200645e-01
3.399999999999999911e+00,2.494684159755707065e-02,6.000814676284790122e-02,0.000000000000000000e+00,1.000000000000000000e+00,2.111883191901142709e-01
3.419999999999999929e+00,2.494388520717620919e-02,6.006707668304443054e-02,0.000000000000000000e+00,1.000000000000000000e+00,2.139195140703549491e-01
3.439999999999999947e+00,2.494996339082718173e-02,6.000871896743774359e-02,0.000000000000000000e+00,1.000000000000000000e+00,2.170375050525055749e-01
3.459999999999999964e+00,2.493406385183334628e-02,6.010258197784423828e-02,0.000000000000000000e+00,1.000000000000000000e+00,2.194423515657633050e-01
3.479999999999999982e+00,2.493523210287094255e-02,6.009788990020751426e-02,0.000000000000000000e+00,1.000000000000000000e+00,2.206723995039069908e-01
3.500000000000000000e+00,2.494320869445800989e-02,6.007372140884398998e-02,0.000000000000000000e+00,1.000000000000000000e+00,2.209601866432051309e-01
3.520000000000000018e+00,2.493824511766433785e-02,6.008892059326171459e-02,0.000000000000000000e+00,1.000000000000000000e+00,2.207532960959622814e-01
3.540000000000000036e+00,2.493948191404342721e-02,6.007718324661254911e-02,0.000000000000000000e+00,1.000000000000000000e+00,2.203943449620520689e-01
3.560000000000000053e+00,2.493744045495987008e-02,6.006124019622802179e-02,0.000000000000000000e+00,1.000000000000000000e+00,2.201325962624206545e-01
3.580000000000000071e+00,2.493769228458404819e-02,6.006252050399780301e-02,0.000000000000000000e+00,1.000000000000000000e+00,2.202384152534712369e-01
3.600000000000000089e+00,2.493966817855835030e-02,6.007342815399169950e-02,0.000000000000000000e+00,1.000000000000000000e+00,2.209999587296119783e-01
3.620000000000000107e+00,2.493722140789032121e-02,6.005580425262450894e-02,0.000000000000000000e+00,1.000000000000000000e+00,2.225900554548422283e-01
3.640000000000000124e+00,2.493488341569900790e-02,6.002947568893432506e-02,0.000000000000000000e+00,1.000000000000000000e+00,2.249277216235510690e-01
3.660000000000000142e+00,2.493541091680526872e-02,6.004412412643432562e-02,0.000000000000000000e+00,1.000000000000000000e+00,2.276302669385109056e-01
3.680000000000000160e+00,2.493737637996673584e-02,5.994086623191833413e-02,0.000000000000000000e+00,1.000000000000000000e+00,2.301431218887284302e-01
3.700000000000000178e+00,2.494270503520965715e-02,5.987216949462890320e-02,0.000000000000000000e+00,1.000000000000000000e+00,2.320474880719476107e-01
3.720000000000000195e+00,2.494800835847854614e-02,5.983462929725646973e-02,0.000000000000000000e+00,1.000000000000000000e+00,2.332790995390530697e-01
3.740000000000000213e+00,2.495565265417098999e-02,5.979813337326049527e-02,0.000000000000000000e+00,1.000000000000000000e+00,2.340257605218156178e-01
3.760000000000000231e+00,2.496179044246673792e-02,5.977553486824035284e-02,0.000000000000000000e+00,1.000000000000000000e+00,2.344798084365761481e-01
3.780000000000000249e+00,2.495755404233932634e-02,5.978992938995360967e-02,0.000000000000000000e+00,1.000000000000000000e+00,2.347293205727338239e-01
3.800000000000000266e+00,2.496229857206344604e-02,5.976999878883361428e-02,0.000000000000000000e+00,1.000000000000000000e+00,2.348264827632464968e-01
3.820000000000000284e+00,2.496093809604645053e-02,5.977891802787780456e-02,0.000000000000000000e+00,1.000000000000000000e+00,2.348656786052394363e-01
3.839999999999999858e+00,2.496114522218704362e-02,5.977783441543579185e-02,0.000000000000000000e+00,1.000000000000000000e+00,2.349072767336310985e-01
3.859999999999999876e+00,2.495914101600647111e-02,5.977957963943481001e-02,0.000000000000000000e+00,1.000000000000000000e+00,2.347783979410212885e-01
3.879999999999999893e+00,2.496176511049270907e-02,5.978281974792479941e-02,0.000000000000000000e+00,1.000000000000000000e+00,2.339427496939983919e-01
3.899999999999999911e+00,2.496506273746490479e-02,5.979086279869079423e-02,0.000000000000000000e+00,1.000000000000000000e+00,2.316965893872690307e-01
3.919999999999999929e+00,2.496814727783203125e-02,5.980159163475036455e-02,0.000000000000000000e+00,1.000000000000000000e+00,2.278313545247156457e-01
3.939999999999999947e+00,2.494589090347290247e-02,5.969724297523498063e-02,0.000000000000000000e+00,1.000000000000000000e+00,2.231655853720622973e-01
3.959999999999999964e+00,2.495483458042144914e-02,5.975484609603881614e-02,0.000000000000000000e+00,1.000000000000000000e+00,2.190519020666074068e-01
3.979999999999999982e+00,2.495804131031036446e-02,5.978559494018554493e-02,0.000000000000000000e+00,1.000000000000000000e+00,2.164607570567241845e-01
4.000000000000000000e+00,2.495109438896179338e-02,5.966316819190978921e-02,0.000000000000000000e+00,1.000000000000000000e+00,2.157145961235054921e-01
4.020000000000000462e+00,2.495233267545700351e-02,5.977709412574767900e-02,0.000000000000000000e+00,1.000000000000000000e+00,2.166144637844578114e-01
4.040000000000000036e+00,2.495258003473281930e-02,5.976997733116149597e-02,0.000000000000000000e+00,1.000000000000000000e+00,2.184486895066988232e-01
4.060000000000000497e+00,2.495614886283874581e-02,5.972620725631713756e-02,0.000000000000000000e+00,1.000000000000000000e+00,2.201139584396688276e-01
4.080000000000000071e+00,2.495404928922653406e-02,5.974244713783263827e-02,0.000000000000000000e+00,1.000000000000000000e+00,2.206726455067582748e-01
4.099999999999999645e+00,2.495762556791305750e-02,5.972171187400817510e-02,0.000000000000000000e+00,1.000000000000000000e+00,2.198572382732329744e-01
4.120000000000000107e+00,2.495616972446441928e-02,5.972936868667602650e-02,0.000000000000000000e+00,1.000000000000000000e+00,2.179752618190098357e-01
4.139999999999999680e+00,2.495718747377395630e-02,5.972208738327026284e-02,0.000000000000000000e+00,1.000000000000000000e+00,2.155462147262579287e-01
4.160000000000000142e+00,2.495741695165634363e-02,5.970704555511474609e-02,0.000000000000000000e+00,1.000000000000000000e+00,2.131198403873033609e-01
4.179999999999999716e+00,2.495543658733367920e-02,5.968610286712646568e-02,0.000000000000000000e+00,1.000000000000000000e+00,2.112463771178639815e-01
4.200000000000000178e+00,2.495864778757095337e-02,5.970998525619506531e-02,0.000000000000000000e+00,1.000000000000000000e+00,2.104096460029909466e-01
4.219999999999999751e+00,2.495968341827392578e-02,5.971825718879699568e-02,0.000000000000000000e+00,1.000000000000000000e+00,2.109065712718198593e-01
4.240000000000000213e+00,2.495767325162887712e-02,5.969692826271057184e-02,0.000000000000000000e+00,1.000000000000000000e+00,2.127607366707070791e-01
4.259999999999999787e+00,2.495673000812530587e-02,5.967994093894958552e-02,0.000000000000000000e+00,1.000000000000000000e+00,2.156837861661931310e-01
4.280000000000000249e+00,2.495626062154769967e-02,5.964926719665527427e-02,0.000000000000000000e+00,1.000000000000000000e+00,2.191135356573440385e-01
4.299999999999999822e+00,2.495431602001190255e-02,5.973555922508239774e-02,0.000000000000000000e+00,1.000000000000000000e+00,2.224331325866500952e-01
4.320000000000000284e+00,2.495356649160385132e-02,5.974953889846801314e-02,0.000000000000000000e+00,1.000000000000000000e+00,2.252765916540286073e-01
4.339999999999999858e+00,2.495318055152893205e-02,5.975499629974365123e-02,0.000000000000000000e+00,1.000000000000000000e+00,2.276002982848343570e-01
4.360000000000000320e+00,2.495051324367523332e-02,5.979615211486816184e-02,0.000000000000000000e+00,1.000000000000000000e+00,2.294817747792575469e-01
4.379999999999999893e+00,2.495104074478149414e-02,5.978031635284423301e-02,0.000000000000000000e+00,1.000000000000000000e+00,2.309477010601063141e-01
4.400000000000000355e+00,2.495079785585403720e-02,5.975450992584228210e-02,0.000000000000000000e+00,1.000000000000000000e+00,2.320235227265620426e-01
4.419999999999999929e+00,2.495037019252777100e-02,5.974359869956970270e-02,0.000000000000000000e+00,1.000000000000000000e+00,2.328936351782501524e-01
4.440000000000000391e+00,2.495066523551940987e-02,5.975069046020507757e-02,0.000000000000000000e+00,1.000000000000000000e+00,2.338982098274459964e-01
4.459999999999999964e+00,2.495060861110687256e-02,5.974683880805969211e-02,0.000000000000000000e+00,1.000000000000000000e+00,2.352930113007185575e-01
4.480000000000000426e+00,2.495098412036896030e-02,5.973820924758910939e-02,0.000000000000000000e+00,1.000000000000000000e+00,2.369696628483575485e-01
4.500000000000000000e+00,2.495070099830627719e-02,5.974006175994872603e-02,0.000000000000000000e+00,1.000000000000000000e+00,2.383059732287418353e-01
4.520000000000000462e+00,2.495384365320205827e-02,5.973271608352660744e-02,0.000000000000000000e+00,1.000000000000000000e+00,2.383674050132217337e-01
4.540000000000000036e+00,2.496280521154403687e-02,5.973137855529785101e-02,0.000000000000000000e+00,1.000000000000000000e+00,2.366721653018423466e-01
4.560000000000000497e+00,2.495899647474289149e-02,5.972555994987487765e-02,0.000000000000000000e+00,1.000000000000000000e+00,2.338279356857133340e-01
4.580000000000000071e+00,2.496278584003448764e-02,5.973803043365478321e-02,0.000000000000000000e+00,1.000000000000000000e+00,2.310521377865890902e-01
4.600000000000000533e+00,2.496582865715027064e-02,5.975562572479247575e-02,0.000000000000000000e+00,1.000000000000000000e+00,2.292699637348955544e-01
4.620000000000000107e+00,2.496467828750610629e-02,5.974322319030761497e-02,0.000000000000000000e+00,1.000000000000000000e+00,2.287912567241475736e-01
4.639999999999999680e+00,2.496432512998580933e-02,5.973204731941222922e-02,0.000000000000000000e+00,1.000000000000000000e+00,2.293452429745769239e-01
4.660000000000000142e+00,2.496329247951507846e-02,5.978196144104003934e-02,0.000000000000000000e+00,1.000000000000000000e+00,2.301488280172104828e-01
4.679999999999999716e+00,2.496141493320465365e-02,5.980967760086059598e-02,0.000000000000000000e+00,1.000000000000000000e+00,2.301755945170419204e-01
4.700000000000000178e+00,2.495692372322082589e-02,5.985113024711608692e-02,0.000000000000000000e+00,1.000000000000000000e+00,2.286559071565064383e-01
4.719999999999999751e+00,2.495328038930893014e-02,5.987848877906799122e-02,0.000000000000000000e+00,1.000000000000000000e+00,2.253936868126893422e-01
4.740000000000000213e+00,2.495407909154892176e-02,5.987192273139953225e-02,0.000000000000000000e+00,1.000000000000000000e+00,2.207194431813826185e-01
4.759999999999999787e+00,2.495360672473907748e-02,5.988016605377197155e-02,0.000000000000000000e+00,1.000000000000000000e+00,2.153349451462622244e-01
4.780000000000000249e+00,2.495414465665817330e-02,5.989703178405761386e-02,0.000000000000000000e+00,1.000000000000000000e+00,2.101613865728390318e-01
4.799999999999999822e+00,2.495665699243545740e-02,5.992464780807495173e-02,0.000000000000000000e+00,1.000000000000000000e+00,2.060898404389862604e-01
4.820000000000000284e+00,2.495395094156265328e-02,5.989876270294189342e-02,0.000000000000000000e+00,1.000000000000000000e+00,2.037088940129758718e-01
4.839999999999999858e+00,2.495527267456054688e-02,5.991371512413024708e-02,0.000000000000000000e+00,1.000000000000000000e+00,2.032067957248874512e-01
4.860000000000000320e+00,2.495507746934890955e-02,5.991038203239440474e-02,0.000000000000000000e+00,1.000000000000000000e+00,2.044148606877954633e-01
4.879999999999999893e+00,2.495520114898681918e-02,5.991553544998168973e-02,0.000000000000000000e+00,1.000000000000000000e+00,2.068448622731116626e-01
4.900000000000000355e+00,2.495493292808532992e-02,5.994571924209594199e-02,0.000000000000000000e+00,1.000000000000000000e+00,2.097906704957891166e-01
4.919999999999999929e+00,2.495533823966980189e-02,5.993393182754516713e-02,0.000000000000000000e+00,1.000000000000000000e+00,2.126264178633012758e-01
4.940000000000000391e+00,2.495546936988830844e-02,5.993099212646484097e-02,0.000000000000000000e+00,1.000000000000000000e+00,2.150717491806198867e-01
4.959999999999999964e+00,2.495641112327575892e-02,5.990027189254760326e-02,0.000000000000000000e+00,1.000000000000000000e+00,2.171224984388358814e-01
4.980000000000000426e+00,2.495632767677307198e-02,5.988790512084960632e-02,0.000000000000000000e+00,1.000000000000000000e+00,2.188175402890381871e-01
5.000000000000000000e+00,2.495805770158767908e-02,5.992183327674865251e-02,0.000000000000000000e+00,1.000000000000000000e+00,2.201801572660111173e-01
5.020000000000000462e+00,2.495865821838379184e-02,5.992932915687560619e-02,0.000000000000000000e+00,1.000000000000000000e+00,2.213812970781732503e-01
5.040000000000000036e+00,2.495937794446945190e-02,5.993780493736267090e-02,0.000000000000000000e+00,1.000000000000000000e+00,2.228530270525192480e-01
5.060000000000000497e+00,2.495991140604019234e-02,5.994564414024353138e-02,0.000000000000000000e+00,1.000000000000000000e+00,2.251207589999527636e-01
5.080000000000000071e+00,2.496167123317718714e-02,5.999542593955993486e-02,0.000000000000000000e+00,1.000000000000000000e+00,2.285115770189755646e-01
5.100000000000000533e+00,2.496100962162017822e-02,6.005808591842651256e-02,0.000000000000000000e+00,1.000000000000000000e+00,2.329210585039064585e-01
5.120000000000000107e+00,2.496083080768585205e-02,6.006059646606445174e-02,0.000000000000000000e+00,1.000000000000000000e+00,2.376109234877367693e-01
5.139999999999999680e+00,2.496280372142791956e-02,6.004822969436645480e-02,0.000000000000000000e+00,1.000000000000000000e+00,2.413068769575556494e-01
5.160000000000000142e+00,2.495701462030410975e-02,6.006628274917602539e-02,0.000000000000000000e+00,1.000000000000000000e+00,2.430369536680725973e-01
5.179999999999999716e+00,2.496942430734634677e-02,6.005217075347900335e-02,0.000000000000000000e+00,1.000000000000000000e+00,2.429873845966381840e-01
5.200000000000000178e+00,2.497379481792449951e-02,6.005458831787108959e-02,0.000000000000000000e+00,1.000000000000000000e+00,2.421754835934653571e-01
5.219999999999999751e+00,2.497182041406631470e-02,6.004968166351318248e-02,0.000000000000000000e+00,1.000000000000000000e+00,2.415343664792198863e-01
5.240000000000000213e+00,2.497826069593429843e-02,6.008570194244384349e-02,0.000000000000000000e+00,1.000000000000000000e+00,2.414595947721623337e-01
5.259999999999999787e+00,2.497603297233581821e-02,6.005380153656005721e-02,0.000000000000000000e+00,1.000000000000000000e+00,2.417907049860102409e-01
5.280000000000000249e+00,2.497612535953521937e-02,6.003149271011352234e-02,0.000000000000000000e+00,1.000000000000000000e+00,2.419461006033854222e-01
5.299999999999999822e+00,2.497743964195251604e-02,6.000965595245361106e-02,0.000000000000000000e+00,1.000000000000000000e+00,2.411571204280115455e-01
5.320000000000000284e+00,2.497575581073761125e-02,6.002702236175536804e-02,0.000000000000000000e+00,1.000000000000000000e+00,2.387395499942078503e-01
5.339999999999999858e+00,2.497684806585312098e-02,6.001607894897460771e-02,0.000000000000000000e+00,1.000000000000000000e+00,2.343177638725346679e-01
5.360000000000000320e+00,2.497643977403640747e-02,6.002390384674072266e-02,0.000000000000000000e+00,1.000000000000000000e+00,2.280395601190993160e-01
5.379999999999999893e+00,2.497650831937790056e-02,6.002634286880492720e-02,0.000000000000000000e+00,1.000000000000000000e+00,2.207265573688823868e-01
5.400000000000000355e+00,2.497578263282776087e-02,6.001821041107177623e-02,0.000000000000000000e+00,1.000000000000000000e+00,2.136594391468575327e-01
5.419999999999999929e+00,2.497598677873611589e-02,6.002012014389038197e-02,0.000000000000000000e+00,1.000000000000000000e+00,2.079870102044287794e-01
5.440000000000000391e+00,2.497391402721405029e-02,5.999763607978820384e-02,0.000000000000000000e+00,1.000000000000000000e+00,2.042986459748730999e-01
5.459999999999999964e+00,2.497497797012329310e-02,6.001502037048339622e-02,0.000000000000000000e+00,1.000000000000000000e+00,2.026433950528594707e-01
5.480000000000000426e+00,2.497444301843643188e-02,5.999233245849609070e-02,0.000000000000000000e+00,1.000000000000000000e+00,2.026980778423829455e-01
5.500000000000000000e+00,2.497474104166030884e-02,5.997217655181884266e-02,0.000000000000000000e+00,1.000000000000000000e+00,2.038577853494426273e-01
5.520000000000000462e+00,2.497414499521255493e-02,5.998465776443481084e-02,0.000000000000000000e+00,1.000000000000000000e+00,2.054004625927841332e-01
5.540000000000000036e+00,2.497477978467941423e-02,5.997489809989928894e-02,0.000000000000000000e+00,1.000000000000000000e+00,2.067988635777861794e-01
5.560000000000000497e+00,2.497330009937286446e-02,6.000386238098144587e-02,0.000000000000000000e+00,1.000000000000000000e+00,2.078612731022498883e-01
5.580000000000000071e+00,2.497335076332092563e-02,6.002460479736328181e-02,0.000000000000000000e+00,1.000000000000000000e+00,2.085669282271334357e-01
5.600000000000000533e+00,2.497134506702423234e-02,5.999684214591979869e-02,0.000000000000000000e+00,1.000000000000000000e+00,2.089150908150753660e-01
5.620000000000000107e+00,2.497179806232452393e-02,6.000063657760620200e-02,0.000000000000000000e+00,1.000000000000000000e+00,2.090285678493556121e-01
5.639999999999999680e+00,2.497152388095855852e-02,5.999854087829589733e-02,0.000000000000000000e+00,1.000000000000000000e+00,2.093488625554219829e-01
5.660000000000000142e+00,2.497918903827667236e-02,6.006453037261962752e-02,0.000000000000000000e+00,1.000000000000000000e+00,2.105622894052089633e-01
5.679999999999999716e+00,2.497755736112594604e-02,6.004566907882689930e-02,0.000000000000000000e+00,1.000000000000000000e+00,2.132892056909695688e-01
5.700000000000000178e+00,2.497637867927551478e-02,6.002162933349609181e-02,0.000000000000000000e+00,1.000000000000000000e+00,2.178737445531459260e-01
5.719999999999999751e+00,2.497631758451461861e-02,6.001250982284545704e-02,0.000000000000000000e+00,1.000000000000000000e+00,2.242266537497975276e-01
5.740000000000000213e+00,2.497674971818924020e-02,6.000171661376953181e-02,0.000000000000000000e+00,1.000000000000000000e+00,2.315403919465029436e-01
5.759999999999999787e+00,2.497982680797576974e-02,5.996877551078796248e-02,0.000000000000000000e+00,1.000000000000000000e+00,2.382808197544968587e-01
5.780000000000000249e+00,2.497922778129577775e-02,5.997252702713012223e-02,0.000000000000000000e+00,1.000000000000000000e+00,2.430354860773641934e-01
5.799999999999999822e+00,2.498218566179275651e-02,5.996082544326782060e-02,0.000000000000000000e+00,1.000000000000000000e+00,2.454958886352934799e-01
5.820000000000000284e+00,2.498619407415390153e-02,5.995124816894530778e-02,0.000000000000000000e+00,1.000000000000000000e+00,2.463460646823203981e-01
5.839999999999999858e+00,2.498132437467575143e-02,5.995647311210632047e-02,0.000000000000000000e+00,1.000000000000000000e+00,2.464706955613738537e-01
5.860000000000000320e+00,2.498116493225097795e-02,5.995641231536864846e-02,0.000000000000000000e+00,1.000000000000000000e+00,2.464555623878619539e-01
5.879999999999999893e+00,2.498244047164917270e-02,5.996009230613708052e-02,0.000000000000000000e+00,1.000000000000000000e+00,2.465041759497002827e-01
5.900000000000000355e+00,2.498276084661484042e-02,5.996583580970763633e-02,0.000000000000000000e+00,1.000000000000000000e+00,2.464997706994812576e-01
5.919999999999999929e+00,2.498265653848648349e-02,5.996715545654296431e-02,0.000000000000000000e+00,1.000000000000000000e+00,2.460468305312052406e-01
5.940000000000000391e+00,2.498224675655365268e-02,5.997098565101623147e-02,0.000000000000000000e+00,1.000000000000000000e+00,2.444990135871310533e-01
5.959999999999999964e+00,2.498233020305633614e-02,5.997480869293212585e-02,0.000000000000000000e+00,1.000000000000000000e+00,2.411387698121581769e-01
5.980000000000000426e+00,2.498160153627395838e-02,5.997084259986876914e-02,0.000000000000000000e+00,1.000000000000000000e+00,2.356740103948357645e-01
6.000000000000000000e+00,2.498187273740768571e-02,5.997202634811401450e-02,0.000000000000000000e+00,1.000000000000000000e+00,2.287551596695475142e-01
6.020000000000000462e+00,2.498294562101364275e-02,5.997736215591430164e-02,0.000000000000000000e+00,1.000000000000000000e+00,2.217669169833519915e-01
6.040000000000000036e+00,2.498273849487304965e-02,5.997598171234130859e-02,0.000000000000000000e+00,1.000000000000000000e+00,2.159570849519251157e-01
6.060000000000000497e+00,2.498354613780975550e-02,5.998455405235290222e-02,0.000000000000000000e+00,1.000000000000000000e+00,2.119003104466326837e-01
6.080000000000000071e+00,2.498352676630020280e-02,5.998402833938598633e-02,0.000000000000000000e+00,1.000000000000000000e+00,2.095825705330894018e-01
6.100000000000000533e+00,2.498408406972885132e-02,5.995758175849914134e-02,0.000000000000000000e+00,1.000000000000000000e+00,2.086246537839390180e-01
6.120000000000000107e+00,2.498403489589691440e-02,5.995818257331848172e-02,0.000000000000000000e+00,1.000000000000000000e+00,2.084389416167622411e-01
6.140000000000000568e+00,2.498314082622528354e-02,5.996468067169188898e-02,0.000000000000000000e+00,1.000000000000000000e+00,2.084544143338627753e-01
6.160000000000000142e+00,2.498160004615783761e-02,5.997385025024414007e-02,0.000000000000000000e+00,1.000000000000000000e+00,2.083318289541707669e-01
6.179999999999999716e+00,2.498203516006469727e-02,5.996990919113159152e-02,0.000000000000000000e+00,1.000000000000000000e+00,2.079265605874265899e-01
6.200000000000000178e+00,2.498211264610290805e-02,5.997122883796691950e-02,0.000000000000000000e+00,1.000000000000000000e+00,2.071178804688192099e-01
6.219999999999999751e+00,2.498154938220977991e-02,5.996828913688659335e-02,0.000000000000000000e+00,1.000000000000000000e+00,2.058323268251498195e-01
6.240000000000000213e+00,2.498632371425628731e-02,5.999004364013671431e-02,0.000000000000000000e+00,1.000000000000000000e+00,2.043132005998476441e-01
6.259999999999999787e+00,2.498797625303268710e-02,5.999859094619750671e-02,0.000000000000000000e+00,1.000000000000000000e+00,2.032560803252127790e-01
6.280000000000000249e+00,2.498790025711059709e-02,5.999808669090270913e-02,0.000000000000000000e+00,1.000000000000000000e+00,2.035081893964217348e-01
6.299999999999999822e+00,2.498645633459091464e-02,5.998456478118896484e-02,0.000000000000000000e+00,1.000000000000000000e+00,2.056988022904955582e-01
6.320000000000000284e+00,2.498605102300643921e-02,5.997813463211059543e-02,0.000000000000000000e+00,1.000000000000000000e+00,2.101292455269089254e-01
6.339999999999999858e+00,2.498629689216613770e-02,5.998961448669433427e-02,0.000000000000000000e+00,1.000000000000000000e+00,2.166606755010307139e-01
6.360000000000000320e+00,2.498712688684463779e-02,5.994549393653869629e-02,0.000000000000000000e+00,1.000000000000000000e+00,2.244435739708662003e-01
6.379999999999999893e+00,2.498704046010971278e-02,5.994700312614440613e-02,0.000000000000000000e+00,1.000000000000000000e+00,2.319408710925109085e-01
6.400000000000000355e+00,2.498157173395157069e-02,6.000474214553833119e-02,0.000000000000000000e+00,1.000000000000000000e+00,2.376563301029939734e-01
6.419999999999999929e+00,2.497805356979370187e-02,6.003228664398193443e-02,0.000000000000000000e+00,1.000000000000000000e+00,2.409498836290847323e-01
6.440000000000000391e+00,2.497808486223221033e-02,6.003207921981811024e-02,0.000000000000000000e+00,1.000000000000000000e+00,2.421100636702402942e-01
6.459999999999999964e+00,2.497863322496414462e-02,6.002846002578735018e-02,0.000000000000000000e+00,1.000000000000000000e+00,2.419052541149901425e-01
6.480000000000000426e+00,2.497694492340088099e-02,6.004240751266479159e-02,0.000000000000000000e+00,1.000000000000000000e+00,2.411839946068949914e-01
6.500000000000000000e+00,2.497619390487670898e-02,6.005344390869140486e-02,0.000000000000000000e+00,1.000000000000000000e+00,2.406407195352869566e-01
6.520000000000000462e+00,2.497627437114715784e-02,6.005034685134887779e-02,0.000000000000000000e+00,1.000000000000000000e+00,2.406519376969855906e-01
6.540000000000000036e+00,2.497632056474685669e-02,6.004825830459594588e-02,0.000000000000000000e+00,1.000000000000000000e+00,2.411522154300248522e-01
6.560000000000000497e+00,2.497650384902954171e-02,6.004545450210570928e-02,0.000000000000000000e+00,1.000000000000000000e+00,2.415650493507003060e-01
6.580000000000000071e+00,2.497725635766983102e-02,6.004106998443603516e-02,0.000000000000000000e+00,1.000000000000000000e+00,2.409180469646920730e-01
6.600000000000000533e+00,2.497740387916565219e-02,6.004074811935424666e-02,0.000000000000000000e+00,1.000000000000000000e+00,2.384105453058490698e-01
6.620000000000000107e+00,2.497591376304626742e-02,6.004090547561645452e-02,0.000000000000000000e+00,1.000000000000000000e+00,2.341987171673792778e-01
6.640000000000000568e+00,2.497862130403518885e-02,6.004528999328612865e-02,0.000000000000000000e+00,1.000000000000000000e+00,2.293783402055908638e-01
6.660000000000000142e+00,2.498044222593307634e-02,6.005217075347900335e-02,0.000000000000000000e+00,1.000000000000000000e+00,2.250882473849300791e-01
6.679999999999999716e+00,2.498216778039932459e-02,6.006689786911010437e-02,0.000000000000000000e+00,1.000000000000000000e+00,2.218975428453585919e-01
6.700000000000000178e+00,2.498220205307007113e-02,6.007106781005858848e-02,0.000000000000000000e+00,1.000000000000000000e+00,2.198240786531595325e-01
6.719999999999999751e+00,2.498209625482559343e-02,6.007207632064819058e-02,0.000000000000000000e+00,1.000000000000000000e+00,2.185523050703714609e-01
6.740000000000000213e+00,2.498176693916320801e-02,6.007330656051635548e-02,0.000000000000000000e+00,1.000000000000000000e+00,2.176683078205496891e-01
6.759999999999999787e+00,2.498122155666351527e-02,6.007411479949950617e-02,0.000000000000000000e+00,1.000000000000000000e+00,2.168799799714292709e-01
6.780000000000000249e+00,2.498386651277542322e-02,6.007443666458129466e-02,0.000000000000000000e+00,1.000000000000000000e+00,2.160492304321383894e-01
6.799999999999999822e+00,2.498393654823303361e-02,6.007462263107299361e-02,0.000000000000000000e+00,1.000000000000000000e+00,2.150227401308677511e-01
6.820000000000000284e+00,2.498381286859512398e-02,6.007506608963012612e-02,0.000000000000000000e+00,1.000000000000000000e+00,2.135309274546452196e-01
6.839999999999999858e+00,2.498461306095123291e-02,6.007540225982666016e-02,0.000000000000000000e+00,1.000000000000000000e+00,2.113848107538169319e-01
6.860000000000000320e+00,2.498579770326614380e-02,6.007755517959594699e-02,0.000000000000000000e+00,1.000000000000000000e+00,2.088588024007796418e-01
6.879999999999999893e+00,2.498515993356704989e-02,6.007555961608886802e-02,0.000000000000000000e+00,1.000000000000000000e+00,2.067486992043201244e-01
6.900000000000000355e+00,2.498408108949661324e-02,6.007040977478027288e-02,0.000000000000000000e+00,1.000000000000000000e+00,2.059358447339929288e-01
6.919999999999999929e+00,2.498047947883606096e-02,6.004409551620483454e-02,0.000000000000000000e+00,1.000000000000000000e+00,2.070028127057415845e-01
6.940000000000000391e+00,2.498130202293396065e-02,6.005415916442870955e-02,0.000000000000000000e+00,1.000000000000000000e+00,2.101486999556715918e-01
6.959999999999999964e+00,2.498089373111725062e-02,6.004305124282836859e-02,0.000000000000000000e+00,1.000000000000000000e+00,2.151231276817406612e-01
6.980000000000000426e+00,2.498089969158172677e-02,6.003441095352172324e-02,0.000000000000000000e+00,1.000000000000000000e+00,2.211077301265224060e-01
7.000000000000000000e+00,2.497996091842651437e-02,6.006472349166869923e-02,0.000000000000000000e+00,1.000000000000000000e+00,2.268393049511644444e-01
7.020000000000000462e+00,2.497858256101608346e-02,6.009100198745727373e-02,0.000000000000000000e+00,1.000000000000000000e+00,2.310844043917009705e-01
7.040000000000000036e+00,2.497903406620025774e-02,6.008369922637939176e-02,0.000000000000000000e+00,1.000000000000000000e+00,2.331179611439530286e-01
7.060000000000000497e+00,2.497715204954147408e-02,6.011728048324584822e-02,0.000000000000000000e+00,1.000000000000000000e+00,2.329317482114763582e-01
7.080000000000000071e+00,2.497667223215103288e-02,6.013036251068114985e-02,0.000000000000000000e+00,1.000000000000000000e+00,2.312140756724486157e-01
7.100000000000000533e+00,2.497666031122207711e-02,6.013130664825439009e-02,0.000000000000000000e+00,1.000000000000000000e+00,2.290932056887916846e-01
7.120000000000000107e+00,2.497663199901581019e-02,6.011605739593505610e-02,0.000000000000000000e+00,1.000000000000000000e+00,2.276548775662355917e-01
7.140000000000000568e+00,2.497663646936416904e-02,6.010101556777953935e-02,0.000000000000000000e+00,1.000000000000000000e+00,2.275374590640382999e-01
7.160000000000000142e+00,2.497630566358566284e-02,6.011637926101684459e-02,0.000000000000000000e+00,1.000000000000000000e+00,2.288147517967133171e-01
7.179999999999999716e+00,2.497818619012832919e-02,6.008603096008300476e-02,0.000000000000000000e+00,1.000000000000000000e+00,2.309921005374965530e-01
7.200000000000000178e+00,2.497552931308746546e-02,6.010721683502197321e-02,0.000000000000000000e+00,1.000000000000000000e+00,2.330450783469225906e-01
7.219999999999999751e+00,2.497423440217971802e-02,6.011286735534667608e-02,0.000000000000000000e+00,1.000000000000000000e+00,2.338685547982073398e-01
7.240000000000000213e+00,2.497528493404388428e-02,6.011052131652831754e-02,0.000000000000000000e+00,1.000000000000000000e+00,2.331169618433166779e-01
7.259999999999999787e+00,2.497190088033676356e-02,6.011259555816650391e-02,0.000000000000000000e+00,1.000000000000000000e+00,2.313995505079111670e-01
7.280000000000000249e+00,2.497161775827408045e-02,6.011228084564208818e-02,0.000000000000000000e+00,1.000000000000000000e+00,2.295664428186044992e-01
7.299999999999999822e+00,2.497260421514511247e-02,6.011690139770507757e-02,0.000000000000000000e+00,1.000000000000000000e+00,2.281064244593860313e-01
7.320000000000000284e+00,2.497245818376541207e-02,6.011938333511352567e-02,0.000000000000000000e+00,1.000000000000000000e+00,2.270780381773597478e-01
7.339999999999999858e+00,2.497128546237945695e-02,6.012176513671874806e-02,0.000000000000000000e+00,1.000000000000000000e+00,2.263158076864061619e-01
7.360000000000000320e+00,2.496933341026306291e-02,6.012128591537475170e-02,0.000000000000000000e+00,1.000000000000000000e+00,2.256867070087803240e-01
7.379999999999999893e+00,2.497295737266540597e-02,6.012836694717407088e-02,0.000000000000000000e+00,1.000000000000000000e+00,2.251954379073607682e-01
7.400000000000000355e+00,2.497312128543853829e-02,6.012908220291137557e-02,0.000000000000000000e+00,1.000000000000000000e+00,2.248483813075383142e-01
7.419999999999999929e+00,2.497298419475555559e-02,6.012741565704345786e-02,0.000000000000000000e+00,1.000000000000000000e+00,2.244560806167293365e-01
7.440000000000000391e+00,2.497269213199615479e-02,6.013298034667968750e-02,0.000000000000000000e+00,1.000000000000000000e+00,2.236170184691665674e-01
7.459999999999999964e+00,2.497201710939407626e-02,6.013556241989135437e-02,0.000000000000000000e+00,1.000000000000000000e+00,2.220079980020275012e-01
7.480000000000000426e+00,2.497399449348449915e-02,6.013392448425292774e-02,0.000000000000000000e+00,1.000000000000000000e+00,2.197939883925550675e-01
7.500000000000000000e+00,2.497727274894714564e-02,6.013722181320189930e-02,0.000000000000000000e+00,1.000000000000000000e+00,2.176524577782323056e-01
7.520000000000000462e+00,2.498324811458587855e-02,6.015377283096313282e-02,0.000000000000000000e+00,1.000000000000000000e+00,2.163452732188146377e-01
7.540000000000000036e+00,2.498119175434112757e-02,6.014335870742797824e-02,0.000000000000000000e+00,1.000000000000000000e+00,2.163507761988952560e-01
7.560000000000000497e+00,2.498177886009216378e-02,6.014859437942504661e-02,0.000000000000000000e+00,1.000000000000000000e+00,2.177640496442961870e-01
7.580000000000000071e+00,2.498089671134948869e-02,6.013299465179443304e-02,0.000000000000000000e+00,1.000000000000000000e+00,2.202998194648658759e-01
7.600000000000000533e+00,2.498089969158172677e-02,6.013312339782714289e-02,0.000000000000000000e+00,1.000000000000000000e+00,2.233352162024234144e-01
7.620000000000000107e+00,2.498076707124710291e-02,6.015960216522216880e-02,0.000000000000000000e+00,1.000000000000000000e+00,2.260361990301354984e-01
7.640000000000000568e+00,2.498061954975128174e-02,6.017110347747802596e-02,0.000000000000000000e+00,1.000000000000000000e+00,2.275366179704230996e-01
7.660000000000000142e+00,2.498076260089874406e-02,6.014413833618163785e-02,0.000000000000000000e+00,1.000000000000000000e+00,2.271610757399371294e-01
7.679999999999999716e+00,2.498090714216232369e-02,6.015558242797851285e-02,0.000000000000000000e+00,1.000000000000000000e+00,2.247770228382572344e-01
7.700000000000000178e+00,2.498063445091247559e-02,6.014675617218017550e-02,0.000000000000000000e+00,1.000000000000000000e+00,2.211106128227471601e-01
7.719999999999999751e+00,2.498250305652618616e-02,6.019395589828491211e-02,0.000000000000000000e+00,1.000000000000000000e+00,2.175125292536489174e-01
7.740000000000000213e+00,2.498306930065155237e-02,6.021040678024291992e-02,0.000000000000000000e+00,1.000000000000000000e+00,2.152024332939994344e-01
7.759999999999999787e+00,2.498273104429245273e-02,6.018909215927123468e-02,0.000000000000000000e+00,1.000000000000000000e+00,2.147859340079109058e-01
7.780000000000000249e+00,2.498217225074768344e-02,6.022861719131469838e-02,0.000000000000000000e+00,1.000000000000000000e+00,2.162930135300577816e-01
7.799999999999999822e+00,2.498340308666229317e-02,6.020595073699951116e-02,0.000000000000000000e+00,1.000000000000000000e+00,2.192516536365358149e-01
7.820000000000000284e+00,2.498265951871872156e-02,6.021298885345458679e-02,0.000000000000000000e+00,1.000000000000000000e+00,2.226570766266337542e-01
7.839999999999999858e+00,2.498147189617157260e-02,6.021984815597533625e-02,0.000000000000000000e+00,1.000000000000000000e+00,2.253378539971518935e-01
7.860000000000000320e+00,2.498515844345092912e-02,6.020614385604858287e-02,0.000000000000000000e+00,1.000000000000000000e+00,2.267428038254493128e-01
7.879999999999999893e+00,2.498418241739273210e-02,6.020845413208007757e-02,0.000000000000000000e+00,1.000000000000000000e+00,2.271573887254546842e-01
7.900000000000000355e+00,2.498584687709808419e-02,6.020613670349121010e-02,0.000000000000000000e+00,1.000000000000000000e+00,2.271451977141951406e-01
7.919999999999999929e+00,2.498563379049301147e-02,6.020632982254028182e-02,0.000000000000000000e+00,1.000000000000000000e+00,2.270616189670309482e-01
7.940000000000000391e+00,2.498548626899719377e-02,6.020608663558960072e-02,0.000000000000000000e+00,1.000000000000000000e+00,2.270030954190429551e-01
7.959999999999999964e+00,2.498424798250198364e-02,6.020374059677123524e-02,0.000000000000000000e+00,1.000000000000000000e+00,2.270035520242865978e-01
7.980000000000000426e+00,2.498245537281036655e-02,6.019846200942993025e-02,0.000000000000000000e+00,1.000000000000000000e+00,2.271979002594449182e-01
8.000000000000000000e+00,2.498284578323364466e-02,6.020026445388793751e-02,0.000000000000000000e+00,1.000000000000000000e+00,2.277691381702491580e-01
8.019999999999999574e+00,2.498570978641510149e-02,6.022312402725219643e-02,0.000000000000000000e+00,1.000000000000000000e+00,2.287524912268872612e-01
8.040000000000000924e+00,2.498470991849899292e-02,6.020213127136229969e-02,0.000000000000000000e+00,1.000000000000000000e+00,2.298940938623993957e-01
8.060000000000000497e+00,2.498455643653869906e-02,6.020738124847412054e-02,0.000000000000000000e+00,1.000000000000000000e+00,2.307064875967367312e-01
8.080000000000000071e+00,2.498621344566345423e-02,6.019354820251464344e-02,0.000000000000000000e+00,1.000000000000000000e+00,2.307783614479939072e-01
8.099999999999999645e+00,2.498497962951660295e-02,6.019830465316772239e-02,0.000000000000000000e+00,1.000000000000000000e+00,2.301194515109102889e-01
8.120000000000000995e+00,2.498433738946914673e-02,6.019932746887207003e-02,0.000000000000000000e+00,1.000000000000000000e+00,2.291473548443881403e-01
8.140000000000000568e+00,2.498477399349212716e-02,6.019940614700317050e-02,0.000000000000000000e+00,1.000000000000000000e+00,2.283522689056096400e-01
8.160000000000000142e+00,2.498487383127212524e-02,6.019962072372436052e-02,0.000000000000000000e+00,1.000000000000000000e+00,2.280260067343748420e-01
8.179999999999999716e+00,2.498735487461090088e-02,6.021188735961913868e-02,0.000000000000000000e+00,1.000000000000000000e+00,2.282066759419912882e-01
8.199999999999999289e+00,2.498609721660614152e-02,6.019904851913451815e-02,0.000000000000000000e+00,1.000000000000000000e+00,2.287432116575836005e-01
8.220000000000000639e+00,2.498588114976883073e-02,6.019471406936645341e-02,0.000000000000000000e+00,1.000000000000000000e+00,2.293567145275834107e-01
8.240000000000000213e+00,2.498598694801330844e-02,6.019749641418456476e-02,0.000000000000000000e+00,1.000000000000000000e+00,2.296247589138813716e-01
8.259999999999999787e+00,2.498623281717300693e-02,6.020211696624755415e-02,0.000000000000000000e+00,1.000000000000000000e+00,2.289416759526616274e-01
8.279999999999999361e+00,2.498629540205002039e-02,6.020290374755859347e-02,0.000000000000000000e+00,1.000000000000000000e+00,2.266719953579784674e-01
8.300000000000000711e+00,2.498659342527389735e-02,6.020590066909789484e-02,0.000000000000000000e+00,1.000000000000000000e+00,2.226686568771142627e-01
8.320000000000000284e+00,2.498824298381805559e-02,6.022197961807250477e-02,0.000000000000000000e+00,1.000000000000000000e+00,2.177536278467562536e-01
8.339999999999999858e+00,2.498735934495925973e-02,6.021212339401244701e-02,0.000000000000000000e+00,1.000000000000000000e+00,2.133542692471336877e-01
8.359999999999999432e+00,2.498661279678345004e-02,6.020067930221557201e-02,0.000000000000000000e+00,1.000000000000000000e+00,2.105883238104546418e-01
8.380000000000000782e+00,2.498651295900344849e-02,6.019767522811889093e-02,0.000000000000000000e+00,1.000000000000000000e+00,2.098935096872209249e-01
8.400000000000000355e+00,2.498646080493927002e-02,6.021200895309448270e-02,0.000000000000000000e+00,1.000000000000000000e+00,2.111883191901147150e-01
8.419999999999999929e+00,2.498789578676223824e-02,6.018007993698119840e-02,0.000000000000000000e+00,1.000000000000000000e+00,2.139195140703542830e-01
8.439999999999999503e+00,2.498483508825302332e-02,6.021369695663451871e-02,0.000000000000000000e+00,1.000000000000000000e+00,2.170375050525052418e-01
8.460000000000000853e+00,2.498578280210494995e-02,6.020707368850707758e-02,0.000000000000000000e+00,1.000000000000000000e+00,2.194423515657633050e-01
8.480000000000000426e+00,2.498730719089508126e-02,6.019946336746215265e-02,0.000000000000000000e+00,1.000000000000000000e+00,2.206723995039069908e-01
8.500000000000000000e+00,2.498801499605178902e-02,6.019665241241455023e-02,0.000000000000000000e+00,1.000000000000000000e+00,2.209601866432049921e-01
8.519999999999999574e+00,2.498933225870132724e-02,6.019137382507323830e-02,0.000000000000000000e+00,1.000000000000000000e+00,2.207532960959621982e-01
8.540000000000000924e+00,2.498965859413147111e-02,6.018806934356689398e-02,0.000000000000000000e+00,1.000000000000000000e+00,2.203943449620519857e-01
8.560000000000000497e+00,2.498951703310012956e-02,6.018691062927245677e-02,0.000000000000000000e+00,1.000000000000000000e+00,2.201325962624207100e-01
8.580000000000000071e+00,2.499008178710937500e-02,6.018965721130371122e-02,0.000000000000000000e+00,1.000000000000000000e+00,2.202384152534710982e-01
8.599999999999999645e+00,2.499117255210876742e-02,6.019552230834960410e-02,0.000000000000000000e+00,1.000000000000000000e+00,2.209999587296118118e-01
8.620000000000000995e+00,2.499063760042190621e-02,6.019158840179442832e-02,0.000000000000000000e+00,1.000000000000000000e+00,2.225900554548421451e-01
8.640000000000000568e+00,2.499033659696579118e-02,6.018791198730468611e-02,0.000000000000000000e+00,1.000000000000000000e+00,2.249277216235512078e-01
8.660000000000000142e+00,2.499050199985504428e-02,6.019358396530151423e-02,0.000000000000000000e+00,1.000000000000000000e+00,2.276302669385106281e-01
8.679999999999999716e+00,2.499107271432876587e-02,6.016845703124999722e-02,0.000000000000000000e+00,1.000000000000000000e+00,2.301431218887282359e-01
8.700000000000001066e+00,2.499125599861145089e-02,6.016600370407104020e-02,0.000000000000000000e+00,1.000000000000000000e+00,2.320474880719479438e-01
8.720000000000000639e+00,2.498999536037445346e-02,6.017593860626220537e-02,0.000000000000000000e+00,1.000000000000000000e+00,2.332790995390532085e-01
8.740000000000000213e+00,2.498785704374313632e-02,6.018791913986205888e-02,0.000000000000000000e+00,1.000000000000000000e+00,2.340257605218157011e-01
8.759999999999999787e+00,2.498811930418014596e-02,6.018673896789550337e-02,0.000000000000000000e+00,1.000000000000000000e+00,2.344798084365762592e-01
8.779999999999999361e+00,2.498927414417266915e-02,6.018186092376708735e-02,0.000000000000000000e+00,1.000000000000000000e+00,2.347293205727339349e-01
8.800000000000000711e+00,2.498956918716430803e-02,6.018038034439086859e-02,0.000000000000000000e+00,1.000000000000000000e+00,2.348264827632466079e-01
8.820000000000000284e+00,2.498924881219864030e-02,6.018271207809448159e-02,0.000000000000000000e+00,1.000000000000000000e+00,2.348656786052396028e-01
8.839999999999999858e+00,2.498875558376312256e-02,6.018568754196166465e-02,0.000000000000000000e+00,1.000000000000000000e+00,2.349072767336312650e-01
8.859999999999999432e+00,2.498883306980133334e-02,6.018555879592895480e-02,0.000000000000000000e+00,1.000000000000000000e+00,2.347783979410214550e-01
8.880000000000000782e+00,2.499022930860519617e-02,6.018634557723998718e-02,0.000000000000000000e+00,1.000000000000000000e+00,2.339427496939986972e-01
8.900000000000000355e+00,2.498999834060669153e-02,6.018591642379760714e-02,0.000000000000000000e+00,1.000000000000000000e+00,2.316965893872694193e-01
8.919999999999999929e+00,2.498845756053924561e-02,6.018130302429199052e-02,0.000000000000000000e+00,1.000000000000000000e+00,2.278313545247156180e-01
8.939999999999999503e+00,2.498644143342972079e-02,6.017264127731322687e-02,0.000000000000000000e+00,1.000000000000000000e+00,2.231655853720623806e-01
8.960000000000000853e+00,2.498560398817062378e-02,6.016749858856201144e-02,0.000000000000000000e+00,1.000000000000000000e+00,2.190519020666081007e-01
8.980000000000000426e+00,2.498123943805694719e-02,6.012634277343750083e-02,0.000000000000000000e+00,1.000000000000000000e+00,2.164607570567247119e-01
9.000000000000000000e+00,2.498119920492172449e-02,6.012562751770019615e-02,0.000000000000000000e+00,1.000000000000000000e+00,2.157145961235051312e-01
9.019999999999999574e+00,2.498060315847397059e-02,6.006780624389648077e-02,0.000000000000000000e+00,1.000000000000000000e+00,2.166144637844567289e-01
9.040000000000000924e+00,2.497995197772980014e-02,6.008673906326293668e-02,0.000000000000000000e+00,1.000000000000000000e+00,2.184486895066998224e-01
9.060000000000000497e+00,2.498207986354827881e-02,6.005973815917968472e-02,0.000000000000000000e+00,1.000000000000000000e+00,2.201139584396688553e-01
9.080000000000000071e+00,2.498420029878616402e-02,6.004240751266479159e-02,0.000000000000000000e+00,1.000000000000000000e+00,2.206726455067586079e-01
9.099999999999999645e+00,2.498578876256942957e-02,6.003247261047363337e-02,0.000000000000000000e+00,1.000000000000000000e+00,2.198572382732331965e-01
9.120000000000000995e+00,2.498480826616287370e-02,6.003808736801147239e-02,0.000000000000000000e+00,1.000000000000000000e+00,2.179752618190108904e-01
9.140000000000000568e+00,2.498474270105362216e-02,6.003858089447021429e-02,0.000000000000000000e+00,1.000000000000000000e+00,2.155462147262586226e-01
9.160000000000000142e+00,2.498461604118347446e-02,6.004485368728637584e-02,0.000000000000000000e+00,1.000000000000000000e+00,2.131198403873041658e-01
9.179999999999999716e+00,2.498458474874496599e-02,6.004450321197509627e-02,0.000000000000000000e+00,1.000000000000000000e+00,2.112463771178643424e-01
9.200000000000001066e+00,2.498430162668228288e-02,6.004239320755004605e-02,0.000000000000000000e+00,1.000000000000000000e+00,2.104096460029915572e-01
9.220000000000000639e+00,2.498365044593811243e-02,6.003714323043823214e-02,0.000000000000000000e+00,1.000000000000000000e+00,2.109065712718201924e-01
9.240000000000000213e+00,2.498487085103988717e-02,6.005056142807006780e-02,0.000000000000000000e+00,1.000000000000000000e+00,2.127607366707076064e-01
9.259999999999999787e+00,2.498532086610794067e-02,6.005935192108154130e-02,0.000000000000000000e+00,1.000000000000000000e+00,2.156837861661933253e-01
9.279999999999999361e+00,2.498563826084137032e-02,6.008682489395141685e-02,0.000000000000000000e+00,1.000000000000000000e+00,2.191135356573440662e-01
9.300000000000000711e+00,2.498567551374435494e-02,6.008533000946044561e-02,0.000000000000000000e+00,1.000000000000000000e+00,2.224331325866506226e-01
9.320000000000000284e+00,2.498506456613540719e-02,6.009676694869994784e-02,0.000000000000000000e+00,1.000000000000000000e+00,2.252765916540290791e-01
9.339999999999999858e+00,2.498585730791091919e-02,6.008527278900146346e-02,0.000000000000000000e+00,1.000000000000000000e+00,2.276002982848349676e-01
9.359999999999999432e+00,2.498556822538375993e-02,6.008980035781859991e-02,0.000000000000000000e+00,1.000000000000000000e+00,2.294817747792578799e-01
9.380000000000000782e+00,2.498573064804077148e-02,6.008520841598510853e-02,0.000000000000000000e+00,1.000000000000000000e+00,2.309477010601070079e-01
9.400000000000000355e+00,2.498574405908584803e-02,6.008812665939330944e-02,0.000000000000000000e+00,1.000000000000000000e+00,2.320235227265623479e-01
9.419999999999999929e+00,2.498574703931808610e-02,6.008821964263915544e-02,0.000000000000000000e+00,1.000000000000000000e+00,2.328936351782506520e-01
9.439999999999999503e+00,2.498580664396286150e-02,6.008992910385131669e-02,0.000000000000000000e+00,1.000000000000000000e+00,2.338982098274462462e-01
9.460000000000000853e+00,2.498591095209121843e-02,6.010075092315673301e-02,0.000000000000000000e+00,1.000000000000000000e+00,2.352930113007191404e-01
9.480000000000000426e+00,2.498625814914703577e-02,6.009278297424316267e-02,0.000000000000000000e+00,1.000000000000000000e+00,2.369696628483579370e-01
9.500000000000000000e+00,2.498540729284286568e-02,6.009899139404296931e-02,0.000000000000000000e+00,1.000000000000000000e+00,2.383059732287423349e-01
9.519999999999999574e+00,2.498768270015716553e-02,6.009230375289916631e-02,0.000000000000000000e+00,1.000000000000000000e+00,2.383674050132221223e-01
9.540000000000000924e+00,2.498236149549484461e-02,6.009569406509399081e-02,0.000000000000000000e+00,1.000000000000000000e+00,2.366721653018429572e-01
9.560000000000000497e+00,2.498134076595306605e-02,6.009454965591430609e-02,0.000000000000000000e+00,1.000000000000000000e+00,2.338279356857137781e-01
9.580000000000000071e+00,2.498346418142318934e-02,6.010081529617309487e-02,0.000000000000000000e+00,1.000000000000000000e+00,2.310521377865895343e-01
9.599999999999999645e+00,2.498516142368316720e-02,6.011017799377441073e-02,0.000000000000000000e+00,1.000000000000000000e+00,2.292699637348957209e-01
9.620000000000000995e+00,2.498273104429245273e-02,6.008424997329711581e-02,0.000000000000000000e+00,1.000000000000000000e+00,2.287912567241486284e-01
9.640000000000000568e+00,2.498280256986618042e-02,6.008661746978759266e-02,0.000000000000000000e+00,1.000000000000000000e+00,2.293452429745777843e-01
9.660000000000000142e+00,2.498276531696319580e-02,6.008826971054077176e-02,0.000000000000000000e+00,1.000000000000000000e+00,2.301488280172110656e-01
9.679999999999999716e+00,2.498259991407394617e-02,6.009068012237548523e-02,0.000000000000000000e+00,1.000000000000000000e+00,2.301755945170425866e-01
9.700000000000001066e+00,2.498316764831542969e-02,6.008538722991943470e-02,0.000000000000000000e+00,1.000000000000000000e+00,2.286559071565069379e-01
9.720000000000000639e+00,2.498418688774109095e-02,6.007756948471069253e-02,0.000000000000000000e+00,1.000000000000000000e+00,2.253936868126909243e-01
9.740000000000000213e+00,2.498408854007721017e-02,6.007839202880858875e-02,0.000000000000000000e+00,1.000000000000000000e+00,2.207194431813835900e-01
9.759999999999999787e+00,2.498390525579452515e-02,6.008147478103637723e-02,0.000000000000000000e+00,1.000000000000000000e+00,2.153349451462634734e-01
9.779999999999999361e+00,2.498406320810318132e-02,6.008711814880370733e-02,0.000000000000000000e+00,1.000000000000000000e+00,2.101613865728399200e-01
9.800000000000000711e+00,2.498399764299392978e-02,6.008637428283691156e-02,0.000000000000000000e+00,1.000000000000000000e+00,2.060898404389878424e-01
9.820000000000000284e+00,2.498329579830169817e-02,6.007958650588988980e-02,0.000000000000000000e+00,1.000000000000000000e+00,2.037088940129767323e-01
9.839999999999999858e+00,2.498387098312378207e-02,6.008623838424682201e-02,0.000000000000000000e+00,1.000000000000000000e+00,2.032067957248882284e-01
9.859999999999999432e+00,2.498303502798080583e-02,6.007123231887816911e-02,0.000000000000000000e+00,1.000000000000000000e+00,2.044148606877958518e-01
9.880000000000000782e+00,2.498285621404647966e-02,6.006276369094848411e-02,0.000000000000000000e+00,1.000000000000000000e+00,2.068448622731127451e-01
9.900000000000000355e+00,2.498294413089752197e-02,6.005493164062499639e-02,0.000000000000000000e+00,1.000000000000000000e+00,2.097906704957896995e-01
9.919999999999999929e+00,2.498297244310379236e-02,6.005415201187133678e-02,0.000000000000000000e+00,1.000000000000000000e+00,2.126264178633020807e-01
9.939999999999999503e+00,2.498292177915573120e-02,6.005526781082153043e-02,0.000000000000000000e+00,1.000000000000000000e+00,2.150717491806202197e-01
9.960000000000000853e+00,2.498235404491424769e-02,6.007279157638549527e-02,0.000000000000000000e+00,1.000000000000000000e+00,2.171224984388368251e-01
9.980000000000000426e+00,2.498237192630767961e-02,6.007805585861206166e-02,0.000000000000000000e+00,1.000000000000000000e+00,2.188175402890386589e-01
1.000000000000000000e+01,2.498277276754379272e-02,6.008667469024658175e-02,0.000000000000000000e+00,1.000000000000000000e+00,2.201801572660117001e-01
1.001999999999999957e+01,2.498245239257812500e-02,6.008241891860961748e-02,0.000000000000000000e+00,1.000000000000000000e+00,2.213812970781738332e-01
1.004000000000000092e+01,2.498143464326858798e-02,6.006972312927245927e-02,0.000000000000000000e+00,1.000000000000000000e+00,2.228530270525200530e-01
1.006000000000000050e+01,2.498112171888351718e-02,6.006480932235717246e-02,0.000000000000000000e+00,1.000000000000000000e+00,2.251207589999535130e-01
1.008000000000000007e+01,2.498087733983993600e-02,6.005720615386962724e-02,0.000000000000000000e+00,1.000000000000000000e+00,2.285115770189759254e-01
1.009999999999999964e+01,2.498055249452590942e-02,6.008643865585326649e-02,0.000000000000000000e+00,1.000000000000000000e+00,2.329210585039066250e-01
1.012000000000000099e+01,2.497930079698562622e-02,6.010499954223632452e-02,0.000000000000000000e+00,1.000000000000000000e+00,2.376109234877374632e-01
1.014000000000000057e+01,2.497810125350952148e-02,6.011320352554321012e-02,0.000000000000000000e+00,1.000000000000000000e+00,2.413068769575563710e-01
1.016000000000000014e+01,2.497855126857757846e-02,6.011160135269164734e-02,0.000000000000000000e+00,1.000000000000000000e+00,2.430369536680732911e-01
1.017999999999999972e+01,2.498186826705932687e-02,6.010663032531737837e-02,0.000000000000000000e+00,1.000000000000000000e+00,2.429873845966389334e-01
1.020000000000000107e+01,2.498277872800827235e-02,6.010685205459594810e-02,0.000000000000000000e+00,1.000000000000000000e+00,2.421754835934661898e-01
1.022000000000000064e+01,2.498402148485183785e-02,6.010960578918456837e-02,0.000000000000000000e+00,1.000000000000000000e+00,2.415343664792204692e-01
1.024000000000000021e+01,2.498497366905212680e-02,6.011475563049316351e-02,0.000000000000000000e+00,1.000000000000000000e+00,2.414595947721628610e-01
1.025999999999999979e+01,2.498472779989242831e-02,6.011117219924926730e-02,0.000000000000000000e+00,1.000000000000000000e+00,2.417907049860107682e-01
1.027999999999999936e+01,2.498483061790466447e-02,6.009615182876586886e-02,0.000000000000000000e+00,1.000000000000000000e+00,2.419461006033860884e-01
1.030000000000000071e+01,2.498583942651748727e-02,6.007985830307006891e-02,0.000000000000000000e+00,1.000000000000000000e+00,2.411571204280120451e-01
1.032000000000000028e+01,2.498575598001480380e-02,6.008071660995482899e-02,0.000000000000000000e+00,1.000000000000000000e+00,2.387395499942085719e-01
1.033999999999999986e+01,2.498584538698196689e-02,6.007982254028319813e-02,0.000000000000000000e+00,1.000000000000000000e+00,2.343177638725351120e-01
1.035999999999999943e+01,2.498594224452972690e-02,6.007803440093993641e-02,0.000000000000000000e+00,1.000000000000000000e+00,2.280395601191000932e-01
1.038000000000000078e+01,2.498601526021957536e-02,6.008096694946288979e-02,0.000000000000000000e+00,1.000000000000000000e+00,2.207265573688825255e-01
1.040000000000000036e+01,2.498538345098495761e-02,6.007376432418823353e-02,0.000000000000000000e+00,1.000000000000000000e+00,2.136594391468575327e-01
1.041999999999999993e+01,2.498500794172286987e-02,6.007023096084594671e-02,0.000000000000000000e+00,1.000000000000000000e+00,2.079870102044297508e-01
1.043999999999999950e+01,2.498491704463958948e-02,6.006923675537109014e-02,0.000000000000000000e+00,1.000000000000000000e+00,2.042986459748736272e-01
1.046000000000000085e+01,2.498461306095123291e-02,6.006409406661986777e-02,0.000000000000000000e+00,1.000000000000000000e+00,2.026433950528601369e-01
1.048000000000000043e+01,2.498468905687332292e-02,6.006768465042114369e-02,0.000000000000000000e+00,1.000000000000000000e+00,2.026980778423834173e-01
1.050000000000000000e+01,2.498466670513153215e-02,6.006900787353515458e-02,0.000000000000000000e+00,1.000000000000000000e+00,2.038577853494430159e-01
1.051999999999999957e+01,2.498522400856018066e-02,6.005764961242675282e-02,0.000000000000000000e+00,1.000000000000000000e+00,2.054004625927844108e-01
1.054000000000000092e+01,2.498575448989868303e-02,6.004956007003783847e-02,0.000000000000000000e+00,1.000000000000000000e+00,2.067988635777865958e-01
1.056000000000000050e+01,2.498584091663360804e-02,6.004790782928466630e-02,0.000000000000000000e+00,1.000000000000000000e+00,2.078612731022502769e-01
1.058000000000000007e+01,2.498583793640136996e-02,6.005661249160766657e-02,0.000000000000000000e+00,1.000000000000000000e+00,2.085669282271338520e-01
1.059999999999999964e+01,2.498462945222854753e-02,6.003915309906005665e-02,0.000000000000000000e+00,1.000000000000000000e+00,2.089150908150757269e-01
1.062000000000000099e+01,2.498414218425750941e-02,6.003500461578369085e-02,0.000000000000000000e+00,1.000000000000000000e+00,2.090285678493559451e-01
1.064000000000000057e+01,2.498283237218856812e-02,6.002488374710082675e-02,0.000000000000000000e+00,1.000000000000000000e+00,2.093488625554222049e-01
1.066000000000000014e+01,2.498415857553482056e-02,6.003649234771728238e-02,0.000000000000000000e+00,1.000000000000000000e+00,2.105622894052090743e-01
1.067999999999999972e+01,2.498335689306259433e-02,6.002702236175536804e-02,0.000000000000000000e+00,1.000000000000000000e+00,2.132892056909697631e-01
1.070000000000000107e+01,2.498282939195633004e-02,6.001597166061400923e-02,0.000000000000000000e+00,1.000000000000000000e+00,2.178737445531467587e-01
1.072000000000000064e+01,2.498277872800827235e-02,6.000862598419189065e-02,0.000000000000000000e+00,1.000000000000000000e+00,2.242266537497982770e-01
1.074000000000000021e+01,2.498360574245453089e-02,5.998692512512206892e-02,0.000000000000000000e+00,1.000000000000000000e+00,2.315403919465031102e-01
1.075999999999999979e+01,2.498156875371933261e-02,6.000983476638793723e-02,0.000000000000000000e+00,1.000000000000000000e+00,2.382808197544968032e-01
1.077999999999999936e+01,2.498405724763870517e-02,5.999329447746276633e-02,0.000000000000000000e+00,1.000000000000000000e+00,2.430354860773642489e-01
1.080000000000000071e+01,2.498369365930557320e-02,5.999484658241271973e-02,0.000000000000000000e+00,1.000000000000000000e+00,2.454958886352937852e-01
1.082000000000000028e+01,2.498313933610916276e-02,5.999632358551024863e-02,0.000000000000000000e+00,1.000000000000000000e+00,2.463460646823208144e-01
1.083999999999999986e+01,2.498339414596557895e-02,5.999598383903503168e-02,0.000000000000000000e+00,1.000000000000000000e+00,2.464706955613741313e-01
1.085999999999999943e+01,2.498399466276168823e-02,5.999606609344482200e-02,0.000000000000000000e+00,1.000000000000000000e+00,2.464555623878622870e-01
1.088000000000000078e+01,2.498416900634765903e-02,5.999653816223144559e-02,0.000000000000000000e+00,1.000000000000000000e+00,2.465041759497006713e-01
1.090000000000000036e+01,2.498414516448974748e-02,5.999608397483825739e-02,0.000000000000000000e+00,1.000000000000000000e+00,2.464997706994815907e-01
1.091999999999999993e+01,2.498405128717422555e-02,5.999727487564086859e-02,0.000000000000000000e+00,1.000000000000000000e+00,2.460468305312056847e-01
1.093999999999999950e+01,2.498361766338348666e-02,6.000138044357299777e-02,0.000000000000000000e+00,1.000000000000000000e+00,2.444990135871314696e-01
1.096000000000000085e+01,2.498363703489303589e-02,6.000241041183471125e-02,0.000000000000000000e+00,1.000000000000000000e+00,2.411387698121586765e-01
1.098000000000000043e+01,2.498356699943542550e-02,6.000203847885131336e-02,0.000000000000000000e+00,1.000000000000000000e+00,2.356740103948360421e-01
1.100000000000000000e+01,2.498435378074646135e-02,6.000536441802978294e-02,0.000000000000000000e+00,1.000000000000000000e+00,2.287551596695483747e-01
1.101999999999999957e+01,2.498513758182525912e-02,6.000916957855224193e-02,0.000000000000000000e+00,1.000000000000000000e+00,2.217669169833534071e-01
1.104000000000000092e+01,2.498466372489929407e-02,6.000604391098022378e-02,0.000000000000000000e+00,1.000000000000000000e+00,2.159570849519250324e-01
1.106000000000000050e+01,2.498545050621032992e-02,6.001451969146728155e-02,0.000000000000000000e+00,1.000000000000000000e+00,2.119003104466331555e-01
1.108000000000000007e+01,2.498515844345092912e-02,6.000615119934081532e-02,0.000000000000000000e+00,1.000000000000000000e+00,2.095825705330895961e-01
1.109999999999999964e+01,2.498506605625152796e-02,6.001018524169921681e-02,0.000000000000000000e+00,1.000000000000000000e+00,2.086246537839392123e-01
1.112000000000000099e+01,2.498410791158676286e-02,6.002204418182372631e-02,0.000000000000000000e+00,1.000000000000000000e+00,2.084389416167625186e-01
1.114000000000000057e+01,2.498484700918197909e-02,6.001655101776123130e-02,0.000000000000000000e+00,1.000000000000000000e+00,2.084544143338629973e-01
1.116000000000000014e+01,2.498507648706436296e-02,6.001514196395874023e-02,0.000000000000000000e+00,1.000000000000000000e+00,2.083318289541710722e-01
1.117999999999999972e+01,2.498530447483062952e-02,6.001304626464843556e-02,0.000000000000000000e+00,1.000000000000000000e+00,2.079265605874270617e-01
1.120000000000000107e+01,2.498553693294525146e-02,6.001720905303954690e-02,0.000000000000000000e+00,1.000000000000000000e+00,2.071178804688196817e-01
1.122000000000000064e+01,2.498511224985122681e-02,6.001503467559814176e-02,0.000000000000000000e+00,1.000000000000000000e+00,2.058323268251503468e-01
1.124000000000000021e+01,2.498516589403152605e-02,6.001527070999145008e-02,0.000000000000000000e+00,1.000000000000000000e+00,2.043132005998480882e-01
1.125999999999999979e+01,2.498603761196136613e-02,6.001969099044799499e-02,0.000000000000000000e+00,1.000000000000000000e+00,2.032560803252132509e-01
1.127999999999999936e+01,2.498789727687835902e-02,6.003183603286742914e-02,0.000000000000000000e+00,1.000000000000000000e+00,2.035081893964221234e-01
1.130000000000000071e+01,2.498907595872879028e-02,6.004282236099242609e-02,0.000000000000000000e+00,1.000000000000000000e+00,2.056988022904960578e-01
1.132000000000000028e+01,2.498820722103119174e-02,6.002909660339355441e-02,0.000000000000000000e+00,1.000000000000000000e+00,2.101292455269091197e-01
1.133999999999999986e+01,2.498749792575836320e-02,5.999639153480529341e-02,0.000000000000000000e+00,1.000000000000000000e+00,2.166606755010311303e-01
1.135999999999999943e+01,2.498720139265060702e-02,6.001283168792724554e-02,0.000000000000000000e+00,1.000000000000000000e+00,2.244435739708651456e-01
1.138000000000000078e+01,2.498716413974762240e-02,6.001348972320556113e-02,0.000000000000000000e+00,1.000000000000000000e+00,2.319408710925118799e-01
1.140000000000000036e+01,2.498641759157180925e-02,6.002158641815185519e-02,0.000000000000000000e+00,1.000000000000000000e+00,2.376563301029941955e-01
1.141999999999999993e+01,2.498730719089508126e-02,6.001441240310669001e-02,0.000000000000000000e+00,1.000000000000000000e+00,2.409498836290852597e-01
1.143999999999999950e+01,2.498736977577209473e-02,6.001397609710693026e-02,0.000000000000000000e+00,1.000000000000000000e+00,2.421100636702408493e-01
1.146000000000000085e+01,2.498606145381927768e-02,6.002291679382323886e-02,0.000000000000000000e+00,1.000000000000000000e+00,2.419052541149908919e-01
1.148000000000000043e+01,2.498699426651001046e-02,6.001499891281127791e-02,0.000000000000000000e+00,1.000000000000000000e+00,2.411839946068957408e-01
1.150000000000000000e+01,2.498705983161926547e-02,6.001403331756591242e-02,0.000000000000000000e+00,1.000000000000000000e+00,2.406407195352876782e-01
1.151999999999999957e+01,2.498723715543747087e-02,6.000750303268432423e-02,0.000000000000000000e+00,1.000000000000000000e+00,2.406519376969862289e-01
1.154000000000000092e+01,2.498711347579956124e-02,6.001277446746825645e-02,0.000000000000000000e+00,1.000000000000000000e+00,2.411522154300255738e-01
1.156000000000000050e+01,2.498707622289657662e-02,6.001334667205810575e-02,0.000000000000000000e+00,1.000000000000000000e+00,2.415650493507009722e-01
1.158000000000000007e+01,2.498756051063537667e-02,6.001039981842040683e-02,0.000000000000000000e+00,1.000000000000000000e+00,2.409180469646928779e-01
1.159999999999999964e+01,2.498883903026580949e-02,6.000730991363525252e-02,0.000000000000000000e+00,1.000000000000000000e+00,2.384105453058501523e-01
1.162000000000000099e+01,2.498877942562103410e-02,6.000733137130737083e-02,0.000000000000000000e+00,1.000000000000000000e+00,2.341987171673796664e-01
1.164000000000000057e+01,2.498866617679595947e-02,6.000716686248779019e-02,0.000000000000000000e+00,1.000000000000000000e+00,2.293783402055915022e-01
1.166000000000000014e+01,2.498882263898849487e-02,6.000774621963500532e-02,0.000000000000000000e+00,1.000000000000000000e+00,2.250882473849306620e-01
1.167999999999999972e+01,2.498819977045059482e-02,6.000237464904784740e-02,0.000000000000000000e+00,1.000000000000000000e+00,2.218975428453590637e-01
1.170000000000000107e+01,2.498822659254074097e-02,6.000675201416015569e-02,0.000000000000000000e+00,1.000000000000000000e+00,2.198240786531598656e-01
1.172000000000000064e+01,2.498854994773865024e-02,6.000362634658813060e-02,0.000000000000000000e+00,1.000000000000000000e+00,2.185523050703716830e-01
1.174000000000000021e+01,2.498967498540878573e-02,5.999920248985290278e-02,0.000000000000000000e+00,1.000000000000000000e+00,2.176683078205500776e-01
1.175999999999999979e+01,2.498920410871505876e-02,5.999999999999999778e-02,0.000000000000000000e+00,1.000000000000000000e+00,2.168799799714295762e-01
1.177999999999999936e+01,2.498982995748520036e-02,5.999995708465576116e-02,0.000000000000000000e+00,1.000000000000000000e+00,2.160492304321388612e-01
1.180000000000000071e+01,2.499032765626907349e-02,6.000121593475341714e-02,0.000000000000000000e+00,1.000000000000000000e+00,2.150227401308678621e-01
1.182000000000000028e+01,2.499062567949295044e-02,6.000008583068847101e-02,0.000000000000000000e+00,1.000000000000000000e+00,2.135309274546456915e-01
1.183999999999999986e+01,2.499114871025085588e-02,6.000020742416381503e-02,0.000000000000000000e+00,1.000000000000000000e+00,2.113848107538176258e-01
1.185999999999999943e+01,2.499284893274307529e-02,6.000301122665405162e-02,0.000000000000000000e+00,1.000000000000000000e+00,2.088588024007803912e-01
1.188000000000000078e+01,2.499204874038696289e-02,6.000063657760620200e-02,0.000000000000000000e+00,1.000000000000000000e+00,2.067486992043205407e-01
1.190000000000000036e+01,2.498894482851028720e-02,5.998626708984374639e-02,0.000000000000000000e+00,1.000000000000000000e+00,2.059358447339932341e-01
1.191999999999999993e+01,2.499107271432876587e-02,6.000151634216308039e-02,0.000000000000000000e+00,1.000000000000000000e+00,2.070028127057416123e-01
1.193999999999999950e+01,2.499107420444488664e-02,6.000153779983520563e-02,0.000000000000000000e+00,1.000000000000000000e+00,2.101486999556711477e-01
1.196000000000000085e+01,2.498969435691833496e-02,5.996424436569213617e-02,0.000000000000000000e+00,1.000000000000000000e+00,2.151231276817414662e-01
1.198000000000000043e+01,2.498968839645385881e-02,5.997324943542479969e-02,0.000000000000000000e+00,1.000000000000000000e+00,2.211077301265223227e-01
1.200000000000000000e+01,2.498996257781982422e-02,5.996441602706908958e-02,0.000000000000000000e+00,1.000000000000000000e+00,2.268393049511644166e-01
1.201999999999999957e+01,2.499036341905594080e-02,5.995673775672912681e-02,0.000000000000000000e+00,1.000000000000000000e+00,2.310844043917008594e-01
1.204000000000000092e+01,2.499001920223236153e-02,5.996233463287353044e-02,0.000000000000000000e+00,1.000000000000000000e+00,2.331179611439536115e-01
1.206000000000000050e+01,2.499054372310638428e-02,5.995293974876403365e-02,0.000000000000000000e+00,1.000000000000000000e+00,2.329317482114770244e-01
1.208000000000000007e+01,2.499067336320877353e-02,5.994941353797912653e-02,0.000000000000000000e+00,1.000000000000000000e+00,2.312140756724492541e-01
1.209999999999999964e+01,2.499066144227981776e-02,5.995031833648681308e-02,0.000000000000000000e+00,1.000000000000000000e+00,2.290932056887925172e-01
1.212000000000000099e+01,2.499066293239593506e-02,5.995276093482970747e-02,0.000000000000000000e+00,1.000000000000000000e+00,2.276548775662363966e-01
1.214000000000000057e+01,2.499067932367324968e-02,5.994142413139343095e-02,0.000000000000000000e+00,1.000000000000000000e+00,2.275374590640390493e-01
1.216000000000000014e+01,2.499070763587951660e-02,5.994014739990233959e-02,0.000000000000000000e+00,1.000000000000000000e+00,2.288147517967137057e-01
1.217999999999999972e+01,2.499034702777862618e-02,5.994605541229247603e-02,0.000000000000000000e+00,1.000000000000000000e+00,2.309921005374968028e-01
1.220000000000000107e+01,2.498994916677475114e-02,5.994933485984801913e-02,0.000000000000000000e+00,1.000000000000000000e+00,2.330450783469230347e-01
1.222000000000000064e+01,2.499031275510787964e-02,5.994766473770141157e-02,0.000000000000000000e+00,1.000000000000000000e+00,2.338685547982079782e-01
1.224000000000000021e+01,2.499087899923324585e-02,5.994628787040710144e-02,0.000000000000000000e+00,1.000000000000000000e+00,2.331169618433174551e-01
1.225999999999999979e+01,2.498934119939804147e-02,5.994749665260314803e-02,0.000000000000000000e+00,1.000000000000000000e+00,2.313995505079119719e-01
1.228000000000000114e+01,2.499011456966400424e-02,5.994824409484863365e-02,0.000000000000000000e+00,1.000000000000000000e+00,2.295664428186053874e-01
1.230000000000000071e+01,2.498965114355087419e-02,5.994609117507934681e-02,0.000000000000000000e+00,1.000000000000000000e+00,2.281064244593867807e-01
1.232000000000000028e+01,2.498986124992370883e-02,5.994254708290099737e-02,0.000000000000000000e+00,1.000000000000000000e+00,2.270780381773605250e-01
1.233999999999999986e+01,2.499005496501922885e-02,5.994211792945861733e-02,0.000000000000000000e+00,1.000000000000000000e+00,2.263158076864068557e-01
1.235999999999999943e+01,2.498978227376938074e-02,5.994209289550780917e-02,0.000000000000000000e+00,1.000000000000000000e+00,2.256867070087810456e-01
1.238000000000000078e+01,2.498891055583954066e-02,5.994050145149230902e-02,0.000000000000000000e+00,1.000000000000000000e+00,2.251954379073614065e-01
1.240000000000000036e+01,2.498977035284042497e-02,5.994418859481811385e-02,0.000000000000000000e+00,1.000000000000000000e+00,2.248483813075388971e-01
1.241999999999999993e+01,2.498989403247833460e-02,5.994571208953856922e-02,0.000000000000000000e+00,1.000000000000000000e+00,2.244560806167299194e-01
1.243999999999999950e+01,2.499011754989624232e-02,5.994150996208190418e-02,0.000000000000000000e+00,1.000000000000000000e+00,2.236170184691671503e-01
1.246000000000000085e+01,2.499009668827056885e-02,5.994158864021301159e-02,0.000000000000000000e+00,1.000000000000000000e+00,2.220079980020279731e-01
1.248000000000000043e+01,2.499152421951294015e-02,5.994018316268920343e-02,0.000000000000000000e+00,1.000000000000000000e+00,2.197939883925555671e-01
1.250000000000000000e+01,2.499255388975143641e-02,5.994106292724608875e-02,0.000000000000000000e+00,1.000000000000000000e+00,2.176524577782330550e-01
1.251999999999999957e+01,2.499041110277176042e-02,5.993543386459350419e-02,0.000000000000000000e+00,1.000000000000000000e+00,2.163452732188152206e-01
1.254000000000000092e+01,2.498945146799087802e-02,5.993070960044860618e-02,0.000000000000000000e+00,1.000000000000000000e+00,2.163507761988959499e-01
1.256000000000000050e+01,2.499034404754638811e-02,5.993855595588683943e-02,0.000000000000000000e+00,1.000000000000000000e+00,2.177640496442967422e-01
1.258000000000000007e+01,2.498907297849655221e-02,5.991609334945678655e-02,0.000000000000000000e+00,1.000000000000000000e+00,2.202998194648658759e-01
1.259999999999999964e+01,2.498923242092132568e-02,5.992504835128784069e-02,0.000000000000000000e+00,1.000000000000000000e+00,2.233352162024233589e-01
1.262000000000000099e+01,2.498923987150192261e-02,5.992382884025573841e-02,0.000000000000000000e+00,1.000000000000000000e+00,2.260361990301362201e-01
1.264000000000000057e+01,2.498935312032699724e-02,5.991555333137511818e-02,0.000000000000000000e+00,1.000000000000000000e+00,2.275366179704233771e-01
1.266000000000000014e+01,2.498921900987625261e-02,5.993766546249389149e-02,0.000000000000000000e+00,1.000000000000000000e+00,2.271610757399376290e-01
1.267999999999999972e+01,2.498912364244461337e-02,5.992957234382629422e-02,0.000000000000000000e+00,1.000000000000000000e+00,2.247770228382578728e-01
1.270000000000000107e+01,2.498894631862640450e-02,5.992364287376403253e-02,0.000000000000000000e+00,1.000000000000000000e+00,2.211106128227468826e-01
1.272000000000000064e+01,2.498884499073028564e-02,5.992100358009338351e-02,0.000000000000000000e+00,1.000000000000000000e+00,2.175125292536491395e-01
1.274000000000000021e+01,2.498874664306640833e-02,5.991806387901305736e-02,0.000000000000000000e+00,1.000000000000000000e+00,2.152024332940000173e-01
1.275999999999999979e+01,2.498885095119476527e-02,5.992491960525512390e-02,0.000000000000000000e+00,1.000000000000000000e+00,2.147859340079110169e-01
1.278000000000000114e+01,2.498877793550491333e-02,5.993006229400634627e-02,0.000000000000000000e+00,1.000000000000000000e+00,2.162930135300587253e-01
1.280000000000000071e+01,2.499014288187027116e-02,5.990447044372558538e-02,0.000000000000000000e+00,1.000000000000000000e+00,2.192516536365365643e-01
1.282000000000000028e+01,2.498899996280670374e-02,5.991556763648986372e-02,0.000000000000000000e+00,1.000000000000000000e+00,2.226570766266346146e-01
1.283999999999999986e+01,2.498767077922821322e-02,5.992350697517394992e-02,0.000000000000000000e+00,1.000000000000000000e+00,2.253378539971522543e-01
1.285999999999999943e+01,2.498648464679718156e-02,5.992812752723693931e-02,0.000000000000000000e+00,1.000000000000000000e+00,2.267428038254498679e-01
1.288000000000000078e+01,2.498595118522644112e-02,5.992947578430175837e-02,0.000000000000000000e+00,1.000000000000000000e+00,2.271573887254552115e-01
1.290000000000000036e+01,2.498717010021209856e-02,5.992759466171264371e-02,0.000000000000000000e+00,1.000000000000000000e+00,2.271451977141958900e-01
1.291999999999999993e+01,2.498693615198135584e-02,5.992784142494201466e-02,0.000000000000000000e+00,1.000000000000000000e+00,2.270616189670316698e-01
1.293999999999999950e+01,2.498684525489807198e-02,5.992770195007324219e-02,0.000000000000000000e+00,1.000000000000000000e+00,2.270030954190436767e-01
1.296000000000000085e+01,2.498618960380554269e-02,5.992652177810668668e-02,0.000000000000000000e+00,1.000000000000000000e+00,2.270035520242872640e-01
1.298000000000000043e+01,2.498627901077270577e-02,5.992677927017212025e-02,0.000000000000000000e+00,1.000000000000000000e+00,2.271979002594456121e-01
1.300000000000000000e+01,2.498693019151687622e-02,5.992976546287536593e-02,0.000000000000000000e+00,1.000000000000000000e+00,2.277691381702496576e-01
1.301999999999999957e+01,2.498627901077270577e-02,5.992454409599304310e-02,0.000000000000000000e+00,1.000000000000000000e+00,2.287524912268878718e-01
1.304000000000000092e+01,2.498597949743271152e-02,5.991806387901305736e-02,0.000000000000000000e+00,1.000000000000000000e+00,2.298940938623998398e-01
1.306000000000000050e+01,2.498586326837539881e-02,5.992196917533874206e-02,0.000000000000000000e+00,1.000000000000000000e+00,2.307064875967372031e-01
1.308000000000000007e+01,2.498519420623779297e-02,5.992762684822082464e-02,0.000000000000000000e+00,1.000000000000000000e+00,2.307783614479941847e-01
1.309999999999999964e+01,2.498576343059540072e-02,5.992535233497619379e-02,0.000000000000000000e+00,1.000000000000000000e+00,2.301194515109107885e-01
1.312000000000000099e+01,2.498556673526763916e-02,5.992569208145141074e-02,0.000000000000000000e+00,1.000000000000000000e+00,2.291473548443882791e-01
1.314000000000000057e+01,2.498560696840286532e-02,5.992569565773010060e-02,0.000000000000000000e+00,1.000000000000000000e+00,2.283522689056098898e-01
1.316000000000000014e+01,2.498439401388168404e-02,5.992328166961669728e-02,0.000000000000000000e+00,1.000000000000000000e+00,2.280260067343750641e-01
1.317999999999999972e+01,2.498423010110855172e-02,5.992248773574829213e-02,0.000000000000000000e+00,1.000000000000000000e+00,2.282066759419914270e-01
1.320000000000000107e+01,2.498497515916824410e-02,5.993008732795715443e-02,0.000000000000000000e+00,1.000000000000000000e+00,2.287432116575839891e-01
1.322000000000000064e+01,2.498517036437988489e-02,5.993407845497131237e-02,0.000000000000000000e+00,1.000000000000000000e+00,2.293567145275836328e-01
1.324000000000000021e+01,2.498494684696197718e-02,5.992804884910583191e-02,0.000000000000000000e+00,1.000000000000000000e+00,2.296247589138816492e-01
1.325999999999999979e+01,2.498457282781601022e-02,5.992091059684753057e-02,0.000000000000000000e+00,1.000000000000000000e+00,2.289416759526619882e-01
1.328000000000000114e+01,2.498396039009094516e-02,5.991319656372070396e-02,0.000000000000000000e+00,1.000000000000000000e+00,2.266719953579797442e-01
1.330000000000000071e+01,2.498414963483810633e-02,5.991509914398192999e-02,0.000000000000000000e+00,1.000000000000000000e+00,2.226686568771140129e-01
1.332000000000000028e+01,2.498496919870376795e-02,5.992309927940368125e-02,0.000000000000000000e+00,1.000000000000000000e+00,2.177536278467568365e-01
1.333999999999999986e+01,2.498439252376556674e-02,5.991664767265319352e-02,0.000000000000000000e+00,1.000000000000000000e+00,2.133542692471339652e-01
1.335999999999999943e+01,2.498453408479690829e-02,5.991882205009460560e-02,0.000000000000000000e+00,1.000000000000000000e+00,2.105883238104555855e-01
1.338000000000000078e+01,2.498465627431869715e-02,5.992250561714172058e-02,0.000000000000000000e+00,1.000000000000000000e+00,2.098935096872206751e-01
1.340000000000000036e+01,2.498462498188018868e-02,5.993145346641540194e-02,0.000000000000000000e+00,1.000000000000000000e+00,2.111883191901146040e-01
1.341999999999999993e+01,2.498480528593063563e-02,5.992739081382750937e-02,0.000000000000000000e+00,1.000000000000000000e+00,2.139195140703549769e-01
1.343999999999999950e+01,2.498397976160049438e-02,5.993660688400268000e-02,0.000000000000000000e+00,1.000000000000000000e+00,2.170375050525054361e-01
1.346000000000000085e+01,2.498355060815811435e-02,5.993967533111572293e-02,0.000000000000000000e+00,1.000000000000000000e+00,2.194423515657636103e-01
1.348000000000000043e+01,2.498603314161300729e-02,5.992694377899169395e-02,0.000000000000000000e+00,1.000000000000000000e+00,2.206723995039072128e-01
1.350000000000000000e+01,2.498598694801330844e-02,5.992713332176208274e-02,0.000000000000000000e+00,1.000000000000000000e+00,2.209601866432055195e-01
1.351999999999999957e+01,2.498683929443359583e-02,5.992361068725585854e-02,0.000000000000000000e+00,1.000000000000000000e+00,2.207532960959625867e-01
1.354000000000000092e+01,2.498688548803329468e-02,5.992314219474792480e-02,0.000000000000000000e+00,1.000000000000000000e+00,2.203943449620524297e-01
1.356000000000000050e+01,2.498677819967269967e-02,5.992225885391234963e-02,0.000000000000000000e+00,1.000000000000000000e+00,2.201325962624210708e-01
1.358000000000000007e+01,2.498668283224106043e-02,5.992180109024047852e-02,0.000000000000000000e+00,1.000000000000000000e+00,2.202384152534716810e-01
1.359999999999999964e+01,2.498490363359451294e-02,5.991227030754089217e-02,0.000000000000000000e+00,1.000000000000000000e+00,2.209999587296120616e-01
1.362000000000000099e+01,2.498465329408645907e-02,5.991043210029602106e-02,0.000000000000000000e+00,1.000000000000000000e+00,2.225900554548425891e-01
1.364000000000000057e+01,2.498452365398406982e-02,5.990883708000183105e-02,0.000000000000000000e+00,1.000000000000000000e+00,2.249277216235513188e-01
1.366000000000000014e+01,2.498449385166168213e-02,5.990778207778930248e-02,0.000000000000000000e+00,1.000000000000000000e+00,2.276302669385110167e-01
1.367999999999999972e+01,2.498440593481063982e-02,5.991157293319701593e-02,0.000000000000000000e+00,1.000000000000000000e+00,2.301431218887285135e-01
1.370000000000000107e+01,2.498501241207122872e-02,5.990337610244751004e-02,0.000000000000000000e+00,1.000000000000000000e+00,2.320474880719478605e-01
1.372000000000000064e+01,2.498445063829422136e-02,5.990787148475646556e-02,0.000000000000000000e+00,1.000000000000000000e+00,2.332790995390532363e-01
1.374000000000000021e+01,2.498331665992736816e-02,5.991436600685119684e-02,0.000000000000000000e+00,1.000000000000000000e+00,2.340257605218157289e-01
1.375999999999999979e+01,2.498350888490677088e-02,5.991347908973693875e-02,0.000000000000000000e+00,1.000000000000000000e+00,2.344798084365762314e-01
1.378000000000000114e+01,2.498373687267303744e-02,5.991248488426208219e-02,0.000000000000000000e+00,1.000000000000000000e+00,2.347293205727339627e-01
1.380000000000000071e+01,2.498341053724289010e-02,5.991416573524474543e-02,0.000000000000000000e+00,1.000000000000000000e+00,2.348264827632466356e-01
1.382000000000000028e+01,2.498345226049423357e-02,5.991385459899901955e-02,0.000000000000000000e+00,1.000000000000000000e+00,2.348656786052395751e-01
1.383999999999999986e+01,2.498345226049423357e-02,5.991385459899901955e-02,0.000000000000000000e+00,1.000000000000000000e+00,2.349072767336312373e-01
1.385999999999999943e+01,2.498301416635513583e-02,5.991463422775268610e-02,0.000000000000000000e+00,1.000000000000000000e+00,2.347783979410214827e-01
1.388000000000000078e+01,2.498190253973007341e-02,5.991412281990050881e-02,0.000000000000000000e+00,1.000000000000000000e+00,2.339427496939984474e-01
1.390000000000000036e+01,2.498224526643753191e-02,5.991473078727722196e-02,0.000000000000000000e+00,1.000000000000000000e+00,2.316965893872697524e-01
1.391999999999999993e+01,2.498233765363693307e-02,5.991499900817871122e-02,0.000000000000000000e+00,1.000000000000000000e+00,2.278313545247159788e-01
1.393999999999999950e+01,2.498352229595184396e-02,5.992000937461852694e-02,0.000000000000000000e+00,1.000000000000000000e+00,2.231655853720634353e-01
1.396000000000000085e+01,2.498197108507156650e-02,5.991054296493530246e-02,0.000000000000000000e+00,1.000000000000000000e+00,2.190519020666077954e-01
1.398000000000000043e+01,2.498326301574707239e-02,5.992268443107604675e-02,0.000000000000000000e+00,1.000000000000000000e+00,2.164607570567248229e-01
1.400000000000000000e+01,2.498337775468826433e-02,5.992471218109130665e-02,0.000000000000000000e+00,1.000000000000000000e+00,2.157145961235053810e-01
1.401999999999999957e+01,2.498343586921691895e-02,5.993039846420288030e-02,0.000000000000000000e+00,1.000000000000000000e+00,2.166144637844577281e-01
1.404000000000000092e+01,2.498268634080887118e-02,5.995226025581359974e-02,0.000000000000000000e+00,1.000000000000000000e+00,2.184486895066990175e-01
1.406000000000000050e+01,2.498272508382797311e-02,5.995176672935485784e-02,0.000000000000000000e+00,1.000000000000000000e+00,2.201139584396688276e-01
1.408000000000000007e+01,2.498294413089752197e-02,5.994996070861816073e-02,0.000000000000000000e+00,1.000000000000000000e+00,2.206726455067590797e-01
1.409999999999999964e+01,2.498342841863632202e-02,5.994689226150512473e-02,0.000000000000000000e+00,1.000000000000000000e+00,2.198572382732342512e-01
1.412000000000000099e+01,2.498465180397033830e-02,5.993978619575500433e-02,0.000000000000000000e+00,1.000000000000000000e+00,2.179752618190110569e-01
1.414000000000000057e+01,2.498470246791839600e-02,5.993940353393554382e-02,0.000000000000000000e+00,1.000000000000000000e+00,2.155462147262590111e-01
1.416000000000000014e+01,2.498480230569839755e-02,5.993470072746276411e-02,0.000000000000000000e+00,1.000000000000000000e+00,2.131198403873045544e-01
1.417999999999999972e+01,2.498447448015213290e-02,5.993105292320251298e-02,0.000000000000000000e+00,1.000000000000000000e+00,2.112463771178650085e-01
1.420000000000000107e+01,2.498345673084259241e-02,5.992345333099365068e-02,0.000000000000000000e+00,1.000000000000000000e+00,2.104096460029918347e-01
1.422000000000000064e+01,2.498401403427124093e-02,5.992795944213866882e-02,0.000000000000000000e+00,1.000000000000000000e+00,2.109065712718205809e-01
1.424000000000000021e+01,2.498398125171661516e-02,5.992759108543396079e-02,0.000000000000000000e+00,1.000000000000000000e+00,2.127607366707078840e-01
1.425999999999999979e+01,2.498444765806198328e-02,5.993684649467467818e-02,0.000000000000000000e+00,1.000000000000000000e+00,2.156837861661941580e-01
1.428000000000000114e+01,2.498440295457840174e-02,5.993268370628356684e-02,0.000000000000000000e+00,1.000000000000000000e+00,2.191135356573448711e-01
1.430000000000000071e+01,2.498447448015213290e-02,5.992984414100646640e-02,0.000000000000000000e+00,1.000000000000000000e+00,2.224331325866512610e-01
1.432000000000000028e+01,2.498473972082138062e-02,5.992489814758300559e-02,0.000000000000000000e+00,1.000000000000000000e+00,2.252765916540288016e-01
1.433999999999999986e+01,2.498514503240585605e-02,5.991899371147155207e-02,0.000000000000000000e+00,1.000000000000000000e+00,2.276002982848347178e-01
1.435999999999999943e+01,2.498453557491302560e-02,5.992857456207275474e-02,0.000000000000000000e+00,1.000000000000000000e+00,2.294817747792578799e-01
1.438000000000000078e+01,2.498503774404525757e-02,5.991446971893310547e-02,0.000000000000000000e+00,1.000000000000000000e+00,2.309477010601067859e-01
1.440000000000000036e+01,2.498506009578704834e-02,5.992080330848693903e-02,0.000000000000000000e+00,1.000000000000000000e+00,2.320235227265626254e-01
1.441999999999999993e+01,2.498525083065033028e-02,5.992687225341796625e-02,0.000000000000000000e+00,1.000000000000000000e+00,2.328936351782506797e-01
1.443999999999999950e+01,2.498517185449600220e-02,5.992455840110778864e-02,0.000000000000000000e+00,1.000000000000000000e+00,2.338982098274464128e-01
1.446000000000000085e+01,2.498517930507659912e-02,5.992545247077941950e-02,0.000000000000000000e+00,1.000000000000000000e+00,2.352930113007192514e-01
1.448000000000000043e+01,2.498481124639511178e-02,5.993387103080749512e-02,0.000000000000000000e+00,1.000000000000000000e+00,2.369696628483579925e-01
1.450000000000000000e+01,2.498481869697570870e-02,5.993381738662719588e-02,0.000000000000000000e+00,1.000000000000000000e+00,2.383059732287422516e-01
1.451999999999999957e+01,2.498694211244583199e-02,5.992731928825378168e-02,0.000000000000000000e+00,1.000000000000000000e+00,2.383674050132220945e-01
1.454000000000000092e+01,2.498794049024581979e-02,5.992658615112304160e-02,0.000000000000000000e+00,1.000000000000000000e+00,2.366721653018428462e-01
1.456000000000000050e+01,2.498614639043808192e-02,5.992472290992736927e-02,0.000000000000000000e+00,1.000000000000000000e+00,2.338279356857137781e-01
1.458000000000000007e+01,2.498763948678970476e-02,5.992902517318725308e-02,0.000000000000000000e+00,1.000000000000000000e+00,2.310521377865900061e-01
1.459999999999999964e+01,2.498629838228225847e-02,5.992170453071594266e-02,0.000000000000000000e+00,1.000000000000000000e+00,2.292699637348962760e-01
1.462000000000000099e+01,2.498667091131210466e-02,5.992566347122191966e-02,0.000000000000000000e+00,1.000000000000000000e+00,2.287912567241484341e-01
1.464000000000000057e+01,2.498648762702941964e-02,5.991954445838928306e-02,0.000000000000000000e+00,1.000000000000000000e+00,2.293452429745781451e-01
1.466000000000000014e+01,2.498637884855270386e-02,5.992430090904235507e-02,0.000000000000000000e+00,1.000000000000000000e+00,2.301488280172117318e-01
1.467999999999999972e+01,2.498600035905838151e-02,5.992980480194091270e-02,0.000000000000000000e+00,1.000000000000000000e+00,2.301755945170436413e-01
1.470000000000000107e+01,2.498577833175659457e-02,5.993187189102172630e-02,0.000000000000000000e+00,1.000000000000000000e+00,2.286559071565074375e-01
1.472000000000000064e+01,2.498427629470825403e-02,5.994343757629394531e-02,0.000000000000000000e+00,1.000000000000000000e+00,2.253936868126915072e-01
1.474000000000000021e+01,2.498459070920944214e-02,5.994080543518066212e-02,0.000000000000000000e+00,1.000000000000000000e+00,2.207194431813840618e-01
1.475999999999999979e+01,2.498410791158676286e-02,5.994881629943847601e-02,0.000000000000000000e+00,1.000000000000000000e+00,2.153349451462646669e-01
1.478000000000000114e+01,2.498411536216735979e-02,5.994910240173339372e-02,0.000000000000000000e+00,1.000000000000000000e+00,2.101613865728404473e-01
1.480000000000000071e+01,2.498452812433242867e-02,5.995375156402587419e-02,0.000000000000000000e+00,1.000000000000000000e+00,2.060898404389881755e-01
1.482000000000000028e+01,2.498436868190765520e-02,5.995221018791198342e-02,0.000000000000000000e+00,1.000000000000000000e+00,2.037088940129772041e-01
1.483999999999999986e+01,2.498375773429870744e-02,5.994512200355529841e-02,0.000000000000000000e+00,1.000000000000000000e+00,2.032067957248891721e-01
1.485999999999999943e+01,2.498376369476318359e-02,5.994522929191588995e-02,0.000000000000000000e+00,1.000000000000000000e+00,2.044148606877960184e-01
1.488000000000000078e+01,2.498380988836288591e-02,5.994751811027526633e-02,0.000000000000000000e+00,1.000000000000000000e+00,2.068448622731133835e-01
1.490000000000000036e+01,2.498383224010467668e-02,5.994562625885009599e-02,0.000000000000000000e+00,1.000000000000000000e+00,2.097906704957895607e-01
1.491999999999999993e+01,2.498394250869750977e-02,5.994256496429443276e-02,0.000000000000000000e+00,1.000000000000000000e+00,2.126264178633021640e-01
1.493999999999999950e+01,2.498418539762497018e-02,5.993724346160888422e-02,0.000000000000000000e+00,1.000000000000000000e+00,2.150717491806207748e-01
1.496000000000000085e+01,2.498409748077392786e-02,5.993993282318114957e-02,0.000000000000000000e+00,1.000000000000000000e+00,2.171224984388368529e-01
1.498000000000000043e+01,2.498408108949661324e-02,5.993358135223388755e-02,0.000000000000000000e+00,1.000000000000000000e+00,2.188175402890391585e-01
1.500000000000000000e+01,2.498435378074646135e-02,5.993957877159118708e-02,0.000000000000000000e+00,1.000000000000000000e+00,2.201801572660123107e-01
1.501999999999999957e+01,2.498444467782974521e-02,5.994080543518066212e-02,0.000000000000000000e+00,1.000000000000000000e+00,2.213812970781744438e-01
1.504000000000000092e+01,2.498319000005722046e-02,5.992492318153381375e-02,0.000000000000000000e+00,1.000000000000000000e+00,2.228530270525203028e-01
1.506000000000000050e+01,2.498310655355453699e-02,5.992358922958374023e-02,0.000000000000000000e+00,1.000000000000000000e+00,2.251207589999538183e-01
1.508000000000000007e+01,2.498290836811065813e-02,5.991730570793151606e-02,0.000000000000000000e+00,1.000000000000000000e+00,2.285115770189756479e-01
1.509999999999999964e+01,2.498294860124588082e-02,5.991366863250732061e-02,0.000000000000000000e+00,1.000000000000000000e+00,2.329210585039061809e-01
1.512000000000000099e+01,2.498312592506408969e-02,5.991100072860717357e-02,0.000000000000000000e+00,1.000000000000000000e+00,2.376109234877372689e-01
1.514000000000000057e+01,2.498511672019958565e-02,5.989709973335265863e-02,0.000000000000000000e+00,1.000000000000000000e+00,2.413068769575560379e-01
1.516000000000000014e+01,2.498527765274047990e-02,5.989650964736938088e-02,0.000000000000000000e+00,1.000000000000000000e+00,2.430369536680732356e-01
1.517999999999999972e+01,2.498316317796707431e-02,5.989986777305603138e-02,0.000000000000000000e+00,1.000000000000000000e+00,2.429873845966389612e-01
1.520000000000000107e+01,2.498302608728408813e-02,5.989984631538390614e-02,0.000000000000000000e+00,1.000000000000000000e+00,2.421754835934659400e-01
1.522000000000000064e+01,2.498337030410766740e-02,5.990058302879333607e-02,0.000000000000000000e+00,1.000000000000000000e+00,2.415343664792205247e-01
1.524000000000000021e+01,2.498300671577453891e-02,5.989863753318786649e-02,0.000000000000000000e+00,1.000000000000000000e+00,2.414595947721628888e-01
1.525999999999999979e+01,2.498282790184021274e-02,5.989601612091063898e-02,0.000000000000000000e+00,1.000000000000000000e+00,2.417907049860110458e-01
1.528000000000000114e+01,2.498277723789215157e-02,5.990280032157897783e-02,0.000000000000000000e+00,1.000000000000000000e+00,2.419461006033860051e-01
1.530000000000000071e+01,2.498259991407394617e-02,5.990563631057738841e-02,0.000000000000000000e+00,1.000000000000000000e+00,2.411571204280127390e-01
1.532000000000000028e+01,2.498194724321365495e-02,5.991235256195068248e-02,0.000000000000000000e+00,1.000000000000000000e+00,2.387395499942089327e-01
1.533999999999999986e+01,2.498185336589813302e-02,5.991328954696654996e-02,0.000000000000000000e+00,1.000000000000000000e+00,2.343177638725355005e-01
1.535999999999999943e+01,2.498203366994857996e-02,5.991000294685363409e-02,0.000000000000000000e+00,1.000000000000000000e+00,2.280395601191014254e-01
1.538000000000000078e+01,2.498202025890350342e-02,5.990943431854248158e-02,0.000000000000000000e+00,1.000000000000000000e+00,2.207265573688828308e-01
1.540000000000000036e+01,2.498195022344589303e-02,5.990862965583801381e-02,0.000000000000000000e+00,1.000000000000000000e+00,2.136594391468588927e-01
1.541999999999999993e+01,2.498183399438858032e-02,5.990753173828124861e-02,0.000000000000000000e+00,1.000000000000000000e+00,2.079870102044297231e-01
1.543999999999999950e+01,2.498218417167663574e-02,5.991139411926268976e-02,0.000000000000000000e+00,1.000000000000000000e+00,2.042986459748744321e-01
1.546000000000000085e+01,2.498164921998977800e-02,5.990225315093993669e-02,0.000000000000000000e+00,1.000000000000000000e+00,2.026433950528601924e-01
1.548000000000000043e+01,2.498163729906082223e-02,5.990165948867797602e-02,0.000000000000000000e+00,1.000000000000000000e+00,2.026980778423838614e-01
1.550000000000000000e+01,2.498147785663604875e-02,5.991076827049254816e-02,0.000000000000000000e+00,1.000000000000000000e+00,2.038577853494434322e-01
1.551999999999999957e+01,2.498176842927932878e-02,5.990488171577453697e-02,0.000000000000000000e+00,1.000000000000000000e+00,2.054004625927849659e-01
1.554000000000000092e+01,2.498153448104858607e-02,5.990844726562499778e-02,0.000000000000000000e+00,1.000000000000000000e+00,2.067988635777871509e-01
1.556000000000000050e+01,2.498152554035186837e-02,5.990861535072326133e-02,0.000000000000000000e+00,1.000000000000000000e+00,2.078612731022509708e-01
1.558000000000000007e+01,2.498153299093246529e-02,5.990203499794006375e-02,0.000000000000000000e+00,1.000000000000000000e+00,2.085669282271339353e-01
1.559999999999999964e+01,2.498127520084381104e-02,5.989826202392577875e-02,0.000000000000000000e+00,1.000000000000000000e+00,2.089150908150762820e-01
1.562000000000000099e+01,2.498213201761245728e-02,5.990558981895446888e-02,0.000000000000000000e+00,1.000000000000000000e+00,2.090285678493563337e-01
1.564000000000000057e+01,2.498164772987365723e-02,5.990183830261230219e-02,0.000000000000000000e+00,1.000000000000000000e+00,2.093488625554227878e-01
1.566000000000000014e+01,2.498181313276291032e-02,5.990328669548034696e-02,0.000000000000000000e+00,1.000000000000000000e+00,2.105622894052097960e-01
1.567999999999999972e+01,2.498183399438858032e-02,5.990354061126709068e-02,0.000000000000000000e+00,1.000000000000000000e+00,2.132892056909707901e-01
1.570000000000000107e+01,2.498132139444351335e-02,5.989273667335510282e-02,0.000000000000000000e+00,1.000000000000000000e+00,2.178737445531467309e-01
1.572000000000000064e+01,2.498141229152679721e-02,5.990603685379028431e-02,0.000000000000000000e+00,1.000000000000000000e+00,2.242266537497986101e-01
1.574000000000000021e+01,2.498103231191635409e-02,5.991615056991576871e-02,0.000000000000000000e+00,1.000000000000000000e+00,2.315403919465038041e-01
1.575999999999999979e+01,2.498070001602173060e-02,5.991993069648742648e-02,0.000000000000000000e+00,1.000000000000000000e+00,2.382808197544968587e-01
1.578000000000000114e+01,2.498091757297515869e-02,5.991846084594726340e-02,0.000000000000000000e+00,1.000000000000000000e+00,2.430354860773654702e-01
1.580000000000000071e+01,2.498202472925186227e-02,5.991364002227782953e-02,0.000000000000000000e+00,1.000000000000000000e+00,2.454958886352942848e-01
1.582000000000000028e+01,2.498321235179901123e-02,5.991037487983703197e-02,0.000000000000000000e+00,1.000000000000000000e+00,2.463460646823212863e-01
1.583999999999999986e+01,2.498236298561096191e-02,5.991156935691833302e-02,0.000000000000000000e+00,1.000000000000000000e+00,2.464706955613747696e-01
1.586000000000000121e+01,2.498373389244079590e-02,5.991165876388549610e-02,0.000000000000000000e+00,1.000000000000000000e+00,2.464555623878628698e-01
1.588000000000000078e+01,2.498342245817184587e-02,5.991083264350891002e-02,0.000000000000000000e+00,1.000000000000000000e+00,2.465041759497012541e-01
1.590000000000000036e+01,2.498340159654617587e-02,5.991044282913207675e-02,0.000000000000000000e+00,1.000000000000000000e+00,2.464997706994822013e-01
1.591999999999999993e+01,2.498344331979751587e-02,5.990992069244384377e-02,0.000000000000000000e+00,1.000000000000000000e+00,2.460468305312062953e-01
1.593999999999999950e+01,2.498344480991363664e-02,5.990991353988647100e-02,0.000000000000000000e+00,1.000000000000000000e+00,2.444990135871323578e-01
1.596000000000000085e+01,2.498345971107483049e-02,5.991072893142700140e-02,0.000000000000000000e+00,1.000000000000000000e+00,2.411387698121590650e-01
1.598000000000000043e+01,2.498362511396408359e-02,5.991161227226256963e-02,0.000000000000000000e+00,1.000000000000000000e+00,2.356740103948373466e-01
1.600000000000000000e+01,2.498368769884109705e-02,5.991187334060668612e-02,0.000000000000000000e+00,1.000000000000000000e+00,2.287551596695492906e-01
1.601999999999999957e+01,2.498349249362945626e-02,5.991092920303344588e-02,0.000000000000000000e+00,1.000000000000000000e+00,2.217669169833539622e-01
1.603999999999999915e+01,2.498291581869125505e-02,5.990712761878966980e-02,0.000000000000000000e+00,1.000000000000000000e+00,2.159570849519260594e-01
1.605999999999999872e+01,2.498282641172409196e-02,5.990615844726562139e-02,0.000000000000000000e+00,1.000000000000000000e+00,2.119003104466333498e-01
1.608000000000000185e+01,2.498274892568588465e-02,5.990391254425048856e-02,0.000000000000000000e+00,1.000000000000000000e+00,2.095825705330903732e-01
1.610000000000000142e+01,2.498266994953155656e-02,5.990731358528136874e-02,0.000000000000000000e+00,1.000000000000000000e+00,2.086246537839394899e-01
1.612000000000000099e+01,2.498295009136200159e-02,5.990384101867675393e-02,0.000000000000000000e+00,1.000000000000000000e+00,2.084389416167628239e-01
1.614000000000000057e+01,2.498318105936050623e-02,5.990211367607116422e-02,0.000000000000000000e+00,1.000000000000000000e+00,2.084544143338630251e-01
1.616000000000000014e+01,2.498390674591064592e-02,5.989760398864745622e-02,0.000000000000000000e+00,1.000000000000000000e+00,2.083318289541715440e-01
1.617999999999999972e+01,2.498411536216735979e-02,5.989568352699279480e-02,0.000000000000000000e+00,1.000000000000000000e+00,2.079265605874274503e-01
1.619999999999999929e+01,2.498411089181900094e-02,5.989559769630432157e-02,0.000000000000000000e+00,1.000000000000000000e+00,2.071178804688202924e-01
1.621999999999999886e+01,2.498463690280914445e-02,5.989827632904052429e-02,0.000000000000000000e+00,1.000000000000000000e+00,2.058323268251505134e-01
1.624000000000000199e+01,2.498340755701065202e-02,5.989286541938781266e-02,0.000000000000000000e+00,1.000000000000000000e+00,2.043132005998484491e-01
1.626000000000000156e+01,2.498440891504287789e-02,5.989790439605712641e-02,0.000000000000000000e+00,1.000000000000000000e+00,2.032560803252136394e-01
1.628000000000000114e+01,2.498414218425750941e-02,5.989617347717284684e-02,0.000000000000000000e+00,1.000000000000000000e+00,2.035081893964225674e-01
1.630000000000000071e+01,2.498325258493423739e-02,5.988789439201355064e-02,0.000000000000000000e+00,1.000000000000000000e+00,2.056988022904950308e-01
1.632000000000000028e+01,2.498277574777603427e-02,5.988036274909972617e-02,0.000000000000000000e+00,1.000000000000000000e+00,2.101292455269087311e-01
1.633999999999999986e+01,2.498304098844528198e-02,5.989256143569945956e-02,0.000000000000000000e+00,1.000000000000000000e+00,2.166606755010305474e-01
1.635999999999999943e+01,2.498285025358200351e-02,5.990330100059509250e-02,0.000000000000000000e+00,1.000000000000000000e+00,2.244435739708660893e-01
1.637999999999999901e+01,2.498351186513900896e-02,5.989143133163452037e-02,0.000000000000000000e+00,1.000000000000000000e+00,2.319408710925109363e-01
1.639999999999999858e+01,2.498410195112228671e-02,5.988497257232665988e-02,0.000000000000000000e+00,1.000000000000000000e+00,2.376563301029927244e-01
1.642000000000000171e+01,2.498689442873001237e-02,5.986222028732299250e-02,0.000000000000000000e+00,1.000000000000000000e+00,2.409498836290854540e-01
1.644000000000000128e+01,2.498627305030822962e-02,5.986654400825500155e-02,0.000000000000000000e+00,1.000000000000000000e+00,2.421100636702413211e-01
1.646000000000000085e+01,2.498524785041809221e-02,5.987361788749694796e-02,0.000000000000000000e+00,1.000000000000000000e+00,2.419052541149910862e-01
1.648000000000000043e+01,2.498477548360824793e-02,5.987765908241271529e-02,0.000000000000000000e+00,1.000000000000000000e+00,2.411839946068957130e-01
1.650000000000000000e+01,2.498460263013839791e-02,5.988020539283752525e-02,0.000000000000000000e+00,1.000000000000000000e+00,2.406407195352878448e-01
1.651999999999999957e+01,2.498457282781601022e-02,5.988129258155822782e-02,0.000000000000000000e+00,1.000000000000000000e+00,2.406519376969863955e-01
1.653999999999999915e+01,2.498459219932556291e-02,5.988046288490295188e-02,0.000000000000000000e+00,1.000000000000000000e+00,2.411522154300256293e-01
1.655999999999999872e+01,2.498464435338974138e-02,5.987966895103454673e-02,0.000000000000000000e+00,1.000000000000000000e+00,2.415650493507010277e-01
1.658000000000000185e+01,2.498456239700317522e-02,5.988017678260802723e-02,0.000000000000000000e+00,1.000000000000000000e+00,2.409180469646931555e-01
1.660000000000000142e+01,2.498420327901840210e-02,5.988107085227965809e-02,0.000000000000000000e+00,1.000000000000000000e+00,2.384105453058503465e-01
1.662000000000000099e+01,2.498442530632019251e-02,5.988098859786986777e-02,0.000000000000000000e+00,1.000000000000000000e+00,2.341987171673798329e-01
1.664000000000000057e+01,2.498414069414138863e-02,5.988058805465697881e-02,0.000000000000000000e+00,1.000000000000000000e+00,2.293783402055913634e-01
1.666000000000000014e+01,2.498467266559600830e-02,5.988252997398376548e-02,0.000000000000000000e+00,1.000000000000000000e+00,2.250882473849305510e-01
1.667999999999999972e+01,2.498458325862884521e-02,5.988176107406616155e-02,0.000000000000000000e+00,1.000000000000000000e+00,2.218975428453587029e-01
1.669999999999999929e+01,2.498457431793213099e-02,5.988010168075560968e-02,0.000000000000000000e+00,1.000000000000000000e+00,2.198240786531594770e-01
1.671999999999999886e+01,2.498424202203750749e-02,5.988332748413086049e-02,0.000000000000000000e+00,1.000000000000000000e+00,2.185523050703711834e-01
1.674000000000000199e+01,2.498366236686706821e-02,5.988564491271972101e-02,0.000000000000000000e+00,1.000000000000000000e+00,2.176683078205499111e-01
1.676000000000000156e+01,2.498277276754379272e-02,5.988720774650573703e-02,0.000000000000000000e+00,1.000000000000000000e+00,2.168799799714293819e-01
1.678000000000000114e+01,2.498320937156677315e-02,5.988715052604674793e-02,0.000000000000000000e+00,1.000000000000000000e+00,2.160492304321385559e-01
1.680000000000000071e+01,2.498299628496170044e-02,5.988662123680114219e-02,0.000000000000000000e+00,1.000000000000000000e+00,2.150227401308676400e-01
1.682000000000000028e+01,2.498320192098617623e-02,5.988582730293273704e-02,0.000000000000000000e+00,1.000000000000000000e+00,2.135309274546451364e-01
1.683999999999999986e+01,2.498336285352707048e-02,5.988585591316222811e-02,0.000000000000000000e+00,1.000000000000000000e+00,2.113848107538169041e-01
1.685999999999999943e+01,2.498264610767364502e-02,5.988471150398254339e-02,0.000000000000000000e+00,1.000000000000000000e+00,2.088588024007803079e-01
1.687999999999999901e+01,2.498263120651245117e-02,5.988466858863830677e-02,0.000000000000000000e+00,1.000000000000000000e+00,2.067486992043199301e-01
1.689999999999999858e+01,2.498347163200378626e-02,5.988852024078369224e-02,0.000000000000000000e+00,1.000000000000000000e+00,2.059358447339929288e-01
1.692000000000000171e+01,2.498371899127960205e-02,5.989027619361877303e-02,0.000000000000000000e+00,1.000000000000000000e+00,2.070028127057423062e-01
1.694000000000000128e+01,2.498387992382049630e-02,5.989220738410949707e-02,0.000000000000000000e+00,1.000000000000000000e+00,2.101486999556721191e-01
1.696000000000000085e+01,2.498425096273422519e-02,5.990218877792358176e-02,0.000000000000000000e+00,1.000000000000000000e+00,2.151231276817418825e-01
1.698000000000000043e+01,2.498423755168914864e-02,5.992128252983092845e-02,0.000000000000000000e+00,1.000000000000000000e+00,2.211077301265215178e-01
1.700000000000000000e+01,2.498378604650497437e-02,5.993587017059325700e-02,0.000000000000000000e+00,1.000000000000000000e+00,2.268393049511635562e-01
1.701999999999999957e+01,2.498417198657989710e-02,5.992848873138427457e-02,0.000000000000000000e+00,1.000000000000000000e+00,2.310844043917003598e-01
1.703999999999999915e+01,2.498492598533630371e-02,5.991621494293212363e-02,0.000000000000000000e+00,1.000000000000000000e+00,2.331179611439531119e-01
1.705999999999999872e+01,2.498427927494049211e-02,5.992781639099120650e-02,0.000000000000000000e+00,1.000000000000000000e+00,2.329317482114765525e-01
1.708000000000000185e+01,2.498394548892975131e-02,5.993684291839599526e-02,0.000000000000000000e+00,1.000000000000000000e+00,2.312140756724504198e-01
1.710000000000000142e+01,2.498394846916198939e-02,5.993658542633056169e-02,0.000000000000000000e+00,1.000000000000000000e+00,2.290932056887935164e-01
1.712000000000000099e+01,2.498394548892975131e-02,5.992719769477843766e-02,0.000000000000000000e+00,1.000000000000000000e+00,2.276548775662371182e-01
1.714000000000000057e+01,2.498392909765243669e-02,5.993615269660949180e-02,0.000000000000000000e+00,1.000000000000000000e+00,2.275374590640397987e-01
1.716000000000000014e+01,2.498398870229721208e-02,5.993343830108642523e-02,0.000000000000000000e+00,1.000000000000000000e+00,2.288147517967137612e-01
1.717999999999999972e+01,2.498424649238586634e-02,5.992919683456420649e-02,0.000000000000000000e+00,1.000000000000000000e+00,2.309921005374970249e-01
1.719999999999999929e+01,2.498436570167541712e-02,5.992820262908934992e-02,0.000000000000000000e+00,1.000000000000000000e+00,2.330450783469230902e-01
1.721999999999999886e+01,2.498431205749511788e-02,5.992845654487609364e-02,0.000000000000000000e+00,1.000000000000000000e+00,2.338685547982082003e-01
1.724000000000000199e+01,2.498561441898346225e-02,5.992519140243530301e-02,0.000000000000000000e+00,1.000000000000000000e+00,2.331169618433174828e-01
1.726000000000000156e+01,2.498658746480941772e-02,5.992436885833739985e-02,0.000000000000000000e+00,1.000000000000000000e+00,2.313995505079119719e-01
1.728000000000000114e+01,2.498661875724792619e-02,5.992439746856689092e-02,0.000000000000000000e+00,1.000000000000000000e+00,2.295664428186051376e-01
1.730000000000000071e+01,2.498660981655120850e-02,5.992435812950133722e-02,0.000000000000000000e+00,1.000000000000000000e+00,2.281064244593866419e-01
1.732000000000000028e+01,2.498649060726165771e-02,5.992637515068054144e-02,0.000000000000000000e+00,1.000000000000000000e+00,2.270780381773603307e-01
1.733999999999999986e+01,2.498738169670105050e-02,5.992434740066528154e-02,0.000000000000000000e+00,1.000000000000000000e+00,2.263158076864065504e-01
1.735999999999999943e+01,2.498807460069656441e-02,5.992437243461608970e-02,0.000000000000000000e+00,1.000000000000000000e+00,2.256867070087807126e-01
1.737999999999999901e+01,2.498843222856521676e-02,5.992500901222228699e-02,0.000000000000000000e+00,1.000000000000000000e+00,2.251954379073610457e-01
1.740000000000000213e+01,2.498876005411148141e-02,5.992640376091003251e-02,0.000000000000000000e+00,1.000000000000000000e+00,2.248483813075385640e-01
1.742000000000000171e+01,2.498831599950790405e-02,5.992086410522460410e-02,0.000000000000000000e+00,1.000000000000000000e+00,2.244560806167297529e-01
1.744000000000000128e+01,2.498830407857895175e-02,5.992108941078185674e-02,0.000000000000000000e+00,1.000000000000000000e+00,2.236170184691668450e-01
1.746000000000000085e+01,2.498803734779357980e-02,5.992216587066650363e-02,0.000000000000000000e+00,1.000000000000000000e+00,2.220079980020276955e-01
1.748000000000000043e+01,2.498797923326492518e-02,5.992222666740417564e-02,0.000000000000000000e+00,1.000000000000000000e+00,2.197939883925550397e-01
1.750000000000000000e+01,2.498769909143448015e-02,5.992200136184692300e-02,0.000000000000000000e+00,1.000000000000000000e+00,2.176524577782322223e-01
1.751999999999999957e+01,2.498717010021209856e-02,5.992063879966735840e-02,0.000000000000000000e+00,1.000000000000000000e+00,2.163452732188143601e-01
1.753999999999999915e+01,2.498589903116226266e-02,5.991444110870361439e-02,0.000000000000000000e+00,1.000000000000000000e+00,2.163507761988948674e-01
1.755999999999999872e+01,2.498525083065033028e-02,5.990876913070678628e-02,0.000000000000000000e+00,1.000000000000000000e+00,2.177640496442957707e-01
1.758000000000000185e+01,2.498546093702316492e-02,5.991247415542602650e-02,0.000000000000000000e+00,1.000000000000000000e+00,2.202998194648660701e-01
1.760000000000000142e+01,2.498533576726913452e-02,5.990536808967589916e-02,0.000000000000000000e+00,1.000000000000000000e+00,2.233352162024234977e-01
1.762000000000000099e+01,2.498531639575958530e-02,5.990867972373962319e-02,0.000000000000000000e+00,1.000000000000000000e+00,2.260361990301361368e-01
1.764000000000000057e+01,2.498533278703689645e-02,5.990745663642883106e-02,0.000000000000000000e+00,1.000000000000000000e+00,2.275366179704237379e-01
1.766000000000000014e+01,2.498534470796585222e-02,5.990548610687255332e-02,0.000000000000000000e+00,1.000000000000000000e+00,2.271610757399367131e-01
1.767999999999999972e+01,2.498534768819809029e-02,5.990579366683959628e-02,0.000000000000000000e+00,1.000000000000000000e+00,2.247770228382567903e-01
1.769999999999999929e+01,2.498539388179779261e-02,5.990736365318297812e-02,0.000000000000000000e+00,1.000000000000000000e+00,2.211106128227465495e-01
1.771999999999999886e+01,2.498533278703689645e-02,5.990577578544616782e-02,0.000000000000000000e+00,1.000000000000000000e+00,2.175125292536485566e-01
1.774000000000000199e+01,2.498526126146316528e-02,5.990360498428344560e-02,0.000000000000000000e+00,1.000000000000000000e+00,2.152024332940009055e-01
1.776000000000000156e+01,2.498555630445480416e-02,5.992324233055114358e-02,0.000000000000000000e+00,1.000000000000000000e+00,2.147859340079119883e-01
1.778000000000000114e+01,2.498554289340973109e-02,5.992421150207519198e-02,0.000000000000000000e+00,1.000000000000000000e+00,2.162930135300573098e-01
1.780000000000000071e+01,2.498522847890853951e-02,5.993014454841613659e-02,0.000000000000000000e+00,1.000000000000000000e+00,2.192516536365368696e-01
1.782000000000000028e+01,2.498624622821808000e-02,5.992017388343810758e-02,0.000000000000000000e+00,1.000000000000000000e+00,2.226570766266346146e-01
1.783999999999999986e+01,2.498641312122345040e-02,5.991916537284850547e-02,0.000000000000000000e+00,1.000000000000000000e+00,2.253378539971518935e-01
1.785999999999999943e+01,2.498578727245330880e-02,5.992164373397827065e-02,0.000000000000000000e+00,1.000000000000000000e+00,2.267428038254496181e-01
1.787999999999999901e+01,2.498618662357330461e-02,5.992061376571655024e-02,0.000000000000000000e+00,1.000000000000000000e+00,2.271573887254550173e-01
1.790000000000000213e+01,2.498627901077270577e-02,5.992046713829040500e-02,0.000000000000000000e+00,1.000000000000000000e+00,2.271451977141956402e-01
1.792000000000000171e+01,2.498639822006225655e-02,5.992033481597899836e-02,0.000000000000000000e+00,1.000000000000000000e+00,2.270616189670314478e-01
1.794000000000000128e+01,2.498669326305389543e-02,5.992077827453613087e-02,0.000000000000000000e+00,1.000000000000000000e+00,2.270030954190434269e-01
1.796000000000000085e+01,2.498686164617538660e-02,5.992107510566711120e-02,0.000000000000000000e+00,1.000000000000000000e+00,2.270035520242870142e-01
1.798000000000000043e+01,2.498748451471329013e-02,5.992284178733825462e-02,0.000000000000000000e+00,1.000000000000000000e+00,2.271979002594454178e-01
1.800000000000000000e+01,2.498662620782852312e-02,5.991892576217651423e-02,0.000000000000000000e+00,1.000000000000000000e+00,2.277691381702492690e-01
1.801999999999999957e+01,2.498629540205002039e-02,5.991626143455505010e-02,0.000000000000000000e+00,1.000000000000000000e+00,2.287524912268872335e-01
1.803999999999999915e+01,2.498635053634643693e-02,5.991746306419372392e-02,0.000000000000000000e+00,1.000000000000000000e+00,2.298940938623988961e-01
1.805999999999999872e+01,2.498633563518524309e-02,5.991796374320983859e-02,0.000000000000000000e+00,1.000000000000000000e+00,2.307064875967365092e-01
1.808000000000000185e+01,2.498629242181778232e-02,5.991832852363586370e-02,0.000000000000000000e+00,1.000000000000000000e+00,2.307783614479935741e-01
1.810000000000000142e+01,2.498596161603927612e-02,5.991966605186462014e-02,0.000000000000000000e+00,1.000000000000000000e+00,2.301194515109098171e-01
1.812000000000000099e+01,2.498523294925689836e-02,5.992096066474913996e-02,0.000000000000000000e+00,1.000000000000000000e+00,2.291473548443874741e-01
1.814000000000000057e+01,2.498426586389541904e-02,5.992096424102782981e-02,0.000000000000000000e+00,1.000000000000000000e+00,2.283522689056091126e-01
1.816000000000000014e+01,2.498502731323242257e-02,5.992244482040404857e-02,0.000000000000000000e+00,1.000000000000000000e+00,2.280260067343743147e-01
1.817999999999999972e+01,2.498457580804824829e-02,5.992027044296264343e-02,0.000000000000000000e+00,1.000000000000000000e+00,2.282066759419907054e-01
1.819999999999999929e+01,2.498470246791839600e-02,5.992155790328979048e-02,0.000000000000000000e+00,1.000000000000000000e+00,2.287432116575828789e-01
1.821999999999999886e+01,2.498483508825302332e-02,5.992429375648498230e-02,0.000000000000000000e+00,1.000000000000000000e+00,2.293567145275828556e-01
1.824000000000000199e+01,2.498490661382675448e-02,5.992624282836914174e-02,0.000000000000000000e+00,1.000000000000000000e+00,2.296247589138812051e-01
1.826000000000000156e+01,2.498489916324615756e-02,5.992609262466430664e-02,0.000000000000000000e+00,1.000000000000000000e+00,2.289416759526608502e-01
1.828000000000000114e+01,2.498509883880615373e-02,5.992861390113830150e-02,0.000000000000000000e+00,1.000000000000000000e+00,2.266719953579781066e-01
1.830000000000000071e+01,2.498483210802078525e-02,5.992592096328735324e-02,0.000000000000000000e+00,1.000000000000000000e+00,2.226686568771143460e-01
1.832000000000000028e+01,2.498427182435989519e-02,5.992045283317565946e-02,0.000000000000000000e+00,1.000000000000000000e+00,2.177536278467580855e-01
1.833999999999999986e+01,2.498486489057541102e-02,5.992710113525390181e-02,0.000000000000000000e+00,1.000000000000000000e+00,2.133542692471348257e-01
1.835999999999999943e+01,2.498521059751510759e-02,5.993245840072631420e-02,0.000000000000000000e+00,1.000000000000000000e+00,2.105883238104540034e-01
1.837999999999999901e+01,2.498553991317749301e-02,5.994245409965515137e-02,0.000000000000000000e+00,1.000000000000000000e+00,2.098935096872201200e-01
1.840000000000000213e+01,2.498553991317749301e-02,5.994264364242553322e-02,0.000000000000000000e+00,1.000000000000000000e+00,2.111883191901172963e-01
1.842000000000000171e+01,2.498625516891479770e-02,5.992640733718871543e-02,0.000000000000000000e+00,1.000000000000000000e+00,2.139195140703562537e-01
1.844000000000000128e+01,2.498657554388046542e-02,5.992280960083007368e-02,0.000000000000000000e+00,1.000000000000000000e+00,2.170375050525055194e-01
1.846000000000000085e+01,2.498717606067657471e-02,5.991848945617675448e-02,0.000000000000000000e+00,1.000000000000000000e+00,2.194423515657633605e-01
1.848000000000000043e+01,2.498634308576584001e-02,5.992280602455139077e-02,0.000000000000000000e+00,1.000000000000000000e+00,2.206723995039079622e-01
1.850000000000000000e+01,2.498698681592941354e-02,5.992013454437255388e-02,0.000000000000000000e+00,1.000000000000000000e+00,2.209601866432060469e-01
1.851999999999999957e+01,2.498655915260315080e-02,5.992192268371581559e-02,0.000000000000000000e+00,1.000000000000000000e+00,2.207532960959629753e-01
1.853999999999999915e+01,2.498652487993240426e-02,5.992226600646972240e-02,0.000000000000000000e+00,1.000000000000000000e+00,2.203943449620529016e-01
1.855999999999999872e+01,2.498658299446106235e-02,5.992274165153502891e-02,0.000000000000000000e+00,1.000000000000000000e+00,2.201325962624215982e-01
1.858000000000000185e+01,2.498671710491180697e-02,5.992338538169860590e-02,0.000000000000000000e+00,1.000000000000000000e+00,2.202384152534721251e-01
1.860000000000000142e+01,2.498709410429000854e-02,5.992540240287780318e-02,0.000000000000000000e+00,1.000000000000000000e+00,2.209999587296124501e-01
1.862000000000000099e+01,2.498653978109359811e-02,5.992131829261779230e-02,0.000000000000000000e+00,1.000000000000000000e+00,2.225900554548428112e-01
1.864000000000000057e+01,2.498702704906463623e-02,5.992734432220458984e-02,0.000000000000000000e+00,1.000000000000000000e+00,2.249277216235515131e-01
1.866000000000000014e+01,2.498679608106613159e-02,5.991902589797973300e-02,0.000000000000000000e+00,1.000000000000000000e+00,2.276302669385110722e-01
1.867999999999999972e+01,2.498688101768493930e-02,5.991539955139160017e-02,0.000000000000000000e+00,1.000000000000000000e+00,2.301431218887284302e-01
1.869999999999999929e+01,2.498713880777359009e-02,5.991191625595092274e-02,0.000000000000000000e+00,1.000000000000000000e+00,2.320474880719473887e-01
1.871999999999999886e+01,2.498677223920822352e-02,5.991486668586730457e-02,0.000000000000000000e+00,1.000000000000000000e+00,2.332790995390527089e-01
1.874000000000000199e+01,2.498721629381180087e-02,5.991230607032775601e-02,0.000000000000000000e+00,1.000000000000000000e+00,2.340257605218155068e-01
1.876000000000000156e+01,2.498641163110733310e-02,5.991607546806335116e-02,0.000000000000000000e+00,1.000000000000000000e+00,2.344798084365761481e-01
1.878000000000000114e+01,2.498673647642135620e-02,5.991464495658874179e-02,0.000000000000000000e+00,1.000000000000000000e+00,2.347293205727337684e-01
1.880000000000000071e+01,2.498621940612793038e-02,5.991732716560363436e-02,0.000000000000000000e+00,1.000000000000000000e+00,2.348264827632463581e-01
1.882000000000000028e+01,2.498615086078644076e-02,5.991783857345581166e-02,0.000000000000000000e+00,1.000000000000000000e+00,2.348656786052393253e-01
1.883999999999999986e+01,2.498606443405151575e-02,5.991837501525879017e-02,0.000000000000000000e+00,1.000000000000000000e+00,2.349072767336309597e-01
1.885999999999999943e+01,2.498599141836166382e-02,5.991850733757018987e-02,0.000000000000000000e+00,1.000000000000000000e+00,2.347783979410211774e-01
1.887999999999999901e+01,2.498565763235092302e-02,5.991836786270141046e-02,0.000000000000000000e+00,1.000000000000000000e+00,2.339427496939982531e-01
1.890000000000000213e+01,2.498609274625778268e-02,5.991912245750426885e-02,0.000000000000000000e+00,1.000000000000000000e+00,2.316965893872702797e-01
1.892000000000000171e+01,2.498720288276672433e-02,5.992232322692871149e-02,0.000000000000000000e+00,1.000000000000000000e+00,2.278313545247152294e-01
1.894000000000000128e+01,2.498646080493927002e-02,5.991920113563537625e-02,0.000000000000000000e+00,1.000000000000000000e+00,2.231655853720620752e-01
1.896000000000000085e+01,2.498592585325241228e-02,5.991594314575195146e-02,0.000000000000000000e+00,1.000000000000000000e+00,2.190519020666065464e-01
1.898000000000000043e+01,2.498608380556106845e-02,5.991742372512817022e-02,0.000000000000000000e+00,1.000000000000000000e+00,2.164607570567248507e-01
1.900000000000000000e+01,2.498621195554733346e-02,5.991968750953673845e-02,0.000000000000000000e+00,1.000000000000000000e+00,2.157145961235062137e-01
1.901999999999999957e+01,2.498622685670852731e-02,5.992109298706054660e-02,0.000000000000000000e+00,1.000000000000000000e+00,2.166144637844578114e-01
1.903999999999999915e+01,2.498627603054046770e-02,5.991967320442199291e-02,0.000000000000000000e+00,1.000000000000000000e+00,2.184486895066973799e-01
1.905999999999999872e+01,2.498679608106613159e-02,5.991301774978637779e-02,0.000000000000000000e+00,1.000000000000000000e+00,2.201139584396678284e-01
1.908000000000000185e+01,2.498658895492553850e-02,5.991472721099853210e-02,0.000000000000000000e+00,1.000000000000000000e+00,2.206726455067585524e-01
1.910000000000000142e+01,2.498686462640762468e-02,5.991296768188476146e-02,0.000000000000000000e+00,1.000000000000000000e+00,2.198572382732339459e-01
1.912000000000000099e+01,2.498760223388672014e-02,5.990865468978881503e-02,0.000000000000000000e+00,1.000000000000000000e+00,2.179752618190101410e-01
1.914000000000000057e+01,2.498755306005477975e-02,5.990902662277221291e-02,0.000000000000000000e+00,1.000000000000000000e+00,2.155462147262581785e-01
1.916000000000000014e+01,2.498758435249328821e-02,5.990758180618285800e-02,0.000000000000000000e+00,1.000000000000000000e+00,2.131198403873047487e-01
1.917999999999999972e+01,2.498771399259567400e-02,5.990903377532958568e-02,0.000000000000000000e+00,1.000000000000000000e+00,2.112463771178651195e-01
1.919999999999999929e+01,2.498769015073776245e-02,5.990885496139525951e-02,0.000000000000000000e+00,1.000000000000000000e+00,2.104096460029912519e-01
1.921999999999999886e+01,2.498781681060791016e-02,5.990987420082091730e-02,0.000000000000000000e+00,1.000000000000000000e+00,2.109065712718200536e-01
1.924000000000000199e+01,2.498733103275299280e-02,5.990447759628295815e-02,0.000000000000000000e+00,1.000000000000000000e+00,2.127607366707082170e-01
1.926000000000000156e+01,2.498742640018463204e-02,5.990636944770812850e-02,0.000000000000000000e+00,1.000000000000000000e+00,2.156837861661940747e-01
1.928000000000000114e+01,2.498749196529388705e-02,5.991259574890136358e-02,0.000000000000000000e+00,1.000000000000000000e+00,2.191135356573439275e-01
1.930000000000000071e+01,2.498752772808075090e-02,5.991118311882018960e-02,0.000000000000000000e+00,1.000000000000000000e+00,2.224331325866503450e-01
1.932000000000000028e+01,2.498739361763000627e-02,5.991367936134338323e-02,0.000000000000000000e+00,1.000000000000000000e+00,2.252765916540287461e-01
1.933999999999999986e+01,2.498781234025955478e-02,5.990758538246154785e-02,0.000000000000000000e+00,1.000000000000000000e+00,2.276002982848345790e-01
1.935999999999999943e+01,2.498792111873626709e-02,5.990586519241333091e-02,0.000000000000000000e+00,1.000000000000000000e+00,2.294817747792577134e-01
1.937999999999999901e+01,2.498786896467208862e-02,5.990733861923217690e-02,0.000000000000000000e+00,1.000000000000000000e+00,2.309477010601063418e-01
1.940000000000000213e+01,2.498788088560104440e-02,5.991115450859069852e-02,0.000000000000000000e+00,1.000000000000000000e+00,2.320235227265622924e-01
1.942000000000000171e+01,2.498787790536880632e-02,5.991104722023010004e-02,0.000000000000000000e+00,1.000000000000000000e+00,2.328936351782503189e-01
1.944000000000000128e+01,2.498790621757507324e-02,5.991188049316405889e-02,0.000000000000000000e+00,1.000000000000000000e+00,2.338982098274463295e-01
1.946000000000000085e+01,2.498791068792343209e-02,5.991239905357360895e-02,0.000000000000000000e+00,1.000000000000000000e+00,2.352930113007185020e-01
1.948000000000000043e+01,2.498793154954910556e-02,5.991193771362304799e-02,0.000000000000000000e+00,1.000000000000000000e+00,2.369696628483572987e-01
1.950000000000000000e+01,2.498942762613296648e-02,5.990070104598999023e-02,0.000000000000000000e+00,1.000000000000000000e+00,2.383059732287418631e-01
1.951999999999999957e+01,2.498890608549118181e-02,5.990232110023498147e-02,0.000000000000000000e+00,1.000000000000000000e+00,2.383674050132217614e-01
1.953999999999999915e+01,2.498918026685714722e-02,5.990210652351379145e-02,0.000000000000000000e+00,1.000000000000000000e+00,2.366721653018425686e-01
1.955999999999999872e+01,2.499015033245086809e-02,5.990307927131652277e-02,0.000000000000000000e+00,1.000000000000000000e+00,2.338279356857133617e-01
1.958000000000000185e+01,2.499146759510040283e-02,5.990683794021606223e-02,0.000000000000000000e+00,1.000000000000000000e+00,2.310521377865891735e-01
1.960000000000000142e+01,2.499143332242965976e-02,5.990665555000304621e-02,0.000000000000000000e+00,1.000000000000000000e+00,2.292699637348953878e-01
1.962000000000000099e+01,2.499163895845413208e-02,5.990883708000183105e-02,0.000000000000000000e+00,1.000000000000000000e+00,2.287912567241473238e-01
1.964000000000000057e+01,2.499160617589950631e-02,5.990775704383850125e-02,0.000000000000000000e+00,1.000000000000000000e+00,2.293452429745763688e-01
1.966000000000000014e+01,2.499129921197891513e-02,5.992105364799499290e-02,0.000000000000000000e+00,1.000000000000000000e+00,2.301488280172104828e-01
1.967999999999999972e+01,2.499152123928070207e-02,5.991782784461974903e-02,0.000000000000000000e+00,1.000000000000000000e+00,2.301755945170426143e-01
1.969999999999999929e+01,2.499134838581085205e-02,5.991943717002868458e-02,0.000000000000000000e+00,1.000000000000000000e+00,2.286559071565070766e-01
1.971999999999999886e+01,2.499171048402786324e-02,5.991664409637451061e-02,0.000000000000000000e+00,1.000000000000000000e+00,2.253936868126901194e-01
1.974000000000000199e+01,2.499142289161682129e-02,5.991905450820922407e-02,0.000000000000000000e+00,1.000000000000000000e+00,2.207194431813817304e-01
1.976000000000000156e+01,2.499152868986129900e-02,5.991730928421020591e-02,0.000000000000000000e+00,1.000000000000000000e+00,2.153349451462629738e-01
1.978000000000000114e+01,2.499164193868637363e-02,5.992151856422424372e-02,0.000000000000000000e+00,1.000000000000000000e+00,2.101613865728401420e-01
1.980000000000000071e+01,2.499151229858398438e-02,5.992005586624145341e-02,0.000000000000000000e+00,1.000000000000000000e+00,2.060898404389862604e-01
1.982000000000000028e+01,2.499149441719055245e-02,5.991987705230712724e-02,0.000000000000000000e+00,1.000000000000000000e+00,2.037088940129754833e-01
1.983999999999999986e+01,2.499148845672607630e-02,5.991981267929077232e-02,0.000000000000000000e+00,1.000000000000000000e+00,2.032067957248878398e-01
1.985999999999999943e+01,2.499158233404159823e-02,5.992152571678161649e-02,0.000000000000000000e+00,1.000000000000000000e+00,2.044148606877955743e-01
1.987999999999999901e+01,2.499152421951294015e-02,5.991867899894714328e-02,0.000000000000000000e+00,1.000000000000000000e+00,2.068448622731105802e-01
1.990000000000000213e+01,2.499162703752517978e-02,5.991010308265685980e-02,0.000000000000000000e+00,1.000000000000000000e+00,2.097906704957890334e-01
1.992000000000000171e+01,2.499194145202636788e-02,5.990147352218627708e-02,0.000000000000000000e+00,1.000000000000000000e+00,2.126264178633016366e-01
1.994000000000000128e+01,2.499198317527771135e-02,5.990055799484252791e-02,0.000000000000000000e+00,1.000000000000000000e+00,2.150717491806201920e-01
1.996000000000000085e+01,2.499183416366577287e-02,5.990508198738098145e-02,0.000000000000000000e+00,1.000000000000000000e+00,2.171224984388354096e-01
1.998000000000000043e+01,2.499184459447860787e-02,5.990949153900146373e-02,0.000000000000000000e+00,1.000000000000000000e+00,2.188175402890377153e-01
2.000000000000000000e+01,2.499193847179412981e-02,5.991155862808227039e-02,0.000000000000000000e+00,1.000000000000000000e+00,2.201801572660111728e-01
2.001999999999999957e+01,2.499229311943054407e-02,5.991635799407958596e-02,0.000000000000000000e+00,1.000000000000000000e+00,2.213812970781732503e-01
2.003999999999999915e+01,2.499232441186904907e-02,5.991675496101379200e-02,0.000000000000000000e+00,1.000000000000000000e+00,2.228530270525194146e-01
2.005999999999999872e+01,2.499231100082397600e-02,5.991653323173522921e-02,0.000000000000000000e+00,1.000000000000000000e+00,2.251207589999519587e-01
2.008000000000000185e+01,2.499243766069412370e-02,5.992062449455261286e-02,0.000000000000000000e+00,1.000000000000000000e+00,2.285115770189758699e-01
2.010000000000000142e+01,2.499232739210129062e-02,5.993033766746520830e-02,0.000000000000000000e+00,1.000000000000000000e+00,2.329210585039061809e-01
2.012000000000000099e+01,2.499171644449234286e-02,5.993957519531249722e-02,0.000000000000000000e+00,1.000000000000000000e+00,2.376109234877371024e-01
2.014000000000000057e+01,2.499132901430130282e-02,5.994230747222899919e-02,0.000000000000000000e+00,1.000000000000000000e+00,2.413068769575552608e-01
2.016000000000000014e+01,2.499252706766128679e-02,5.993786215782165305e-02,0.000000000000000000e+00,1.000000000000000000e+00,2.430369536680725140e-01
2.017999999999999972e+01,2.499311119318008492e-02,5.993691086769104004e-02,0.000000000000000000e+00,1.000000000000000000e+00,2.429873845966381840e-01
2.019999999999999929e+01,2.499550729990005632e-02,5.993721842765807606e-02,0.000000000000000000e+00,1.000000000000000000e+00,2.421754835934654682e-01
2.021999999999999886e+01,2.499466985464096278e-02,5.993544816970824973e-02,0.000000000000000000e+00,1.000000000000000000e+00,2.415343664792198586e-01
2.024000000000000199e+01,2.499474287033081124e-02,5.993584156036376592e-02,0.000000000000000000e+00,1.000000000000000000e+00,2.414595947721620839e-01
2.026000000000000156e+01,2.499444186687469621e-02,5.993140697479247547e-02,0.000000000000000000e+00,1.000000000000000000e+00,2.417907049860106017e-01
2.028000000000000114e+01,2.499447762966156006e-02,5.992677569389343040e-02,0.000000000000000000e+00,1.000000000000000000e+00,2.419461006033854500e-01
2.030000000000000071e+01,2.499441504478454659e-02,5.992777347564696988e-02,0.000000000000000000e+00,1.000000000000000000e+00,2.411571204280117398e-01
2.032000000000000028e+01,2.499458193778991699e-02,5.992604970932006309e-02,0.000000000000000000e+00,1.000000000000000000e+00,2.387395499942078503e-01
2.033999999999999986e+01,2.499454915523529122e-02,5.992637157440185158e-02,0.000000000000000000e+00,1.000000000000000000e+00,2.343177638725346956e-01
2.035999999999999943e+01,2.499436289072036813e-02,5.992973685264587486e-02,0.000000000000000000e+00,1.000000000000000000e+00,2.280395601191013144e-01
2.037999999999999901e+01,2.499434500932693620e-02,5.992897152900695384e-02,0.000000000000000000e+00,1.000000000000000000e+00,2.207265573688838023e-01
2.040000000000000213e+01,2.499432563781738351e-02,5.992874622344970814e-02,0.000000000000000000e+00,1.000000000000000000e+00,2.136594391468566168e-01
2.042000000000000171e+01,2.499430328607559273e-02,5.992853164672851118e-02,0.000000000000000000e+00,1.000000000000000000e+00,2.079870102044279467e-01
2.044000000000000128e+01,2.499385625123977731e-02,5.992359280586242315e-02,0.000000000000000000e+00,1.000000000000000000e+00,2.042986459748732386e-01
2.046000000000000085e+01,2.499411404132843156e-02,5.992801666259765098e-02,0.000000000000000000e+00,1.000000000000000000e+00,2.026433950528596650e-01
2.048000000000000043e+01,2.499426007270813196e-02,5.993529081344604187e-02,0.000000000000000000e+00,1.000000000000000000e+00,2.026980778423820018e-01
2.050000000000000000e+01,2.499431073665618966e-02,5.993245482444763128e-02,0.000000000000000000e+00,1.000000000000000000e+00,2.038577853494415448e-01
2.051999999999999957e+01,2.499449700117111275e-02,5.992870688438415444e-02,0.000000000000000000e+00,1.000000000000000000e+00,2.054004625927834393e-01
2.053999999999999915e+01,2.499459236860275546e-02,5.992725849151610967e-02,0.000000000000000000e+00,1.000000000000000000e+00,2.067988635777857631e-01
2.055999999999999872e+01,2.499457895755767892e-02,5.992750883102417048e-02,0.000000000000000000e+00,1.000000000000000000e+00,2.078612731022486948e-01
2.058000000000000185e+01,2.499457895755767892e-02,5.992720127105712752e-02,0.000000000000000000e+00,1.000000000000000000e+00,2.085669282271326586e-01
2.060000000000000142e+01,2.499457299709320277e-02,5.992710471153259166e-02,0.000000000000000000e+00,1.000000000000000000e+00,2.089150908150750885e-01
2.062000000000000099e+01,2.499463409185409546e-02,5.992763042449950756e-02,0.000000000000000000e+00,1.000000000000000000e+00,2.090285678493554733e-01
2.064000000000000057e+01,2.499502450227737704e-02,5.993066310882567971e-02,0.000000000000000000e+00,1.000000000000000000e+00,2.093488625554210392e-01
2.066000000000000014e+01,2.499454021453857699e-02,5.992640376091003251e-02,0.000000000000000000e+00,1.000000000000000000e+00,2.105622894052079919e-01
2.067999999999999972e+01,2.499518245458602975e-02,5.993405342102050420e-02,0.000000000000000000e+00,1.000000000000000000e+00,2.132892056909692913e-01
2.069999999999999929e+01,2.499589174985885828e-02,5.994903445243834894e-02,0.000000000000000000e+00,1.000000000000000000e+00,2.178737445531450101e-01
2.071999999999999886e+01,2.499592900276184290e-02,5.995453834533691351e-02,0.000000000000000000e+00,1.000000000000000000e+00,2.242266537497963341e-01
2.074000000000000199e+01,2.499552369117737094e-02,5.996539592742919367e-02,0.000000000000000000e+00,1.000000000000000000e+00,2.315403919465023053e-01
2.076000000000000156e+01,2.499459981918335238e-02,5.997599601745605413e-02,0.000000000000000000e+00,1.000000000000000000e+00,2.382808197544969420e-01
2.078000000000000114e+01,2.499464154243469238e-02,5.997571349143981934e-02,0.000000000000000000e+00,1.000000000000000000e+00,2.430354860773642489e-01
2.080000000000000071e+01,2.499324977397918840e-02,5.998183250427245594e-02,0.000000000000000000e+00,1.000000000000000000e+00,2.454958886352937020e-01
2.082000000000000028e+01,2.499223053455353061e-02,5.998466849327087347e-02,0.000000000000000000e+00,1.000000000000000000e+00,2.463460646823204259e-01
2.083999999999999986e+01,2.499175965785980363e-02,5.998534798622131431e-02,0.000000000000000000e+00,1.000000000000000000e+00,2.464706955613738815e-01
2.085999999999999943e+01,2.499136179685592860e-02,5.998533368110656183e-02,0.000000000000000000e+00,1.000000000000000000e+00,2.464555623878620372e-01
2.087999999999999901e+01,2.499128580093383858e-02,5.998513340950011735e-02,0.000000000000000000e+00,1.000000000000000000e+00,2.465041759497003937e-01
2.090000000000000213e+01,2.499127537012100359e-02,5.998494386672973550e-02,0.000000000000000000e+00,1.000000000000000000e+00,2.464997706994813131e-01
2.092000000000000171e+01,2.499134838581085205e-02,5.998402833938598633e-02,0.000000000000000000e+00,1.000000000000000000e+00,2.460468305312053516e-01
2.094000000000000128e+01,2.499143630266189783e-02,5.998319506645202748e-02,0.000000000000000000e+00,1.000000000000000000e+00,2.444990135871313308e-01
2.096000000000000085e+01,2.499145865440368861e-02,5.998448252677917453e-02,0.000000000000000000e+00,1.000000000000000000e+00,2.411387698121588707e-01
2.098000000000000043e+01,2.499150186777114938e-02,5.998471140861511008e-02,0.000000000000000000e+00,1.000000000000000000e+00,2.356740103948365694e-01
2.100000000000000000e+01,2.499143779277801514e-02,5.998444676399231068e-02,0.000000000000000000e+00,1.000000000000000000e+00,2.287551596695478751e-01
2.101999999999999957e+01,2.499170452356338709e-02,5.998572707176208496e-02,0.000000000000000000e+00,1.000000000000000000e+00,2.217669169833528242e-01
2.103999999999999915e+01,2.499189376831054826e-02,5.998697519302367831e-02,0.000000000000000000e+00,1.000000000000000000e+00,2.159570849519269198e-01
2.105999999999999872e+01,2.499203830957412789e-02,5.998853802680968739e-02,0.000000000000000000e+00,1.000000000000000000e+00,2.119003104466339882e-01
2.108000000000000185e+01,2.499204874038696289e-02,5.998884201049804743e-02,0.000000000000000000e+00,1.000000000000000000e+00,2.095825705330892630e-01
2.110000000000000142e+01,2.499203383922576904e-02,5.998947858810424472e-02,0.000000000000000000e+00,1.000000000000000000e+00,2.086246537839384907e-01
2.112000000000000099e+01,2.499203830957412789e-02,5.998943209648131825e-02,0.000000000000000000e+00,1.000000000000000000e+00,2.084389416167623243e-01
2.114000000000000057e+01,2.499140202999115129e-02,5.999421358108520536e-02,0.000000000000000000e+00,1.000000000000000000e+00,2.084544143338629696e-01
2.116000000000000014e+01,2.499140799045562744e-02,5.999417424201965165e-02,0.000000000000000000e+00,1.000000000000000000e+00,2.083318289541707391e-01
2.117999999999999972e+01,2.499130517244339128e-02,5.999511837959289190e-02,0.000000000000000000e+00,1.000000000000000000e+00,2.079265605874263956e-01
2.119999999999999929e+01,2.499136030673980782e-02,5.999611258506774847e-02,0.000000000000000000e+00,1.000000000000000000e+00,2.071178804688200703e-01
2.121999999999999886e+01,2.499083727598190585e-02,5.999345541000365711e-02,0.000000000000000000e+00,1.000000000000000000e+00,2.058323268251506244e-01
2.124000000000000199e+01,2.499176114797592441e-02,5.999750018119812123e-02,0.000000000000000000e+00,1.000000000000000000e+00,2.043132005998472556e-01
2.126000000000000156e+01,2.499243468046188563e-02,6.000087976455688310e-02,0.000000000000000000e+00,1.000000000000000000e+00,2.032560803252126680e-01
2.128000000000000114e+01,2.499175518751144479e-02,5.999646663665771096e-02,0.000000000000000000e+00,1.000000000000000000e+00,2.035081893964225397e-01
2.130000000000000071e+01,2.499356865882873535e-02,6.001332521438598744e-02,0.000000000000000000e+00,1.000000000000000000e+00,2.056988022904959745e-01
2.132000000000000028e+01,2.499465346336364815e-02,6.003042697906493808e-02,0.000000000000000000e+00,1.000000000000000000e+00,2.101292455269074266e-01
2.133999999999999986e+01,2.499495595693588396e-02,6.004426002502441517e-02,0.000000000000000000e+00,1.000000000000000000e+00,2.166606755010288821e-01
2.135999999999999943e+01,2.499484121799469202e-02,6.005071878433227567e-02,0.000000000000000000e+00,1.000000000000000000e+00,2.244435739708635913e-01
2.137999999999999901e+01,2.499464452266693393e-02,6.005425930023192832e-02,0.000000000000000000e+00,1.000000000000000000e+00,2.319408710925103811e-01
2.140000000000000213e+01,2.499401867389679233e-02,6.006113290786743025e-02,0.000000000000000000e+00,1.000000000000000000e+00,2.376563301029951947e-01
2.142000000000000171e+01,2.499365359544754306e-02,6.006411552429199302e-02,0.000000000000000000e+00,1.000000000000000000e+00,2.409498836290849821e-01
2.144000000000000128e+01,2.499256581068039218e-02,6.007171154022216547e-02,0.000000000000000000e+00,1.000000000000000000e+00,2.421100636702407938e-01
2.146000000000000085e+01,2.499197423458099365e-02,6.007581710815429465e-02,0.000000000000000000e+00,1.000000000000000000e+00,2.419052541149912250e-01
2.148000000000000043e+01,2.499149590730667322e-02,6.007992267608642384e-02,0.000000000000000000e+00,1.000000000000000000e+00,2.411839946068963236e-01
2.150000000000000000e+01,2.499140053987503052e-02,6.008133172988891491e-02,0.000000000000000000e+00,1.000000000000000000e+00,2.406407195352877892e-01
2.151999999999999957e+01,2.499138563871383667e-02,6.008186101913452065e-02,0.000000000000000000e+00,1.000000000000000000e+00,2.406519376969863955e-01
2.153999999999999915e+01,2.499137818813323975e-02,6.008218288421630915e-02,0.000000000000000000e+00,1.000000000000000000e+00,2.411522154300257126e-01
2.155999999999999872e+01,2.499136775732040475e-02,6.008234739303588978e-02,0.000000000000000000e+00,1.000000000000000000e+00,2.415650493507012775e-01
2.158000000000000185e+01,2.499133199453354090e-02,6.008256912231445257e-02,0.000000000000000000e+00,1.000000000000000000e+00,2.409180469646927114e-01
2.160000000000000142e+01,2.499113529920578280e-02,6.008306264877319447e-02,0.000000000000000000e+00,1.000000000000000000e+00,2.384105453058500135e-01
2.162000000000000099e+01,2.499102503061294625e-02,6.008310556411743109e-02,0.000000000000000000e+00,1.000000000000000000e+00,2.341987171673799994e-01
2.164000000000000057e+01,2.499110549688339511e-02,6.008321285247802263e-02,0.000000000000000000e+00,1.000000000000000000e+00,2.293783402055917242e-01
2.166000000000000014e+01,2.499028593301773349e-02,6.008023738861083957e-02,0.000000000000000000e+00,1.000000000000000000e+00,2.250882473849311893e-01
2.167999999999999972e+01,2.499036043882370273e-02,6.008088827133178239e-02,0.000000000000000000e+00,1.000000000000000000e+00,2.218975428453590637e-01
2.169999999999999929e+01,2.499036192893982003e-02,6.008122444152831643e-02,0.000000000000000000e+00,1.000000000000000000e+00,2.198240786531599211e-01
2.171999999999999886e+01,2.499023079872131348e-02,6.008249759674071794e-02,0.000000000000000000e+00,1.000000000000000000e+00,2.185523050703722658e-01
2.174000000000000199e+01,2.499047219753265658e-02,6.008152484893798662e-02,0.000000000000000000e+00,1.000000000000000000e+00,2.176683078205502164e-01
2.176000000000000156e+01,2.499076128005981584e-02,6.008100986480712641e-02,0.000000000000000000e+00,1.000000000000000000e+00,2.168799799714296039e-01
2.178000000000000114e+01,2.499079406261444161e-02,6.008100271224975364e-02,0.000000000000000000e+00,1.000000000000000000e+00,2.160492304321386114e-01
2.180000000000000071e+01,2.499097287654876778e-02,6.008143901824950645e-02,0.000000000000000000e+00,1.000000000000000000e+00,2.150227401308682784e-01
2.182000000000000028e+01,2.499089539051056047e-02,6.008173942565917663e-02,0.000000000000000000e+00,1.000000000000000000e+00,2.135309274546459135e-01
2.183999999999999986e+01,2.499141395092010706e-02,6.008181810379028404e-02,0.000000000000000000e+00,1.000000000000000000e+00,2.113848107538175702e-01
2.185999999999999943e+01,2.499239593744278023e-02,6.008335590362548495e-02,0.000000000000000000e+00,1.000000000000000000e+00,2.088588024007800859e-01
2.187999999999999901e+01,2.499364316463470459e-02,6.008696794509887223e-02,0.000000000000000000e+00,1.000000000000000000e+00,2.067486992043217897e-01
2.190000000000000213e+01,2.499435245990753313e-02,6.009020090103148887e-02,0.000000000000000000e+00,1.000000000000000000e+00,2.059358447339940945e-01
2.192000000000000171e+01,2.499587386846542636e-02,6.010100126266479381e-02,0.000000000000000000e+00,1.000000000000000000e+00,2.070028127057411682e-01
2.194000000000000128e+01,2.499755322933197230e-02,6.012120008468627846e-02,0.000000000000000000e+00,1.000000000000000000e+00,2.101486999556710367e-01
2.196000000000000085e+01,2.499818205833435197e-02,6.013813018798827570e-02,0.000000000000000000e+00,1.000000000000000000e+00,2.151231276817414662e-01
2.198000000000000043e+01,2.499817311763763428e-02,6.015192747116088895e-02,0.000000000000000000e+00,1.000000000000000000e+00,2.211077301265230444e-01
2.200000000000000000e+01,2.499775737524032732e-02,6.016533136367797907e-02,0.000000000000000000e+00,1.000000000000000000e+00,2.268393049511653603e-01
2.201999999999999957e+01,2.499722391366958688e-02,6.017555236816406194e-02,0.000000000000000000e+00,1.000000000000000000e+00,2.310844043917003043e-01
2.203999999999999915e+01,2.499660849571228027e-02,6.018558025360107311e-02,0.000000000000000000e+00,1.000000000000000000e+00,2.331179611439531951e-01
2.205999999999999872e+01,2.499624639749527255e-02,6.019206762313842468e-02,0.000000000000000000e+00,1.000000000000000000e+00,2.329317482114779680e-01
2.208000000000000185e+01,2.499597668647766252e-02,6.019932031631469727e-02,0.000000000000000000e+00,1.000000000000000000e+00,2.312140756724498092e-01
2.210000000000000142e+01,2.499584257602691789e-02,6.020870447158813143e-02,0.000000000000000000e+00,1.000000000000000000e+00,2.290932056887924062e-01
2.212000000000000099e+01,2.499584406614303866e-02,6.022036314010619645e-02,0.000000000000000000e+00,1.000000000000000000e+00,2.276548775662363688e-01
2.214000000000000057e+01,2.499583214521408289e-02,6.022643566131591353e-02,0.000000000000000000e+00,1.000000000000000000e+00,2.275374590640395767e-01
2.216000000000000014e+01,2.499575912952423096e-02,6.022974014282226479e-02,0.000000000000000000e+00,1.000000000000000000e+00,2.288147517967143718e-01
2.217999999999999972e+01,2.499531358480453630e-02,6.023709297180175615e-02,0.000000000000000000e+00,1.000000000000000000e+00,2.309921005374968306e-01
2.219999999999999929e+01,2.499465495347976893e-02,6.024262189865112194e-02,0.000000000000000000e+00,1.000000000000000000e+00,2.330450783469230902e-01
2.221999999999999886e+01,2.499465495347976893e-02,6.024262189865112194e-02,0.000000000000000000e+00,1.000000000000000000e+00,2.338685547982082280e-01
2.224000000000000199e+01,2.499538064002990861e-02,6.024077653884887806e-02,0.000000000000000000e+00,1.000000000000000000e+00,2.331169618433175106e-01
2.226000000000000156e+01,2.499607950448989868e-02,6.024016141891479215e-02,0.000000000000000000e+00,1.000000000000000000e+00,2.313995505079117221e-01
2.228000000000000114e+01,2.499587982892990251e-02,6.023998260498046597e-02,0.000000000000000000e+00,1.000000000000000000e+00,2.295664428186052208e-01
2.230000000000000071e+01,2.499578446149826327e-02,6.023953914642334040e-02,0.000000000000000000e+00,1.000000000000000000e+00,2.281064244593870027e-01
2.232000000000000028e+01,2.499578446149826327e-02,6.023953199386596763e-02,0.000000000000000000e+00,1.000000000000000000e+00,2.270780381773603585e-01
2.233999999999999986e+01,2.499568760395050326e-02,6.023975372314453042e-02,0.000000000000000000e+00,1.000000000000000000e+00,2.263158076864066892e-01
2.235999999999999943e+01,2.499556541442871094e-02,6.023975372314453042e-02,0.000000000000000000e+00,1.000000000000000000e+00,2.256867070087810456e-01
2.237999999999999901e+01,2.499655485153198450e-02,6.024149179458618275e-02,0.000000000000000000e+00,1.000000000000000000e+00,2.251954379073612400e-01
2.240000000000000213e+01,2.499629259109497140e-02,6.024037599563598216e-02,0.000000000000000000e+00,1.000000000000000000e+00,2.248483813075387305e-01
2.242000000000000171e+01,2.499626725912094255e-02,6.024006128311157338e-02,0.000000000000000000e+00,1.000000000000000000e+00,2.244560806167294753e-01
2.244000000000000128e+01,2.499614059925079484e-02,6.024244308471679576e-02,0.000000000000000000e+00,1.000000000000000000e+00,2.236170184691668728e-01
2.246000000000000085e+01,2.499612271785736292e-02,6.024251461029052346e-02,0.000000000000000000e+00,1.000000000000000000e+00,2.220079980020274457e-01
2.248000000000000043e+01,2.499556243419647286e-02,6.024311542510986384e-02,0.000000000000000000e+00,1.000000000000000000e+00,2.197939883925555116e-01
2.250000000000000000e+01,2.499562650918960710e-02,6.024316549301147322e-02,0.000000000000000000e+00,1.000000000000000000e+00,2.176524577782329994e-01
2.251999999999999957e+01,2.499717921018600533e-02,6.024712800979614008e-02,0.000000000000000000e+00,1.000000000000000000e+00,2.163452732188147487e-01
2.253999999999999915e+01,2.499701380729675571e-02,6.024632692337036216e-02,0.000000000000000000e+00,1.000000000000000000e+00,2.163507761988950062e-01
2.255999999999999872e+01,2.499743103981018344e-02,6.024997472763061329e-02,0.000000000000000000e+00,1.000000000000000000e+00,2.177640496442964924e-01
2.258000000000000185e+01,2.499774843454360962e-02,6.025559663772582508e-02,0.000000000000000000e+00,1.000000000000000000e+00,2.202998194648669028e-01
2.260000000000000142e+01,2.499787807464599887e-02,6.026298522949218722e-02,0.000000000000000000e+00,1.000000000000000000e+00,2.233352162024234422e-01
2.262000000000000099e+01,2.499781250953674386e-02,6.027365684509276844e-02,0.000000000000000000e+00,1.000000000000000000e+00,2.260361990301359703e-01
2.264000000000000057e+01,2.499769628047943115e-02,6.028198957443237083e-02,0.000000000000000000e+00,1.000000000000000000e+00,2.275366179704242375e-01
2.266000000000000014e+01,2.499758303165435999e-02,6.029932022094726396e-02,0.000000000000000000e+00,1.000000000000000000e+00,2.271610757399384617e-01
2.267999999999999972e+01,2.499763071537017961e-02,6.030354738235473716e-02,0.000000000000000000e+00,1.000000000000000000e+00,2.247770228382585389e-01
2.269999999999999929e+01,2.499801963567734042e-02,6.031674385070800309e-02,0.000000000000000000e+00,1.000000000000000000e+00,2.211106128227478262e-01
2.271999999999999886e+01,2.499834746122360507e-02,6.032532691955565934e-02,0.000000000000000000e+00,1.000000000000000000e+00,2.175125292536502775e-01
2.274000000000000199e+01,2.499882280826568742e-02,6.033967494964599665e-02,0.000000000000000000e+00,1.000000000000000000e+00,2.152024332940014606e-01
2.276000000000000156e+01,2.499900758266448975e-02,6.035207033157348466e-02,0.000000000000000000e+00,1.000000000000000000e+00,2.147859340079122936e-01
2.278000000000000114e+01,2.499884516000747819e-02,6.036352157592773243e-02,0.000000000000000000e+00,1.000000000000000000e+00,2.162930135300574763e-01
2.280000000000000071e+01,2.499839514493942469e-02,6.037206172943115207e-02,0.000000000000000000e+00,1.000000000000000000e+00,2.192516536365368418e-01
2.282000000000000028e+01,2.499761283397674769e-02,6.037977218627929576e-02,0.000000000000000000e+00,1.000000000000000000e+00,2.226570766266348922e-01
2.283999999999999986e+01,2.499733567237854073e-02,6.038146018981933177e-02,0.000000000000000000e+00,1.000000000000000000e+00,2.253378539971531425e-01
2.285999999999999943e+01,2.499705851078033725e-02,6.038256883621215265e-02,0.000000000000000000e+00,1.000000000000000000e+00,2.267428038254501732e-01
2.287999999999999901e+01,2.499804645776748657e-02,6.037997961044311301e-02,0.000000000000000000e+00,1.000000000000000000e+00,2.271573887254556001e-01
2.290000000000000213e+01,2.499807327985763619e-02,6.037993669509887640e-02,0.000000000000000000e+00,1.000000000000000000e+00,2.271451977141962231e-01
2.292000000000000171e+01,2.499820739030838082e-02,6.037978649139404130e-02,0.000000000000000000e+00,1.000000000000000000e+00,2.270616189670320029e-01
2.294000000000000128e+01,2.499817758798599313e-02,6.037974357604980469e-02,0.000000000000000000e+00,1.000000000000000000e+00,2.270030954190439543e-01
2.296000000000000085e+01,2.499795854091644426e-02,6.037936449050903404e-02,0.000000000000000000e+00,1.000000000000000000e+00,2.270035520242875693e-01
2.298000000000000043e+01,2.499865740537643433e-02,6.038133144378662193e-02,0.000000000000000000e+00,1.000000000000000000e+00,2.271979002594459451e-01
2.300000000000000000e+01,2.499895393848419398e-02,6.038268327713012390e-02,0.000000000000000000e+00,1.000000000000000000e+00,2.277691381702499906e-01
2.301999999999999957e+01,2.499930709600448747e-02,6.038552284240722434e-02,0.000000000000000000e+00,1.000000000000000000e+00,2.287524912268879274e-01
2.303999999999999915e+01,2.499969154596328944e-02,6.039396286010741827e-02,0.000000000000000000e+00,1.000000000000000000e+00,2.298940938623992569e-01
2.305999999999999872e+01,2.499965727329254289e-02,6.039511442184448270e-02,0.000000000000000000e+00,1.000000000000000000e+00,2.307064875967366757e-01
2.308000000000000185e+01,2.499919533729553361e-02,6.039905548095703125e-02,0.000000000000000000e+00,1.000000000000000000e+00,2.307783614479940737e-01
2.310000000000000142e+01,2.499942183494567940e-02,6.039813280105590931e-02,0.000000000000000000e+00,1.000000000000000000e+00,2.301194515109102057e-01
2.312000000000000099e+01,2.499964982271194597e-02,6.039772510528564065e-02,0.000000000000000000e+00,1.000000000000000000e+00,2.291473548443881403e-01
2.314000000000000057e+01,2.500009238719940255e-02,6.039771080017089511e-02,0.000000000000000000e+00,1.000000000000000000e+00,2.283522689056093624e-01
2.316000000000000014e+01,2.499942779541015903e-02,6.039643764495849360e-02,0.000000000000000000e+00,1.000000000000000000e+00,2.280260067343747032e-01
2.317999999999999972e+01,2.499992996454239100e-02,6.039884805679321400e-02,0.000000000000000000e+00,1.000000000000000000e+00,2.282066759419911772e-01
2.319999999999999929e+01,2.499997466802597254e-02,6.039931297302245788e-02,0.000000000000000000e+00,1.000000000000000000e+00,2.287432116575834895e-01
2.321999999999999886e+01,2.500003874301910678e-02,6.040061473846435047e-02,0.000000000000000000e+00,1.000000000000000000e+00,2.293567145275829389e-01
2.324000000000000199e+01,2.500001192092895716e-02,6.039990663528441855e-02,0.000000000000000000e+00,1.000000000000000000e+00,2.296247589138818157e-01
2.326000000000000156e+01,2.500022649765014718e-02,6.040402650833129328e-02,0.000000000000000000e+00,1.000000000000000000e+00,2.289416759526618772e-01
2.328000000000000114e+01,2.500089704990387032e-02,6.041253089904784906e-02,0.000000000000000000e+00,1.000000000000000000e+00,2.266719953579786062e-01
2.330000000000000071e+01,2.500192523002624581e-02,6.042290925979613980e-02,0.000000000000000000e+00,1.000000000000000000e+00,2.226686568771142349e-01
2.332000000000000028e+01,2.500216364860534737e-02,6.042523384094238004e-02,0.000000000000000000e+00,1.000000000000000000e+00,2.177536278467585851e-01
2.333999999999999986e+01,2.500296831130981515e-02,6.043427467346191434e-02,0.000000000000000000e+00,1.000000000000000000e+00,2.133542692471356028e-01
2.335999999999999943e+01,2.500344514846801827e-02,6.044167041778564231e-02,0.000000000000000000e+00,1.000000000000000000e+00,2.105883238104575561e-01
2.337999999999999901e+01,2.500374913215637485e-02,6.045088291168213002e-02,0.000000000000000000e+00,1.000000000000000000e+00,2.098935096872197037e-01
2.340000000000000213e+01,2.500368356704711983e-02,6.046915054321289062e-02,0.000000000000000000e+00,1.000000000000000000e+00,2.111883191901139933e-01
2.342000000000000171e+01,2.500284314155578821e-02,6.048824071884154746e-02,0.000000000000000000e+00,1.000000000000000000e+00,2.139195140703563924e-01
2.344000000000000128e+01,2.500180304050445695e-02,6.049995660781860157e-02,0.000000000000000000e+00,1.000000000000000000e+00,2.170375050525070182e-01
2.346000000000000085e+01,2.499959915876388827e-02,6.051587820053100364e-02,0.000000000000000000e+00,1.000000000000000000e+00,2.194423515657636659e-01
2.348000000000000043e+01,2.499832212924957275e-02,6.052253723144530861e-02,0.000000000000000000e+00,1.000000000000000000e+00,2.206723995039076847e-01
2.350000000000000000e+01,2.499769628047943115e-02,6.052515506744384627e-02,0.000000000000000000e+00,1.000000000000000000e+00,2.209601866432062689e-01
2.351999999999999957e+01,2.499771714210510462e-02,6.052506923675536610e-02,0.000000000000000000e+00,1.000000000000000000e+00,2.207532960959636137e-01
2.353999999999999915e+01,2.499747574329376498e-02,6.052754402160644143e-02,0.000000000000000000e+00,1.000000000000000000e+00,2.203943449620532624e-01
2.355999999999999872e+01,2.499780654907226771e-02,6.053027629852295033e-02,0.000000000000000000e+00,1.000000000000000000e+00,2.201325962624218480e-01
2.358000000000000185e+01,2.499766647815704346e-02,6.052960395812988226e-02,0.000000000000000000e+00,1.000000000000000000e+00,2.202384152534725414e-01
2.360000000000000142e+01,2.499789744615554810e-02,6.053083419799804715e-02,0.000000000000000000e+00,1.000000000000000000e+00,2.209999587296131163e-01
2.362000000000000099e+01,2.499870061874389857e-02,6.053674936294555636e-02,0.000000000000000000e+00,1.000000000000000000e+00,2.225900554548427834e-01
2.364000000000000057e+01,2.499940097332000941e-02,6.054544687271117692e-02,0.000000000000000000e+00,1.000000000000000000e+00,2.249277216235517074e-01
2.366000000000000014e+01,2.499962896108627597e-02,6.055373668670654269e-02,0.000000000000000000e+00,1.000000000000000000e+00,2.276302669385113220e-01
2.367999999999999972e+01,2.499928176403045862e-02,6.056846380233764371e-02,0.000000000000000000e+00,1.000000000000000000e+00,2.301431218887287633e-01
2.369999999999999929e+01,2.499854415655136317e-02,6.057846307754516380e-02,0.000000000000000000e+00,1.000000000000000000e+00,2.320474880719479993e-01
2.371999999999999886e+01,2.499831318855285853e-02,6.058032274246215321e-02,0.000000000000000000e+00,1.000000000000000000e+00,2.332790995390529309e-01
2.374000000000000199e+01,2.499821931123733659e-02,6.058086633682250449e-02,0.000000000000000000e+00,1.000000000000000000e+00,2.340257605218158399e-01
2.376000000000000156e+01,2.499848604202270508e-02,6.057960748672484852e-02,0.000000000000000000e+00,1.000000000000000000e+00,2.344798084365763979e-01
2.378000000000000114e+01,2.499845623970031738e-02,6.057974338531493808e-02,0.000000000000000000e+00,1.000000000000000000e+00,2.347293205727340182e-01
2.380000000000000071e+01,2.499857693910598894e-02,6.057911396026611356e-02,0.000000000000000000e+00,1.000000000000000000e+00,2.348264827632467189e-01
2.382000000000000028e+01,2.499843835830688546e-02,6.058014392852782704e-02,0.000000000000000000e+00,1.000000000000000000e+00,2.348656786052396028e-01
2.383999999999999986e+01,2.499831467866897583e-02,6.058090925216674805e-02,0.000000000000000000e+00,1.000000000000000000e+00,2.349072767336312650e-01
2.385999999999999943e+01,2.499786019325256348e-02,6.058175325393676258e-02,0.000000000000000000e+00,1.000000000000000000e+00,2.347783979410214272e-01
2.387999999999999901e+01,2.499746531248092651e-02,6.058159589767456166e-02,0.000000000000000000e+00,1.000000000000000000e+00,2.339427496939987250e-01
2.390000000000000213e+01,2.499680519104004184e-02,6.058046579360961553e-02,0.000000000000000000e+00,1.000000000000000000e+00,2.316965893872688920e-01
2.392000000000000171e+01,2.499774396419525424e-02,6.058315515518188088e-02,0.000000000000000000e+00,1.000000000000000000e+00,2.278313545247165617e-01
2.394000000000000128e+01,2.499930262565612862e-02,6.058969259262084878e-02,0.000000000000000000e+00,1.000000000000000000e+00,2.231655853720636296e-01
2.396000000000000085e+01,2.499985694885253906e-02,6.059306144714355497e-02,0.000000000000000000e+00,1.000000000000000000e+00,2.190519020666075733e-01
2.398000000000000043e+01,2.500051856040954798e-02,6.059926271438598189e-02,0.000000000000000000e+00,1.000000000000000000e+00,2.164607570567239625e-01
2.400000000000000000e+01,2.500194609165191928e-02,6.062458276748657060e-02,0.000000000000000000e+00,1.000000000000000000e+00,2.157145961235046316e-01
2.401999999999999957e+01,2.500225305557251046e-02,6.065475940704345703e-02,0.000000000000000000e+00,1.000000000000000000e+00,2.166144637844588383e-01
2.403999999999999915e+01,2.500178813934326311e-02,6.066837072372436440e-02,0.000000000000000000e+00,1.000000000000000000e+00,2.184486895066998502e-01
2.406000000000000227e+01,2.500033080577850411e-02,6.068706035614013228e-02,0.000000000000000000e+00,1.000000000000000000e+00,2.201139584396704096e-01
2.408000000000000185e+01,2.499807626008987427e-02,6.070577144622802540e-02,0.000000000000000000e+00,1.000000000000000000e+00,2.206726455067588577e-01
2.410000000000000142e+01,2.499675750732421875e-02,6.071419000625610102e-02,0.000000000000000000e+00,1.000000000000000000e+00,2.198572382732350561e-01
2.412000000000000099e+01,2.499534934759140015e-02,6.072244405746459600e-02,0.000000000000000000e+00,1.000000000000000000e+00,2.179752618190120006e-01
2.414000000000000057e+01,2.499501705169678012e-02,6.072499036788939902e-02,0.000000000000000000e+00,1.000000000000000000e+00,2.155462147262597050e-01
2.416000000000000014e+01,2.499496936798095703e-02,6.072721481323242049e-02,0.000000000000000000e+00,1.000000000000000000e+00,2.131198403873053593e-01
2.417999999999999972e+01,2.499509453773498743e-02,6.072860956192016602e-02,0.000000000000000000e+00,1.000000000000000000e+00,2.112463771178661742e-01
2.419999999999999929e+01,2.499485164880752702e-02,6.072679996490478599e-02,0.000000000000000000e+00,1.000000000000000000e+00,2.104096460029930837e-01
2.421999999999999886e+01,2.499529421329498360e-02,6.073037624359130943e-02,0.000000000000000000e+00,1.000000000000000000e+00,2.109065712718211361e-01
2.424000000000000199e+01,2.499565184116363595e-02,6.073434591293334905e-02,0.000000000000000000e+00,1.000000000000000000e+00,2.127607366707085779e-01
2.426000000000000156e+01,2.499634772539138794e-02,6.074827194213867215e-02,0.000000000000000000e+00,1.000000000000000000e+00,2.156837861661950184e-01
2.428000000000000114e+01,2.499639689922332833e-02,6.075302124023437139e-02,0.000000000000000000e+00,1.000000000000000000e+00,2.191135356573457871e-01
2.430000000000000071e+01,2.499614804983139177e-02,6.076288461685180192e-02,0.000000000000000000e+00,1.000000000000000000e+00,2.224331325866510389e-01
2.432000000000000028e+01,2.499565482139587402e-02,6.077210426330566240e-02,0.000000000000000000e+00,1.000000000000000000e+00,2.252765916540295510e-01
2.433999999999999986e+01,2.499502003192901819e-02,6.078136682510375949e-02,0.000000000000000000e+00,1.000000000000000000e+00,2.276002982848354117e-01
2.435999999999999943e+01,2.499464303255081316e-02,6.078730344772338701e-02,0.000000000000000000e+00,1.000000000000000000e+00,2.294817747792588236e-01
2.437999999999999901e+01,2.499426305294037004e-02,6.079790353775024053e-02,0.000000000000000000e+00,1.000000000000000000e+00,2.309477010601076463e-01
2.440000000000000213e+01,2.499427944421768466e-02,6.080385446548461359e-02,0.000000000000000000e+00,1.000000000000000000e+00,2.320235227265633193e-01
2.442000000000000171e+01,2.499444931745529314e-02,6.080939054489135215e-02,0.000000000000000000e+00,1.000000000000000000e+00,2.328936351782513459e-01
2.444000000000000128e+01,2.499465197324753085e-02,6.081552743911743109e-02,0.000000000000000000e+00,1.000000000000000000e+00,2.338982098274469956e-01
2.446000000000000085e+01,2.499472349882125854e-02,6.082453250885009460e-02,0.000000000000000000e+00,1.000000000000000000e+00,2.352930113007196400e-01
2.448000000000000043e+01,2.499467879533767700e-02,6.082554817199706948e-02,0.000000000000000000e+00,1.000000000000000000e+00,2.369696628483582701e-01
2.450000000000000000e+01,2.499438375234604159e-02,6.082777261734008400e-02,0.000000000000000000e+00,1.000000000000000000e+00,2.383059732287427512e-01
2.451999999999999957e+01,2.499374002218246460e-02,6.082978963851928822e-02,0.000000000000000000e+00,1.000000000000000000e+00,2.383674050132228717e-01
2.453999999999999915e+01,2.499402314424514771e-02,6.082956075668334572e-02,0.000000000000000000e+00,1.000000000000000000e+00,2.366721653018437621e-01
2.456000000000000227e+01,2.499432712793350428e-02,6.082986116409301591e-02,0.000000000000000000e+00,1.000000000000000000e+00,2.338279356857149438e-01
2.458000000000000185e+01,2.499689459800720492e-02,6.083714246749877957e-02,0.000000000000000000e+00,1.000000000000000000e+00,2.310521377865892290e-01
2.460000000000000142e+01,2.499711662530899187e-02,6.083835124969481922e-02,0.000000000000000000e+00,1.000000000000000000e+00,2.292699637348961927e-01
2.462000000000000099e+01,2.499819099903106967e-02,6.084976673126220315e-02,0.000000000000000000e+00,1.000000000000000000e+00,2.287912567241486284e-01
2.464000000000000057e+01,2.499864548444748202e-02,6.086508035659789900e-02,0.000000000000000000e+00,1.000000000000000000e+00,2.293452429745773680e-01
2.466000000000000014e+01,2.499816268682479928e-02,6.088597297668457003e-02,0.000000000000000000e+00,1.000000000000000000e+00,2.301488280172103718e-01
2.467999999999999972e+01,2.499748766422271729e-02,6.089575767517089316e-02,0.000000000000000000e+00,1.000000000000000000e+00,2.301755945170421702e-01
2.469999999999999929e+01,2.499682456254959106e-02,6.090195178985595426e-02,0.000000000000000000e+00,1.000000000000000000e+00,2.286559071565080203e-01
2.471999999999999886e+01,2.499580234289169520e-02,6.090984821319579690e-02,0.000000000000000000e+00,1.000000000000000000e+00,2.253936868126918125e-01
2.474000000000000199e+01,2.499530017375946322e-02,6.091406106948852456e-02,0.000000000000000000e+00,1.000000000000000000e+00,2.207194431813830349e-01
2.476000000000000156e+01,2.499494254589081088e-02,6.091996908187866100e-02,0.000000000000000000e+00,1.000000000000000000e+00,2.153349451462627517e-01
2.478000000000000114e+01,2.499500364065170357e-02,6.092226505279541016e-02,0.000000000000000000e+00,1.000000000000000000e+00,2.101613865728413633e-01
2.480000000000000071e+01,2.499529868364334245e-02,6.092559099197387279e-02,0.000000000000000000e+00,1.000000000000000000e+00,2.060898404389874816e-01
2.482000000000000028e+01,2.499551773071289132e-02,6.092771530151366854e-02,0.000000000000000000e+00,1.000000000000000000e+00,2.037088940129762604e-01
2.483999999999999986e+01,2.499598264694213867e-02,6.093312978744506309e-02,0.000000000000000000e+00,1.000000000000000000e+00,2.032067957248877010e-01
2.485999999999999943e+01,2.499623596668243408e-02,6.093776464462279802e-02,0.000000000000000000e+00,1.000000000000000000e+00,2.044148606877956575e-01
2.487999999999999901e+01,2.499645203351974487e-02,6.094860076904296681e-02,0.000000000000000000e+00,1.000000000000000000e+00,2.068448622731121900e-01
2.490000000000000213e+01,2.499633580446243564e-02,6.095819234848022516e-02,0.000000000000000000e+00,1.000000000000000000e+00,2.097906704957895330e-01
2.492000000000000171e+01,2.499596625566482752e-02,6.096832036972045510e-02,0.000000000000000000e+00,1.000000000000000000e+00,2.126264178633019697e-01
2.494000000000000128e+01,2.499559521675109863e-02,6.097643136978149470e-02,0.000000000000000000e+00,1.000000000000000000e+00,2.150717491806204973e-01
2.496000000000000085e+01,2.499529570341110438e-02,6.098552227020263145e-02,0.000000000000000000e+00,1.000000000000000000e+00,2.171224984388367696e-01
2.498000000000000043e+01,2.499531060457229822e-02,6.099251747131347740e-02,0.000000000000000000e+00,1.000000000000000000e+00,2.188175402890382981e-01
2.500000000000000000e+01,2.499572038650512903e-02,6.100166559219360324e-02,0.000000000000000000e+00,1.000000000000000000e+00,2.201801572660115058e-01
2.501999999999999957e+01,2.499610185623168945e-02,6.100685119628906222e-02,0.000000000000000000e+00,1.000000000000000000e+00,2.213812970781733058e-01
2.503999999999999915e+01,2.499691098928451607e-02,6.101718664169311634e-02,0.000000000000000000e+00,1.000000000000000000e+00,2.228530270525198032e-01
2.506000000000000227e+01,2.499781399965286463e-02,6.103176355361938227e-02,0.000000000000000000e+00,1.000000000000000000e+00,2.251207589999549563e-01
2.508000000000000185e+01,2.499843686819076816e-02,6.105187654495239369e-02,0.000000000000000000e+00,1.000000000000000000e+00,2.285115770189761752e-01
2.510000000000000142e+01,2.499828338623047083e-02,6.106537342071532981e-02,0.000000000000000000e+00,1.000000000000000000e+00,2.329210585039065418e-01
2.512000000000000099e+01,2.499723732471466342e-02,6.108124494552612249e-02,0.000000000000000000e+00,1.000000000000000000e+00,2.376109234877373244e-01
2.514000000000000057e+01,2.499591708183288713e-02,6.109059333801269281e-02,0.000000000000000000e+00,1.000000000000000000e+00,2.413068769575560935e-01
2.516000000000000014e+01,2.499405294656753540e-02,6.109755992889404075e-02,0.000000000000000000e+00,1.000000000000000000e+00,2.430369536680729026e-01
2.517999999999999972e+01,2.499347329139709611e-02,6.109851837158202653e-02,0.000000000000000000e+00,1.000000000000000000e+00,2.429873845966387669e-01
2.519999999999999929e+01,2.499299198389053414e-02,6.109846830368041715e-02,0.000000000000000000e+00,1.000000000000000000e+00,2.421754835934659400e-01
2.521999999999999886e+01,2.499324083328247070e-02,6.109899044036865012e-02,0.000000000000000000e+00,1.000000000000000000e+00,2.415343664792204137e-01
2.524000000000000199e+01,2.499375939369201730e-02,6.110174417495727039e-02,0.000000000000000000e+00,1.000000000000000000e+00,2.414595947721628610e-01
2.526000000000000156e+01,2.499449700117111275e-02,6.111260890960693026e-02,0.000000000000000000e+00,1.000000000000000000e+00,2.417907049860107127e-01
2.528000000000000114e+01,2.499444037675857544e-02,6.111973285675048606e-02,0.000000000000000000e+00,1.000000000000000000e+00,2.419461006033861439e-01
2.530000000000000071e+01,2.499382197856903076e-02,6.112961053848266213e-02,0.000000000000000000e+00,1.000000000000000000e+00,2.411571204280124336e-01
2.532000000000000028e+01,2.499360442161560267e-02,6.113184213638305636e-02,0.000000000000000000e+00,1.000000000000000000e+00,2.387395499942086274e-01
2.533999999999999986e+01,2.499323040246963570e-02,6.113558292388916043e-02,0.000000000000000000e+00,1.000000000000000000e+00,2.343177638725357503e-01
2.535999999999999943e+01,2.499315440654754916e-02,6.113694906234740795e-02,0.000000000000000000e+00,1.000000000000000000e+00,2.280395601191005650e-01
2.537999999999999901e+01,2.499321848154067993e-02,6.113967418670654408e-02,0.000000000000000000e+00,1.000000000000000000e+00,2.207265573688856064e-01
2.540000000000000213e+01,2.499371618032455653e-02,6.114538908004760187e-02,0.000000000000000000e+00,1.000000000000000000e+00,2.136594391468583654e-01
2.542000000000000171e+01,2.499448210000991891e-02,6.115259885787963784e-02,0.000000000000000000e+00,1.000000000000000000e+00,2.079870102044287794e-01
2.544000000000000128e+01,2.499479055404663086e-02,6.115599632263183510e-02,0.000000000000000000e+00,1.000000000000000000e+00,2.042986459748726280e-01
2.546000000000000085e+01,2.499534487724304477e-02,6.116552352905273160e-02,0.000000000000000000e+00,1.000000000000000000e+00,2.026433950528603034e-01
2.548000000000000043e+01,2.499556541442871094e-02,6.117659568786620872e-02,0.000000000000000000e+00,1.000000000000000000e+00,2.026980778423834451e-01
2.550000000000000000e+01,2.499542534351349016e-02,6.118442058563232366e-02,0.000000000000000000e+00,1.000000000000000000e+00,2.038577853494420444e-01
2.551999999999999957e+01,2.499512135982513705e-02,6.119056463241576843e-02,0.000000000000000000e+00,1.000000000000000000e+00,2.054004625927834948e-01
2.553999999999999915e+01,2.499488443136215279e-02,6.119414806365966464e-02,0.000000000000000000e+00,1.000000000000000000e+00,2.067988635777860684e-01
2.556000000000000227e+01,2.499461024999618738e-02,6.119933366775512362e-02,0.000000000000000000e+00,1.000000000000000000e+00,2.078612731022501658e-01
2.558000000000000185e+01,2.499460875988006661e-02,6.120052099227905190e-02,0.000000000000000000e+00,1.000000000000000000e+00,2.085669282271332692e-01
2.560000000000000142e+01,2.499489933252334664e-02,6.120480537414550726e-02,0.000000000000000000e+00,1.000000000000000000e+00,2.089150908150753105e-01
2.562000000000000099e+01,2.499573379755020211e-02,6.121195077896118136e-02,0.000000000000000000e+00,1.000000000000000000e+00,2.090285678493563337e-01
2.564000000000000057e+01,2.499678134918213029e-02,6.122009038925170510e-02,0.000000000000000000e+00,1.000000000000000000e+00,2.093488625554222327e-01
2.566000000000000014e+01,2.499806582927703927e-02,6.123141288757324302e-02,0.000000000000000000e+00,1.000000000000000000e+00,2.105622894052079364e-01
2.567999999999999972e+01,2.500036656856537143e-02,6.125887155532836609e-02,0.000000000000000000e+00,1.000000000000000000e+00,2.132892056909691247e-01
2.569999999999999929e+01,2.500171065330505579e-02,6.128731727600097295e-02,0.000000000000000000e+00,1.000000000000000000e+00,2.178737445531446770e-01
2.571999999999999886e+01,2.500186562538147042e-02,6.131022691726684126e-02,0.000000000000000000e+00,1.000000000000000000e+00,2.242266537497965007e-01
2.574000000000000199e+01,2.500076889991760531e-02,6.133962392807006808e-02,0.000000000000000000e+00,1.000000000000000000e+00,2.315403919465043869e-01
2.576000000000000156e+01,2.499846816062927315e-02,6.136610984802245983e-02,0.000000000000000000e+00,1.000000000000000000e+00,2.382808197544971085e-01
2.578000000000000114e+01,2.499646544456482142e-02,6.137978553771972212e-02,0.000000000000000000e+00,1.000000000000000000e+00,2.430354860773642489e-01
2.580000000000000071e+01,2.499425709247589389e-02,6.138954162597656111e-02,0.000000000000000000e+00,1.000000000000000000e+00,2.454958886352941461e-01
2.582000000000000028e+01,2.499303519725799838e-02,6.139296770095824946e-02,0.000000000000000000e+00,1.000000000000000000e+00,2.463460646823213140e-01
2.583999999999999986e+01,2.499246895313263217e-02,6.139379739761352539e-02,0.000000000000000000e+00,1.000000000000000000e+00,2.464706955613746031e-01
2.585999999999999943e+01,2.499261498451232910e-02,6.139379739761352539e-02,0.000000000000000000e+00,1.000000000000000000e+00,2.464555623878627033e-01
2.587999999999999901e+01,2.499279379844665527e-02,6.139426231384276927e-02,0.000000000000000000e+00,1.000000000000000000e+00,2.465041759497010043e-01
2.590000000000000213e+01,2.499278038740158220e-02,6.139399766921996987e-02,0.000000000000000000e+00,1.000000000000000000e+00,2.464997706994819793e-01
2.592000000000000171e+01,2.499276399612426758e-02,6.139420509338378712e-02,0.000000000000000000e+00,1.000000000000000000e+00,2.460468305312059623e-01
2.594000000000000128e+01,2.499276101589202950e-02,6.139424085617065097e-02,0.000000000000000000e+00,1.000000000000000000e+00,2.444990135871316084e-01
2.596000000000000085e+01,2.499275952577591220e-02,6.139416217803955050e-02,0.000000000000000000e+00,1.000000000000000000e+00,2.411387698121598977e-01
2.598000000000000043e+01,2.499277889728546143e-02,6.139426946640014204e-02,0.000000000000000000e+00,1.000000000000000000e+00,2.356740103948378184e-01
2.600000000000000000e+01,2.499286681413650721e-02,6.139463424682616716e-02,0.000000000000000000e+00,1.000000000000000000e+00,2.287551596695495126e-01
2.601999999999999957e+01,2.499310672283172607e-02,6.139578580856323159e-02,0.000000000000000000e+00,1.000000000000000000e+00,2.217669169833536569e-01
2.603999999999999915e+01,2.499354481697082728e-02,6.139866828918456865e-02,0.000000000000000000e+00,1.000000000000000000e+00,2.159570849519263647e-01
2.606000000000000227e+01,2.499408572912216464e-02,6.140454053878784124e-02,0.000000000000000000e+00,1.000000000000000000e+00,2.119003104466334331e-01
2.608000000000000185e+01,2.499421238899231235e-02,6.140828132629394531e-02,0.000000000000000000e+00,1.000000000000000000e+00,2.095825705330899291e-01
2.610000000000000142e+01,2.499409168958664079e-02,6.141333103179931474e-02,0.000000000000000000e+00,1.000000000000000000e+00,2.086246537839387960e-01
2.612000000000000099e+01,2.499365210533142229e-02,6.141876697540282759e-02,0.000000000000000000e+00,1.000000000000000000e+00,2.084389416167618525e-01
2.614000000000000057e+01,2.499343156814575265e-02,6.142042636871337946e-02,0.000000000000000000e+00,1.000000000000000000e+00,2.084544143338629141e-01
2.616000000000000014e+01,2.499355524778366228e-02,6.141965389251708568e-02,0.000000000000000000e+00,1.000000000000000000e+00,2.083318289541709889e-01
2.617999999999999972e+01,2.499331980943679879e-02,6.142182826995849082e-02,0.000000000000000000e+00,1.000000000000000000e+00,2.079265605874267564e-01
2.619999999999999929e+01,2.499336451292038033e-02,6.142264366149902122e-02,0.000000000000000000e+00,1.000000000000000000e+00,2.071178804688195429e-01
2.621999999999999886e+01,2.499335706233978341e-02,6.142260074615478460e-02,0.000000000000000000e+00,1.000000000000000000e+00,2.058323268251506799e-01
2.624000000000000199e+01,2.499485760927200317e-02,6.142915964126586387e-02,0.000000000000000000e+00,1.000000000000000000e+00,2.043132005998483103e-01
2.626000000000000156e+01,2.499648928642272949e-02,6.143733501434325839e-02,0.000000000000000000e+00,1.000000000000000000e+00,2.032560803252123072e-01
2.628000000000000114e+01,2.499890923500061243e-02,6.145303487777709767e-02,0.000000000000000000e+00,1.000000000000000000e+00,2.035081893964210964e-01
2.630000000000000071e+01,2.500185966491699427e-02,6.148045063018798412e-02,0.000000000000000000e+00,1.000000000000000000e+00,2.056988022904961133e-01
2.632000000000000028e+01,2.500335574150085519e-02,6.150403976440429327e-02,0.000000000000000000e+00,1.000000000000000000e+00,2.101292455269087034e-01
2.633999999999999986e+01,2.500408291816711565e-02,6.153725624084472462e-02,0.000000000000000000e+00,1.000000000000000000e+00,2.166606755010300756e-01
2.635999999999999943e+01,2.500339448451996058e-02,6.157637357711791964e-02,0.000000000000000000e+00,1.000000000000000000e+00,2.244435739708634525e-01
2.637999999999999901e+01,2.500107288360595842e-02,6.161828041076659879e-02,0.000000000000000000e+00,1.000000000000000000e+00,2.319408710925086881e-01
2.640000000000000213e+01,2.499877661466598511e-02,6.164355039596557118e-02,0.000000000000000000e+00,1.000000000000000000e+00,2.376563301029943898e-01
2.642000000000000171e+01,2.499617338180542062e-02,6.166491508483886580e-02,0.000000000000000000e+00,1.000000000000000000e+00,2.409498836290856483e-01
2.644000000000000128e+01,2.499483972787857125e-02,6.167427062988280889e-02,0.000000000000000000e+00,1.000000000000000000e+00,2.421100636702409048e-01
2.646000000000000085e+01,2.499377578496933192e-02,6.168166637420654380e-02,0.000000000000000000e+00,1.000000000000000000e+00,2.419052541149908364e-01
2.648000000000000043e+01,2.499336600303650111e-02,6.168519258499145091e-02,0.000000000000000000e+00,1.000000000000000000e+00,2.411839946068960738e-01
2.650000000000000000e+01,2.499333471059799264e-02,6.168564319610595620e-02,0.000000000000000000e+00,1.000000000000000000e+00,2.406407195352880390e-01
2.651999999999999957e+01,2.499329745769500802e-02,6.168695926666259433e-02,0.000000000000000000e+00,1.000000000000000000e+00,2.406519376969863400e-01
2.653999999999999915e+01,2.499323189258575648e-02,6.168970584869384877e-02,0.000000000000000000e+00,1.000000000000000000e+00,2.411522154300256848e-01
2.656000000000000227e+01,2.499309033155441492e-02,6.169189453124999944e-02,0.000000000000000000e+00,1.000000000000000000e+00,2.415650493507012220e-01
2.658000000000000185e+01,2.499271035194397181e-02,6.169426202774047630e-02,0.000000000000000000e+00,1.000000000000000000e+00,2.409180469646932388e-01
2.660000000000000142e+01,2.499272227287292758e-02,6.169423341751098522e-02,0.000000000000000000e+00,1.000000000000000000e+00,2.384105453058505963e-01
2.662000000000000099e+01,2.499235570430755754e-02,6.169438362121582031e-02,0.000000000000000000e+00,1.000000000000000000e+00,2.341987171673798607e-01
2.664000000000000057e+01,2.499235570430755754e-02,6.169438362121582031e-02,0.000000000000000000e+00,1.000000000000000000e+00,2.293783402055922516e-01
2.666000000000000014e+01,2.499228566884994715e-02,6.169413328170775951e-02,0.000000000000000000e+00,1.000000000000000000e+00,2.250882473849316889e-01
2.667999999999999972e+01,2.499259114265442103e-02,6.169677972793578824e-02,0.000000000000000000e+00,1.000000000000000000e+00,2.218975428453595078e-01
2.669999999999999929e+01,2.499262392520904680e-02,6.170307397842406810e-02,0.000000000000000000e+00,1.000000000000000000e+00,2.198240786531602542e-01
2.671999999999999886e+01,2.499243021011352678e-02,6.170495510101318276e-02,0.000000000000000000e+00,1.000000000000000000e+00,2.185523050703718217e-01
2.674000000000000199e+01,2.499220222234726022e-02,6.170587778091430470e-02,0.000000000000000000e+00,1.000000000000000000e+00,2.176683078205501332e-01
2.676000000000000156e+01,2.499215602874756137e-02,6.170596361160277793e-02,0.000000000000000000e+00,1.000000000000000000e+00,2.168799799714296594e-01
2.678000000000000114e+01,2.499209940433502405e-02,6.170597076416015070e-02,0.000000000000000000e+00,1.000000000000000000e+00,2.160492304321386114e-01
2.680000000000000071e+01,2.499208450317383021e-02,6.170593500137328685e-02,0.000000000000000000e+00,1.000000000000000000e+00,2.150227401308680009e-01
2.682000000000000028e+01,2.499226331710815638e-02,6.170523405075072770e-02,0.000000000000000000e+00,1.000000000000000000e+00,2.135309274546460245e-01
2.683999999999999986e+01,2.499267160892486642e-02,6.170528411865234403e-02,0.000000000000000000e+00,1.000000000000000000e+00,2.113848107538177645e-01
2.685999999999999943e+01,2.499323487281799455e-02,6.170615673065185658e-02,0.000000000000000000e+00,1.000000000000000000e+00,2.088588024007804189e-01
2.687999999999999901e+01,2.499385029077530115e-02,6.170793056488036582e-02,0.000000000000000000e+00,1.000000000000000000e+00,2.067486992043207350e-01
2.690000000000000213e+01,2.499681413173675606e-02,6.172140598297119057e-02,0.000000000000000000e+00,1.000000000000000000e+00,2.059358447339941500e-01
2.692000000000000171e+01,2.499960958957672327e-02,6.174122571945190457e-02,0.000000000000000000e+00,1.000000000000000000e+00,2.070028127057422507e-01
2.694000000000000128e+01,2.500151693820953577e-02,6.176412105560302734e-02,0.000000000000000000e+00,1.000000000000000000e+00,2.101486999556707314e-01
2.696000000000000085e+01,2.500278949737548898e-02,6.179832458496093556e-02,0.000000000000000000e+00,1.000000000000000000e+00,2.151231276817399674e-01
2.698000000000000043e+01,2.500276565551758090e-02,6.183337926864623801e-02,0.000000000000000000e+00,1.000000000000000000e+00,2.211077301265223505e-01
2.700000000000000000e+01,2.500156164169311732e-02,6.187222480773925393e-02,0.000000000000000000e+00,1.000000000000000000e+00,2.268393049511642501e-01
2.701999999999999957e+01,2.499998211860656946e-02,6.190248727798461359e-02,0.000000000000000000e+00,1.000000000000000000e+00,2.310844043917015533e-01
2.703999999999999915e+01,2.499879300594329973e-02,6.192188501358032032e-02,0.000000000000000000e+00,1.000000000000000000e+00,2.331179611439535837e-01
2.706000000000000227e+01,2.499768584966659615e-02,6.194176197052001648e-02,0.000000000000000000e+00,1.000000000000000000e+00,2.329317482114769133e-01
2.708000000000000185e+01,2.499688714742660800e-02,6.196329116821289174e-02,0.000000000000000000e+00,1.000000000000000000e+00,2.312140756724499202e-01
2.710000000000000142e+01,2.499666064977645874e-02,6.197899103164672407e-02,0.000000000000000000e+00,1.000000000000000000e+00,2.290932056887935719e-01
2.712000000000000099e+01,2.499666064977645874e-02,6.199165105819701843e-02,0.000000000000000000e+00,1.000000000000000000e+00,2.276548775662365076e-01
2.714000000000000057e+01,2.499663531780242989e-02,6.200376033782958873e-02,0.000000000000000000e+00,1.000000000000000000e+00,2.275374590640392158e-01
2.716000000000000014e+01,2.499615401029586792e-02,6.202530384063720259e-02,0.000000000000000000e+00,1.000000000000000000e+00,2.288147517967144551e-01
2.717999999999999972e+01,2.499520629644394129e-02,6.204098939895629633e-02,0.000000000000000000e+00,1.000000000000000000e+00,2.309921005374973024e-01
2.719999999999999929e+01,2.499447613954544276e-02,6.204713344573974110e-02,0.000000000000000000e+00,1.000000000000000000e+00,2.330450783469228959e-01
2.721999999999999886e+01,2.499320209026336878e-02,6.205318450927733986e-02,0.000000000000000000e+00,1.000000000000000000e+00,2.338685547982081725e-01
2.724000000000000199e+01,2.499188631772995134e-02,6.205655336380004605e-02,0.000000000000000000e+00,1.000000000000000000e+00,2.331169618433171220e-01
2.726000000000000156e+01,2.499127238988876551e-02,6.205710411071777011e-02,0.000000000000000000e+00,1.000000000000000000e+00,2.313995505079117776e-01
2.728000000000000114e+01,2.499151080846786707e-02,6.205731153488158736e-02,0.000000000000000000e+00,1.000000000000000000e+00,2.295664428186054151e-01
2.730000000000000071e+01,2.499164193868637363e-02,6.205791950225830050e-02,0.000000000000000000e+00,1.000000000000000000e+00,2.281064244593866419e-01
2.732000000000000028e+01,2.499151080846786707e-02,6.206012964248656949e-02,0.000000000000000000e+00,1.000000000000000000e+00,2.270780381773604972e-01
2.733999999999999986e+01,2.499133050441742013e-02,6.206055164337157676e-02,0.000000000000000000e+00,1.000000000000000000e+00,2.263158076864068557e-01
2.735999999999999943e+01,2.499128729104995936e-02,6.206055164337157676e-02,0.000000000000000000e+00,1.000000000000000000e+00,2.256867070087807958e-01
2.737999999999999901e+01,2.499188184738159249e-02,6.206158876419066994e-02,0.000000000000000000e+00,1.000000000000000000e+00,2.251954379073611567e-01
2.740000000000000213e+01,2.499223351478576868e-02,6.206307649612426841e-02,0.000000000000000000e+00,1.000000000000000000e+00,2.248483813075383697e-01
2.742000000000000171e+01,2.499240487813949793e-02,6.206522941589355524e-02,0.000000000000000000e+00,1.000000000000000000e+00,2.244560806167296141e-01
2.744000000000000128e+01,2.499209791421890328e-02,6.207095861434936551e-02,0.000000000000000000e+00,1.000000000000000000e+00,2.236170184691665952e-01
2.746000000000000085e+01,2.499133348464965820e-02,6.207407712936401090e-02,0.000000000000000000e+00,1.000000000000000000e+00,2.220079980020274457e-01
2.748000000000000043e+01,2.499130368232727051e-02,6.207411289215087474e-02,0.000000000000000000e+00,1.000000000000000000e+00,2.197939883925547899e-01
2.750000000000000000e+01,2.499286085367202759e-02,6.207529306411743025e-02,0.000000000000000000e+00,1.000000000000000000e+00,2.176524577782331105e-01
2.751999999999999957e+01,2.499497234821319858e-02,6.208065032958984264e-02,0.000000000000000000e+00,1.000000000000000000e+00,2.163452732188151373e-01
2.753999999999999915e+01,2.499658763408661027e-02,6.208846807479858482e-02,0.000000000000000000e+00,1.000000000000000000e+00,2.163507761988947842e-01
2.756000000000000227e+01,2.499808073043823312e-02,6.210148572921752458e-02,0.000000000000000000e+00,1.000000000000000000e+00,2.177640496442963258e-01
2.758000000000000185e+01,2.499909400939941476e-02,6.211939573287963978e-02,0.000000000000000000e+00,1.000000000000000000e+00,2.202998194648662922e-01
2.760000000000000142e+01,2.499937564134598056e-02,6.213561773300170510e-02,0.000000000000000000e+00,1.000000000000000000e+00,2.233352162024236087e-01
2.762000000000000099e+01,2.499929666519165247e-02,6.214822769165039007e-02,0.000000000000000000e+00,1.000000000000000000e+00,2.260361990301352764e-01
2.764000000000000057e+01,2.499907016754150668e-02,6.216426372528075645e-02,0.000000000000000000e+00,1.000000000000000000e+00,2.275366179704231828e-01
2.766000000000000014e+01,2.499895691871643205e-02,6.218153715133666742e-02,0.000000000000000000e+00,1.000000000000000000e+00,2.271610757399382952e-01
2.767999999999999972e+01,2.499915361404419015e-02,6.219903230667114119e-02,0.000000000000000000e+00,1.000000000000000000e+00,2.247770228382584279e-01
2.769999999999999929e+01,2.499991059303283830e-02,6.222478151321410994e-02,0.000000000000000000e+00,1.000000000000000000e+00,2.211106128227490475e-01
2.771999999999999886e+01,2.500060796737671107e-02,6.224306344985961609e-02,0.000000000000000000e+00,1.000000000000000000e+00,2.175125292536500554e-01
2.774000000000000199e+01,2.500148117542266846e-02,6.226953506469726229e-02,0.000000000000000000e+00,1.000000000000000000e+00,2.152024332939994899e-01
2.776000000000000156e+01,2.500182390213012695e-02,6.229266643524170033e-02,0.000000000000000000e+00,1.000000000000000000e+00,2.147859340079118773e-01
2.778000000000000114e+01,2.500135004520416537e-02,6.232615470886230385e-02,0.000000000000000000e+00,1.000000000000000000e+00,2.162930135300586698e-01
2.780000000000000071e+01,2.499997764825821062e-02,6.235221147537231556e-02,0.000000000000000000e+00,1.000000000000000000e+00,2.192516536365354540e-01
2.782000000000000028e+01,2.499740868806839267e-02,6.237759590148925226e-02,0.000000000000000000e+00,1.000000000000000000e+00,2.226570766266334211e-01
2.783999999999999986e+01,2.499530464410781860e-02,6.239045619964599110e-02,0.000000000000000000e+00,1.000000000000000000e+00,2.253378539971521433e-01
2.785999999999999943e+01,2.499480545520782471e-02,6.239246606826782254e-02,0.000000000000000000e+00,1.000000000000000000e+00,2.267428038254497014e-01
2.787999999999999901e+01,2.499371021986007690e-02,6.239535570144653237e-02,0.000000000000000000e+00,1.000000000000000000e+00,2.271573887254550173e-01
2.790000000000000213e+01,2.499333769083023071e-02,6.239597082138061135e-02,0.000000000000000000e+00,1.000000000000000000e+00,2.271451977141956957e-01
2.792000000000000171e+01,2.499325126409530917e-02,6.239607095718383706e-02,0.000000000000000000e+00,1.000000000000000000e+00,2.270616189670314478e-01
2.794000000000000128e+01,2.499323785305023263e-02,6.239604949951171875e-02,0.000000000000000000e+00,1.000000000000000000e+00,2.270030954190434547e-01
2.796000000000000085e+01,2.499365955591201921e-02,6.239677906036376898e-02,0.000000000000000000e+00,1.000000000000000000e+00,2.270035520242869864e-01
2.798000000000000043e+01,2.499432265758514543e-02,6.239864587783813116e-02,0.000000000000000000e+00,1.000000000000000000e+00,2.271979002594452512e-01
2.800000000000000000e+01,2.499563097953796595e-02,6.240459680557250421e-02,0.000000000000000000e+00,1.000000000000000000e+00,2.277691381702492968e-01
2.801999999999999957e+01,2.499566525220871249e-02,6.240487575531005610e-02,0.000000000000000000e+00,1.000000000000000000e+00,2.287524912268871780e-01
2.803999999999999915e+01,2.499614059925079484e-02,6.241536140441894531e-02,0.000000000000000000e+00,1.000000000000000000e+00,2.298940938623988961e-01
2.806000000000000227e+01,2.499585002660751482e-02,6.242493867874145119e-02,0.000000000000000000e+00,1.000000000000000000e+00,2.307064875967361761e-01
2.808000000000000185e+01,2.499469965696335047e-02,6.243475914001464511e-02,0.000000000000000000e+00,1.000000000000000000e+00,2.307783614479932688e-01
2.810000000000000142e+01,2.499380558729171961e-02,6.243841409683227595e-02,0.000000000000000000e+00,1.000000000000000000e+00,2.301194515109098171e-01
2.812000000000000099e+01,2.499309480190277377e-02,6.243970870971679576e-02,0.000000000000000000e+00,1.000000000000000000e+00,2.291473548443877239e-01
2.814000000000000057e+01,2.499212771654129098e-02,6.243975162506103238e-02,0.000000000000000000e+00,1.000000000000000000e+00,2.283522689056089183e-01
2.816000000000000014e+01,2.499363422393799036e-02,6.244261980056762390e-02,0.000000000000000000e+00,1.000000000000000000e+00,2.280260067343739261e-01
2.817999999999999972e+01,2.499398291110992501e-02,6.244429349899291437e-02,0.000000000000000000e+00,1.000000000000000000e+00,2.282066759419905944e-01
2.819999999999999929e+01,2.499428242444992274e-02,6.244735479354858454e-02,0.000000000000000000e+00,1.000000000000000000e+00,2.287432116575828789e-01
2.821999999999999886e+01,2.499458938837051392e-02,6.245369195938110102e-02,0.000000000000000000e+00,1.000000000000000000e+00,2.293567145275823282e-01
2.824000000000000199e+01,2.499463111162185738e-02,6.245486497879028376e-02,0.000000000000000000e+00,1.000000000000000000e+00,2.296247589138807055e-01
2.826000000000000156e+01,2.499494254589081088e-02,6.246089458465575728e-02,0.000000000000000000e+00,1.000000000000000000e+00,2.289416759526618494e-01
2.828000000000000114e+01,2.499532848596573015e-02,6.246577978134155301e-02,0.000000000000000000e+00,1.000000000000000000e+00,2.266719953579789393e-01
2.830000000000000071e+01,2.499623745679855485e-02,6.247494220733642439e-02,0.000000000000000000e+00,1.000000000000000000e+00,2.226686568771134855e-01
2.832000000000000028e+01,2.499772757291793962e-02,6.248951196670531755e-02,0.000000000000000000e+00,1.000000000000000000e+00,2.177536278467566144e-01
2.833999999999999986e+01,2.499884366989135742e-02,6.250202894210815652e-02,0.000000000000000000e+00,1.000000000000000000e+00,2.133542692471337432e-01
2.835999999999999943e+01,2.500061988830566684e-02,6.252954483032226174e-02,0.000000000000000000e+00,1.000000000000000000e+00,2.105883238104566402e-01
2.837999999999999901e+01,2.500184178352356235e-02,6.256674528121948520e-02,0.000000000000000000e+00,1.000000000000000000e+00,2.098935096872215633e-01
2.840000000000000213e+01,2.500172853469848772e-02,6.259914636611937921e-02,0.000000000000000000e+00,1.000000000000000000e+00,2.111883191901139378e-01
2.842000000000000171e+01,2.500016689300537179e-02,6.263470888137817605e-02,0.000000000000000000e+00,1.000000000000000000e+00,2.139195140703544495e-01
2.844000000000000128e+01,2.499785423278808733e-02,6.266083717346190851e-02,0.000000000000000000e+00,1.000000000000000000e+00,2.170375050525058247e-01
2.846000000000000085e+01,2.499463111162185738e-02,6.268419742584228904e-02,0.000000000000000000e+00,1.000000000000000000e+00,2.194423515657643042e-01
2.848000000000000043e+01,2.499277293682098527e-02,6.269391059875488448e-02,0.000000000000000000e+00,1.000000000000000000e+00,2.206723995039071851e-01
2.850000000000000000e+01,2.499151229858398438e-02,6.269920349121094194e-02,0.000000000000000000e+00,1.000000000000000000e+00,2.209601866432056028e-01
2.851999999999999957e+01,2.499101907014847010e-02,6.270129203796385997e-02,0.000000000000000000e+00,1.000000000000000000e+00,2.207532960959632251e-01
2.853999999999999915e+01,2.499093860387802124e-02,6.270211458206176314e-02,0.000000000000000000e+00,1.000000000000000000e+00,2.203943449620529571e-01
2.856000000000000227e+01,2.499126791954040666e-02,6.270483255386352650e-02,0.000000000000000000e+00,1.000000000000000000e+00,2.201325962624214039e-01
2.858000000000000185e+01,2.499185055494308749e-02,6.270763635635376310e-02,0.000000000000000000e+00,1.000000000000000000e+00,2.202384152534719586e-01
2.860000000000000142e+01,2.499283999204635759e-02,6.271291494369506114e-02,0.000000000000000000e+00,1.000000000000000000e+00,2.209999587296126999e-01
2.862000000000000099e+01,2.499421089887619157e-02,6.272302865982055942e-02,0.000000000000000000e+00,1.000000000000000000e+00,2.225900554548427279e-01
2.864000000000000057e+01,2.499569058418274134e-02,6.274143934249877541e-02,0.000000000000000000e+00,1.000000000000000000e+00,2.249277216235507915e-01
2.866000000000000014e+01,2.499601244926452637e-02,6.275321245193481168e-02,0.000000000000000000e+00,1.000000000000000000e+00,2.276302669385101562e-01
2.867999999999999972e+01,2.499555945396423479e-02,6.277238130569458285e-02,0.000000000000000000e+00,1.000000000000000000e+00,2.301431218887281804e-01
2.869999999999999929e+01,2.499488145112991472e-02,6.278157234191894531e-02,0.000000000000000000e+00,1.000000000000000000e+00,2.320474880719468891e-01
2.871999999999999886e+01,2.499385327100753923e-02,6.278989076614380216e-02,0.000000000000000000e+00,1.000000000000000000e+00,2.332790995390524869e-01
2.874000000000000199e+01,2.499273568391800066e-02,6.279639244079589233e-02,0.000000000000000000e+00,1.000000000000000000e+00,2.340257605218151182e-01
2.876000000000000156e+01,2.499183416366577287e-02,6.280065536499022938e-02,0.000000000000000000e+00,1.000000000000000000e+00,2.344798084365756485e-01
2.878000000000000114e+01,2.499173879623413363e-02,6.280108451843260942e-02,0.000000000000000000e+00,1.000000000000000000e+00,2.347293205727332688e-01
2.880000000000000071e+01,2.499148249626159668e-02,6.280242204666137973e-02,0.000000000000000000e+00,1.000000000000000000e+00,2.348264827632460250e-01
2.882000000000000028e+01,2.499139457941055437e-02,6.280307292938232255e-02,0.000000000000000000e+00,1.000000000000000000e+00,2.348656786052389644e-01
2.883999999999999986e+01,2.499121874570846627e-02,6.280416727066040483e-02,0.000000000000000000e+00,1.000000000000000000e+00,2.349072767336306267e-01
2.885999999999999943e+01,2.499133348464965820e-02,6.280395269393920787e-02,0.000000000000000000e+00,1.000000000000000000e+00,2.347783979410210664e-01
2.887999999999999901e+01,2.499123215675354281e-02,6.280391693115233709e-02,0.000000000000000000e+00,1.000000000000000000e+00,2.339427496939982254e-01
2.890000000000000213e+01,2.499170750379562517e-02,6.280472517013549472e-02,0.000000000000000000e+00,1.000000000000000000e+00,2.316965893872683924e-01
2.892000000000000171e+01,2.499281913042068759e-02,6.280790090560912919e-02,0.000000000000000000e+00,1.000000000000000000e+00,2.278313545247147021e-01
2.894000000000000128e+01,2.499461770057678431e-02,6.281542539596557395e-02,0.000000000000000000e+00,1.000000000000000000e+00,2.231655853720635740e-01
2.896000000000000085e+01,2.499742656946182459e-02,6.283246278762817660e-02,0.000000000000000000e+00,1.000000000000000000e+00,2.190519020666075456e-01
2.898000000000000043e+01,2.499983757734298984e-02,6.285507917404174749e-02,0.000000000000000000e+00,1.000000000000000000e+00,2.164607570567233241e-01
2.900000000000000000e+01,2.500165402889251848e-02,6.288733720779418612e-02,0.000000000000000000e+00,1.000000000000000000e+00,2.157145961235047704e-01
2.901999999999999957e+01,2.500208020210266391e-02,6.292925119400023803e-02,0.000000000000000000e+00,1.000000000000000000e+00,2.166144637844551468e-01
2.903999999999999915e+01,2.500126957893371651e-02,6.295288324356078380e-02,0.000000000000000000e+00,1.000000000000000000e+00,2.184486895066991008e-01
2.906000000000000227e+01,2.499904632568359514e-02,6.298140048980713224e-02,0.000000000000000000e+00,1.000000000000000000e+00,2.201139584396695492e-01
2.908000000000000185e+01,2.499581873416900635e-02,6.300822257995605802e-02,0.000000000000000000e+00,1.000000000000000000e+00,2.206726455067587744e-01
2.910000000000000142e+01,2.499379366636276384e-02,6.302117586135863592e-02,0.000000000000000000e+00,1.000000000000000000e+00,2.198572382732329744e-01
2.912000000000000099e+01,2.499266117811203142e-02,6.302782773971557506e-02,0.000000000000000000e+00,1.000000000000000000e+00,2.179752618190101687e-01
2.914000000000000057e+01,2.499208897352218905e-02,6.303221225738525613e-02,0.000000000000000000e+00,1.000000000000000000e+00,2.155462147262588724e-01
2.916000000000000014e+01,2.499201595783233712e-02,6.303558111190796232e-02,0.000000000000000000e+00,1.000000000000000000e+00,2.131198403873040270e-01
2.917999999999999972e+01,2.499214708805084367e-02,6.303705453872680831e-02,0.000000000000000000e+00,1.000000000000000000e+00,2.112463771178649530e-01
2.919999999999999929e+01,2.499299496412277222e-02,6.304338455200195201e-02,0.000000000000000000e+00,1.000000000000000000e+00,2.104096460029917792e-01
2.921999999999999886e+01,2.499416768550873080e-02,6.305288314819335049e-02,0.000000000000000000e+00,1.000000000000000000e+00,2.109065712718195540e-01
2.924000000000000199e+01,2.499541193246841708e-02,6.306672334671020730e-02,0.000000000000000000e+00,1.000000000000000000e+00,2.127607366707070236e-01
2.926000000000000156e+01,2.499625831842422485e-02,6.308370351791381392e-02,0.000000000000000000e+00,1.000000000000000000e+00,2.156837861661942135e-01
2.928000000000000114e+01,2.499646246433258334e-02,6.310344457626342052e-02,0.000000000000000000e+00,1.000000000000000000e+00,2.191135356573443715e-01
2.930000000000000071e+01,2.499604523181915561e-02,6.311990261077880804e-02,0.000000000000000000e+00,1.000000000000000000e+00,2.224331325866495679e-01
2.932000000000000028e+01,2.499545067548751900e-02,6.313102483749388760e-02,0.000000000000000000e+00,1.000000000000000000e+00,2.252765916540289681e-01
2.933999999999999986e+01,2.499467730522155970e-02,6.314231872558594139e-02,0.000000000000000000e+00,1.000000000000000000e+00,2.276002982848341349e-01
2.935999999999999943e+01,2.499412000179290771e-02,6.315111637115478072e-02,0.000000000000000000e+00,1.000000000000000000e+00,2.294817747792581852e-01
2.937999999999999901e+01,2.499380558729171961e-02,6.315987110137939731e-02,0.000000000000000000e+00,1.000000000000000000e+00,2.309477010601065361e-01
2.940000000000000213e+01,2.499382793903351038e-02,6.316826105117798185e-02,0.000000000000000000e+00,1.000000000000000000e+00,2.320235227265625977e-01
2.942000000000000171e+01,2.499416619539261003e-02,6.317936182022095004e-02,0.000000000000000000e+00,1.000000000000000000e+00,2.328936351782507075e-01
2.944000000000000128e+01,2.499430477619171351e-02,6.318359613418578213e-02,0.000000000000000000e+00,1.000000000000000000e+00,2.338982098274467181e-01
2.946000000000000085e+01,2.499438375234604159e-02,6.319368124008178933e-02,0.000000000000000000e+00,1.000000000000000000e+00,2.352930113007187241e-01
2.948000000000000043e+01,2.499389350414276192e-02,6.320491075515746737e-02,0.000000000000000000e+00,1.000000000000000000e+00,2.369696628483577427e-01
2.950000000000000000e+01,2.499303668737411568e-02,6.321139097213744618e-02,0.000000000000000000e+00,1.000000000000000000e+00,2.383059732287421684e-01
2.951999999999999957e+01,2.499195784330368250e-02,6.321479558944702315e-02,0.000000000000000000e+00,1.000000000000000000e+00,2.383674050132221223e-01
2.953999999999999915e+01,2.499219924211502214e-02,6.321459531784057173e-02,0.000000000000000000e+00,1.000000000000000000e+00,2.366721653018437066e-01
2.956000000000000227e+01,2.499309629201889107e-02,6.321546792984009122e-02,0.000000000000000000e+00,1.000000000000000000e+00,2.338279356857135838e-01
2.958000000000000185e+01,2.499415278434753696e-02,6.321845054626464011e-02,0.000000000000000000e+00,1.000000000000000000e+00,2.310521377865893400e-01
2.960000000000000142e+01,2.499615997076034754e-02,6.322930812835693415e-02,0.000000000000000000e+00,1.000000000000000000e+00,2.292699637348951380e-01
2.962000000000000099e+01,2.499773502349853654e-02,6.324603796005248690e-02,0.000000000000000000e+00,1.000000000000000000e+00,2.287912567241473794e-01
2.964000000000000057e+01,2.499844431877136508e-02,6.326995611190795732e-02,0.000000000000000000e+00,1.000000000000000000e+00,2.293452429745770349e-01
2.966000000000000014e+01,2.499801367521286080e-02,6.328850984573364258e-02,0.000000000000000000e+00,1.000000000000000000e+00,2.301488280172098166e-01
2.967999999999999972e+01,2.499613761901855677e-02,6.331568956375122070e-02,0.000000000000000000e+00,1.000000000000000000e+00,2.301755945170426698e-01
2.969999999999999929e+01,2.499438375234604159e-02,6.333208322525024636e-02,0.000000000000000000e+00,1.000000000000000000e+00,2.286559071565064105e-01
2.971999999999999886e+01,2.499304115772247453e-02,6.334246158599853016e-02,0.000000000000000000e+00,1.000000000000000000e+00,2.253936868126908410e-01
2.974000000000000199e+01,2.499222457408905099e-02,6.334931373596190685e-02,0.000000000000000000e+00,1.000000000000000000e+00,2.207194431813820634e-01
2.976000000000000156e+01,2.499188482761383057e-02,6.335489988327025479e-02,0.000000000000000000e+00,1.000000000000000000e+00,2.153349451462626407e-01
2.978000000000000114e+01,2.499196231365204135e-02,6.335781812667846957e-02,0.000000000000000000e+00,1.000000000000000000e+00,2.101613865728391706e-01
2.980000000000000071e+01,2.499245852231979370e-02,6.336343288421630859e-02,0.000000000000000000e+00,1.000000000000000000e+00,2.060898404389867600e-01
2.982000000000000028e+01,2.499361932277679652e-02,6.337469816207885742e-02,0.000000000000000000e+00,1.000000000000000000e+00,2.037088940129765380e-01
2.983999999999999986e+01,2.499486804008484164e-02,6.338926076889038475e-02,0.000000000000000000e+00,1.000000000000000000e+00,2.032067957248868961e-01
2.985999999999999943e+01,2.499544471502304285e-02,6.339983940124511996e-02,0.000000000000000000e+00,1.000000000000000000e+00,2.044148606877952135e-01
2.987999999999999901e+01,2.499572783708572596e-02,6.341409444808959739e-02,0.000000000000000000e+00,1.000000000000000000e+00,2.068448622731112463e-01
2.990000000000000213e+01,2.499554455280304094e-02,6.342904329299926813e-02,0.000000000000000000e+00,1.000000000000000000e+00,2.097906704957896717e-01
2.992000000000000171e+01,2.499521821737289706e-02,6.343799114227294256e-02,0.000000000000000000e+00,1.000000000000000000e+00,2.126264178633007762e-01
2.994000000000000128e+01,2.499472647905350009e-02,6.344871997833251287e-02,0.000000000000000000e+00,1.000000000000000000e+00,2.150717491806203585e-01
2.996000000000000085e+01,2.499437332153320312e-02,6.345939874649048074e-02,0.000000000000000000e+00,1.000000000000000000e+00,2.171224984388357981e-01
2.998000000000000043e+01,2.499439716339111467e-02,6.347080707550048495e-02,0.000000000000000000e+00,1.000000000000000000e+00,2.188175402890375210e-01
3.000000000000000000e+01,2.499487102031707972e-02,6.348142147064209095e-02,0.000000000000000000e+00,1.000000000000000000e+00,2.201801572660113671e-01
3.001999999999999957e+01,2.499556988477706979e-02,6.349094867706298051e-02,0.000000000000000000e+00,1.000000000000000000e+00,2.213812970781727785e-01
3.003999999999999915e+01,2.499691545963287492e-02,6.350817918777465487e-02,0.000000000000000000e+00,1.000000000000000000e+00,2.228530270525201085e-01
3.006000000000000227e+01,2.499816417694092005e-02,6.352836370468140093e-02,0.000000000000000000e+00,1.000000000000000000e+00,2.251207589999523750e-01
3.008000000000000185e+01,2.499912530183792322e-02,6.355955600738524836e-02,0.000000000000000000e+00,1.000000000000000000e+00,2.285115770189757034e-01
3.010000000000000142e+01,2.499876320362091203e-02,6.359143495559692327e-02,0.000000000000000000e+00,1.000000000000000000e+00,2.329210585039063197e-01
3.012000000000000099e+01,2.499726414680480957e-02,6.361423015594482033e-02,0.000000000000000000e+00,1.000000000000000000e+00,2.376109234877373799e-01
3.014000000000000057e+01,2.499424368143081734e-02,6.363568782806396096e-02,0.000000000000000000e+00,1.000000000000000000e+00,2.413068769575557049e-01
3.016000000000000014e+01,2.499215751886367867e-02,6.364352703094482144e-02,0.000000000000000000e+00,1.000000000000000000e+00,2.430369536680727083e-01
3.017999999999999972e+01,2.499068081378937045e-02,6.364598751068115123e-02,0.000000000000000000e+00,1.000000000000000000e+00,2.429873845966387669e-01
3.019999999999999929e+01,2.498979121446609497e-02,6.364590167999267800e-02,0.000000000000000000e+00,1.000000000000000000e+00,2.421754835934658567e-01
3.021999999999999886e+01,2.499038130044937273e-02,6.364713191986083596e-02,0.000000000000000000e+00,1.000000000000000000e+00,2.415343664792203582e-01
3.024000000000000199e+01,2.499156147241592477e-02,6.365340471267699751e-02,0.000000000000000000e+00,1.000000000000000000e+00,2.414595947721626112e-01
3.026000000000000156e+01,2.499214261770248482e-02,6.366198062896728793e-02,0.000000000000000000e+00,1.000000000000000000e+00,2.417907049860104074e-01
3.028000000000000114e+01,2.499211579561233521e-02,6.366526365280150701e-02,0.000000000000000000e+00,1.000000000000000000e+00,2.419461006033854222e-01
3.030000000000000071e+01,2.499154806137085169e-02,6.367430448532104825e-02,0.000000000000000000e+00,1.000000000000000000e+00,2.411571204280123226e-01
3.032000000000000028e+01,2.499100565910339355e-02,6.367988348007201649e-02,0.000000000000000000e+00,1.000000000000000000e+00,2.387395499942089050e-01
3.033999999999999986e+01,2.499039620161056657e-02,6.368597745895385187e-02,0.000000000000000000e+00,1.000000000000000000e+00,2.343177638725357226e-01
3.035999999999999943e+01,2.499025762081146310e-02,6.368848085403441828e-02,0.000000000000000000e+00,1.000000000000000000e+00,2.280395601191007593e-01
3.037999999999999901e+01,2.499034553766250888e-02,6.369220018386841098e-02,0.000000000000000000e+00,1.000000000000000000e+00,2.207265573688837190e-01
3.040000000000000213e+01,2.499056756496429582e-02,6.369475364685057983e-02,0.000000000000000000e+00,1.000000000000000000e+00,2.136594391468581433e-01
3.042000000000000171e+01,2.499132156372070590e-02,6.370186328887939009e-02,0.000000000000000000e+00,1.000000000000000000e+00,2.079870102044287794e-01
3.044000000000000128e+01,2.499191164970398019e-02,6.370839357376098522e-02,0.000000000000000000e+00,1.000000000000000000e+00,2.042986459748730999e-01
3.046000000000000085e+01,2.499250769615173409e-02,6.371865034103393888e-02,0.000000000000000000e+00,1.000000000000000000e+00,2.026433950528585271e-01
3.048000000000000043e+01,2.499272525310516566e-02,6.372965097427367442e-02,0.000000000000000000e+00,1.000000000000000000e+00,2.026980778423815022e-01
3.050000000000000000e+01,2.499253600835800448e-02,6.374019384384155273e-02,0.000000000000000000e+00,1.000000000000000000e+00,2.038577853494422110e-01
3.051999999999999957e+01,2.499211281538009713e-02,6.374871969223022683e-02,0.000000000000000000e+00,1.000000000000000000e+00,2.054004625927828009e-01
3.053999999999999915e+01,2.499142885208130091e-02,6.375910520553589034e-02,0.000000000000000000e+00,1.000000000000000000e+00,2.067988635777857076e-01
3.056000000000000227e+01,2.499087452888489047e-02,6.376961231231689786e-02,0.000000000000000000e+00,1.000000000000000000e+00,2.078612731022487226e-01
3.058000000000000185e+01,2.499086409807205200e-02,6.377594232559204157e-02,0.000000000000000000e+00,1.000000000000000000e+00,2.085669282271331582e-01
3.060000000000000142e+01,2.499123513698578089e-02,6.378142118453979104e-02,0.000000000000000000e+00,1.000000000000000000e+00,2.089150908150743946e-01
3.062000000000000099e+01,2.499268651008606026e-02,6.379386663436889537e-02,0.000000000000000000e+00,1.000000000000000000e+00,2.090285678493559174e-01
3.064000000000000057e+01,2.499424517154693812e-02,6.380598306655883845e-02,0.000000000000000000e+00,1.000000000000000000e+00,2.093488625554218718e-01
3.066000000000000014e+01,2.499729543924331804e-02,6.383289098739623746e-02,0.000000000000000000e+00,1.000000000000000000e+00,2.105622894052080196e-01
3.067999999999999972e+01,2.500003874301910678e-02,6.386567831039428877e-02,0.000000000000000000e+00,1.000000000000000000e+00,2.132892056909692358e-01
3.069999999999999929e+01,2.500201761722564697e-02,6.390764236450195701e-02,0.000000000000000000e+00,1.000000000000000000e+00,2.178737445531440109e-01
3.071999999999999886e+01,2.500233054161071777e-02,6.395351171493529607e-02,0.000000000000000000e+00,1.000000000000000000e+00,2.242266537497974721e-01
3.074000000000000199e+01,2.500095665454864571e-02,6.399044752120972013e-02,0.000000000000000000e+00,1.000000000000000000e+00,2.315403919465022498e-01
3.076000000000000156e+01,2.499745935201645036e-02,6.403082370758056419e-02,0.000000000000000000e+00,1.000000000000000000e+00,2.382808197544974971e-01
3.078000000000000114e+01,2.499355822801590035e-02,6.405753850936889149e-02,0.000000000000000000e+00,1.000000000000000000e+00,2.430354860773639436e-01
3.080000000000000071e+01,2.499055713415146082e-02,6.407084941864013561e-02,0.000000000000000000e+00,1.000000000000000000e+00,2.454958886352944791e-01
3.082000000000000028e+01,2.498913854360580722e-02,6.407485485076903908e-02,0.000000000000000000e+00,1.000000000000000000e+00,2.463460646823213696e-01
3.083999999999999986e+01,2.498821616172790597e-02,6.407621383666992076e-02,0.000000000000000000e+00,1.000000000000000000e+00,2.464706955613747696e-01
3.085999999999999943e+01,2.498863935470581332e-02,6.407621383666992076e-02,0.000000000000000000e+00,1.000000000000000000e+00,2.464555623878628976e-01
3.087999999999999901e+01,2.498876303434371948e-02,6.407653570175170232e-02,0.000000000000000000e+00,1.000000000000000000e+00,2.465041759497012819e-01
3.090000000000000213e+01,2.498879134654998987e-02,6.407707214355468084e-02,0.000000000000000000e+00,1.000000000000000000e+00,2.464997706994822013e-01
3.092000000000000171e+01,2.498876899480819910e-02,6.407735109329223966e-02,0.000000000000000000e+00,1.000000000000000000e+00,2.460468305312064063e-01
3.094000000000000128e+01,2.498868852853775024e-02,6.407810926437378096e-02,0.000000000000000000e+00,1.000000000000000000e+00,2.444990135871318582e-01
3.096000000000000085e+01,2.498870342969894409e-02,6.407895326614379550e-02,0.000000000000000000e+00,1.000000000000000000e+00,2.411387698121602585e-01
3.098000000000000043e+01,2.498856335878372331e-02,6.407820940017699973e-02,0.000000000000000000e+00,1.000000000000000000e+00,2.356740103948385401e-01
3.100000000000000000e+01,2.498889267444610873e-02,6.407957553863524724e-02,0.000000000000000000e+00,1.000000000000000000e+00,2.287551596695498457e-01
3.101999999999999957e+01,2.498910576105117798e-02,6.408059835433960183e-02,0.000000000000000000e+00,1.000000000000000000e+00,2.217669169833558218e-01
3.103999999999999915e+01,2.498983293771743844e-02,6.408538341522217185e-02,0.000000000000000000e+00,1.000000000000000000e+00,2.159570849519267255e-01
3.106000000000000227e+01,2.499045282602310389e-02,6.409212112426757035e-02,0.000000000000000000e+00,1.000000000000000000e+00,2.119003104466325449e-01
3.108000000000000185e+01,2.499074041843414584e-02,6.410067558288573553e-02,0.000000000000000000e+00,1.000000000000000000e+00,2.095825705330894295e-01
3.110000000000000142e+01,2.499055415391922275e-02,6.410847187042235940e-02,0.000000000000000000e+00,1.000000000000000000e+00,2.086246537839389348e-01
3.112000000000000099e+01,2.499008774757385462e-02,6.411424398422241322e-02,0.000000000000000000e+00,1.000000000000000000e+00,2.084389416167636566e-01
3.114000000000000057e+01,2.498932480812073031e-02,6.412000179290770763e-02,0.000000000000000000e+00,1.000000000000000000e+00,2.084544143338631916e-01
3.116000000000000014e+01,2.498907744884491106e-02,6.412154674530029519e-02,0.000000000000000000e+00,1.000000000000000000e+00,2.083318289541711554e-01
3.117999999999999972e+01,2.498875707387924333e-02,6.412450790405273271e-02,0.000000000000000000e+00,1.000000000000000000e+00,2.079265605874270340e-01
3.119999999999999929e+01,2.498887330293655604e-02,6.412662506103515569e-02,0.000000000000000000e+00,1.000000000000000000e+00,2.071178804688201813e-01
3.122000000000000242e+01,2.498906254768371721e-02,6.412758350372314842e-02,0.000000000000000000e+00,1.000000000000000000e+00,2.058323268251517069e-01
3.124000000000000199e+01,2.498965263366699496e-02,6.413016557693480835e-02,0.000000000000000000e+00,1.000000000000000000e+00,2.043132005998483935e-01
3.126000000000000156e+01,2.499274760484695643e-02,6.414565801620483732e-02,0.000000000000000000e+00,1.000000000000000000e+00,2.032560803252132231e-01
3.128000000000000114e+01,2.499599158763885637e-02,6.416669368743896373e-02,0.000000000000000000e+00,1.000000000000000000e+00,2.035081893964211797e-01
3.130000000000000071e+01,2.499915808439254900e-02,6.419611930847167469e-02,0.000000000000000000e+00,1.000000000000000000e+00,2.056988022904976399e-01
3.132000000000000028e+01,2.500234544277191162e-02,6.424636602401732899e-02,0.000000000000000000e+00,1.000000000000000000e+00,2.101292455269075377e-01
3.133999999999999986e+01,2.500351667404174943e-02,6.429992437362670732e-02,0.000000000000000000e+00,1.000000000000000000e+00,2.166606755010278551e-01
3.135999999999999943e+01,2.500253617763519356e-02,6.435573577880859819e-02,0.000000000000000000e+00,1.000000000000000000e+00,2.244435739708644240e-01
3.137999999999999901e+01,2.499995231628418177e-02,6.440247058868407704e-02,0.000000000000000000e+00,1.000000000000000000e+00,2.319408710925083272e-01
3.140000000000000213e+01,2.499665766954422066e-02,6.443878412246703546e-02,0.000000000000000000e+00,1.000000000000000000e+00,2.376563301029936404e-01
3.142000000000000171e+01,2.499341219663619995e-02,6.446547746658325140e-02,0.000000000000000000e+00,1.000000000000000000e+00,2.409498836290842883e-01
3.144000000000000128e+01,2.499090284109115739e-02,6.448310136795043501e-02,0.000000000000000000e+00,1.000000000000000000e+00,2.421100636702410158e-01
3.146000000000000085e+01,2.499019205570221155e-02,6.448805809020996538e-02,0.000000000000000000e+00,1.000000000000000000e+00,2.419052541149909752e-01
3.148000000000000043e+01,2.498954385519027918e-02,6.449365139007567915e-02,0.000000000000000000e+00,1.000000000000000000e+00,2.411839946068962681e-01
3.150000000000000000e+01,2.498919218778610299e-02,6.449885845184326338e-02,0.000000000000000000e+00,1.000000000000000000e+00,2.406407195352877615e-01
3.151999999999999957e+01,2.498905360698699951e-02,6.450382947921752541e-02,0.000000000000000000e+00,1.000000000000000000e+00,2.406519376969860902e-01
3.153999999999999915e+01,2.498898506164550989e-02,6.450667619705199862e-02,0.000000000000000000e+00,1.000000000000000000e+00,2.411522154300255183e-01
3.156000000000000227e+01,2.498880773782730103e-02,6.450941562652587336e-02,0.000000000000000000e+00,1.000000000000000000e+00,2.415650493507013608e-01
3.158000000000000185e+01,2.498862445354461947e-02,6.451056718826293779e-02,0.000000000000000000e+00,1.000000000000000000e+00,2.409180469646931555e-01
3.160000000000000142e+01,2.498874366283417026e-02,6.451026678085326760e-02,0.000000000000000000e+00,1.000000000000000000e+00,2.384105453058508461e-01
3.162000000000000099e+01,2.498883157968521257e-02,6.451023101806641069e-02,0.000000000000000000e+00,1.000000000000000000e+00,2.341987171673813317e-01
3.164000000000000057e+01,2.498892247676849643e-02,6.451035261154174083e-02,0.000000000000000000e+00,1.000000000000000000e+00,2.293783402055924736e-01
3.166000000000000014e+01,2.498941719532013148e-02,6.451214075088500255e-02,0.000000000000000000e+00,1.000000000000000000e+00,2.250882473849324383e-01
3.167999999999999972e+01,2.498962879180908342e-02,6.451397180557250088e-02,0.000000000000000000e+00,1.000000000000000000e+00,2.218975428453592025e-01
3.169999999999999929e+01,2.498965263366699496e-02,6.451882839202881248e-02,0.000000000000000000e+00,1.000000000000000000e+00,2.198240786531608371e-01
3.172000000000000242e+01,2.498936802148819109e-02,6.452159643173217829e-02,0.000000000000000000e+00,1.000000000000000000e+00,2.185523050703731540e-01
3.174000000000000199e+01,2.498887181282043526e-02,6.452361345291136863e-02,0.000000000000000000e+00,1.000000000000000000e+00,2.176683078205510213e-01
3.176000000000000156e+01,2.498871237039566179e-02,6.452390670776367299e-02,0.000000000000000000e+00,1.000000000000000000e+00,2.168799799714299370e-01
3.178000000000000114e+01,2.498852014541626254e-02,6.452394247055052989e-02,0.000000000000000000e+00,1.000000000000000000e+00,2.160492304321393886e-01
3.180000000000000071e+01,2.498855739831924716e-02,6.452402830123901700e-02,0.000000000000000000e+00,1.000000000000000000e+00,2.150227401308693054e-01
3.182000000000000028e+01,2.498852312564850062e-02,6.452415704727172685e-02,0.000000000000000000e+00,1.000000000000000000e+00,2.135309274546460523e-01
3.183999999999999986e+01,2.498847991228103638e-02,6.452414989471434714e-02,0.000000000000000000e+00,1.000000000000000000e+00,2.113848107538187915e-01
3.185999999999999943e+01,2.498822361230850289e-02,6.452375650405883789e-02,0.000000000000000000e+00,1.000000000000000000e+00,2.088588024007808630e-01
3.187999999999999901e+01,2.499050348997116158e-02,6.453030824661254439e-02,0.000000000000000000e+00,1.000000000000000000e+00,2.067486992043211513e-01
3.190000000000000213e+01,2.499278485774994105e-02,6.454065799713135099e-02,0.000000000000000000e+00,1.000000000000000000e+00,2.059358447339932063e-01
3.192000000000000171e+01,2.499642372131347795e-02,6.456642150878906528e-02,0.000000000000000000e+00,1.000000000000000000e+00,2.070028127057416956e-01
3.194000000000000128e+01,2.499927580356597900e-02,6.460065364837645763e-02,0.000000000000000000e+00,1.000000000000000000e+00,2.101486999556715363e-01
3.196000000000000085e+01,2.500090897083282609e-02,6.464459896087645929e-02,0.000000000000000000e+00,1.000000000000000000e+00,2.151231276817400784e-01
3.198000000000000043e+01,2.500087618827820032e-02,6.469002485275268666e-02,0.000000000000000000e+00,1.000000000000000000e+00,2.211077301265239048e-01
3.200000000000000000e+01,2.499976903200149675e-02,6.472573757171630471e-02,0.000000000000000000e+00,1.000000000000000000e+00,2.268393049511633341e-01
3.202000000000000313e+01,2.499779462814331193e-02,6.476356029510497991e-02,0.000000000000000000e+00,1.000000000000000000e+00,2.310844043917032187e-01
3.203999999999999915e+01,2.499638199806213448e-02,6.478659152984618530e-02,0.000000000000000000e+00,1.000000000000000000e+00,2.331179611439539168e-01
3.206000000000000227e+01,2.499483823776245395e-02,6.481430053710937611e-02,0.000000000000000000e+00,1.000000000000000000e+00,2.329317482114795224e-01
3.207999999999999829e+01,2.499409317970276156e-02,6.483435630798339844e-02,0.000000000000000000e+00,1.000000000000000000e+00,2.312140756724502255e-01
3.210000000000000142e+01,2.499380856752395769e-02,6.485404729843138871e-02,0.000000000000000000e+00,1.000000000000000000e+00,2.290932056887926282e-01
3.211999999999999744e+01,2.499380707740783691e-02,6.487554073333740012e-02,0.000000000000000000e+00,1.000000000000000000e+00,2.276548775662350088e-01
3.214000000000000057e+01,2.499377131462097307e-02,6.489260673522949385e-02,0.000000000000000000e+00,1.000000000000000000e+00,2.275374590640392436e-01
3.216000000000000369e+01,2.499334067106247226e-02,6.491187572479248380e-02,0.000000000000000000e+00,1.000000000000000000e+00,2.288147517967155653e-01
3.217999999999999972e+01,2.499256134033203333e-02,6.492477893829345925e-02,0.000000000000000000e+00,1.000000000000000000e+00,2.309921005374974134e-01
3.220000000000000284e+01,2.499103993177414010e-02,6.493761062622070701e-02,0.000000000000000000e+00,1.000000000000000000e+00,2.330450783469243947e-01
3.221999999999999886e+01,2.498981952667236536e-02,6.494341850280761774e-02,0.000000000000000000e+00,1.000000000000000000e+00,2.338685547982090607e-01
3.224000000000000199e+01,2.498904466629028528e-02,6.494541406631469671e-02,0.000000000000000000e+00,1.000000000000000000e+00,2.331169618433183433e-01
3.225999999999999801e+01,2.498944550752639840e-02,6.494504928588866466e-02,0.000000000000000000e+00,1.000000000000000000e+00,2.313995505079128878e-01
3.228000000000000114e+01,2.498970478773117343e-02,6.494527101516722745e-02,0.000000000000000000e+00,1.000000000000000000e+00,2.295664428186065253e-01
3.229999999999999716e+01,2.498978972434997767e-02,6.494566440582275058e-02,0.000000000000000000e+00,1.000000000000000000e+00,2.281064244593879187e-01
3.232000000000000028e+01,2.498979866504669189e-02,6.494551420211791548e-02,0.000000000000000000e+00,1.000000000000000000e+00,2.270780381773614409e-01
3.234000000000000341e+01,2.498964071273803919e-02,6.494588613510131336e-02,0.000000000000000000e+00,1.000000000000000000e+00,2.263158076864080215e-01
3.235999999999999943e+01,2.498928308486938685e-02,6.494589328765869307e-02,0.000000000000000000e+00,1.000000000000000000e+00,2.256867070087817950e-01
3.238000000000000256e+01,2.498946189880371302e-02,6.494620800018310880e-02,0.000000000000000000e+00,1.000000000000000000e+00,2.251954379073624612e-01
3.239999999999999858e+01,2.499019056558609078e-02,6.494929790496825617e-02,0.000000000000000000e+00,1.000000000000000000e+00,2.248483813075393412e-01
3.242000000000000171e+01,2.499048411846160889e-02,6.495298862457275779e-02,0.000000000000000000e+00,1.000000000000000000e+00,2.244560806167310019e-01
3.243999999999999773e+01,2.499030977487564156e-02,6.495624303817748579e-02,0.000000000000000000e+00,1.000000000000000000e+00,2.236170184691674279e-01
3.246000000000000085e+01,2.498964965343475342e-02,6.495894670486450362e-02,0.000000000000000000e+00,1.000000000000000000e+00,2.220079980020290833e-01
3.248000000000000398e+01,2.498927265405655185e-02,6.495936155319213812e-02,0.000000000000000000e+00,1.000000000000000000e+00,2.197939883925578430e-01
3.250000000000000000e+01,2.498960942029953072e-02,6.495961189270019198e-02,0.000000000000000000e+00,1.000000000000000000e+00,2.176524577782336933e-01
3.252000000000000313e+01,2.499102652072906702e-02,6.496319532394409513e-02,0.000000000000000000e+00,1.000000000000000000e+00,2.163452732188166916e-01
3.253999999999999915e+01,2.499345391988754342e-02,6.497491836547851507e-02,0.000000000000000000e+00,1.000000000000000000e+00,2.163507761988961164e-01
3.256000000000000227e+01,2.499458938837051392e-02,6.498480319976807085e-02,0.000000000000000000e+00,1.000000000000000000e+00,2.177640496442987406e-01
3.257999999999999829e+01,2.499537020921707361e-02,6.499860048294067716e-02,0.000000000000000000e+00,1.000000000000000000e+00,2.202998194648659314e-01
3.260000000000000142e+01,2.499587386846542636e-02,6.502767562866210160e-02,0.000000000000000000e+00,1.000000000000000000e+00,2.233352162024235810e-01
3.261999999999999744e+01,2.499572038650512903e-02,6.505195856094360407e-02,0.000000000000000000e+00,1.000000000000000000e+00,2.260361990301336110e-01
3.264000000000000057e+01,2.499531656503677438e-02,6.508044719696044755e-02,0.000000000000000000e+00,1.000000000000000000e+00,2.275366179704236269e-01
3.266000000000000369e+01,2.499512732028961320e-02,6.510900735855101873e-02,0.000000000000000000e+00,1.000000000000000000e+00,2.271610757399402936e-01
3.267999999999999972e+01,2.499537765979767054e-02,6.513132333755493331e-02,0.000000000000000000e+00,1.000000000000000000e+00,2.247770228382584556e-01
3.270000000000000284e+01,2.499610781669616907e-02,6.515622854232787364e-02,0.000000000000000000e+00,1.000000000000000000e+00,2.211106128227515455e-01
3.271999999999999886e+01,2.499735206365585535e-02,6.518898725509643388e-02,0.000000000000000000e+00,1.000000000000000000e+00,2.175125292536500832e-01
3.274000000000000199e+01,2.499857246875763009e-02,6.522601604461669700e-02,0.000000000000000000e+00,1.000000000000000000e+00,2.152024332940025986e-01
3.275999999999999801e+01,2.499912232160568515e-02,6.526320219039916104e-02,0.000000000000000000e+00,1.000000000000000000e+00,2.147859340079104895e-01
3.278000000000000114e+01,2.499856799840927124e-02,6.530223369598388283e-02,0.000000000000000000e+00,1.000000000000000000e+00,2.162930135300573931e-01
3.279999999999999716e+01,2.499696016311645647e-02,6.533283233642578347e-02,0.000000000000000000e+00,1.000000000000000000e+00,2.192516536365330115e-01
3.282000000000000028e+01,2.499436885118484775e-02,6.535849571228026511e-02,0.000000000000000000e+00,1.000000000000000000e+00,2.226570766266331436e-01
3.284000000000000341e+01,2.499206513166427751e-02,6.537261486053466686e-02,0.000000000000000000e+00,1.000000000000000000e+00,2.253378539971525318e-01
3.285999999999999943e+01,2.498988360166549960e-02,6.538141250610352007e-02,0.000000000000000000e+00,1.000000000000000000e+00,2.267428038254495903e-01
3.288000000000000256e+01,2.498922199010849068e-02,6.538316488265991100e-02,0.000000000000000000e+00,1.000000000000000000e+00,2.271573887254552948e-01
3.289999999999999858e+01,2.498894035816192835e-02,6.538362979888916182e-02,0.000000000000000000e+00,1.000000000000000000e+00,2.271451977141959178e-01
3.292000000000000171e+01,2.498888522386551181e-02,6.538369417190550981e-02,0.000000000000000000e+00,1.000000000000000000e+00,2.270616189670315865e-01
3.293999999999999773e+01,2.498873621225357333e-02,6.538347959518432673e-02,0.000000000000000000e+00,1.000000000000000000e+00,2.270030954190436490e-01
3.296000000000000085e+01,2.498926818370819300e-02,6.538439512252806896e-02,0.000000000000000000e+00,1.000000000000000000e+00,2.270035520242873195e-01
3.298000000000000398e+01,2.498936355113983224e-02,6.538465976715088224e-02,0.000000000000000000e+00,1.000000000000000000e+00,2.271979002594456676e-01
3.300000000000000000e+01,2.499026954174041887e-02,6.538877964019775002e-02,0.000000000000000000e+00,1.000000000000000000e+00,2.277691381702496298e-01
3.302000000000000313e+01,2.499120235443115512e-02,6.539629697799682895e-02,0.000000000000000000e+00,1.000000000000000000e+00,2.287524912268882327e-01
3.303999999999999915e+01,2.499168813228607247e-02,6.540704727172851063e-02,0.000000000000000000e+00,1.000000000000000000e+00,2.298940938623991181e-01
3.306000000000000227e+01,2.499148398637771745e-02,6.541377782821655718e-02,0.000000000000000000e+00,1.000000000000000000e+00,2.307064875967367590e-01
3.307999999999999829e+01,2.499031722545623849e-02,6.542375564575195201e-02,0.000000000000000000e+00,1.000000000000000000e+00,2.307783614479936019e-01
3.310000000000000142e+01,2.498905211687088221e-02,6.542894124984741100e-02,0.000000000000000000e+00,1.000000000000000000e+00,2.301194515109111771e-01
3.311999999999999744e+01,2.498826384544372559e-02,6.543038606643676591e-02,0.000000000000000000e+00,1.000000000000000000e+00,2.291473548443880293e-01
3.314000000000000057e+01,2.498806416988372942e-02,6.543040037155151145e-02,0.000000000000000000e+00,1.000000000000000000e+00,2.283522689056096677e-01
3.316000000000000369e+01,2.498810440301895211e-02,6.543047904968261885e-02,0.000000000000000000e+00,1.000000000000000000e+00,2.280260067343753139e-01
3.317999999999999972e+01,2.498877644538879603e-02,6.543369054794311024e-02,0.000000000000000000e+00,1.000000000000000000e+00,2.282066759419911495e-01
3.320000000000000284e+01,2.498934119939804147e-02,6.543944835662841852e-02,0.000000000000000000e+00,1.000000000000000000e+00,2.287432116575839336e-01
3.321999999999999886e+01,2.498956620693206995e-02,6.544410467147826482e-02,0.000000000000000000e+00,1.000000000000000000e+00,2.293567145275830221e-01
3.324000000000000199e+01,2.498989403247833460e-02,6.545316696166991743e-02,0.000000000000000000e+00,1.000000000000000000e+00,2.296247589138822598e-01
3.325999999999999801e+01,2.499035745859146118e-02,6.546215057373046264e-02,0.000000000000000000e+00,1.000000000000000000e+00,2.289416759526611278e-01
3.328000000000000114e+01,2.499133348464965820e-02,6.547452449798583929e-02,0.000000000000000000e+00,1.000000000000000000e+00,2.266719953579793279e-01
3.329999999999999716e+01,2.499247938394546717e-02,6.548607587814331277e-02,0.000000000000000000e+00,1.000000000000000000e+00,2.226686568771113761e-01
3.332000000000000028e+01,2.499461174011230469e-02,6.550691843032836748e-02,0.000000000000000000e+00,1.000000000000000000e+00,2.177536278467573638e-01
3.334000000000000341e+01,2.499688565731048723e-02,6.553243160247802790e-02,0.000000000000000000e+00,1.000000000000000000e+00,2.133542692471382118e-01
3.335999999999999943e+01,2.499919384717941284e-02,6.556821584701537364e-02,0.000000000000000000e+00,1.000000000000000000e+00,2.105883238104552246e-01
3.338000000000000256e+01,2.500083148479461878e-02,6.561809778213500977e-02,0.000000000000000000e+00,1.000000000000000000e+00,2.098935096872246442e-01
3.339999999999999858e+01,2.500066161155700684e-02,6.566611289978027677e-02,0.000000000000000000e+00,1.000000000000000000e+00,2.111883191901130774e-01
3.342000000000000171e+01,2.499855011701583932e-02,6.571427106857299916e-02,0.000000000000000000e+00,1.000000000000000000e+00,2.139195140703570863e-01
3.343999999999999773e+01,2.499487698078155587e-02,6.575583457946776456e-02,0.000000000000000000e+00,1.000000000000000000e+00,2.170375050525050753e-01
3.346000000000000085e+01,2.499170452356338709e-02,6.577886581420898382e-02,0.000000000000000000e+00,1.000000000000000000e+00,2.194423515657629165e-01
3.348000000000000398e+01,2.498877942562103410e-02,6.579419374465941828e-02,0.000000000000000000e+00,1.000000000000000000e+00,2.206723995039069353e-01
3.350000000000000000e+01,2.498730570077896396e-02,6.580039501190185214e-02,0.000000000000000000e+00,1.000000000000000000e+00,2.209601866432056028e-01
3.352000000000000313e+01,2.498665004968643466e-02,6.580317735671996349e-02,0.000000000000000000e+00,1.000000000000000000e+00,2.207532960959632251e-01
3.353999999999999915e+01,2.498662769794464389e-02,6.580339908599852627e-02,0.000000000000000000e+00,1.000000000000000000e+00,2.203943449620527351e-01
3.356000000000000227e+01,2.498684525489807198e-02,6.580520153045654741e-02,0.000000000000000000e+00,1.000000000000000000e+00,2.201325962624211818e-01
3.357999999999999829e+01,2.498757243156433244e-02,6.580869197845458374e-02,0.000000000000000000e+00,1.000000000000000000e+00,2.202384152534717365e-01
3.360000000000000142e+01,2.498870790004730294e-02,6.581475019454956221e-02,0.000000000000000000e+00,1.000000000000000000e+00,2.209999587296125334e-01
3.361999999999999744e+01,2.499042153358459542e-02,6.582738876342773826e-02,0.000000000000000000e+00,1.000000000000000000e+00,2.225900554548410071e-01
3.364000000000000057e+01,2.499160617589950631e-02,6.584214448928832342e-02,0.000000000000000000e+00,1.000000000000000000e+00,2.249277216235505694e-01
3.366000000000000369e+01,2.499206364154815674e-02,6.585888862609863559e-02,0.000000000000000000e+00,1.000000000000000000e+00,2.276302669385112942e-01
3.367999999999999972e+01,2.499159723520279208e-02,6.587857961654662586e-02,0.000000000000000000e+00,1.000000000000000000e+00,2.301431218887278474e-01
3.370000000000000284e+01,2.499024420976639002e-02,6.589694738388061912e-02,0.000000000000000000e+00,1.000000000000000000e+00,2.320474880719479993e-01
3.371999999999999886e+01,2.498871535062789986e-02,6.590932846069336160e-02,0.000000000000000000e+00,1.000000000000000000e+00,2.332790995390529587e-01
3.374000000000000199e+01,2.498784661293029785e-02,6.591439247131347656e-02,0.000000000000000000e+00,1.000000000000000000e+00,2.340257605218158121e-01
3.375999999999999801e+01,2.498698681592941354e-02,6.591846942901610773e-02,0.000000000000000000e+00,1.000000000000000000e+00,2.344798084365760649e-01
3.378000000000000114e+01,2.498664259910583774e-02,6.592000722885131558e-02,0.000000000000000000e+00,1.000000000000000000e+00,2.347293205727339904e-01
3.379999999999999716e+01,2.498642504215240617e-02,6.592115163803100031e-02,0.000000000000000000e+00,1.000000000000000000e+00,2.348264827632466079e-01
3.382000000000000028e+01,2.498632520437240809e-02,6.592190265655517578e-02,0.000000000000000000e+00,1.000000000000000000e+00,2.348656786052395473e-01
3.384000000000000341e+01,2.498631924390792847e-02,6.592194557189941240e-02,0.000000000000000000e+00,1.000000000000000000e+00,2.349072767336312650e-01
3.385999999999999943e+01,2.498608678579330653e-02,6.592238187789917214e-02,0.000000000000000000e+00,1.000000000000000000e+00,2.347783979410213717e-01
3.388000000000000256e+01,2.498637884855270386e-02,6.592248916625975674e-02,0.000000000000000000e+00,1.000000000000000000e+00,2.339427496939991691e-01
3.389999999999999858e+01,2.498682886362076083e-02,6.592325448989867775e-02,0.000000000000000000e+00,1.000000000000000000e+00,2.316965893872695859e-01
3.392000000000000171e+01,2.498828470706939905e-02,6.592740297317505049e-02,0.000000000000000000e+00,1.000000000000000000e+00,2.278313545247172001e-01
3.393999999999999773e+01,2.499021589756011963e-02,6.593547105789183960e-02,0.000000000000000000e+00,1.000000000000000000e+00,2.231655853720618810e-01
3.396000000000000085e+01,2.499277740716934412e-02,6.595099925994872547e-02,0.000000000000000000e+00,1.000000000000000000e+00,2.190519020666079619e-01
3.398000000000000398e+01,2.499506920576095859e-02,6.597249984741210271e-02,0.000000000000000000e+00,1.000000000000000000e+00,2.164607570567251837e-01
3.400000000000000000e+01,2.499718964099884033e-02,6.601015090942383146e-02,0.000000000000000000e+00,1.000000000000000000e+00,2.157145961235048814e-01
3.402000000000000313e+01,2.499767392873764038e-02,6.605792999267577625e-02,0.000000000000000000e+00,1.000000000000000000e+00,2.166144637844572562e-01
3.403999999999999915e+01,2.499616742134094446e-02,6.610192537307739424e-02,0.000000000000000000e+00,1.000000000000000000e+00,2.184486895066971579e-01
3.406000000000000227e+01,2.499333024024963379e-02,6.613833904266357144e-02,0.000000000000000000e+00,1.000000000000000000e+00,2.201139584396679671e-01
3.407999999999999829e+01,2.499075233936309814e-02,6.615977525711058682e-02,0.000000000000000000e+00,1.000000000000000000e+00,2.206726455067577752e-01
3.410000000000000142e+01,2.498867511749267717e-02,6.617307901382446511e-02,0.000000000000000000e+00,1.000000000000000000e+00,2.198572382732349173e-01
3.411999999999999744e+01,2.498694956302642892e-02,6.618322849273682029e-02,0.000000000000000000e+00,1.000000000000000000e+00,2.179752618190127778e-01
3.414000000000000057e+01,2.498657405376434465e-02,6.618610382080078458e-02,0.000000000000000000e+00,1.000000000000000000e+00,2.155462147262588724e-01
3.416000000000000369e+01,2.498652637004852503e-02,6.618825674057006447e-02,0.000000000000000000e+00,1.000000000000000000e+00,2.131198403873034719e-01
3.417999999999999972e+01,2.498708516359329432e-02,6.619450807571411466e-02,0.000000000000000000e+00,1.000000000000000000e+00,2.112463771178646754e-01
3.420000000000000284e+01,2.498807758092880249e-02,6.620191812515258123e-02,0.000000000000000000e+00,1.000000000000000000e+00,2.104096460029912241e-01
3.421999999999999886e+01,2.498957365751266688e-02,6.621404170989990401e-02,0.000000000000000000e+00,1.000000000000000000e+00,2.109065712718196928e-01
3.424000000000000199e+01,2.499084174633026123e-02,6.622816801071167159e-02,0.000000000000000000e+00,1.000000000000000000e+00,2.127607366707073844e-01
3.425999999999999801e+01,2.499165087938308785e-02,6.624442577362060769e-02,0.000000000000000000e+00,1.000000000000000000e+00,2.156837861661926314e-01
3.428000000000000114e+01,2.499186247587203979e-02,6.626510381698608176e-02,0.000000000000000000e+00,1.000000000000000000e+00,2.191135356573442605e-01
3.430000000000000426e+01,2.499132007360458513e-02,6.628646850585936945e-02,0.000000000000000000e+00,1.000000000000000000e+00,2.224331325866518438e-01
3.432000000000000028e+01,2.499019503593444963e-02,6.630751132965087558e-02,0.000000000000000000e+00,1.000000000000000000e+00,2.252765916540276636e-01
3.434000000000000341e+01,2.498895078897476335e-02,6.632567882537841741e-02,0.000000000000000000e+00,1.000000000000000000e+00,2.276002982848344680e-01
3.435999999999999943e+01,2.498829513788223405e-02,6.633602142333984431e-02,0.000000000000000000e+00,1.000000000000000000e+00,2.294817747792570750e-01
3.438000000000000256e+01,2.498791962862014979e-02,6.634649991989136075e-02,0.000000000000000000e+00,1.000000000000000000e+00,2.309477010601063141e-01
3.439999999999999858e+01,2.498793900012970248e-02,6.635407447814940796e-02,0.000000000000000000e+00,1.000000000000000000e+00,2.320235227265621814e-01
3.442000000000000171e+01,2.498819828033447404e-02,6.636258602142333651e-02,0.000000000000000000e+00,1.000000000000000000e+00,2.328936351782504854e-01
3.443999999999999773e+01,2.498852163553237984e-02,6.637246370315551258e-02,0.000000000000000000e+00,1.000000000000000000e+00,2.338982098274456634e-01
3.446000000000000085e+01,2.498859018087387293e-02,6.638135433197021873e-02,0.000000000000000000e+00,1.000000000000000000e+00,2.352930113007185020e-01
3.448000000000000398e+01,2.498821616172790597e-02,6.638991594314574973e-02,0.000000000000000000e+00,1.000000000000000000e+00,2.369696628483576872e-01
3.450000000000000000e+01,2.498661875724792619e-02,6.640202522277831310e-02,0.000000000000000000e+00,1.000000000000000000e+00,2.383059732287414467e-01
3.452000000000000313e+01,2.498580813407898227e-02,6.640459299087524137e-02,0.000000000000000000e+00,1.000000000000000000e+00,2.383674050132216227e-01
3.453999999999999915e+01,2.498444616794586251e-02,6.640572309494018055e-02,0.000000000000000000e+00,1.000000000000000000e+00,2.366721653018429850e-01
3.456000000000000227e+01,2.498556226491928378e-02,6.640679597854613758e-02,0.000000000000000000e+00,1.000000000000000000e+00,2.338279356857129454e-01
3.457999999999999829e+01,2.498746514320373743e-02,6.641215324401855691e-02,0.000000000000000000e+00,1.000000000000000000e+00,2.310521377865895898e-01
3.460000000000000142e+01,2.499089092016220162e-02,6.643066406249999167e-02,0.000000000000000000e+00,1.000000000000000000e+00,2.292699637348972752e-01
3.461999999999999744e+01,2.499258667230606218e-02,6.644867420196533259e-02,0.000000000000000000e+00,1.000000000000000000e+00,2.287912567241489337e-01
3.464000000000000057e+01,2.499341219663619995e-02,6.647653341293334461e-02,0.000000000000000000e+00,1.000000000000000000e+00,2.293452429745772292e-01
3.466000000000000369e+01,2.499260902404785295e-02,6.651111602783202348e-02,0.000000000000000000e+00,1.000000000000000000e+00,2.301488280172112599e-01
3.467999999999999972e+01,2.499087005853653162e-02,6.653630018234252264e-02,0.000000000000000000e+00,1.000000000000000000e+00,2.301755945170423645e-01
3.470000000000000284e+01,2.498912513256073067e-02,6.655260086059569535e-02,0.000000000000000000e+00,1.000000000000000000e+00,2.286559071565065215e-01
3.471999999999999886e+01,2.498720884323120395e-02,6.656742095947265625e-02,0.000000000000000000e+00,1.000000000000000000e+00,2.253936868126911741e-01
3.474000000000000199e+01,2.498659044504165927e-02,6.657261371612548106e-02,0.000000000000000000e+00,1.000000000000000000e+00,2.207194431813828406e-01
3.475999999999999801e+01,2.498623579740524500e-02,6.657845020294189675e-02,0.000000000000000000e+00,1.000000000000000000e+00,2.153349451462646114e-01
3.478000000000000114e+01,2.498637288808822771e-02,6.658366441726684681e-02,0.000000000000000000e+00,1.000000000000000000e+00,2.101613865728424180e-01
3.480000000000000426e+01,2.498715072870254586e-02,6.659247636795043168e-02,0.000000000000000000e+00,1.000000000000000000e+00,2.060898404389913674e-01
3.482000000000000028e+01,2.498816102743148942e-02,6.660228252410888006e-02,0.000000000000000000e+00,1.000000000000000000e+00,2.037088940129770931e-01
3.484000000000000341e+01,2.498904764652252336e-02,6.661263227462768666e-02,0.000000000000000000e+00,1.000000000000000000e+00,2.032067957248881729e-01
3.485999999999999943e+01,2.498994916677475114e-02,6.662917613983154741e-02,0.000000000000000000e+00,1.000000000000000000e+00,2.044148606877951857e-01
3.488000000000000256e+01,2.499035298824310580e-02,6.664956808090209683e-02,0.000000000000000000e+00,1.000000000000000000e+00,2.068448622731123010e-01
3.489999999999999858e+01,2.499008476734161655e-02,6.667139768600463534e-02,0.000000000000000000e+00,1.000000000000000000e+00,2.097906704957883950e-01
3.492000000000000171e+01,2.498938590288162301e-02,6.669054508209228127e-02,0.000000000000000000e+00,1.000000000000000000e+00,2.126264178633019974e-01
3.493999999999999773e+01,2.498881667852401872e-02,6.670295476913451482e-02,0.000000000000000000e+00,1.000000000000000000e+00,2.150717491806201087e-01
3.496000000000000085e+01,2.498837560415267944e-02,6.671625852584839311e-02,0.000000000000000000e+00,1.000000000000000000e+00,2.171224984388368806e-01
3.498000000000000398e+01,2.498840391635894984e-02,6.673062801361083485e-02,0.000000000000000000e+00,1.000000000000000000e+00,2.188175402890401022e-01
3.500000000000000000e+01,2.498888224363327026e-02,6.674136400222778487e-02,0.000000000000000000e+00,1.000000000000000000e+00,2.201801572660107842e-01
3.502000000000000313e+01,2.499008625745773385e-02,6.675780057907104714e-02,0.000000000000000000e+00,1.000000000000000000e+00,2.213812970781732226e-01
3.503999999999999915e+01,2.499140202999115129e-02,6.677468061447143499e-02,0.000000000000000000e+00,1.000000000000000000e+00,2.228530270525193313e-01
3.506000000000000227e+01,2.499276697635650912e-02,6.679680347442626398e-02,0.000000000000000000e+00,1.000000000000000000e+00,2.251207589999532355e-01
3.507999999999999829e+01,2.499374002218246460e-02,6.682844638824463057e-02,0.000000000000000000e+00,1.000000000000000000e+00,2.285115770189745932e-01
3.510000000000000142e+01,2.499331533908843994e-02,6.686584711074829157e-02,0.000000000000000000e+00,1.000000000000000000e+00,2.329210585039066528e-01
3.511999999999999744e+01,2.499125152826309204e-02,6.689729690551757257e-02,0.000000000000000000e+00,1.000000000000000000e+00,2.376109234877358534e-01
3.514000000000000057e+01,2.498872280120849679e-02,6.691529989242553378e-02,0.000000000000000000e+00,1.000000000000000000e+00,2.413068769575558992e-01
3.516000000000000369e+01,2.498641014099121233e-02,6.692401885986327958e-02,0.000000000000000000e+00,1.000000000000000000e+00,2.430369536680732634e-01
3.517999999999999972e+01,2.498485594987869332e-02,6.692662239074706476e-02,0.000000000000000000e+00,1.000000000000000000e+00,2.429873845966392110e-01
3.520000000000000284e+01,2.498533427715301722e-02,6.692666530609130138e-02,0.000000000000000000e+00,1.000000000000000000e+00,2.421754835934660510e-01
3.521999999999999886e+01,2.498650997877121041e-02,6.692911148071288563e-02,0.000000000000000000e+00,1.000000000000000000e+00,2.415343664792206357e-01
3.524000000000000199e+01,2.498732209205627511e-02,6.693342447280883900e-02,0.000000000000000000e+00,1.000000000000000000e+00,2.414595947721627778e-01
3.525999999999999801e+01,2.498812526464462558e-02,6.694526910781860296e-02,0.000000000000000000e+00,1.000000000000000000e+00,2.417907049860102686e-01
3.528000000000000114e+01,2.498803138732910364e-02,6.695672035217284379e-02,0.000000000000000000e+00,1.000000000000000000e+00,2.419461006033870321e-01
3.530000000000000426e+01,2.498738318681717127e-02,6.696703433990477961e-02,0.000000000000000000e+00,1.000000000000000000e+00,2.411571204280149594e-01
3.532000000000000028e+01,2.498671710491180697e-02,6.697387933731079046e-02,0.000000000000000000e+00,1.000000000000000000e+00,2.387395499942095989e-01
3.534000000000000341e+01,2.498594671487808228e-02,6.698158979415892722e-02,0.000000000000000000e+00,1.000000000000000000e+00,2.343177638725349177e-01
3.535999999999999943e+01,2.498571574687957764e-02,6.698575973510742521e-02,0.000000000000000000e+00,1.000000000000000000e+00,2.280395601191015087e-01
3.538000000000000256e+01,2.498577237129211495e-02,6.698819160461425004e-02,0.000000000000000000e+00,1.000000000000000000e+00,2.207265573688820259e-01
3.539999999999999858e+01,2.498616129159927576e-02,6.699265480041503851e-02,0.000000000000000000e+00,1.000000000000000000e+00,2.136594391468597809e-01
3.542000000000000171e+01,2.498718202114105433e-02,6.700226783752441517e-02,0.000000000000000000e+00,1.000000000000000000e+00,2.079870102044286684e-01
3.543999999999999773e+01,2.498798668384552210e-02,6.701115846633910744e-02,0.000000000000000000e+00,1.000000000000000000e+00,2.042986459748737660e-01
3.546000000000000085e+01,2.498859763145446986e-02,6.702168703079224021e-02,0.000000000000000000e+00,1.000000000000000000e+00,2.026433950528613026e-01
3.548000000000000398e+01,2.498888671398162911e-02,6.703631401062011552e-02,0.000000000000000000e+00,1.000000000000000000e+00,2.026980778423852214e-01
3.550000000000000000e+01,2.498861253261566370e-02,6.705151319503784013e-02,0.000000000000000000e+00,1.000000000000000000e+00,2.038577853494422110e-01
3.552000000000000313e+01,2.498794496059417863e-02,6.706493854522704856e-02,0.000000000000000000e+00,1.000000000000000000e+00,2.054004625927838001e-01
3.553999999999999915e+01,2.498734593391418665e-02,6.707403659820555808e-02,0.000000000000000000e+00,1.000000000000000000e+00,2.067988635777862905e-01
3.556000000000000227e+01,2.498693466186523507e-02,6.708183288574218195e-02,0.000000000000000000e+00,1.000000000000000000e+00,2.078612731022501936e-01
3.557999999999999829e+01,2.498692125082016199e-02,6.708874225616455467e-02,0.000000000000000000e+00,1.000000000000000000e+00,2.085669282271334635e-01
3.560000000000000142e+01,2.498757094144821167e-02,6.709835529327391745e-02,0.000000000000000000e+00,1.000000000000000000e+00,2.089150908150758656e-01
3.561999999999999744e+01,2.498889565467834681e-02,6.710972785949706476e-02,0.000000000000000000e+00,1.000000000000000000e+00,2.090285678493574717e-01
3.564000000000000057e+01,2.499142289161682129e-02,6.712937593460083230e-02,0.000000000000000000e+00,1.000000000000000000e+00,2.093488625554237870e-01
3.566000000000000369e+01,2.499573677778244019e-02,6.716744184494018166e-02,0.000000000000000000e+00,1.000000000000000000e+00,2.105622894052105731e-01
3.567999999999999972e+01,2.499914765357971400e-02,6.720822572708129439e-02,0.000000000000000000e+00,1.000000000000000000e+00,2.132892056909679035e-01
3.570000000000000284e+01,2.500154972076416154e-02,6.725919485092163308e-02,0.000000000000000000e+00,1.000000000000000000e+00,2.178737445531457317e-01
3.571999999999999886e+01,2.500192821025848389e-02,6.731482028961181807e-02,0.000000000000000000e+00,1.000000000000000000e+00,2.242266537497936141e-01
3.574000000000000199e+01,2.500015795230865756e-02,6.736248493194579856e-02,0.000000000000000000e+00,1.000000000000000000e+00,2.315403919465018889e-01
3.575999999999999801e+01,2.499621957540512293e-02,6.740801811218261053e-02,0.000000000000000000e+00,1.000000000000000000e+00,2.382808197544951934e-01
3.578000000000000114e+01,2.499246448278427332e-02,6.743378162384032481e-02,0.000000000000000000e+00,1.000000000000000000e+00,2.430354860773635273e-01
3.580000000000000426e+01,2.498830109834671021e-02,6.745229244232177346e-02,0.000000000000000000e+00,1.000000000000000000e+00,2.454958886352942571e-01
3.582000000000000028e+01,2.498666048049926966e-02,6.745693445205688810e-02,0.000000000000000000e+00,1.000000000000000000e+00,2.463460646823209532e-01
3.584000000000000341e+01,2.498535215854644914e-02,6.745887994766235074e-02,0.000000000000000000e+00,1.000000000000000000e+00,2.464706955613742145e-01
3.585999999999999943e+01,2.498544901609420915e-02,6.745887994766235074e-02,0.000000000000000000e+00,1.000000000000000000e+00,2.464555623878623702e-01
3.588000000000000256e+01,2.498545497655868530e-02,6.745889425277709628e-02,0.000000000000000000e+00,1.000000000000000000e+00,2.465041759497007545e-01
3.589999999999999858e+01,2.498549073934555262e-02,6.745958805084228960e-02,0.000000000000000000e+00,1.000000000000000000e+00,2.464997706994815629e-01
3.592000000000000171e+01,2.498550117015838762e-02,6.745945215225220004e-02,0.000000000000000000e+00,1.000000000000000000e+00,2.460468305312055459e-01
3.593999999999999773e+01,2.498553842306137224e-02,6.745910167694091353e-02,0.000000000000000000e+00,1.000000000000000000e+00,2.444990135871322467e-01
3.596000000000000085e+01,2.498554289340973109e-02,6.745940208435058372e-02,0.000000000000000000e+00,1.000000000000000000e+00,2.411387698121602585e-01
3.598000000000000398e+01,2.498563677072525302e-02,6.745990276336669145e-02,0.000000000000000000e+00,1.000000000000000000e+00,2.356740103948355147e-01
3.600000000000000000e+01,2.498593330383300920e-02,6.746112585067748357e-02,0.000000000000000000e+00,1.000000000000000000e+00,2.287551596695502065e-01
3.602000000000000313e+01,2.498646080493927002e-02,6.746365070343017523e-02,0.000000000000000000e+00,1.000000000000000000e+00,2.217669169833524634e-01
3.603999999999999915e+01,2.498715072870254586e-02,6.746819972991943692e-02,0.000000000000000000e+00,1.000000000000000000e+00,2.159570849519268365e-01
3.606000000000000227e+01,2.498775422573089669e-02,6.747475147247314342e-02,0.000000000000000000e+00,1.000000000000000000e+00,2.119003104466327392e-01
3.607999999999999829e+01,2.498801648616790980e-02,6.748259067535400391e-02,0.000000000000000000e+00,1.000000000000000000e+00,2.095825705330897626e-01
3.610000000000000142e+01,2.498778253793716708e-02,6.749233245849609042e-02,0.000000000000000000e+00,1.000000000000000000e+00,2.086246537839383797e-01
3.611999999999999744e+01,2.498718798160553048e-02,6.749969244003295454e-02,0.000000000000000000e+00,1.000000000000000000e+00,2.084389416167615472e-01
3.614000000000000057e+01,2.498648017644882272e-02,6.750503540039062833e-02,0.000000000000000000e+00,1.000000000000000000e+00,2.084544143338634692e-01
3.616000000000000369e+01,2.498591840267181535e-02,6.750856161117553544e-02,0.000000000000000000e+00,1.000000000000000000e+00,2.083318289541713775e-01
3.617999999999999972e+01,2.498582601547241419e-02,6.750941276550292969e-02,0.000000000000000000e+00,1.000000000000000000e+00,2.079265605874267842e-01
3.620000000000000284e+01,2.498593330383300920e-02,6.751136541366577204e-02,0.000000000000000000e+00,1.000000000000000000e+00,2.071178804688192376e-01
3.621999999999999886e+01,2.498649358749389926e-02,6.751419782638549971e-02,0.000000000000000000e+00,1.000000000000000000e+00,2.058323268251505134e-01
3.624000000000000199e+01,2.498791664838791171e-02,6.752040624618529940e-02,0.000000000000000000e+00,1.000000000000000000e+00,2.043132005998477552e-01
3.625999999999999801e+01,2.499061375856399814e-02,6.753389596939086970e-02,0.000000000000000000e+00,1.000000000000000000e+00,2.032560803252130011e-01
3.628000000000000114e+01,2.499469220638275355e-02,6.756032466888427235e-02,0.000000000000000000e+00,1.000000000000000000e+00,2.035081893964217903e-01
3.630000000000000426e+01,2.499892115592956821e-02,6.759960651397704801e-02,0.000000000000000000e+00,1.000000000000000000e+00,2.056988022904958358e-01
3.632000000000000028e+01,2.500166594982147425e-02,6.764287233352660189e-02,0.000000000000000000e+00,1.000000000000000000e+00,2.101292455269089254e-01
3.634000000000000341e+01,2.500307857990265170e-02,6.770740985870360440e-02,0.000000000000000000e+00,1.000000000000000000e+00,2.166606755010332952e-01
3.635999999999999943e+01,2.500193417072296351e-02,6.777256965637207253e-02,0.000000000000000000e+00,1.000000000000000000e+00,2.244435739708611488e-01
3.638000000000000256e+01,2.499913871288299630e-02,6.782318830490112471e-02,0.000000000000000000e+00,1.000000000000000000e+00,2.319408710925093819e-01
3.639999999999999858e+01,2.499487251043319702e-02,6.787026643753051036e-02,0.000000000000000000e+00,1.000000000000000000e+00,2.376563301029913367e-01
3.642000000000000171e+01,2.499156594276428361e-02,6.789748907089232510e-02,0.000000000000000000e+00,1.000000000000000000e+00,2.409498836290833723e-01
3.643999999999999773e+01,2.498876005411148141e-02,6.791722297668456587e-02,0.000000000000000000e+00,1.000000000000000000e+00,2.421100636702397391e-01
3.646000000000000085e+01,2.498695701360702584e-02,6.792981863021850530e-02,0.000000000000000000e+00,1.000000000000000000e+00,2.419052541149901148e-01
3.648000000000000398e+01,2.498590201139450073e-02,6.793892383575439453e-02,0.000000000000000000e+00,1.000000000000000000e+00,2.411839946068949636e-01
3.650000000000000000e+01,2.498563081026077340e-02,6.794294357299804354e-02,0.000000000000000000e+00,1.000000000000000000e+00,2.406407195352873174e-01
3.652000000000000313e+01,2.498547583818435877e-02,6.794851541519164595e-02,0.000000000000000000e+00,1.000000000000000000e+00,2.406519376969850355e-01
3.653999999999999915e+01,2.498538643121719569e-02,6.795219898223876787e-02,0.000000000000000000e+00,1.000000000000000000e+00,2.411522154300243248e-01
3.656000000000000227e+01,2.498514503240585605e-02,6.795593976974487194e-02,0.000000000000000000e+00,1.000000000000000000e+00,2.415650493506999175e-01
3.657999999999999829e+01,2.498489320278167794e-02,6.795752048492431641e-02,0.000000000000000000e+00,1.000000000000000000e+00,2.409180469646923783e-01
3.660000000000000142e+01,2.498443573713302751e-02,6.795870065689087192e-02,0.000000000000000000e+00,1.000000000000000000e+00,2.384105453058487922e-01
3.661999999999999744e+01,2.498480975627899447e-02,6.795853614807129128e-02,0.000000000000000000e+00,1.000000000000000000e+00,2.341987171673808599e-01
3.664000000000000057e+01,2.498532682657242029e-02,6.795923709869385043e-02,0.000000000000000000e+00,1.000000000000000000e+00,2.293783402055921683e-01
3.666000000000000369e+01,2.498618960380554269e-02,6.796235561370848888e-02,0.000000000000000000e+00,1.000000000000000000e+00,2.250882473849294130e-01
3.667999999999999972e+01,2.498646527528762887e-02,6.796475172042847068e-02,0.000000000000000000e+00,1.000000000000000000e+00,2.218975428453589527e-01
3.670000000000000284e+01,2.498649060726165771e-02,6.796988725662231334e-02,0.000000000000000000e+00,1.000000000000000000e+00,2.198240786531588664e-01
3.671999999999999886e+01,2.498595267534256190e-02,6.797513723373413419e-02,0.000000000000000000e+00,1.000000000000000000e+00,2.185523050703707115e-01
3.674000000000000199e+01,2.498528957366943568e-02,6.797783374786377231e-02,0.000000000000000000e+00,1.000000000000000000e+00,2.176683078205485233e-01
3.675999999999999801e+01,2.498529553413391183e-02,6.797781944274902677e-02,0.000000000000000000e+00,1.000000000000000000e+00,2.168799799714283272e-01
3.678000000000000114e+01,2.498556077480316301e-02,6.797776937484741044e-02,0.000000000000000000e+00,1.000000000000000000e+00,2.160492304321372514e-01
3.680000000000000426e+01,2.498569488525390764e-02,6.797809839248657171e-02,0.000000000000000000e+00,1.000000000000000000e+00,2.150227401308660302e-01
3.682000000000000028e+01,2.498559951782226840e-02,6.797847032546996959e-02,0.000000000000000000e+00,1.000000000000000000e+00,2.135309274546453029e-01
3.684000000000000341e+01,2.498579621315002650e-02,6.797849178314208096e-02,0.000000000000000000e+00,1.000000000000000000e+00,2.113848107538164323e-01
3.685999999999999943e+01,2.498654425144195695e-02,6.797963619232177956e-02,0.000000000000000000e+00,1.000000000000000000e+00,2.088588024007797805e-01
3.688000000000000256e+01,2.498762905597686976e-02,6.798274755477905218e-02,0.000000000000000000e+00,1.000000000000000000e+00,2.067486992043190974e-01
3.689999999999999858e+01,2.499093115329742432e-02,6.799771070480346846e-02,0.000000000000000000e+00,1.000000000000000000e+00,2.059358447339922904e-01
3.692000000000000171e+01,2.499488890171051164e-02,6.802569866180419034e-02,0.000000000000000000e+00,1.000000000000000000e+00,2.070028127057402523e-01
3.693999999999999773e+01,2.499835640192031930e-02,6.806729793548584040e-02,0.000000000000000000e+00,1.000000000000000000e+00,2.101486999556689272e-01
3.696000000000000085e+01,2.500011622905731409e-02,6.811459779739380271e-02,0.000000000000000000e+00,1.000000000000000000e+00,2.151231276817389959e-01
3.698000000000000398e+01,2.500008344650268832e-02,6.816237688064574751e-02,0.000000000000000000e+00,1.000000000000000000e+00,2.211077301265225170e-01
3.700000000000000000e+01,2.499872297048568934e-02,6.820630788803100364e-02,0.000000000000000000e+00,1.000000000000000000e+00,2.268393049511653325e-01
3.702000000000000313e+01,2.499648928642272949e-02,6.824910163879394087e-02,0.000000000000000000e+00,1.000000000000000000e+00,2.310844043917027468e-01
3.703999999999999915e+01,2.499474138021469394e-02,6.827762603759765514e-02,0.000000000000000000e+00,1.000000000000000000e+00,2.331179611439524735e-01
3.706000000000000227e+01,2.499338686466217110e-02,6.830193758010863481e-02,0.000000000000000000e+00,1.000000000000000000e+00,2.329317482114766913e-01
3.707999999999999829e+01,2.499242573976516793e-02,6.832780838012694757e-02,0.000000000000000000e+00,1.000000000000000000e+00,2.312140756724498647e-01
3.710000000000000142e+01,2.499208003282547136e-02,6.835165500640869030e-02,0.000000000000000000e+00,1.000000000000000000e+00,2.290932056887921842e-01
3.711999999999999744e+01,2.499207705259323328e-02,6.837392091751098855e-02,0.000000000000000000e+00,1.000000000000000000e+00,2.276548775662364521e-01
3.714000000000000057e+01,2.499203532934188982e-02,6.839303255081176369e-02,0.000000000000000000e+00,1.000000000000000000e+00,2.275374590640389660e-01
3.716000000000000369e+01,2.499151825904846400e-02,6.841613531112671065e-02,0.000000000000000000e+00,1.000000000000000000e+00,2.288147517967144551e-01
3.717999999999999972e+01,2.499074488878250122e-02,6.842895984649657870e-02,0.000000000000000000e+00,1.000000000000000000e+00,2.309921005374968028e-01
3.720000000000000284e+01,2.498953491449356148e-02,6.843918085098266157e-02,0.000000000000000000e+00,1.000000000000000000e+00,2.330450783469228127e-01
3.721999999999999886e+01,2.498814463615417480e-02,6.844581842422485518e-02,0.000000000000000000e+00,1.000000000000000000e+00,2.338685547982076174e-01
3.724000000000000199e+01,2.498698234558105469e-02,6.844882249832152932e-02,0.000000000000000000e+00,1.000000000000000000e+00,2.331169618433173440e-01
3.725999999999999801e+01,2.498716711997986048e-02,6.844865083694458285e-02,0.000000000000000000e+00,1.000000000000000000e+00,2.313995505079127490e-01
3.728000000000000114e+01,2.498714774847030778e-02,6.844863653182983732e-02,0.000000000000000000e+00,1.000000000000000000e+00,2.295664428186051653e-01
3.730000000000000426e+01,2.498736977577209473e-02,6.844966650009154385e-02,0.000000000000000000e+00,1.000000000000000000e+00,2.281064244593861146e-01
3.732000000000000028e+01,2.498729676008224626e-02,6.845091104507446123e-02,0.000000000000000000e+00,1.000000000000000000e+00,2.270780381773604972e-01
3.734000000000000341e+01,2.498698085546493738e-02,6.845165491104125699e-02,0.000000000000000000e+00,1.000000000000000000e+00,2.263158076864066615e-01
3.735999999999999943e+01,2.498726844787597934e-02,6.845164775848387728e-02,0.000000000000000000e+00,1.000000000000000000e+00,2.256867070087810734e-01
3.738000000000000256e+01,2.498742640018463204e-02,6.845191955566405639e-02,0.000000000000000000e+00,1.000000000000000000e+00,2.251954379073612400e-01
3.739999999999999858e+01,2.498769164085388322e-02,6.845304250717162975e-02,0.000000000000000000e+00,1.000000000000000000e+00,2.248483813075387583e-01
3.742000000000000171e+01,2.498807013034820557e-02,6.845780611038207453e-02,0.000000000000000000e+00,1.000000000000000000e+00,2.244560806167293920e-01
3.743999999999999773e+01,2.498778700828552246e-02,6.846309185028075228e-02,0.000000000000000000e+00,1.000000000000000000e+00,2.236170184691667617e-01
3.746000000000000085e+01,2.498707771301269739e-02,6.846600294113158736e-02,0.000000000000000000e+00,1.000000000000000000e+00,2.220079980020275845e-01
3.748000000000000398e+01,2.498752474784851282e-02,6.846550941467284546e-02,0.000000000000000000e+00,1.000000000000000000e+00,2.197939883925537352e-01
3.750000000000000000e+01,2.498776912689209054e-02,6.846568822860717163e-02,0.000000000000000000e+00,1.000000000000000000e+00,2.176524577782334713e-01
3.752000000000000313e+01,2.498956322669983188e-02,6.847020864486694225e-02,0.000000000000000000e+00,1.000000000000000000e+00,2.163452732188152483e-01
3.753999999999999915e+01,2.499225288629532138e-02,6.848318338394164539e-02,0.000000000000000000e+00,1.000000000000000000e+00,2.163507761988942013e-01
3.756000000000000227e+01,2.499426454305649081e-02,6.850068569183349887e-02,0.000000000000000000e+00,1.000000000000000000e+00,2.177640496442952989e-01
3.757999999999999829e+01,2.499550133943558017e-02,6.852255105972289428e-02,0.000000000000000000e+00,1.000000000000000000e+00,2.202998194648641550e-01
3.760000000000000142e+01,2.499605864286422868e-02,6.855477333068847601e-02,0.000000000000000000e+00,1.000000000000000000e+00,2.233352162024221932e-01
3.761999999999999744e+01,2.499587088823318481e-02,6.858434200286865623e-02,0.000000000000000000e+00,1.000000000000000000e+00,2.260361990301338608e-01
3.764000000000000057e+01,2.499543577432632516e-02,6.861501216888427068e-02,0.000000000000000000e+00,1.000000000000000000e+00,2.275366179704225444e-01
3.766000000000000369e+01,2.499525696039199898e-02,6.864169120788574108e-02,0.000000000000000000e+00,1.000000000000000000e+00,2.271610757399364355e-01
3.767999999999999972e+01,2.499556392431259363e-02,6.866916418075560968e-02,0.000000000000000000e+00,1.000000000000000000e+00,2.247770228382605651e-01
3.770000000000000284e+01,2.499635815620422641e-02,6.869629383087158536e-02,0.000000000000000000e+00,1.000000000000000000e+00,2.211106128227494083e-01
3.771999999999999886e+01,2.499766200780868808e-02,6.873065471649170144e-02,0.000000000000000000e+00,1.000000000000000000e+00,2.175125292536506383e-01
3.774000000000000199e+01,2.499905526638031283e-02,6.877299785614013339e-02,0.000000000000000000e+00,1.000000000000000000e+00,2.152024332939997675e-01
3.775999999999999801e+01,2.499963343143463135e-02,6.881215810775756503e-02,0.000000000000000000e+00,1.000000000000000000e+00,2.147859340079102952e-01
3.778000000000000114e+01,2.499906867742538591e-02,6.885195493698119396e-02,0.000000000000000000e+00,1.000000000000000000e+00,2.162930135300572820e-01
3.780000000000000426e+01,2.499738037586212228e-02,6.888409137725830245e-02,0.000000000000000000e+00,1.000000000000000000e+00,2.192516536365367308e-01
3.782000000000000028e+01,2.499424964189529697e-02,6.891514062881469449e-02,0.000000000000000000e+00,1.000000000000000000e+00,2.226570766266336987e-01
3.784000000000000341e+01,2.499143779277801514e-02,6.893242120742797130e-02,0.000000000000000000e+00,1.000000000000000000e+00,2.253378539971535310e-01
3.785999999999999943e+01,2.499002218246459961e-02,6.893814325332640880e-02,0.000000000000000000e+00,1.000000000000000000e+00,2.267428038254505895e-01
3.788000000000000256e+01,2.498887032270431796e-02,6.894121170043944480e-02,0.000000000000000000e+00,1.000000000000000000e+00,2.271573887254553781e-01
3.789999999999999858e+01,2.498874664306640833e-02,6.894141912460326205e-02,0.000000000000000000e+00,1.000000000000000000e+00,2.271451977141963896e-01
3.792000000000000171e+01,2.498874664306640833e-02,6.894141912460326205e-02,0.000000000000000000e+00,1.000000000000000000e+00,2.270616189670320306e-01
3.793999999999999773e+01,2.498873025178909371e-02,6.894139766693115068e-02,0.000000000000000000e+00,1.000000000000000000e+00,2.270030954190440375e-01
3.796000000000000085e+01,2.498908191919326990e-02,6.894199848175049106e-02,0.000000000000000000e+00,1.000000000000000000e+00,2.270035520242877081e-01
3.798000000000000398e+01,2.499006241559982577e-02,6.894474506378173162e-02,0.000000000000000000e+00,1.000000000000000000e+00,2.271979002594458896e-01
3.800000000000000000e+01,2.499159425497055054e-02,6.895170450210570678e-02,0.000000000000000000e+00,1.000000000000000000e+00,2.277691381702499629e-01
3.802000000000000313e+01,2.499293088912964145e-02,6.896248340606689342e-02,0.000000000000000000e+00,1.000000000000000000e+00,2.287524912268883992e-01
3.803999999999999915e+01,2.499345690011978149e-02,6.897413492202758567e-02,0.000000000000000000e+00,1.000000000000000000e+00,2.298940938623996733e-01
3.806000000000000227e+01,2.499313801527023454e-02,6.898462057113646795e-02,0.000000000000000000e+00,1.000000000000000000e+00,2.307064875967373418e-01
3.807999999999999829e+01,2.499185651540756364e-02,6.899559259414672630e-02,0.000000000000000000e+00,1.000000000000000000e+00,2.307783614479940737e-01
3.810000000000000142e+01,2.499063313007354736e-02,6.900061368942260465e-02,0.000000000000000000e+00,1.000000000000000000e+00,2.301194515109107330e-01
3.811999999999999744e+01,2.499012351036071847e-02,6.900155067443847212e-02,0.000000000000000000e+00,1.000000000000000000e+00,2.291473548443889729e-01
3.814000000000000057e+01,2.498951405286789149e-02,6.900158643722534291e-02,0.000000000000000000e+00,1.000000000000000000e+00,2.283522689056095289e-01
3.816000000000000369e+01,2.498995661735534807e-02,6.900242328643799161e-02,0.000000000000000000e+00,1.000000000000000000e+00,2.280260067343745922e-01
3.817999999999999972e+01,2.499088197946548739e-02,6.900684356689452958e-02,0.000000000000000000e+00,1.000000000000000000e+00,2.282066759419916213e-01
3.820000000000000284e+01,2.499146461486816476e-02,6.901278734207152987e-02,0.000000000000000000e+00,1.000000000000000000e+00,2.287432116575839891e-01
3.821999999999999886e+01,2.499180138111114710e-02,6.901976823806763028e-02,0.000000000000000000e+00,1.000000000000000000e+00,2.293567145275828556e-01
3.824000000000000199e+01,2.499210387468338290e-02,6.902813673019408958e-02,0.000000000000000000e+00,1.000000000000000000e+00,2.296247589138809553e-01
3.825999999999999801e+01,2.499257177114486833e-02,6.903722047805785356e-02,0.000000000000000000e+00,1.000000000000000000e+00,2.289416759526616829e-01
3.828000000000000114e+01,2.499367147684097498e-02,6.905116796493529496e-02,0.000000000000000000e+00,1.000000000000000000e+00,2.266719953579788560e-01
3.830000000000000426e+01,2.499536573886871477e-02,6.906824827194213423e-02,0.000000000000000000e+00,1.000000000000000000e+00,2.226686568771126529e-01
3.832000000000000028e+01,2.499768137931823730e-02,6.909087896347045066e-02,0.000000000000000000e+00,1.000000000000000000e+00,2.177536278467576691e-01
3.834000000000000341e+01,2.500088810920715610e-02,6.912688493728637307e-02,0.000000000000000000e+00,1.000000000000000000e+00,2.133542692471327717e-01
3.835999999999999943e+01,2.500392496585845947e-02,6.917397022247313843e-02,0.000000000000000000e+00,1.000000000000000000e+00,2.105883238104583055e-01
3.838000000000000256e+01,2.500563859939575195e-02,6.922618389129638061e-02,0.000000000000000000e+00,1.000000000000000000e+00,2.098935096872232009e-01
3.839999999999999858e+01,2.500544190406799386e-02,6.928200244903563731e-02,0.000000000000000000e+00,1.000000000000000000e+00,2.111883191901130497e-01
3.842000000000000171e+01,2.500334680080414096e-02,6.932985305786132368e-02,0.000000000000000000e+00,1.000000000000000000e+00,2.139195140703545051e-01
3.843999999999999773e+01,2.500003278255462716e-02,6.936738252639770841e-02,0.000000000000000000e+00,1.000000000000000000e+00,2.170375050525041039e-01
3.846000000000000085e+01,2.499622106552124023e-02,6.939509153366088534e-02,0.000000000000000000e+00,1.000000000000000000e+00,2.194423515657628609e-01
3.848000000000000398e+01,2.499309331178665300e-02,6.941151380538940208e-02,0.000000000000000000e+00,1.000000000000000000e+00,2.206723995039075181e-01
3.850000000000000000e+01,2.499190717935562134e-02,6.941651344299315518e-02,0.000000000000000000e+00,1.000000000000000000e+00,2.209601866432056860e-01
3.852000000000000313e+01,2.499118894338607857e-02,6.941956758499144564e-02,0.000000000000000000e+00,1.000000000000000000e+00,2.207532960959634749e-01
3.853999999999999915e+01,2.499106973409652779e-02,6.942079782485961748e-02,0.000000000000000000e+00,1.000000000000000000e+00,2.203943449620534845e-01
3.856000000000000227e+01,2.499120980501175204e-02,6.942195653915404774e-02,0.000000000000000000e+00,1.000000000000000000e+00,2.201325962624214594e-01
3.857999999999999829e+01,2.499163448810577670e-02,6.942399501800536332e-02,0.000000000000000000e+00,1.000000000000000000e+00,2.202384152534717365e-01
3.860000000000000142e+01,2.499252855777740756e-02,6.942876577377318781e-02,0.000000000000000000e+00,1.000000000000000000e+00,2.209999587296126999e-01
3.861999999999999744e+01,2.499382495880127231e-02,6.943833589553832786e-02,0.000000000000000000e+00,1.000000000000000000e+00,2.225900554548421728e-01
3.864000000000000057e+01,2.499519735574722359e-02,6.945543766021727849e-02,0.000000000000000000e+00,1.000000000000000000e+00,2.249277216235515964e-01
3.866000000000000369e+01,2.499577254056930750e-02,6.947653770446776678e-02,0.000000000000000000e+00,1.000000000000000000e+00,2.276302669385123489e-01
3.867999999999999972e+01,2.499524801969528476e-02,6.949866771697997547e-02,0.000000000000000000e+00,1.000000000000000000e+00,2.301431218887287911e-01
3.870000000000000284e+01,2.499409317970276156e-02,6.951433897018431673e-02,0.000000000000000000e+00,1.000000000000000000e+00,2.320474880719489985e-01
3.871999999999999886e+01,2.499287426471710413e-02,6.952422380447387251e-02,0.000000000000000000e+00,1.000000000000000000e+00,2.332790995390535971e-01
3.874000000000000199e+01,2.499172538518905709e-02,6.953092575073241410e-02,0.000000000000000000e+00,1.000000000000000000e+00,2.340257605218162840e-01
3.875999999999999801e+01,2.499031275510787964e-02,6.953763484954833540e-02,0.000000000000000000e+00,1.000000000000000000e+00,2.344798084365769530e-01
3.878000000000000114e+01,2.499000877141952653e-02,6.953898668289183738e-02,0.000000000000000000e+00,1.000000000000000000e+00,2.347293205727345455e-01
3.880000000000000426e+01,2.498995959758758614e-02,6.953924417495727095e-02,0.000000000000000000e+00,1.000000000000000000e+00,2.348264827632473295e-01
3.882000000000000028e+01,2.498997151851654192e-02,6.953915119171141801e-02,0.000000000000000000e+00,1.000000000000000000e+00,2.348656786052402412e-01
3.884000000000000341e+01,2.498991936445236345e-02,6.953947305679321345e-02,0.000000000000000000e+00,1.000000000000000000e+00,2.349072767336319034e-01
3.885999999999999943e+01,2.498975247144699305e-02,6.953978776931762917e-02,0.000000000000000000e+00,1.000000000000000000e+00,2.347783979410225097e-01
3.888000000000000256e+01,2.498985379934311191e-02,6.953982353210448608e-02,0.000000000000000000e+00,1.000000000000000000e+00,2.339427496939996409e-01
3.889999999999999858e+01,2.498987317085266113e-02,6.953985929489135687e-02,0.000000000000000000e+00,1.000000000000000000e+00,2.316965893872711957e-01
3.892000000000000171e+01,2.499140501022338937e-02,6.954421520233154685e-02,0.000000000000000000e+00,1.000000000000000000e+00,2.278313545247168115e-01
3.893999999999999773e+01,2.499427050352096696e-02,6.955617427825927512e-02,0.000000000000000000e+00,1.000000000000000000e+00,2.231655853720648508e-01
3.896000000000000085e+01,2.499787509441375732e-02,6.957801103591919334e-02,0.000000000000000000e+00,1.000000000000000000e+00,2.190519020666082117e-01
3.898000000000000398e+01,2.500109672546386996e-02,6.960820913314819114e-02,0.000000000000000000e+00,1.000000000000000000e+00,2.164607570567239903e-01
3.900000000000000000e+01,2.500371336936950753e-02,6.965464353561401367e-02,0.000000000000000000e+00,1.000000000000000000e+00,2.157145961235048537e-01
3.902000000000000313e+01,2.500424385070800989e-02,6.970714330673218051e-02,0.000000000000000000e+00,1.000000000000000000e+00,2.166144637844565624e-01
3.903999999999999915e+01,2.500258386135101318e-02,6.975564479827880970e-02,0.000000000000000000e+00,1.000000000000000000e+00,2.184486895067001555e-01
3.906000000000000227e+01,2.499984055757522791e-02,6.979086399078368586e-02,0.000000000000000000e+00,1.000000000000000000e+00,2.201139584396707705e-01
3.907999999999999829e+01,2.499666213989257951e-02,6.981730699539184792e-02,0.000000000000000000e+00,1.000000000000000000e+00,2.206726455067584969e-01
3.910000000000000142e+01,2.499413639307022234e-02,6.983350038528442216e-02,0.000000000000000000e+00,1.000000000000000000e+00,2.198572382732334463e-01
3.911999999999999744e+01,2.499206513166427751e-02,6.984570264816283847e-02,0.000000000000000000e+00,1.000000000000000000e+00,2.179752618190113067e-01
3.914000000000000057e+01,2.499131709337234705e-02,6.985144615173340121e-02,0.000000000000000000e+00,1.000000000000000000e+00,2.155462147262589001e-01
3.916000000000000369e+01,2.499123513698578089e-02,6.985515832901000033e-02,0.000000000000000000e+00,1.000000000000000000e+00,2.131198403873036384e-01
3.917999999999999972e+01,2.499158233404159823e-02,6.985904216766357366e-02,0.000000000000000000e+00,1.000000000000000000e+00,2.112463771178644256e-01
3.920000000000000284e+01,2.499239295721054216e-02,6.986510038375853826e-02,0.000000000000000000e+00,1.000000000000000000e+00,2.104096460029920845e-01
3.921999999999999886e+01,2.499409168958664079e-02,6.987886190414428766e-02,0.000000000000000000e+00,1.000000000000000000e+00,2.109065712718205532e-01
3.924000000000000199e+01,2.499537020921707361e-02,6.989310979843139926e-02,0.000000000000000000e+00,1.000000000000000000e+00,2.127607366707058301e-01
3.925999999999999801e+01,2.499652653932571411e-02,6.991636276245116743e-02,0.000000000000000000e+00,1.000000000000000000e+00,2.156837861661914102e-01
3.928000000000000114e+01,2.499673217535018990e-02,6.993657588958740456e-02,0.000000000000000000e+00,1.000000000000000000e+00,2.191135356573431225e-01
3.930000000000000426e+01,2.499602138996124406e-02,6.996459245681761752e-02,0.000000000000000000e+00,1.000000000000000000e+00,2.224331325866507891e-01
3.932000000000000028e+01,2.499504983425140589e-02,6.998276710510253906e-02,0.000000000000000000e+00,1.000000000000000000e+00,2.252765916540282187e-01
3.934000000000000341e+01,2.499398291110992501e-02,6.999835252761840709e-02,0.000000000000000000e+00,1.000000000000000000e+00,2.276002982848350509e-01
3.935999999999999943e+01,2.499345391988754342e-02,7.000669240951537531e-02,0.000000000000000000e+00,1.000000000000000000e+00,2.294817747792579632e-01
3.938000000000000256e+01,2.499307692050933838e-02,7.001717090606689176e-02,0.000000000000000000e+00,1.000000000000000000e+00,2.309477010601069802e-01
3.939999999999999858e+01,2.499311119318008492e-02,7.003063201904297097e-02,0.000000000000000000e+00,1.000000000000000000e+00,2.320235227265622646e-01
3.942000000000000171e+01,2.499340027570724765e-02,7.004015922546386053e-02,0.000000000000000000e+00,1.000000000000000000e+00,2.328936351782498471e-01
3.943999999999999773e+01,2.499381005764007846e-02,7.005270481109618363e-02,0.000000000000000000e+00,1.000000000000000000e+00,2.338982098274454691e-01
3.946000000000000085e+01,2.499391883611679077e-02,7.006673812866211215e-02,0.000000000000000000e+00,1.000000000000000000e+00,2.352930113007186130e-01
3.948000000000000398e+01,2.499350756406784266e-02,7.007616519927978294e-02,0.000000000000000000e+00,1.000000000000000000e+00,2.369696628483579093e-01
3.950000000000000000e+01,2.499250620603561679e-02,7.008376836776733509e-02,0.000000000000000000e+00,1.000000000000000000e+00,2.383059732287419463e-01
3.952000000000000313e+01,2.499127686023712436e-02,7.008768081665038563e-02,0.000000000000000000e+00,1.000000000000000000e+00,2.383674050132221223e-01
3.953999999999999915e+01,2.499073743820190430e-02,7.008813142776489091e-02,0.000000000000000000e+00,1.000000000000000000e+00,2.366721653018445115e-01
3.956000000000000227e+01,2.499183267354965210e-02,7.008917570114135687e-02,0.000000000000000000e+00,1.000000000000000000e+00,2.338279356857147495e-01
3.957999999999999829e+01,2.499510198831558436e-02,7.009836673736571933e-02,0.000000000000000000e+00,1.000000000000000000e+00,2.310521377865908388e-01
3.960000000000000142e+01,2.499918043613433977e-02,7.012038946151732954e-02,0.000000000000000000e+00,1.000000000000000000e+00,2.292699637348958042e-01
3.961999999999999744e+01,2.500161230564117501e-02,7.014619588851928045e-02,0.000000000000000000e+00,1.000000000000000000e+00,2.287912567241479067e-01
3.964000000000000057e+01,2.500249445438385010e-02,7.017595767974853238e-02,0.000000000000000000e+00,1.000000000000000000e+00,2.293452429745775623e-01
3.966000000000000369e+01,2.500183880329132080e-02,7.020410299301146906e-02,0.000000000000000000e+00,1.000000000000000000e+00,2.301488280172108991e-01
3.967999999999999972e+01,2.500009536743164062e-02,7.022935867309569591e-02,0.000000000000000000e+00,1.000000000000000000e+00,2.301755945170426421e-01
3.970000000000000284e+01,2.499786764383316040e-02,7.025017976760863925e-02,0.000000000000000000e+00,1.000000000000000000e+00,2.286559071565065493e-01
3.971999999999999886e+01,2.499642521142959872e-02,7.026134490966796931e-02,0.000000000000000000e+00,1.000000000000000000e+00,2.253936868126946991e-01
3.974000000000000199e+01,2.499543577432632516e-02,7.026964902877806673e-02,0.000000000000000000e+00,1.000000000000000000e+00,2.207194431813862823e-01
3.975999999999999801e+01,2.499508559703826974e-02,7.027541399002075473e-02,0.000000000000000000e+00,1.000000000000000000e+00,2.153349451462666653e-01
3.978000000000000114e+01,2.499530166387558053e-02,7.028363227844237893e-02,0.000000000000000000e+00,1.000000000000000000e+00,2.101613865728423902e-01
3.980000000000000426e+01,2.499593347311020175e-02,7.029077768325805997e-02,0.000000000000000000e+00,1.000000000000000000e+00,2.060898404389875649e-01
3.982000000000000028e+01,2.499707043170928955e-02,7.030181407928466630e-02,0.000000000000000000e+00,1.000000000000000000e+00,2.037088940129768155e-01
3.984000000000000341e+01,2.499846220016479700e-02,7.031805753707885687e-02,0.000000000000000000e+00,1.000000000000000000e+00,2.032067957248883117e-01
3.985999999999999943e+01,2.499922513961792131e-02,7.033206939697266014e-02,0.000000000000000000e+00,1.000000000000000000e+00,2.044148606877952967e-01
3.988000000000000256e+01,2.499968558549880981e-02,7.035533666610717385e-02,0.000000000000000000e+00,1.000000000000000000e+00,2.068448622731119957e-01
3.989999999999999858e+01,2.499941885471344133e-02,7.037694454193114957e-02,0.000000000000000000e+00,1.000000000000000000e+00,2.097906704957903101e-01
3.992000000000000171e+01,2.499866336584091395e-02,7.039760112762451227e-02,0.000000000000000000e+00,1.000000000000000000e+00,2.126264178633007762e-01
3.993999999999999773e+01,2.499792873859405656e-02,7.041360855102539451e-02,0.000000000000000000e+00,1.000000000000000000e+00,2.150717491806187487e-01
3.996000000000000085e+01,2.499737441539764612e-02,7.043033838272094727e-02,0.000000000000000000e+00,1.000000000000000000e+00,2.171224984388353263e-01
3.998000000000000398e+01,2.499739974737167497e-02,7.044334888458252120e-02,0.000000000000000000e+00,1.000000000000000000e+00,2.188175402890387977e-01
4.000000000000000000e+01,2.499807775020599504e-02,7.045857667922973688e-02,0.000000000000000000e+00,1.000000000000000000e+00,2.201801572660116724e-01
4.002000000000000313e+01,2.499967217445373674e-02,7.048037052154540461e-02,0.000000000000000000e+00,1.000000000000000000e+00,2.213812970781731670e-01
4.003999999999999915e+01,2.500179708003998080e-02,7.050765037536620150e-02,0.000000000000000000e+00,1.000000000000000000e+00,2.228530270525194978e-01
4.006000000000000227e+01,2.500345706939697404e-02,7.053458690643310547e-02,0.000000000000000000e+00,1.000000000000000000e+00,2.251207589999540681e-01
4.007999999999999829e+01,2.500450015068054338e-02,7.056859731674193503e-02,0.000000000000000000e+00,1.000000000000000000e+00,2.285115770189747320e-01
4.010000000000000142e+01,2.500407993793487757e-02,7.060557603836059570e-02,0.000000000000000000e+00,1.000000000000000000e+00,2.329210585039059866e-01
4.011999999999999744e+01,2.500201165676117082e-02,7.063712596893310935e-02,0.000000000000000000e+00,1.000000000000000000e+00,2.376109234877351872e-01
4.014000000000000057e+01,2.499883174896240512e-02,7.065981388092040794e-02,0.000000000000000000e+00,1.000000000000000000e+00,2.413068769575545947e-01
4.016000000000000369e+01,2.499542087316513131e-02,7.067270278930663785e-02,0.000000000000000000e+00,1.000000000000000000e+00,2.430369536680731801e-01
4.017999999999999972e+01,2.499338537454605380e-02,7.067612886428832619e-02,0.000000000000000000e+00,1.000000000000000000e+00,2.429873845966387669e-01
4.020000000000000284e+01,2.499310672283172607e-02,7.067610740661621482e-02,0.000000000000000000e+00,1.000000000000000000e+00,2.421754835934656347e-01
4.021999999999999886e+01,2.499393820762634347e-02,7.067783117294311468e-02,0.000000000000000000e+00,1.000000000000000000e+00,2.415343664792206635e-01
4.024000000000000199e+01,2.499565780162811557e-02,7.068695068359374944e-02,0.000000000000000000e+00,1.000000000000000000e+00,2.414595947721637492e-01
4.025999999999999801e+01,2.499649822711944719e-02,7.069935321807861717e-02,0.000000000000000000e+00,1.000000000000000000e+00,2.417907049860108515e-01
4.028000000000000114e+01,2.499641329050064295e-02,7.070971727371215543e-02,0.000000000000000000e+00,1.000000000000000000e+00,2.419461006033857831e-01
4.030000000000000426e+01,2.499561458826065133e-02,7.072244167327880471e-02,0.000000000000000000e+00,1.000000000000000000e+00,2.411571204280121838e-01
4.032000000000000028e+01,2.499463111162185738e-02,7.073254823684692327e-02,0.000000000000000000e+00,1.000000000000000000e+00,2.387395499942091825e-01
4.034000000000000341e+01,2.499400377273559848e-02,7.073882818222045066e-02,0.000000000000000000e+00,1.000000000000000000e+00,2.343177638725346956e-01
4.035999999999999943e+01,2.499369829893112460e-02,7.074433565139770508e-02,0.000000000000000000e+00,1.000000000000000000e+00,2.280395601191023414e-01
4.038000000000000256e+01,2.499380260705948154e-02,7.074879169464111384e-02,0.000000000000000000e+00,1.000000000000000000e+00,2.207265573688826088e-01
4.039999999999999858e+01,2.499411702156066964e-02,7.075239658355712835e-02,0.000000000000000000e+00,1.000000000000000000e+00,2.136594391468626120e-01
4.042000000000000171e+01,2.499485760927200317e-02,7.075937747955321488e-02,0.000000000000000000e+00,1.000000000000000000e+00,2.079870102044322766e-01
4.043999999999999773e+01,2.499577403068542480e-02,7.076950550079345870e-02,0.000000000000000000e+00,1.000000000000000000e+00,2.042986459748758477e-01
4.046000000000000085e+01,2.499664872884750644e-02,7.078459739685058483e-02,0.000000000000000000e+00,1.000000000000000000e+00,2.026433950528606365e-01
4.048000000000000398e+01,2.499700039625167916e-02,7.080243587493896540e-02,0.000000000000000000e+00,1.000000000000000000e+00,2.026980778423847773e-01
4.050000000000000000e+01,2.499676942825317452e-02,7.081518888473510576e-02,0.000000000000000000e+00,1.000000000000000000e+00,2.038577853494435987e-01
4.052000000000000313e+01,2.499592453241348405e-02,7.083217620849609208e-02,0.000000000000000000e+00,1.000000000000000000e+00,2.054004625927847993e-01
4.053999999999999915e+01,2.499509304761886666e-02,7.084477901458739735e-02,0.000000000000000000e+00,1.000000000000000000e+00,2.067988635777870676e-01
4.056000000000000227e+01,2.499476820230484009e-02,7.085092306137084905e-02,0.000000000000000000e+00,1.000000000000000000e+00,2.078612731022514981e-01
4.057999999999999829e+01,2.499475330114364624e-02,7.085869073867798185e-02,0.000000000000000000e+00,1.000000000000000000e+00,2.085669282271351566e-01
4.060000000000000142e+01,2.499546408653259555e-02,7.086921930313110074e-02,0.000000000000000000e+00,1.000000000000000000e+00,2.089150908150761710e-01
4.061999999999999744e+01,2.499661594629287720e-02,7.087911128997802235e-02,0.000000000000000000e+00,1.000000000000000000e+00,2.090285678493566668e-01
4.064000000000000057e+01,2.499916702508926669e-02,7.089895963668822743e-02,0.000000000000000000e+00,1.000000000000000000e+00,2.093488625554224825e-01
4.066000000000000369e+01,2.500246465206146240e-02,7.092807769775390236e-02,0.000000000000000000e+00,1.000000000000000000e+00,2.105622894052094074e-01
4.067999999999999972e+01,2.500562369823455811e-02,7.096587181091308649e-02,0.000000000000000000e+00,1.000000000000000000e+00,2.132892056909690415e-01
4.070000000000000284e+01,2.500817775726318568e-02,7.102009534835815319e-02,0.000000000000000000e+00,1.000000000000000000e+00,2.178737445531470085e-01
4.071999999999999886e+01,2.500861883163452148e-02,7.108482599258422741e-02,0.000000000000000000e+00,1.000000000000000000e+00,2.242266537497954459e-01
4.074000000000000199e+01,2.500661611557006975e-02,7.113884925842284268e-02,0.000000000000000000e+00,1.000000000000000000e+00,2.315403919465054694e-01
4.075999999999999801e+01,2.500328123569488595e-02,7.117746591567992998e-02,0.000000000000000000e+00,1.000000000000000000e+00,2.382808197544973028e-01
4.078000000000000114e+01,2.499924600124359131e-02,7.120519638061523215e-02,0.000000000000000000e+00,1.000000000000000000e+00,2.430354860773636105e-01
4.080000000000000426e+01,2.499606460332870483e-02,7.121937274932861606e-02,0.000000000000000000e+00,1.000000000000000000e+00,2.454958886352942571e-01
4.082000000000000028e+01,2.499376684427261422e-02,7.122589588165283148e-02,0.000000000000000000e+00,1.000000000000000000e+00,2.463460646823210920e-01
4.084000000000000341e+01,2.499318569898605416e-02,7.122676134109497126e-02,0.000000000000000000e+00,1.000000000000000000e+00,2.464706955613748529e-01
4.085999999999999943e+01,2.499357610940933228e-02,7.122675418853759155e-02,0.000000000000000000e+00,1.000000000000000000e+00,2.464555623878629809e-01
4.088000000000000256e+01,2.499385923147201538e-02,7.122749090194702148e-02,0.000000000000000000e+00,1.000000000000000000e+00,2.465041759497014484e-01
4.089999999999999858e+01,2.499389052391052385e-02,7.122809886932372769e-02,0.000000000000000000e+00,1.000000000000000000e+00,2.464997706994823956e-01
4.092000000000000171e+01,2.499380707740783691e-02,7.122915744781493919e-02,0.000000000000000000e+00,1.000000000000000000e+00,2.460468305312064896e-01
4.093999999999999773e+01,2.499377131462097307e-02,7.122949361801146628e-02,0.000000000000000000e+00,1.000000000000000000e+00,2.444990135871330239e-01
4.096000000000000085e+01,2.499378472566604614e-02,7.123028755187987837e-02,0.000000000000000000e+00,1.000000000000000000e+00,2.411387698121604251e-01
4.098000000000000398e+01,2.499379068613052576e-02,7.123031616210936945e-02,0.000000000000000000e+00,1.000000000000000000e+00,2.356740103948359033e-01
4.100000000000000000e+01,2.499408721923828194e-02,7.123153924942016157e-02,0.000000000000000000e+00,1.000000000000000000e+00,2.287551596695493739e-01
4.102000000000000313e+01,2.499423325061798234e-02,7.123224020004272072e-02,0.000000000000000000e+00,1.000000000000000000e+00,2.217669169833528242e-01
4.103999999999999915e+01,2.499492317438125819e-02,7.123678207397460271e-02,0.000000000000000000e+00,1.000000000000000000e+00,2.159570849519265034e-01
4.106000000000000227e+01,2.499602138996124406e-02,7.124872684478759932e-02,0.000000000000000000e+00,1.000000000000000000e+00,2.119003104466316845e-01
4.107999999999999829e+01,2.499632239341735909e-02,7.125773906707763561e-02,0.000000000000000000e+00,1.000000000000000000e+00,2.095825705330910949e-01
4.110000000000000142e+01,2.499603629112243791e-02,7.126961231231689065e-02,0.000000000000000000e+00,1.000000000000000000e+00,2.086246537839403781e-01
4.111999999999999744e+01,2.499534189701080322e-02,7.127821683883667214e-02,0.000000000000000000e+00,1.000000000000000000e+00,2.084389416167626297e-01
4.114000000000000057e+01,2.499439418315887659e-02,7.128537654876708485e-02,0.000000000000000000e+00,1.000000000000000000e+00,2.084544143338633304e-01
4.116000000000000369e+01,2.499396502971649309e-02,7.128807306289672296e-02,0.000000000000000000e+00,1.000000000000000000e+00,2.083318289541712942e-01
4.117999999999999972e+01,2.499379664659500191e-02,7.128963947296142190e-02,0.000000000000000000e+00,1.000000000000000000e+00,2.079265605874274503e-01
4.120000000000000284e+01,2.499388605356216500e-02,7.129128456115722823e-02,0.000000000000000000e+00,1.000000000000000000e+00,2.071178804688195152e-01
4.121999999999999886e+01,2.499444931745529314e-02,7.129412412643432173e-02,0.000000000000000000e+00,1.000000000000000000e+00,2.058323268251507354e-01
4.124000000000000199e+01,2.499586045742034981e-02,7.130027532577513927e-02,0.000000000000000000e+00,1.000000000000000000e+00,2.043132005998504752e-01
4.125999999999999801e+01,2.499869018793106357e-02,7.131442308425903209e-02,0.000000000000000000e+00,1.000000000000000000e+00,2.032560803252153603e-01
4.128000000000000114e+01,2.500218451023102084e-02,7.133705377578734852e-02,0.000000000000000000e+00,1.000000000000000000e+00,2.035081893964218180e-01
4.130000000000000426e+01,2.500661611557006975e-02,7.137821674346923884e-02,0.000000000000000000e+00,1.000000000000000000e+00,2.056988022904953917e-01
4.132000000000000028e+01,2.501027882099151819e-02,7.143591642379761020e-02,0.000000000000000000e+00,1.000000000000000000e+00,2.101292455269066495e-01
4.134000000000000341e+01,2.501154541969299525e-02,7.149374485015869141e-02,0.000000000000000000e+00,1.000000000000000000e+00,2.166606755010325180e-01
4.135999999999999943e+01,2.501053810119628976e-02,7.155126571655273660e-02,0.000000000000000000e+00,1.000000000000000000e+00,2.244435739708647570e-01
4.138000000000000256e+01,2.500739097595214983e-02,7.160827875137329435e-02,0.000000000000000000e+00,1.000000000000000000e+00,2.319408710925110473e-01
4.139999999999999858e+01,2.500358223915100098e-02,7.165032148361205611e-02,0.000000000000000000e+00,1.000000000000000000e+00,2.376563301029936959e-01
4.142000000000000171e+01,2.499985247850418368e-02,7.168105602264404630e-02,0.000000000000000000e+00,1.000000000000000000e+00,2.409498836290866475e-01
4.143999999999999773e+01,2.499766498804092615e-02,7.169646263122558816e-02,0.000000000000000000e+00,1.000000000000000000e+00,2.421100636702425146e-01
4.146000000000000085e+01,2.499624937772751063e-02,7.170635461807250977e-02,0.000000000000000000e+00,1.000000000000000000e+00,2.419052541149918356e-01
4.148000000000000398e+01,2.499541193246841708e-02,7.171358585357666404e-02,0.000000000000000000e+00,1.000000000000000000e+00,2.411839946068963236e-01
4.150000000000000000e+01,2.499513626098633090e-02,7.171766996383666104e-02,0.000000000000000000e+00,1.000000000000000000e+00,2.406407195352885942e-01
4.152000000000000313e+01,2.499501407146453857e-02,7.172204732894897627e-02,0.000000000000000000e+00,1.000000000000000000e+00,2.406519376969869506e-01
4.153999999999999915e+01,2.499492168426513741e-02,7.172587394714355358e-02,0.000000000000000000e+00,1.000000000000000000e+00,2.411522154300264897e-01
4.156000000000000227e+01,2.499475926160812586e-02,7.172837734222411998e-02,0.000000000000000000e+00,1.000000000000000000e+00,2.415650493507019159e-01
4.157999999999999829e+01,2.499444335699081698e-02,7.173035144805907370e-02,0.000000000000000000e+00,1.000000000000000000e+00,2.409180469646943212e-01
4.160000000000000142e+01,2.499426901340484619e-02,7.173080205917357899e-02,0.000000000000000000e+00,1.000000000000000000e+00,2.384105453058521507e-01
4.161999999999999744e+01,2.499445229768753121e-02,7.173072338104247159e-02,0.000000000000000000e+00,1.000000000000000000e+00,2.341987171673834134e-01
4.164000000000000057e+01,2.499489337205887049e-02,7.173131704330444613e-02,0.000000000000000000e+00,1.000000000000000000e+00,2.293783402055928067e-01
4.166000000000000369e+01,2.499511539936065743e-02,7.173211812973022405e-02,0.000000000000000000e+00,1.000000000000000000e+00,2.250882473849312726e-01
4.167999999999999972e+01,2.499554604291916171e-02,7.173586606979369396e-02,0.000000000000000000e+00,1.000000000000000000e+00,2.218975428453602017e-01
4.170000000000000284e+01,2.499556541442871094e-02,7.173999309539794145e-02,0.000000000000000000e+00,1.000000000000000000e+00,2.198240786531596158e-01
4.171999999999999886e+01,2.499512135982513705e-02,7.174432039260864036e-02,0.000000000000000000e+00,1.000000000000000000e+00,2.185523050703717662e-01
4.174000000000000199e+01,2.499453872442245622e-02,7.174669504165649692e-02,0.000000000000000000e+00,1.000000000000000000e+00,2.176683078205496336e-01
4.175999999999999801e+01,2.499423921108245850e-02,7.174724578857422097e-02,0.000000000000000000e+00,1.000000000000000000e+00,2.168799799714302423e-01
4.178000000000000114e+01,2.499389797449112077e-02,7.174731731414794866e-02,0.000000000000000000e+00,1.000000000000000000e+00,2.160492304321389723e-01
4.180000000000000426e+01,2.499383538961410731e-02,7.174716711044311357e-02,0.000000000000000000e+00,1.000000000000000000e+00,2.150227401308682507e-01
4.182000000000000028e+01,2.499385029077530115e-02,7.174710988998413141e-02,0.000000000000000000e+00,1.000000000000000000e+00,2.135309274546466074e-01
4.184000000000000341e+01,2.499360740184784074e-02,7.174708843231200617e-02,0.000000000000000000e+00,1.000000000000000000e+00,2.113848107538170706e-01
4.185999999999999943e+01,2.499399483203888078e-02,7.174768209457396684e-02,0.000000000000000000e+00,1.000000000000000000e+00,2.088588024007807242e-01
4.188000000000000256e+01,2.499627321958541870e-02,7.175419807434081643e-02,0.000000000000000000e+00,1.000000000000000000e+00,2.067486992043211236e-01
4.189999999999999858e+01,2.499956935644150058e-02,7.176911115646361639e-02,0.000000000000000000e+00,1.000000000000000000e+00,2.059358447339920406e-01
4.192000000000000171e+01,2.500295341014862130e-02,7.179303646087646651e-02,0.000000000000000000e+00,1.000000000000000000e+00,2.070028127057422229e-01
4.193999999999999773e+01,2.500619590282440394e-02,7.183191776275633933e-02,0.000000000000000000e+00,1.000000000000000000e+00,2.101486999556725077e-01
4.196000000000000085e+01,2.500770092010498255e-02,7.187240123748779574e-02,0.000000000000000000e+00,1.000000000000000000e+00,2.151231276817389126e-01
4.198000000000000398e+01,2.500766813755035678e-02,7.192038059234619196e-02,0.000000000000000000e+00,1.000000000000000000e+00,2.211077301265230166e-01
4.200000000000000000e+01,2.500619292259216586e-02,7.196798801422119030e-02,0.000000000000000000e+00,1.000000000000000000e+00,2.268393049511628068e-01
4.202000000000000313e+01,2.500416636466980258e-02,7.200683355331420621e-02,0.000000000000000000e+00,1.000000000000000000e+00,2.310844043917012203e-01
4.203999999999999915e+01,2.500235140323639124e-02,7.203645229339598888e-02,0.000000000000000000e+00,1.000000000000000000e+00,2.331179611439537780e-01
4.206000000000000227e+01,2.500095069408416956e-02,7.206162214279174250e-02,0.000000000000000000e+00,1.000000000000000000e+00,2.329317482114764692e-01
4.207999999999999829e+01,2.500009238719940255e-02,7.208468914031981867e-02,0.000000000000000000e+00,1.000000000000000000e+00,2.312140756724507251e-01
4.210000000000000142e+01,2.499983608722686906e-02,7.210230588912963645e-02,0.000000000000000000e+00,1.000000000000000000e+00,2.290932056887943491e-01
4.211999999999999744e+01,2.499983310699463099e-02,7.211944341659545787e-02,0.000000000000000000e+00,1.000000000000000000e+00,2.276548775662383395e-01
4.214000000000000057e+01,2.499979138374328752e-02,7.213842630386352317e-02,0.000000000000000000e+00,1.000000000000000000e+00,2.275374590640396877e-01
4.216000000000000369e+01,2.499942332506180018e-02,7.215481996536254883e-02,0.000000000000000000e+00,1.000000000000000000e+00,2.288147517967138167e-01
4.217999999999999972e+01,2.499857842922210971e-02,7.216883182525633822e-02,0.000000000000000000e+00,1.000000000000000000e+00,2.309921005374958869e-01
4.220000000000000284e+01,2.499733269214630266e-02,7.217936754226683682e-02,0.000000000000000000e+00,1.000000000000000000e+00,2.330450783469239229e-01
4.221999999999999886e+01,2.499556988477706979e-02,7.218780040740967185e-02,0.000000000000000000e+00,1.000000000000000000e+00,2.338685547982087831e-01
4.224000000000000199e+01,2.499412000179290771e-02,7.219156265258788729e-02,0.000000000000000000e+00,1.000000000000000000e+00,2.331169618433172885e-01
4.225999999999999801e+01,2.499387860298156808e-02,7.219178438186645008e-02,0.000000000000000000e+00,1.000000000000000000e+00,2.313995505079133042e-01
4.228000000000000114e+01,2.499418258666992465e-02,7.219204187393188366e-02,0.000000000000000000e+00,1.000000000000000000e+00,2.295664428186061090e-01
4.230000000000000426e+01,2.499435395002365390e-02,7.219282865524291604e-02,0.000000000000000000e+00,1.000000000000000000e+00,2.281064244593872803e-01
4.232000000000000028e+01,2.499432116746902466e-02,7.219337940216064009e-02,0.000000000000000000e+00,1.000000000000000000e+00,2.270780381773609691e-01
4.234000000000000341e+01,2.499406933784485002e-02,7.219397306442260076e-02,0.000000000000000000e+00,1.000000000000000000e+00,2.263158076864065782e-01
4.235999999999999943e+01,2.499426752328872889e-02,7.219396591186523493e-02,0.000000000000000000e+00,1.000000000000000000e+00,2.256867070087815452e-01
4.238000000000000256e+01,2.499480694532394548e-02,7.219489574432372270e-02,0.000000000000000000e+00,1.000000000000000000e+00,2.251954379073614620e-01
4.239999999999999858e+01,2.499536573886871477e-02,7.219725608825683372e-02,0.000000000000000000e+00,1.000000000000000000e+00,2.248483813075389803e-01
4.242000000000000171e+01,2.499563097953796595e-02,7.220059633255004883e-02,0.000000000000000000e+00,1.000000000000000000e+00,2.244560806167290035e-01
4.243999999999999773e+01,2.499544322490692208e-02,7.220408678054809903e-02,0.000000000000000000e+00,1.000000000000000000e+00,2.236170184691675389e-01
4.246000000000000085e+01,2.499476820230484009e-02,7.220686197280883067e-02,0.000000000000000000e+00,1.000000000000000000e+00,2.220079980020291943e-01
4.248000000000000398e+01,2.499433606863021851e-02,7.220734119415282704e-02,0.000000000000000000e+00,1.000000000000000000e+00,2.197939883925546789e-01
4.250000000000000000e+01,2.499530464410781860e-02,7.220805644989013172e-02,0.000000000000000000e+00,1.000000000000000000e+00,2.176524577782327774e-01
4.252000000000000313e+01,2.499603182077407906e-02,7.220988035202026423e-02,0.000000000000000000e+00,1.000000000000000000e+00,2.163452732188152206e-01
4.253999999999999915e+01,2.499818801879882812e-02,7.222026586532592773e-02,0.000000000000000000e+00,1.000000000000000000e+00,2.163507761988950617e-01
4.256000000000000227e+01,2.500033676624298373e-02,7.223896980285644809e-02,0.000000000000000000e+00,1.000000000000000000e+00,2.177640496442954099e-01
4.257999999999999829e+01,2.500179409980773926e-02,7.226474046707152821e-02,0.000000000000000000e+00,1.000000000000000000e+00,2.202998194648638774e-01
4.260000000000000142e+01,2.500225603580474854e-02,7.229141950607299860e-02,0.000000000000000000e+00,1.000000000000000000e+00,2.233352162024235810e-01
4.261999999999999744e+01,2.500209212303161621e-02,7.231715440750122181e-02,0.000000000000000000e+00,1.000000000000000000e+00,2.260361990301353041e-01
4.264000000000000057e+01,2.500167489051818848e-02,7.234650850296020508e-02,0.000000000000000000e+00,1.000000000000000000e+00,2.275366179704231273e-01
4.266000000000000369e+01,2.500151395797729770e-02,7.237031936645507701e-02,0.000000000000000000e+00,1.000000000000000000e+00,2.271610757399364078e-01
4.267999999999999972e+01,2.500178813934326311e-02,7.239500284194945456e-02,0.000000000000000000e+00,1.000000000000000000e+00,2.247770228382582058e-01
4.270000000000000284e+01,2.500269711017608781e-02,7.242611646652220847e-02,0.000000000000000000e+00,1.000000000000000000e+00,2.211106128227471324e-01
4.271999999999999886e+01,2.500386238098144601e-02,7.245685100555419866e-02,0.000000000000000000e+00,1.000000000000000000e+00,2.175125292536507493e-01
4.274000000000000199e+01,2.500494718551635881e-02,7.248991012573241521e-02,0.000000000000000000e+00,1.000000000000000000e+00,2.152024332939983797e-01
4.275999999999999801e+01,2.500546574592590540e-02,7.252503633499145230e-02,0.000000000000000000e+00,1.000000000000000000e+00,2.147859340079094626e-01
4.278000000000000114e+01,2.500490844249725342e-02,7.256435394287108487e-02,0.000000000000000000e+00,1.000000000000000000e+00,2.162930135300602519e-01
4.280000000000000426e+01,2.500351071357727328e-02,7.259097576141357311e-02,0.000000000000000000e+00,1.000000000000000000e+00,2.192516536365387292e-01
4.282000000000000028e+01,2.500113546848297189e-02,7.261455774307250255e-02,0.000000000000000000e+00,1.000000000000000000e+00,2.226570766266328660e-01
4.284000000000000341e+01,2.499858289957046509e-02,7.263025760650634877e-02,0.000000000000000000e+00,1.000000000000000000e+00,2.253378539971527816e-01
4.285999999999999943e+01,2.499661892652511874e-02,7.263821840286253939e-02,0.000000000000000000e+00,1.000000000000000000e+00,2.267428038254497291e-01
4.288000000000000256e+01,2.499626725912094255e-02,7.263915538787842074e-02,0.000000000000000000e+00,1.000000000000000000e+00,2.271573887254553503e-01
4.289999999999999858e+01,2.499606311321258753e-02,7.263949871063232755e-02,0.000000000000000000e+00,1.000000000000000000e+00,2.271451977141962786e-01
4.292000000000000171e+01,2.499599605798721522e-02,7.263957738876342107e-02,0.000000000000000000e+00,1.000000000000000000e+00,2.270616189670319196e-01
4.293999999999999773e+01,2.499595582485199252e-02,7.263952016830443892e-02,0.000000000000000000e+00,1.000000000000000000e+00,2.270030954190438433e-01
4.296000000000000085e+01,2.499599903821945329e-02,7.263959169387816661e-02,0.000000000000000000e+00,1.000000000000000000e+00,2.270035520242877358e-01
4.298000000000000398e+01,2.499621063470840523e-02,7.264018535614012728e-02,0.000000000000000000e+00,1.000000000000000000e+00,2.271979002594457231e-01
4.300000000000000000e+01,2.499751299619674960e-02,7.264610052108765037e-02,0.000000000000000000e+00,1.000000000000000000e+00,2.277691381702492135e-01
4.302000000000000313e+01,2.499878853559494088e-02,7.265639305114746094e-02,0.000000000000000000e+00,1.000000000000000000e+00,2.287524912268873167e-01
4.303999999999999915e+01,2.499939352273941248e-02,7.266980409622192383e-02,0.000000000000000000e+00,1.000000000000000000e+00,2.298940938623984798e-01
4.306000000000000227e+01,2.499908357858657976e-02,7.267998218536377009e-02,0.000000000000000000e+00,1.000000000000000000e+00,2.307064875967374806e-01
4.307999999999999829e+01,2.499804645776748657e-02,7.268886566162109653e-02,0.000000000000000000e+00,1.000000000000000000e+00,2.307783614479941570e-01
4.310000000000000142e+01,2.499675005674362183e-02,7.269419431686401090e-02,0.000000000000000000e+00,1.000000000000000000e+00,2.301194515109100669e-01
4.311999999999999744e+01,2.499561905860901018e-02,7.269628286361694280e-02,0.000000000000000000e+00,1.000000000000000000e+00,2.291473548443890562e-01
4.314000000000000057e+01,2.499584108591079712e-02,7.269626855850219727e-02,0.000000000000000000e+00,1.000000000000000000e+00,2.283522689056096400e-01
4.316000000000000369e+01,2.499604970216751099e-02,7.269666194915770652e-02,0.000000000000000000e+00,1.000000000000000000e+00,2.280260067343744812e-01
4.317999999999999972e+01,2.499656230211258143e-02,7.269910812377929077e-02,0.000000000000000000e+00,1.000000000000000000e+00,2.282066759419913438e-01
4.320000000000000284e+01,2.499692142009735107e-02,7.270277023315428744e-02,0.000000000000000000e+00,1.000000000000000000e+00,2.287432116575836838e-01
4.321999999999999886e+01,2.499715983867645264e-02,7.270771265029907227e-02,0.000000000000000000e+00,1.000000000000000000e+00,2.293567145275830221e-01
4.324000000000000199e+01,2.499743252992630074e-02,7.271527290344237393e-02,0.000000000000000000e+00,1.000000000000000000e+00,2.296247589138810385e-01
4.325999999999999801e+01,2.499781697988510271e-02,7.272273302078247070e-02,0.000000000000000000e+00,1.000000000000000000e+00,2.289416759526612666e-01
4.328000000000000114e+01,2.499867528676986972e-02,7.273361921310424194e-02,0.000000000000000000e+00,1.000000000000000000e+00,2.266719953579814650e-01
4.330000000000000426e+01,2.500032186508178988e-02,7.275024175643921009e-02,0.000000000000000000e+00,1.000000000000000000e+00,2.226686568771162333e-01
4.332000000000000028e+01,2.500231862068176547e-02,7.276976108551025391e-02,0.000000000000000000e+00,1.000000000000000000e+00,2.177536278467585851e-01
4.334000000000000341e+01,2.500523626804351807e-02,7.280253410339354581e-02,0.000000000000000000e+00,1.000000000000000000e+00,2.133542692471323554e-01
4.335999999999999943e+01,2.500732541084289828e-02,7.283496379852294478e-02,0.000000000000000000e+00,1.000000000000000000e+00,2.105883238104542532e-01
4.338000000000000256e+01,2.500868439674377650e-02,7.287641286849975975e-02,0.000000000000000000e+00,1.000000000000000000e+00,2.098935096872206196e-01
4.339999999999999858e+01,2.500851750373840610e-02,7.292401313781737837e-02,0.000000000000000000e+00,1.000000000000000000e+00,2.111883191901130497e-01
4.342000000000000171e+01,2.500674426555633822e-02,7.296449661254882091e-02,0.000000000000000000e+00,1.000000000000000000e+00,2.139195140703538944e-01
4.343999999999999773e+01,2.500369846820831368e-02,7.299903631210326316e-02,0.000000000000000000e+00,1.000000000000000000e+00,2.170375050525034100e-01
4.346000000000000085e+01,2.500067949295044223e-02,7.302100896835327093e-02,0.000000000000000000e+00,1.000000000000000000e+00,2.194423515657634993e-01
4.348000000000000398e+01,2.499795258045196811e-02,7.303533554077147605e-02,0.000000000000000000e+00,1.000000000000000000e+00,2.206723995039088504e-01
4.350000000000000000e+01,2.499687224626541415e-02,7.303989887237548329e-02,0.000000000000000000e+00,1.000000000000000000e+00,2.209601866432059358e-01
4.352000000000000313e+01,2.499607503414154330e-02,7.304329633712768055e-02,0.000000000000000000e+00,1.000000000000000000e+00,2.207532960959628643e-01
4.353999999999999915e+01,2.499590218067169328e-02,7.304508447647094227e-02,0.000000000000000000e+00,1.000000000000000000e+00,2.203943449620523465e-01
4.356000000000000227e+01,2.499587088823318481e-02,7.304481983184814287e-02,0.000000000000000000e+00,1.000000000000000000e+00,2.201325962624215427e-01
4.357999999999999829e+01,2.499629408121109217e-02,7.304685115814209262e-02,0.000000000000000000e+00,1.000000000000000000e+00,2.202384152534717088e-01
4.360000000000000142e+01,2.499749511480331421e-02,7.305325984954834373e-02,0.000000000000000000e+00,1.000000000000000000e+00,2.209999587296124224e-01
4.361999999999999744e+01,2.499864399433136125e-02,7.306174278259276733e-02,0.000000000000000000e+00,1.000000000000000000e+00,2.225900554548417842e-01
4.364000000000000057e+01,2.499998509883880754e-02,7.307845830917357455e-02,0.000000000000000000e+00,1.000000000000000000e+00,2.249277216235516796e-01
4.366000000000000369e+01,2.500045895576477259e-02,7.309587478637695479e-02,0.000000000000000000e+00,1.000000000000000000e+00,2.276302669385114608e-01
4.367999999999999972e+01,2.500000596046447754e-02,7.311495065689087303e-02,0.000000000000000000e+00,1.000000000000000000e+00,2.301431218887267371e-01
4.370000000000000284e+01,2.499884814023971627e-02,7.313067197799681673e-02,0.000000000000000000e+00,1.000000000000000000e+00,2.320474880719476662e-01
4.371999999999999886e+01,2.499759793281555384e-02,7.314081430435180609e-02,0.000000000000000000e+00,1.000000000000000000e+00,2.332790995390520705e-01
4.374000000000000199e+01,2.499669641256332606e-02,7.314607858657837247e-02,0.000000000000000000e+00,1.000000000000000000e+00,2.340257605218151460e-01
4.375999999999999801e+01,2.499625384807586947e-02,7.314818143844603604e-02,0.000000000000000000e+00,1.000000000000000000e+00,2.344798084365758706e-01
4.378000000000000114e+01,2.499591708183288713e-02,7.314968347549438699e-02,0.000000000000000000e+00,1.000000000000000000e+00,2.347293205727332133e-01
4.380000000000000426e+01,2.499565780162811557e-02,7.315104961395263450e-02,0.000000000000000000e+00,1.000000000000000000e+00,2.348264827632459417e-01
4.382000000000000028e+01,2.499562054872513095e-02,7.315132856369017944e-02,0.000000000000000000e+00,1.000000000000000000e+00,2.348656786052388534e-01
4.384000000000000341e+01,2.499558925628662248e-02,7.315152168273925115e-02,0.000000000000000000e+00,1.000000000000000000e+00,2.349072767336304879e-01
4.385999999999999943e+01,2.499565035104751864e-02,7.315140724182128684e-02,0.000000000000000000e+00,1.000000000000000000e+00,2.347783979410208721e-01
4.388000000000000256e+01,2.499573975801468173e-02,7.315143585205077792e-02,0.000000000000000000e+00,1.000000000000000000e+00,2.339427496939981976e-01
4.389999999999999858e+01,2.499656677246094028e-02,7.315283060073851651e-02,0.000000000000000000e+00,1.000000000000000000e+00,2.316965893872699467e-01
4.392000000000000171e+01,2.499799430370330811e-02,7.315688610076903631e-02,0.000000000000000000e+00,1.000000000000000000e+00,2.278313545247160621e-01
4.393999999999999773e+01,2.499999701976776331e-02,7.316523313522338423e-02,0.000000000000000000e+00,1.000000000000000000e+00,2.231655853720622973e-01
4.396000000000000085e+01,2.500306963920593400e-02,7.318384408950805164e-02,0.000000000000000000e+00,1.000000000000000000e+00,2.190519020666101824e-01
4.398000000000000398e+01,2.500608861446380893e-02,7.321215391159056896e-02,0.000000000000000000e+00,1.000000000000000000e+00,2.164607570567251560e-01
4.400000000000000000e+01,2.500854432582855225e-02,7.325573444366455245e-02,0.000000000000000000e+00,1.000000000000000000e+00,2.157145961235062970e-01
4.402000000000000313e+01,2.500893771648407191e-02,7.329456567764282282e-02,0.000000000000000000e+00,1.000000000000000000e+00,2.166144637844573395e-01
4.403999999999999915e+01,2.500757873058319369e-02,7.333425521850585327e-02,0.000000000000000000e+00,1.000000000000000000e+00,2.184486895066969914e-01
4.406000000000000227e+01,2.500486671924591342e-02,7.336908817291259988e-02,0.000000000000000000e+00,1.000000000000000000e+00,2.201139584396677451e-01
4.407999999999999829e+01,2.500241100788116663e-02,7.338953733444213146e-02,0.000000000000000000e+00,1.000000000000000000e+00,2.206726455067579140e-01
4.410000000000000142e+01,2.499993443489074985e-02,7.340542316436766968e-02,0.000000000000000000e+00,1.000000000000000000e+00,2.198572382732318919e-01
4.411999999999999744e+01,2.499899268150329590e-02,7.341097354888916071e-02,0.000000000000000000e+00,1.000000000000000000e+00,2.179752618190098357e-01
4.414000000000000057e+01,2.499824017286300659e-02,7.341675281524658037e-02,0.000000000000000000e+00,1.000000000000000000e+00,2.155462147262594830e-01
4.416000000000000369e+01,2.499815672636032313e-02,7.342051506042479581e-02,0.000000000000000000e+00,1.000000000000000000e+00,2.131198403873043601e-01
4.417999999999999972e+01,2.499848902225494662e-02,7.342424154281615434e-02,0.000000000000000000e+00,1.000000000000000000e+00,2.112463771178645922e-01
4.420000000000000284e+01,2.499927729368209978e-02,7.343013525009155218e-02,0.000000000000000000e+00,1.000000000000000000e+00,2.104096460029904192e-01
4.421999999999999886e+01,2.500020861625671525e-02,7.343768119812010831e-02,0.000000000000000000e+00,1.000000000000000000e+00,2.109065712718186658e-01
4.424000000000000199e+01,2.500159442424774309e-02,7.345312356948852095e-02,0.000000000000000000e+00,1.000000000000000000e+00,2.127607366707067460e-01
4.425999999999999801e+01,2.500255107879638741e-02,7.347237110137938565e-02,0.000000000000000000e+00,1.000000000000000000e+00,2.156837861661919931e-01
4.428000000000000114e+01,2.500272393226623743e-02,7.348924398422240767e-02,0.000000000000000000e+00,1.000000000000000000e+00,2.191135356573426785e-01
4.430000000000000426e+01,2.500222325325012276e-02,7.350892066955566628e-02,0.000000000000000000e+00,1.000000000000000000e+00,2.224331325866509279e-01
4.432000000000000028e+01,2.500136196613311768e-02,7.352504968643187866e-02,0.000000000000000000e+00,1.000000000000000000e+00,2.252765916540284408e-01
4.434000000000000341e+01,2.500047087669372836e-02,7.353808164596557784e-02,0.000000000000000000e+00,1.000000000000000000e+00,2.276002982848353007e-01
4.435999999999999943e+01,2.499994933605194369e-02,7.354629993438720204e-02,0.000000000000000000e+00,1.000000000000000000e+00,2.294817747792561868e-01
4.438000000000000256e+01,2.499954700469970981e-02,7.355749368667602317e-02,0.000000000000000000e+00,1.000000000000000000e+00,2.309477010601057589e-01
4.439999999999999858e+01,2.499957084655761788e-02,7.356708526611327459e-02,0.000000000000000000e+00,1.000000000000000000e+00,2.320235227265613764e-01
4.442000000000000171e+01,2.499980628490448137e-02,7.357486724853515292e-02,0.000000000000000000e+00,1.000000000000000000e+00,2.328936351782503189e-01
4.443999999999999773e+01,2.500012516975402832e-02,7.358461618423461914e-02,0.000000000000000000e+00,1.000000000000000000e+00,2.338982098274453580e-01
4.446000000000000085e+01,2.500022947788238525e-02,7.359814167022704634e-02,0.000000000000000000e+00,1.000000000000000000e+00,2.352930113007181412e-01
4.448000000000000398e+01,2.499980032444000522e-02,7.360798358917236550e-02,0.000000000000000000e+00,1.000000000000000000e+00,2.369696628483577705e-01
4.450000000000000000e+01,2.499886006116867204e-02,7.361512184143066684e-02,0.000000000000000000e+00,1.000000000000000000e+00,2.383059732287419186e-01
4.452000000000000313e+01,2.499762326478958269e-02,7.361906290054320845e-02,0.000000000000000000e+00,1.000000000000000000e+00,2.383674050132216782e-01
4.453999999999999915e+01,2.499681711196899414e-02,7.361974239349365623e-02,0.000000000000000000e+00,1.000000000000000000e+00,2.366721653018430127e-01
4.456000000000000227e+01,2.499748468399047921e-02,7.362037897109985352e-02,0.000000000000000000e+00,1.000000000000000000e+00,2.338279356857140001e-01
4.457999999999999829e+01,2.499928325414657593e-02,7.362542152404784324e-02,0.000000000000000000e+00,1.000000000000000000e+00,2.310521377865905335e-01
4.460000000000000142e+01,2.500133812427520960e-02,7.363650798797606589e-02,0.000000000000000000e+00,1.000000000000000000e+00,2.292699637348945552e-01
4.461999999999999744e+01,2.500343322753906250e-02,7.365875244140625278e-02,0.000000000000000000e+00,1.000000000000000000e+00,2.287912567241461304e-01
4.464000000000000057e+01,2.500425577163696567e-02,7.368651151657104603e-02,0.000000000000000000e+00,1.000000000000000000e+00,2.293452429745786170e-01
4.466000000000000369e+01,2.500364184379577637e-02,7.371280431747435913e-02,0.000000000000000000e+00,1.000000000000000000e+00,2.301488280172121204e-01
4.467999999999999972e+01,2.500177025794983118e-02,7.373990535736084373e-02,0.000000000000000000e+00,1.000000000000000000e+00,2.301755945170445017e-01
4.470000000000000284e+01,2.499980032444000522e-02,7.375831604003905972e-02,0.000000000000000000e+00,1.000000000000000000e+00,2.286559071565062995e-01
4.471999999999999886e+01,2.499851733446121355e-02,7.376824378967285212e-02,0.000000000000000000e+00,1.000000000000000000e+00,2.253936868126921456e-01
4.474000000000000199e+01,2.499758452177047729e-02,7.377606868743896706e-02,0.000000000000000000e+00,1.000000000000000000e+00,2.207194431813844504e-01
4.475999999999999801e+01,2.499731034040451189e-02,7.378057479858397827e-02,0.000000000000000000e+00,1.000000000000000000e+00,2.153349451462653608e-01
4.478000000000000114e+01,2.499743849039078036e-02,7.378545999526976706e-02,0.000000000000000000e+00,1.000000000000000000e+00,2.101613865728397812e-01
4.480000000000000426e+01,2.499794065952301234e-02,7.379115343093871349e-02,0.000000000000000000e+00,1.000000000000000000e+00,2.060898404389861216e-01
4.482000000000000028e+01,2.499900162220001359e-02,7.380144596099853793e-02,0.000000000000000000e+00,1.000000000000000000e+00,2.037088940129784254e-01
4.484000000000000341e+01,2.500020563602447718e-02,7.381547927856445257e-02,0.000000000000000000e+00,1.000000000000000000e+00,2.032067957248887557e-01
4.485999999999999943e+01,2.500116825103759766e-02,7.383316755294799805e-02,0.000000000000000000e+00,1.000000000000000000e+00,2.044148606877938257e-01
4.488000000000000256e+01,2.500144541263580461e-02,7.384715080261229636e-02,0.000000000000000000e+00,1.000000000000000000e+00,2.068448622731113851e-01
4.489999999999999858e+01,2.500123083591461459e-02,7.386456727981567660e-02,0.000000000000000000e+00,1.000000000000000000e+00,2.097906704957880342e-01
4.492000000000000171e+01,2.500069141387939453e-02,7.387935161590575284e-02,0.000000000000000000e+00,1.000000000000000000e+00,2.126264178633006929e-01
4.493999999999999773e+01,2.500015795230865756e-02,7.389096021652220847e-02,0.000000000000000000e+00,1.000000000000000000e+00,2.150717491806188042e-01
4.496000000000000085e+01,2.499983459711074829e-02,7.390069484710692915e-02,0.000000000000000000e+00,1.000000000000000000e+00,2.171224984388353818e-01
4.498000000000000398e+01,2.499985545873642176e-02,7.391223192214965709e-02,0.000000000000000000e+00,1.000000000000000000e+00,2.188175402890389920e-01
4.500000000000000000e+01,2.500048875808716028e-02,7.392648696899413452e-02,0.000000000000000000e+00,1.000000000000000000e+00,2.201801572660121997e-01
4.502000000000000313e+01,2.500162422657013078e-02,7.394202232360840010e-02,0.000000000000000000e+00,1.000000000000000000e+00,2.213812970781740552e-01
4.503999999999999915e+01,2.500310838222503940e-02,7.396108388900755892e-02,0.000000000000000000e+00,1.000000000000000000e+00,2.228530270525184431e-01
4.506000000000000227e+01,2.500464320182800571e-02,7.398598909378051314e-02,0.000000000000000000e+00,1.000000000000000000e+00,2.251207589999519032e-01
4.507999999999999829e+01,2.500551342964172502e-02,7.401440620422362893e-02,0.000000000000000000e+00,1.000000000000000000e+00,2.285115770189725115e-01
4.510000000000000142e+01,2.500512301921844691e-02,7.404879570007323608e-02,0.000000000000000000e+00,1.000000000000000000e+00,2.329210585039054870e-01
4.511999999999999744e+01,2.500334382057189941e-02,7.407596826553344838e-02,0.000000000000000000e+00,1.000000000000000000e+00,2.376109234877347154e-01
4.514000000000000057e+01,2.500049173831939836e-02,7.409633874893188643e-02,0.000000000000000000e+00,1.000000000000000000e+00,2.413068769575541506e-01
4.516000000000000369e+01,2.499855160713196009e-02,7.410368442535400502e-02,0.000000000000000000e+00,1.000000000000000000e+00,2.430369536680731246e-01
4.517999999999999972e+01,2.499676644802093645e-02,7.410670280456542469e-02,0.000000000000000000e+00,1.000000000000000000e+00,2.429873845966383783e-01
4.520000000000000284e+01,2.499596178531646867e-02,7.410664558410644254e-02,0.000000000000000000e+00,1.000000000000000000e+00,2.421754835934655514e-01
4.521999999999999886e+01,2.499701678752899378e-02,7.410882711410522738e-02,0.000000000000000000e+00,1.000000000000000000e+00,2.415343664792201084e-01
4.524000000000000199e+01,2.499841749668121546e-02,7.411625146865843949e-02,0.000000000000000000e+00,1.000000000000000000e+00,2.414595947721620284e-01
4.525999999999999801e+01,2.499911487102508822e-02,7.412655115127562977e-02,0.000000000000000000e+00,1.000000000000000000e+00,2.417907049860095747e-01
4.528000000000000114e+01,2.499902248382568359e-02,7.413766622543334350e-02,0.000000000000000000e+00,1.000000000000000000e+00,2.419461006033846173e-01
4.530000000000000426e+01,2.499842643737792969e-02,7.414714336395263061e-02,0.000000000000000000e+00,1.000000000000000000e+00,2.411571204280112957e-01
4.532000000000000028e+01,2.499779760837555001e-02,7.415360212326049805e-02,0.000000000000000000e+00,1.000000000000000000e+00,2.387395499942107369e-01
4.534000000000000341e+01,2.499736845493316650e-02,7.415788650512694646e-02,0.000000000000000000e+00,1.000000000000000000e+00,2.343177638725353340e-01
4.535999999999999943e+01,2.499724030494690150e-02,7.416019678115844116e-02,0.000000000000000000e+00,1.000000000000000000e+00,2.280395601191028410e-01
4.538000000000000256e+01,2.499731928110122958e-02,7.416358709335327259e-02,0.000000000000000000e+00,1.000000000000000000e+00,2.207265573688828308e-01
4.539999999999999858e+01,2.499775290489196847e-02,7.416856527328491433e-02,0.000000000000000000e+00,1.000000000000000000e+00,2.136594391468599474e-01
4.542000000000000171e+01,2.499846071004867623e-02,7.417523145675658514e-02,0.000000000000000000e+00,1.000000000000000000e+00,2.079870102044299729e-01
4.543999999999999773e+01,2.499901056289673129e-02,7.418131828308105469e-02,0.000000000000000000e+00,1.000000000000000000e+00,2.042986459748747652e-01
4.546000000000000085e+01,2.499971091747284213e-02,7.419342041015625222e-02,0.000000000000000000e+00,1.000000000000000000e+00,2.026433950528588601e-01
4.548000000000000398e+01,2.499993592500686715e-02,7.420485019683838168e-02,0.000000000000000000e+00,1.000000000000000000e+00,2.026980778423827234e-01
4.550000000000000000e+01,2.499970793724060059e-02,7.421741008758545033e-02,0.000000000000000000e+00,1.000000000000000000e+00,2.038577853494425440e-01
4.552000000000000313e+01,2.499913126230239938e-02,7.422900438308716042e-02,0.000000000000000000e+00,1.000000000000000000e+00,2.054004625927841332e-01
4.553999999999999915e+01,2.499866932630539010e-02,7.423599958419799250e-02,0.000000000000000000e+00,1.000000000000000000e+00,2.067988635777846806e-01
4.556000000000000227e+01,2.499833256006241122e-02,7.424237966537475253e-02,0.000000000000000000e+00,1.000000000000000000e+00,2.078612731022488336e-01
4.557999999999999829e+01,2.499831914901733468e-02,7.424914598464965598e-02,0.000000000000000000e+00,1.000000000000000000e+00,2.085669282271327696e-01
4.560000000000000142e+01,2.499868273735046664e-02,7.425453901290893222e-02,0.000000000000000000e+00,1.000000000000000000e+00,2.089150908150741170e-01
4.561999999999999744e+01,2.499968409538269251e-02,7.426313638687133400e-02,0.000000000000000000e+00,1.000000000000000000e+00,2.090285678493548904e-01
4.564000000000000057e+01,2.500165998935699463e-02,7.427850008010863925e-02,0.000000000000000000e+00,1.000000000000000000e+00,2.093488625554213722e-01
4.566000000000000369e+01,2.500369846820831368e-02,7.429650306701660045e-02,0.000000000000000000e+00,1.000000000000000000e+00,2.105622894052087690e-01
4.567999999999999972e+01,2.500600218772888392e-02,7.432406902313232200e-02,0.000000000000000000e+00,1.000000000000000000e+00,2.132892056909703182e-01
4.570000000000000284e+01,2.500782907009124756e-02,7.436285018920897605e-02,0.000000000000000000e+00,1.000000000000000000e+00,2.178737445531465367e-01
4.571999999999999886e+01,2.500810027122497836e-02,7.440263271331787331e-02,0.000000000000000000e+00,1.000000000000000000e+00,2.242266537497918100e-01
4.574000000000000199e+01,2.500662505626678744e-02,7.444245100021361361e-02,0.000000000000000000e+00,1.000000000000000000e+00,2.315403919465012228e-01
4.575999999999999801e+01,2.500337064266204903e-02,7.448015213012694480e-02,0.000000000000000000e+00,1.000000000000000000e+00,2.382808197544934448e-01
4.578000000000000114e+01,2.499996870756149292e-02,7.450356245040892778e-02,0.000000000000000000e+00,1.000000000000000000e+00,2.430354860773623893e-01
4.580000000000000426e+01,2.499699741601944109e-02,7.451681613922118974e-02,0.000000000000000000e+00,1.000000000000000000e+00,2.454958886352929526e-01
4.582000000000000028e+01,2.499588578939437866e-02,7.451997756958007868e-02,0.000000000000000000e+00,1.000000000000000000e+00,2.463460646823198430e-01
4.584000000000000341e+01,2.499513030052185128e-02,7.452110767364501787e-02,0.000000000000000000e+00,1.000000000000000000e+00,2.464706955613736039e-01
4.585999999999999943e+01,2.499516904354095667e-02,7.452110767364501787e-02,0.000000000000000000e+00,1.000000000000000000e+00,2.464555623878617041e-01
4.588000000000000256e+01,2.499515414237976282e-02,7.452107191085814708e-02,0.000000000000000000e+00,1.000000000000000000e+00,2.465041759497002827e-01
4.589999999999999858e+01,2.499519139528274744e-02,7.452180147171019731e-02,0.000000000000000000e+00,1.000000000000000000e+00,2.464997706994810911e-01
4.592000000000000171e+01,2.499516159296035975e-02,7.452218055725097490e-02,0.000000000000000000e+00,1.000000000000000000e+00,2.460468305312055459e-01
4.593999999999999773e+01,2.499514073133468628e-02,7.452238798141479215e-02,0.000000000000000000e+00,1.000000000000000000e+00,2.444990135871320247e-01
4.596000000000000085e+01,2.499513775110244820e-02,7.452218770980834073e-02,0.000000000000000000e+00,1.000000000000000000e+00,2.411387698121590373e-01
4.598000000000000398e+01,2.499518394470215052e-02,7.452243804931640847e-02,0.000000000000000000e+00,1.000000000000000000e+00,2.356740103948347653e-01
4.600000000000000000e+01,2.499550431966781824e-02,7.452376127243041937e-02,0.000000000000000000e+00,1.000000000000000000e+00,2.287551596695485412e-01
4.602000000000000313e+01,2.499589622020721713e-02,7.452563524246215432e-02,0.000000000000000000e+00,1.000000000000000000e+00,2.217669169833530463e-01
4.603999999999999915e+01,2.499619573354721139e-02,7.452760934829712192e-02,0.000000000000000000e+00,1.000000000000000000e+00,2.159570849519275859e-01
4.606000000000000227e+01,2.499682307243347376e-02,7.453442573547362782e-02,0.000000000000000000e+00,1.000000000000000000e+00,2.119003104466335996e-01
4.607999999999999829e+01,2.499713897705078264e-02,7.454388856887816939e-02,0.000000000000000000e+00,1.000000000000000000e+00,2.095825705330906785e-01
4.610000000000000142e+01,2.499693930149078647e-02,7.455219984054564653e-02,0.000000000000000000e+00,1.000000000000000000e+00,2.086246537839389903e-01
4.611999999999999744e+01,2.499652802944183488e-02,7.455729961395263228e-02,0.000000000000000000e+00,1.000000000000000000e+00,2.084389416167621856e-01
4.614000000000000057e+01,2.499573975801468173e-02,7.456325769424437810e-02,0.000000000000000000e+00,1.000000000000000000e+00,2.084544143338626088e-01
4.616000000000000369e+01,2.499520927667617937e-02,7.456659078598022738e-02,0.000000000000000000e+00,1.000000000000000000e+00,2.083318289541709889e-01
4.617999999999999972e+01,2.499519884586334437e-02,7.456669092178344616e-02,0.000000000000000000e+00,1.000000000000000000e+00,2.079265605874281164e-01
4.620000000000000284e+01,2.499528229236602783e-02,7.456822156906127430e-02,0.000000000000000000e+00,1.000000000000000000e+00,2.071178804688200981e-01
4.621999999999999886e+01,2.499575167894363403e-02,7.457058906555175115e-02,0.000000000000000000e+00,1.000000000000000000e+00,2.058323268251509019e-01
4.624000000000000199e+01,2.499680221080780029e-02,7.457516670227050393e-02,0.000000000000000000e+00,1.000000000000000000e+00,2.043132005998481993e-01
4.625999999999999801e+01,2.499882876873016357e-02,7.458528757095336803e-02,0.000000000000000000e+00,1.000000000000000000e+00,2.032560803252129733e-01
4.628000000000000114e+01,2.500207126140594621e-02,7.460628032684325783e-02,0.000000000000000000e+00,1.000000000000000000e+00,2.035081893964224009e-01
4.630000000000000426e+01,2.500548362731933733e-02,7.463796615600586104e-02,0.000000000000000000e+00,1.000000000000000000e+00,2.056988022904956970e-01
4.632000000000000028e+01,2.500847280025482455e-02,7.468505144119262640e-02,0.000000000000000000e+00,1.000000000000000000e+00,2.101292455269058446e-01
4.634000000000000341e+01,2.500949203968048234e-02,7.473162889480590432e-02,0.000000000000000000e+00,1.000000000000000000e+00,2.166606755010313801e-01
4.635999999999999943e+01,2.500865161418915072e-02,7.477957248687744363e-02,0.000000000000000000e+00,1.000000000000000000e+00,2.244435739708657285e-01
4.638000000000000256e+01,2.500668764114380091e-02,7.481517076492309737e-02,0.000000000000000000e+00,1.000000000000000000e+00,2.319408710925116857e-01
4.639999999999999858e+01,2.500353455543518136e-02,7.485001087188720981e-02,0.000000000000000000e+00,1.000000000000000000e+00,2.376563301029910869e-01
4.642000000000000171e+01,2.500066757202148646e-02,7.487365722656250111e-02,0.000000000000000000e+00,1.000000000000000000e+00,2.409498836290845381e-01
4.643999999999999773e+01,2.499849647283554355e-02,7.488895654678344449e-02,0.000000000000000000e+00,1.000000000000000000e+00,2.421100636702405162e-01
4.646000000000000085e+01,2.499722987413406650e-02,7.489781856536864568e-02,0.000000000000000000e+00,1.000000000000000000e+00,2.419052541149900870e-01
4.648000000000000398e+01,2.499670386314392298e-02,7.490236043930052767e-02,0.000000000000000000e+00,1.000000000000000000e+00,2.411839946068951024e-01
4.650000000000000000e+01,2.499651461839676181e-02,7.490516424179076427e-02,0.000000000000000000e+00,1.000000000000000000e+00,2.406407195352872341e-01
4.652000000000000313e+01,2.499641329050064295e-02,7.490877628326415849e-02,0.000000000000000000e+00,1.000000000000000000e+00,2.406519376969859791e-01
4.653999999999999915e+01,2.499633729457855294e-02,7.491188764572143111e-02,0.000000000000000000e+00,1.000000000000000000e+00,2.411522154300250187e-01
4.656000000000000227e+01,2.499613314867019792e-02,7.491503477096557451e-02,0.000000000000000000e+00,1.000000000000000000e+00,2.415650493507004448e-01
4.657999999999999829e+01,2.499594986438751290e-02,7.491617918014525923e-02,0.000000000000000000e+00,1.000000000000000000e+00,2.409180469646926281e-01
4.660000000000000142e+01,2.499549239873886247e-02,7.491735935211181474e-02,0.000000000000000000e+00,1.000000000000000000e+00,2.384105453058506519e-01
4.661999999999999744e+01,2.499523907899856706e-02,7.491747379302977905e-02,0.000000000000000000e+00,1.000000000000000000e+00,2.341987171673824975e-01
4.664000000000000057e+01,2.499542534351349016e-02,7.491772413253783292e-02,0.000000000000000000e+00,1.000000000000000000e+00,2.293783402055906417e-01
4.666000000000000369e+01,2.499584257602691789e-02,7.491922616958618386e-02,0.000000000000000000e+00,1.000000000000000000e+00,2.250882473849295240e-01
4.667999999999999972e+01,2.499603778123855868e-02,7.492092847824095847e-02,0.000000000000000000e+00,1.000000000000000000e+00,2.218975428453580367e-01
4.670000000000000284e+01,2.499605119228363176e-02,7.492386102676391879e-02,0.000000000000000000e+00,1.000000000000000000e+00,2.198240786531587831e-01
4.671999999999999886e+01,2.499577701091766635e-02,7.492653608322143166e-02,0.000000000000000000e+00,1.000000000000000000e+00,2.185523050703709613e-01
4.674000000000000199e+01,2.499530464410781860e-02,7.492846727371214877e-02,0.000000000000000000e+00,1.000000000000000000e+00,2.176683078205483290e-01
4.675999999999999801e+01,2.499520778656005859e-02,7.492864608764647494e-02,0.000000000000000000e+00,1.000000000000000000e+00,2.168799799714288268e-01
4.678000000000000114e+01,2.499529868364334245e-02,7.492862462997436357e-02,0.000000000000000000e+00,1.000000000000000000e+00,2.160492304321370849e-01
4.680000000000000426e+01,2.499521821737289706e-02,7.492843151092529186e-02,0.000000000000000000e+00,1.000000000000000000e+00,2.150227401308660857e-01
4.682000000000000028e+01,2.499522566795349399e-02,7.492840290069580078e-02,0.000000000000000000e+00,1.000000000000000000e+00,2.135309274546441649e-01
4.684000000000000341e+01,2.499558180570602556e-02,7.492843866348265769e-02,0.000000000000000000e+00,1.000000000000000000e+00,2.113848107538151277e-01
4.685999999999999943e+01,2.499652355909347604e-02,7.492986917495726706e-02,0.000000000000000000e+00,1.000000000000000000e+00,2.088588024007810295e-01
4.688000000000000256e+01,2.499811053276062081e-02,7.493440389633178322e-02,0.000000000000000000e+00,1.000000000000000000e+00,2.067486992043202076e-01
4.689999999999999858e+01,2.500080168247223109e-02,7.494657039642334262e-02,0.000000000000000000e+00,1.000000000000000000e+00,2.059358447339909859e-01
4.692000000000000171e+01,2.500305473804474016e-02,7.496249914169311745e-02,0.000000000000000000e+00,1.000000000000000000e+00,2.070028127057404188e-01
4.693999999999999773e+01,2.500524222850799769e-02,7.498870611190795732e-02,0.000000000000000000e+00,1.000000000000000000e+00,2.101486999556685387e-01
4.696000000000000085e+01,2.500656545162201205e-02,7.502427577972411998e-02,0.000000000000000000e+00,1.000000000000000000e+00,2.151231276817378579e-01
4.698000000000000398e+01,2.500653564929962436e-02,7.506588220596313588e-02,0.000000000000000000e+00,1.000000000000000000e+00,2.211077301265221839e-01
4.700000000000000000e+01,2.500539124011993616e-02,7.510280370712280051e-02,0.000000000000000000e+00,1.000000000000000000e+00,2.268393049511621407e-01
4.702000000000000313e+01,2.500385046005249023e-02,7.513232231140136441e-02,0.000000000000000000e+00,1.000000000000000000e+00,2.310844043917009705e-01
4.703999999999999915e+01,2.500248849391937395e-02,7.515457391738891713e-02,0.000000000000000000e+00,1.000000000000000000e+00,2.331179611439557209e-01
4.706000000000000227e+01,2.500118017196655343e-02,7.517808437347411887e-02,0.000000000000000000e+00,1.000000000000000000e+00,2.329317482114786897e-01
4.707999999999999829e+01,2.500062584877014299e-02,7.519297599792480746e-02,0.000000000000000000e+00,1.000000000000000000e+00,2.312140756724507529e-01
4.710000000000000142e+01,2.500039339065551758e-02,7.520898342132567582e-02,0.000000000000000000e+00,1.000000000000000000e+00,2.290932056887927115e-01
4.711999999999999744e+01,2.500039041042327950e-02,7.522444009780883400e-02,0.000000000000000000e+00,1.000000000000000000e+00,2.276548775662366741e-01
4.714000000000000057e+01,2.500035762786865373e-02,7.523910284042358010e-02,0.000000000000000000e+00,1.000000000000000000e+00,2.275374590640398265e-01
4.716000000000000369e+01,2.500002384185791293e-02,7.525405168533325084e-02,0.000000000000000000e+00,1.000000000000000000e+00,2.288147517967137334e-01
4.717999999999999972e+01,2.499923408031463901e-02,7.526715517044067771e-02,0.000000000000000000e+00,1.000000000000000000e+00,2.309921005374956371e-01
4.720000000000000284e+01,2.499784976243972848e-02,7.527887821197509766e-02,0.000000000000000000e+00,1.000000000000000000e+00,2.330450783469237563e-01
4.721999999999999886e+01,2.499698400497436801e-02,7.528302669525145652e-02,0.000000000000000000e+00,1.000000000000000000e+00,2.338685547982084778e-01
4.724000000000000199e+01,2.499634027481079102e-02,7.528470039367675393e-02,0.000000000000000000e+00,1.000000000000000000e+00,2.331169618433177881e-01
4.725999999999999801e+01,2.499638646841049333e-02,7.528465747833251731e-02,0.000000000000000000e+00,1.000000000000000000e+00,2.313995505079136372e-01
4.728000000000000114e+01,2.499626427888870447e-02,7.528455018997191883e-02,0.000000000000000000e+00,1.000000000000000000e+00,2.295664428186057204e-01
4.730000000000000426e+01,2.499634176492691179e-02,7.528490781784057118e-02,0.000000000000000000e+00,1.000000000000000000e+00,2.281064244593867529e-01
4.732000000000000028e+01,2.499630004167556832e-02,7.528561592102051003e-02,0.000000000000000000e+00,1.000000000000000000e+00,2.270780381773606915e-01
4.734000000000000341e+01,2.499615252017975062e-02,7.528596639633178267e-02,0.000000000000000000e+00,1.000000000000000000e+00,2.263158076864068835e-01
4.735999999999999943e+01,2.499608695507049561e-02,7.528596639633178267e-02,0.000000000000000000e+00,1.000000000000000000e+00,2.256867070087810179e-01
4.738000000000000256e+01,2.499644458293914795e-02,7.528658151626586859e-02,0.000000000000000000e+00,1.000000000000000000e+00,2.251954379073613788e-01
4.739999999999999858e+01,2.499702721834182878e-02,7.528904199600219838e-02,0.000000000000000000e+00,1.000000000000000000e+00,2.248483813075389526e-01
4.742000000000000171e+01,2.499733269214630266e-02,7.529288291931152122e-02,0.000000000000000000e+00,1.000000000000000000e+00,2.244560806167298361e-01
4.743999999999999773e+01,2.499715387821197649e-02,7.529621601104735662e-02,0.000000000000000000e+00,1.000000000000000000e+00,2.236170184691667062e-01
4.746000000000000085e+01,2.499651163816452026e-02,7.529886245727539229e-02,0.000000000000000000e+00,1.000000000000000000e+00,2.220079980020285282e-01
4.748000000000000398e+01,2.499619424343109408e-02,7.529922008514404463e-02,0.000000000000000000e+00,1.000000000000000000e+00,2.197939883925540128e-01
4.750000000000000000e+01,2.499728947877884189e-02,7.530002117156982255e-02,0.000000000000000000e+00,1.000000000000000000e+00,2.176524577782321668e-01
4.752000000000000313e+01,2.499803602695465157e-02,7.530189514160155750e-02,0.000000000000000000e+00,1.000000000000000000e+00,2.163452732188143324e-01
4.753999999999999915e+01,2.499980181455612252e-02,7.531039953231810635e-02,0.000000000000000000e+00,1.000000000000000000e+00,2.163507761988958944e-01
4.756000000000000227e+01,2.500150501728058000e-02,7.532521247863768754e-02,0.000000000000000000e+00,1.000000000000000000e+00,2.177640496442959928e-01
4.757999999999999829e+01,2.500248551368713587e-02,7.534252882003783514e-02,0.000000000000000000e+00,1.000000000000000000e+00,2.202998194648642105e-01
4.760000000000000142e+01,2.500284910202026437e-02,7.536353588104248435e-02,0.000000000000000000e+00,1.000000000000000000e+00,2.233352162024224985e-01
4.761999999999999744e+01,2.500270903110504359e-02,7.538549423217773271e-02,0.000000000000000000e+00,1.000000000000000000e+00,2.260361990301338053e-01
4.764000000000000057e+01,2.500241696834564278e-02,7.540601491928100586e-02,0.000000000000000000e+00,1.000000000000000000e+00,2.275366179704214065e-01
4.766000000000000369e+01,2.500229477882385393e-02,7.542393207550047995e-02,0.000000000000000000e+00,1.000000000000000000e+00,2.271610757399362968e-01
4.767999999999999972e+01,2.500250935554504395e-02,7.544325113296508623e-02,0.000000000000000000e+00,1.000000000000000000e+00,2.247770228382571234e-01
4.770000000000000284e+01,2.500312626361847132e-02,7.546442985534668191e-02,0.000000000000000000e+00,1.000000000000000000e+00,2.211106128227462719e-01
4.771999999999999886e+01,2.500412464141845911e-02,7.549077272415161133e-02,0.000000000000000000e+00,1.000000000000000000e+00,2.175125292536549126e-01
4.774000000000000199e+01,2.500491738319397111e-02,7.551492691040039007e-02,0.000000000000000000e+00,1.000000000000000000e+00,2.152024332940017659e-01
4.775999999999999801e+01,2.500539124011993616e-02,7.554719924926757424e-02,0.000000000000000000e+00,1.000000000000000000e+00,2.147859340079093793e-01
4.778000000000000114e+01,2.500495016574859689e-02,7.557835578918456476e-02,0.000000000000000000e+00,1.000000000000000000e+00,2.162930135300580314e-01
4.780000000000000426e+01,2.500365078449249406e-02,7.560314655303955467e-02,0.000000000000000000e+00,1.000000000000000000e+00,2.192516536365362867e-01
4.782000000000000028e+01,2.500156760215759347e-02,7.562383890151977428e-02,0.000000000000000000e+00,1.000000000000000000e+00,2.226570766266330048e-01
4.784000000000000341e+01,2.499965280294418404e-02,7.563562631607055609e-02,0.000000000000000000e+00,1.000000000000000000e+00,2.253378539971530314e-01
4.785999999999999943e+01,2.499779462814331193e-02,7.564316511154174638e-02,0.000000000000000000e+00,1.000000000000000000e+00,2.267428038254501177e-01
4.788000000000000256e+01,2.499697506427765031e-02,7.564535379409789706e-02,0.000000000000000000e+00,1.000000000000000000e+00,2.271573887254556834e-01
4.789999999999999858e+01,2.499686777591705530e-02,7.564553260803222323e-02,0.000000000000000000e+00,1.000000000000000000e+00,2.271451977141966672e-01
4.792000000000000171e+01,2.499692887067794800e-02,7.564546108245849554e-02,0.000000000000000000e+00,1.000000000000000000e+00,2.270616189670321972e-01
4.793999999999999773e+01,2.499695867300033569e-02,7.564550399780273215e-02,0.000000000000000000e+00,1.000000000000000000e+00,2.270030954190440931e-01
4.796000000000000085e+01,2.499707639217376917e-02,7.564570426940918357e-02,0.000000000000000000e+00,1.000000000000000000e+00,2.270035520242879579e-01
4.798000000000000398e+01,2.499746084213257113e-02,7.564677715301514060e-02,0.000000000000000000e+00,1.000000000000000000e+00,2.271979002594459451e-01
4.800000000000000000e+01,2.499780803918838501e-02,7.564835786819457120e-02,0.000000000000000000e+00,1.000000000000000000e+00,2.277691381702500462e-01
4.802000000000000313e+01,2.499878406524658203e-02,7.565623283386230247e-02,0.000000000000000000e+00,1.000000000000000000e+00,2.287524912268875943e-01
4.803999999999999915e+01,2.499907463788986206e-02,7.566267013549804465e-02,0.000000000000000000e+00,1.000000000000000000e+00,2.298940938624000618e-01
4.806000000000000227e+01,2.499875724315643588e-02,7.567306280136108787e-02,0.000000000000000000e+00,1.000000000000000000e+00,2.307064875967374529e-01
4.807999999999999829e+01,2.499798983335495273e-02,7.567962884902953991e-02,0.000000000000000000e+00,1.000000000000000000e+00,2.307783614479940459e-01
4.810000000000000142e+01,2.499733865261077881e-02,7.568231105804443248e-02,0.000000000000000000e+00,1.000000000000000000e+00,2.301194515109112049e-01
4.812000000000000455e+01,2.499642819166183680e-02,7.568399906158447543e-02,0.000000000000000000e+00,1.000000000000000000e+00,2.291473548443895558e-01
4.814000000000000057e+01,2.499654740095138758e-02,7.568399190902709572e-02,0.000000000000000000e+00,1.000000000000000000e+00,2.283522689056099730e-01
4.816000000000000369e+01,2.499654144048690796e-02,7.568398475646972989e-02,0.000000000000000000e+00,1.000000000000000000e+00,2.280260067343752028e-01
4.817999999999999972e+01,2.499711215496063302e-02,7.568670988082885909e-02,0.000000000000000000e+00,1.000000000000000000e+00,2.282066759419913715e-01
4.820000000000000284e+01,2.499749660491943498e-02,7.569063663482665516e-02,0.000000000000000000e+00,1.000000000000000000e+00,2.287432116575837393e-01
4.821999999999999886e+01,2.499782741069793771e-02,7.569749593734741155e-02,0.000000000000000000e+00,1.000000000000000000e+00,2.293567145275839658e-01
4.824000000000000199e+01,2.499804049730301042e-02,7.570340394973754106e-02,0.000000000000000000e+00,1.000000000000000000e+00,2.296247589138821488e-01
4.825999999999999801e+01,2.499840557575225969e-02,7.571049928665160578e-02,0.000000000000000000e+00,1.000000000000000000e+00,2.289416759526617939e-01
4.828000000000000114e+01,2.499901652336120744e-02,7.571824550628661332e-02,0.000000000000000000e+00,1.000000000000000000e+00,2.266719953579798275e-01
4.830000000000000426e+01,2.500031292438507219e-02,7.573131322860716941e-02,0.000000000000000000e+00,1.000000000000000000e+00,2.226686568771138464e-01
4.832000000000000028e+01,2.500182390213012695e-02,7.574608325958251398e-02,0.000000000000000000e+00,1.000000000000000000e+00,2.177536278467591402e-01
4.834000000000000341e+01,2.500361800193786829e-02,7.576623916625976896e-02,0.000000000000000000e+00,1.000000000000000000e+00,2.133542692471327995e-01
4.835999999999999943e+01,2.500551342964172502e-02,7.579564332962035467e-02,0.000000000000000000e+00,1.000000000000000000e+00,2.105883238104542809e-01
4.838000000000000256e+01,2.500672042369842668e-02,7.583247184753418024e-02,0.000000000000000000e+00,1.000000000000000000e+00,2.098935096872203698e-01
4.839999999999999858e+01,2.500658333301544398e-02,7.587108850479125366e-02,0.000000000000000000e+00,1.000000000000000000e+00,2.111883191901156864e-01
4.842000000000000171e+01,2.500511109828949113e-02,7.590474128723144476e-02,0.000000000000000000e+00,1.000000000000000000e+00,2.139195140703550879e-01
4.843999999999999773e+01,2.500284314155578821e-02,7.593046188354492243e-02,0.000000000000000000e+00,1.000000000000000000e+00,2.170375050525041871e-01
4.846000000000000085e+01,2.500082254409790108e-02,7.594518184661865068e-02,0.000000000000000000e+00,1.000000000000000000e+00,2.194423515657630275e-01
4.848000000000000398e+01,2.499935030937194824e-02,7.595292806625365822e-02,0.000000000000000000e+00,1.000000000000000000e+00,2.206723995039066022e-01
4.850000000000000000e+01,2.499827295541763583e-02,7.595748424530028575e-02,0.000000000000000000e+00,1.000000000000000000e+00,2.209601866432050754e-01
4.852000000000000313e+01,2.499769926071167270e-02,7.595993041992187000e-02,0.000000000000000000e+00,1.000000000000000000e+00,2.207532960959625035e-01
4.853999999999999915e+01,2.499752044677734653e-02,7.596177577972411388e-02,0.000000000000000000e+00,1.000000000000000000e+00,2.203943449620525130e-01
4.856000000000000227e+01,2.499772757291793962e-02,7.596348524093628207e-02,0.000000000000000000e+00,1.000000000000000000e+00,2.201325962624214871e-01
4.857999999999999829e+01,2.499828934669494698e-02,7.596617460250854048e-02,0.000000000000000000e+00,1.000000000000000000e+00,2.202384152534719308e-01
4.860000000000000142e+01,2.499905079603195399e-02,7.597023725509642611e-02,0.000000000000000000e+00,1.000000000000000000e+00,2.209999587296114509e-01
4.862000000000000455e+01,2.499985843896865984e-02,7.597619533538818581e-02,0.000000000000000000e+00,1.000000000000000000e+00,2.225900554548427557e-01
4.864000000000000057e+01,2.500074207782745569e-02,7.598723173141479215e-02,0.000000000000000000e+00,1.000000000000000000e+00,2.249277216235506249e-01
4.866000000000000369e+01,2.500108480453491419e-02,7.599985599517822266e-02,0.000000000000000000e+00,1.000000000000000000e+00,2.276302669385104338e-01
4.867999999999999972e+01,2.500078082084655762e-02,7.601268768310547042e-02,0.000000000000000000e+00,1.000000000000000000e+00,2.301431218887270425e-01
4.870000000000000284e+01,2.499984502792358676e-02,7.602539777755737416e-02,0.000000000000000000e+00,1.000000000000000000e+00,2.320474880719479993e-01
4.871999999999999886e+01,2.499892562627792358e-02,7.603286504745483676e-02,0.000000000000000000e+00,1.000000000000000000e+00,2.332790995390531807e-01
4.874000000000000199e+01,2.499817311763763428e-02,7.603727102279662919e-02,0.000000000000000000e+00,1.000000000000000000e+00,2.340257605218158399e-01
4.875999999999999801e+01,2.499763667583465576e-02,7.603981733322143222e-02,0.000000000000000000e+00,1.000000000000000000e+00,2.344798084365765090e-01
4.878000000000000114e+01,2.499734759330749650e-02,7.604111194610595204e-02,0.000000000000000000e+00,1.000000000000000000e+00,2.347293205727337406e-01
4.880000000000000426e+01,2.499722987413406650e-02,7.604173421859740378e-02,0.000000000000000000e+00,1.000000000000000000e+00,2.348264827632466079e-01
4.882000000000000028e+01,2.499714642763137956e-02,7.604236364364623524e-02,0.000000000000000000e+00,1.000000000000000000e+00,2.348656786052395196e-01
4.884000000000000341e+01,2.499716579914093226e-02,7.604224205017089122e-02,0.000000000000000000e+00,1.000000000000000000e+00,2.349072767336311263e-01
4.885999999999999943e+01,2.499701231718063493e-02,7.604253530502319558e-02,0.000000000000000000e+00,1.000000000000000000e+00,2.347783979410213717e-01
4.888000000000000256e+01,2.499708086252212802e-02,7.604255676269530695e-02,0.000000000000000000e+00,1.000000000000000000e+00,2.339427496939983087e-01
4.889999999999999858e+01,2.499757260084152499e-02,7.604338645935058982e-02,0.000000000000000000e+00,1.000000000000000000e+00,2.316965893872718341e-01
4.892000000000000171e+01,2.499810457229614466e-02,7.604489564895629272e-02,0.000000000000000000e+00,1.000000000000000000e+00,2.278313545247171168e-01
4.893999999999999773e+01,2.500040531158447335e-02,7.605448722839355802e-02,0.000000000000000000e+00,1.000000000000000000e+00,2.231655853720648508e-01
4.896000000000000085e+01,2.500262558460235665e-02,7.606792688369751199e-02,0.000000000000000000e+00,1.000000000000000000e+00,2.190519020666090999e-01
4.898000000000000398e+01,2.500555515289306849e-02,7.609539985656738059e-02,0.000000000000000000e+00,1.000000000000000000e+00,2.164607570567234629e-01
4.900000000000000000e+01,2.500706315040588518e-02,7.612215042114257868e-02,0.000000000000000000e+00,1.000000000000000000e+00,2.157145961235040765e-01
4.902000000000000313e+01,2.500742077827453752e-02,7.615746259689330777e-02,0.000000000000000000e+00,1.000000000000000000e+00,2.166144637844573950e-01
4.903999999999999915e+01,2.500662803649902552e-02,7.618062973022460271e-02,0.000000000000000000e+00,1.000000000000000000e+00,2.184486895066970469e-01
4.906000000000000227e+01,2.500436007976532260e-02,7.620975494384765736e-02,0.000000000000000000e+00,1.000000000000000000e+00,2.201139584396679949e-01
4.907999999999999829e+01,2.500258684158325473e-02,7.622453212738036776e-02,0.000000000000000000e+00,1.000000000000000000e+00,2.206726455067607728e-01
4.910000000000000142e+01,2.500079274177551339e-02,7.623604774475097046e-02,0.000000000000000000e+00,1.000000000000000000e+00,2.198572382732350283e-01
4.912000000000000455e+01,2.499971687793731828e-02,7.624239206314085970e-02,0.000000000000000000e+00,1.000000000000000000e+00,2.179752618190128333e-01
4.914000000000000057e+01,2.499917745590210169e-02,7.624654054641723244e-02,0.000000000000000000e+00,1.000000000000000000e+00,2.155462147262600103e-01
4.916000000000000369e+01,2.499910593032837053e-02,7.624978780746459461e-02,0.000000000000000000e+00,1.000000000000000000e+00,2.131198403873049430e-01
4.917999999999999972e+01,2.499940991401672363e-02,7.625319957733153742e-02,0.000000000000000000e+00,1.000000000000000000e+00,2.112463771178662020e-01
4.920000000000000284e+01,2.499982416629791329e-02,7.625629663467406449e-02,0.000000000000000000e+00,1.000000000000000000e+00,2.104096460029918902e-01
4.921999999999999886e+01,2.500061690807342529e-02,7.626271963119506114e-02,0.000000000000000000e+00,1.000000000000000000e+00,2.109065712718205532e-01
4.924000000000000199e+01,2.500149607658386230e-02,7.627251863479614369e-02,0.000000000000000000e+00,1.000000000000000000e+00,2.127607366707079672e-01
4.925999999999999801e+01,2.500228583812713623e-02,7.628844022750853882e-02,0.000000000000000000e+00,1.000000000000000000e+00,2.156837861661931866e-01
4.928000000000000114e+01,2.500244081020355433e-02,7.630364656448364313e-02,0.000000000000000000e+00,1.000000000000000000e+00,2.191135356573435944e-01
4.930000000000000426e+01,2.500209510326385776e-02,7.631722927093505249e-02,0.000000000000000000e+00,1.000000000000000000e+00,2.224331325866500397e-01
4.932000000000000028e+01,2.500129044055938998e-02,7.633228540420532171e-02,0.000000000000000000e+00,1.000000000000000000e+00,2.252765916540279134e-01
4.934000000000000341e+01,2.500067055225372453e-02,7.634136199951171986e-02,0.000000000000000000e+00,1.000000000000000000e+00,2.276002982848346068e-01
4.935999999999999943e+01,2.500027120113372872e-02,7.634764194488524724e-02,0.000000000000000000e+00,1.000000000000000000e+00,2.294817747792572693e-01
4.938000000000000256e+01,2.500004172325134486e-02,7.635402202606200728e-02,0.000000000000000000e+00,1.000000000000000000e+00,2.309477010601068969e-01
4.939999999999999858e+01,2.500005662441253870e-02,7.636027336120605746e-02,0.000000000000000000e+00,1.000000000000000000e+00,2.320235227265625422e-01
4.942000000000000171e+01,2.500024139881134103e-02,7.636636018753051314e-02,0.000000000000000000e+00,1.000000000000000000e+00,2.328936351782508463e-01
4.943999999999999773e+01,2.500052452087402413e-02,7.637505054473876787e-02,0.000000000000000000e+00,1.000000000000000000e+00,2.338982098274461074e-01
4.946000000000000085e+01,2.500057518482208530e-02,7.638174533843994363e-02,0.000000000000000000e+00,1.000000000000000000e+00,2.352930113007181967e-01
4.948000000000000398e+01,2.500035464763641566e-02,7.638682365417480413e-02,0.000000000000000000e+00,1.000000000000000000e+00,2.369696628483582423e-01
4.950000000000000000e+01,2.499957829713821481e-02,7.639273166656493363e-02,0.000000000000000000e+00,1.000000000000000000e+00,2.383059732287419186e-01
4.952000000000000313e+01,2.499878704547882358e-02,7.639525651931762529e-02,0.000000000000000000e+00,1.000000000000000000e+00,2.383674050132217614e-01
4.953999999999999915e+01,2.499824166297912736e-02,7.639571428298949640e-02,0.000000000000000000e+00,1.000000000000000000e+00,2.366721653018434846e-01
4.956000000000000227e+01,2.499860674142837663e-02,7.639605760574340321e-02,0.000000000000000000e+00,1.000000000000000000e+00,2.338279356857139446e-01
4.957999999999999829e+01,2.499990463256836215e-02,7.639969825744628851e-02,0.000000000000000000e+00,1.000000000000000000e+00,2.310521377865909498e-01
4.960000000000000142e+01,2.500159740447998116e-02,7.640883207321166881e-02,0.000000000000000000e+00,1.000000000000000000e+00,2.292699637348965536e-01
4.962000000000000455e+01,2.500340640544891635e-02,7.642802953720093107e-02,0.000000000000000000e+00,1.000000000000000000e+00,2.287912567241517925e-01
4.964000000000000057e+01,2.500400841236114641e-02,7.644837856292724387e-02,0.000000000000000000e+00,1.000000000000000000e+00,2.293452429745773680e-01
4.966000000000000369e+01,2.500352263450622559e-02,7.646924972534178966e-02,0.000000000000000000e+00,1.000000000000000000e+00,2.301488280172107048e-01
4.967999999999999972e+01,2.500226795673370431e-02,7.648738861083984042e-02,0.000000000000000000e+00,1.000000000000000000e+00,2.301755945170423090e-01
4.970000000000000284e+01,2.500106990337372034e-02,7.649858236312866155e-02,0.000000000000000000e+00,1.000000000000000000e+00,2.286559071565071322e-01
4.971999999999999886e+01,2.499978393316269060e-02,7.650853872299194502e-02,0.000000000000000000e+00,1.000000000000000000e+00,2.253936868126913962e-01
4.974000000000000199e+01,2.499902248382568359e-02,7.651493310928345060e-02,0.000000000000000000e+00,1.000000000000000000e+00,2.207194431813832292e-01
4.975999999999999801e+01,2.499870508909225741e-02,7.652015447616576649e-02,0.000000000000000000e+00,1.000000000000000000e+00,2.153349451462683029e-01
4.978000000000000114e+01,2.499876320362091203e-02,7.652239322662353349e-02,0.000000000000000000e+00,1.000000000000000000e+00,2.101613865728423625e-01
4.980000000000000426e+01,2.499918341636657784e-02,7.652714967727661244e-02,0.000000000000000000e+00,1.000000000000000000e+00,2.060898404389876759e-01
4.982000000000000028e+01,2.500002086162567139e-02,7.653528213500976340e-02,0.000000000000000000e+00,1.000000000000000000e+00,2.037088940129775094e-01
4.984000000000000341e+01,2.500057518482208530e-02,7.654173374176025113e-02,0.000000000000000000e+00,1.000000000000000000e+00,2.032067957248875900e-01
4.985999999999999943e+01,2.500115334987640381e-02,7.655236959457396850e-02,0.000000000000000000e+00,1.000000000000000000e+00,2.044148606877943808e-01
4.988000000000000256e+01,2.500136792659759730e-02,7.656332015991210160e-02,0.000000000000000000e+00,1.000000000000000000e+00,2.068448622731118569e-01
4.989999999999999858e+01,2.500120103359222690e-02,7.657670974731445312e-02,0.000000000000000000e+00,1.000000000000000000e+00,2.097906704957885060e-01
4.992000000000000171e+01,2.500073611736297607e-02,7.658944129943846824e-02,0.000000000000000000e+00,1.000000000000000000e+00,2.126264178633013591e-01
4.993999999999999773e+01,2.500024437904357910e-02,7.660012722015380193e-02,0.000000000000000000e+00,1.000000000000000000e+00,2.150717491806195814e-01
4.996000000000000085e+01,2.499996870756149292e-02,7.660841703414916770e-02,0.000000000000000000e+00,1.000000000000000000e+00,2.171224984388346324e-01
4.998000000000000398e+01,2.499998509883880754e-02,7.661750793457031139e-02,0.000000000000000000e+00,1.000000000000000000e+00,2.188175402890383536e-01
5.000000000000000000e+01,2.500032484531402796e-02,7.662518262863159124e-02,0.000000000000000000e+00,1.000000000000000000e+00,2.201801572660113393e-01
5.002000000000000313e+01,2.500129044055938998e-02,7.663839340209960271e-02,0.000000000000000000e+00,1.000000000000000000e+00,2.213812970781731115e-01
5.003999999999999915e+01,2.500243484973907471e-02,7.665310621261596513e-02,0.000000000000000000e+00,1.000000000000000000e+00,2.228530270525179158e-01
5.006000000000000227e+01,2.500333786010742326e-02,7.666779041290282259e-02,0.000000000000000000e+00,1.000000000000000000e+00,2.251207589999527914e-01
5.007999999999999829e+01,2.500401139259338448e-02,7.668979167938232144e-02,0.000000000000000000e+00,1.000000000000000000e+00,2.285115770189741213e-01
5.010000000000000142e+01,2.500373721122741907e-02,7.671398162841797097e-02,0.000000000000000000e+00,1.000000000000000000e+00,2.329210585039053483e-01
5.012000000000000455e+01,2.500279247760772705e-02,7.672840833663939486e-02,0.000000000000000000e+00,1.000000000000000000e+00,2.376109234877389065e-01
5.014000000000000057e+01,2.500013411045074602e-02,7.674740552902221957e-02,0.000000000000000000e+00,1.000000000000000000e+00,2.413068769575550387e-01
5.016000000000000369e+01,2.499849200248718470e-02,7.675362825393676480e-02,0.000000000000000000e+00,1.000000000000000000e+00,2.430369536680727915e-01
5.017999999999999972e+01,2.499819546937942505e-02,7.675412893295287253e-02,0.000000000000000000e+00,1.000000000000000000e+00,2.429873845966389057e-01
5.020000000000000284e+01,2.499779313802719116e-02,7.675410032272338146e-02,0.000000000000000000e+00,1.000000000000000000e+00,2.421754835934659678e-01
5.021999999999999886e+01,2.499805986881256312e-02,7.675465106964110551e-02,0.000000000000000000e+00,1.000000000000000000e+00,2.415343664792203859e-01
5.024000000000000199e+01,2.499872893095016549e-02,7.675819873809813787e-02,0.000000000000000000e+00,1.000000000000000000e+00,2.414595947721621672e-01
5.025999999999999801e+01,2.499919533729553361e-02,7.676509380340576505e-02,0.000000000000000000e+00,1.000000000000000000e+00,2.417907049860106294e-01
5.028000000000000114e+01,2.499912679195404053e-02,7.677334785461426003e-02,0.000000000000000000e+00,1.000000000000000000e+00,2.419461006033858941e-01
5.030000000000000426e+01,2.499884366989135742e-02,7.677786111831665095e-02,0.000000000000000000e+00,1.000000000000000000e+00,2.411571204280130165e-01
5.032000000000000028e+01,2.499842345714569161e-02,7.678218126296997015e-02,0.000000000000000000e+00,1.000000000000000000e+00,2.387395499942104038e-01
5.034000000000000341e+01,2.499788999557495117e-02,7.678750991821288452e-02,0.000000000000000000e+00,1.000000000000000000e+00,2.343177638725353340e-01
5.035999999999999943e+01,2.499779164791107386e-02,7.678929090499878041e-02,0.000000000000000000e+00,1.000000000000000000e+00,2.280395601191030908e-01
5.038000000000000256e+01,2.499782741069793771e-02,7.679084300994873380e-02,0.000000000000000000e+00,1.000000000000000000e+00,2.207265573688837745e-01
5.039999999999999858e+01,2.499824017286300659e-02,7.679559230804443304e-02,0.000000000000000000e+00,1.000000000000000000e+00,2.136594391468607523e-01
5.042000000000000171e+01,2.499890327453613281e-02,7.680184364318846935e-02,0.000000000000000000e+00,1.000000000000000000e+00,2.079870102044305002e-01
5.043999999999999773e+01,2.499933093786239902e-02,7.680657863616943692e-02,0.000000000000000000e+00,1.000000000000000000e+00,2.042986459748765138e-01
5.046000000000000085e+01,2.499981969594955444e-02,7.681502580642700362e-02,0.000000000000000000e+00,1.000000000000000000e+00,2.026433950528626626e-01
5.048000000000000398e+01,2.500002682209015101e-02,7.682553291320801114e-02,0.000000000000000000e+00,1.000000000000000000e+00,2.026980778423835006e-01
5.050000000000000000e+01,2.499983906745910714e-02,7.683588266372680387e-02,0.000000000000000000e+00,1.000000000000000000e+00,2.038577853494429049e-01
5.052000000000000313e+01,2.499950081110000749e-02,7.684267759323119840e-02,0.000000000000000000e+00,1.000000000000000000e+00,2.054004625927847716e-01
5.053999999999999915e+01,2.499902546405792514e-02,7.684988021850586160e-02,0.000000000000000000e+00,1.000000000000000000e+00,2.067988635777862072e-01
5.056000000000000227e+01,2.499866634607315202e-02,7.685666799545287642e-02,0.000000000000000000e+00,1.000000000000000000e+00,2.078612731022508597e-01
5.057999999999999829e+01,2.499865740537643433e-02,7.686090946197508822e-02,0.000000000000000000e+00,1.000000000000000000e+00,2.085669282271345182e-01
5.060000000000000142e+01,2.499904185533523629e-02,7.686660289764403464e-02,0.000000000000000000e+00,1.000000000000000000e+00,2.089150908150772812e-01
5.062000000000000455e+01,2.499992102384567330e-02,7.687415599822998435e-02,0.000000000000000000e+00,1.000000000000000000e+00,2.090285678493576660e-01
5.064000000000000057e+01,2.500143647193908691e-02,7.688594341278075228e-02,0.000000000000000000e+00,1.000000000000000000e+00,2.093488625554219551e-01
5.066000000000000369e+01,2.500403523445129603e-02,7.690889596939086414e-02,0.000000000000000000e+00,1.000000000000000000e+00,2.105622894052097960e-01
5.067999999999999972e+01,2.500621974468231201e-02,7.693506717681884710e-02,0.000000000000000000e+00,1.000000000000000000e+00,2.132892056909689582e-01
5.070000000000000284e+01,2.500778436660766602e-02,7.696828365325927845e-02,0.000000000000000000e+00,1.000000000000000000e+00,2.178737445531449268e-01
5.071999999999999886e+01,2.500802576541900912e-02,7.700361013412475308e-02,0.000000000000000000e+00,1.000000000000000000e+00,2.242266537497941692e-01
5.074000000000000199e+01,2.500678598880767822e-02,7.703707695007323830e-02,0.000000000000000000e+00,1.000000000000000000e+00,2.315403919465022220e-01
5.075999999999999801e+01,2.500446140766143799e-02,7.706401348114012839e-02,0.000000000000000000e+00,1.000000000000000000e+00,2.382808197544945827e-01
5.078000000000000114e+01,2.500181496143341273e-02,7.708224534988403209e-02,0.000000000000000000e+00,1.000000000000000000e+00,2.430354860773647763e-01
5.080000000000000426e+01,2.499993890523910522e-02,7.709062814712523692e-02,0.000000000000000000e+00,1.000000000000000000e+00,2.454958886352949510e-01
5.082000000000000028e+01,2.499872893095016549e-02,7.709407567977905051e-02,0.000000000000000000e+00,1.000000000000000000e+00,2.463460646823213696e-01
5.084000000000000341e+01,2.499871551990509241e-02,7.709409713745117576e-02,0.000000000000000000e+00,1.000000000000000000e+00,2.464706955613751582e-01
5.085999999999999943e+01,2.499862313270569125e-02,7.709409713745117576e-02,0.000000000000000000e+00,1.000000000000000000e+00,2.464555623878632862e-01
5.088000000000000256e+01,2.499865889549255510e-02,7.709419012069701482e-02,0.000000000000000000e+00,1.000000000000000000e+00,2.465041759497016149e-01
5.089999999999999858e+01,2.499870806932449549e-02,7.709515571594237338e-02,0.000000000000000000e+00,1.000000000000000000e+00,2.464997706994826454e-01
5.092000000000000171e+01,2.499867081642151087e-02,7.709562778472900391e-02,0.000000000000000000e+00,1.000000000000000000e+00,2.460468305312061565e-01
5.093999999999999773e+01,2.499864697456359933e-02,7.709584951400756669e-02,0.000000000000000000e+00,1.000000000000000000e+00,2.444990135871336623e-01
5.096000000000000085e+01,2.499864548444748202e-02,7.709572792053222268e-02,0.000000000000000000e+00,1.000000000000000000e+00,2.411387698121613132e-01
5.098000000000000398e+01,2.499872595071792741e-02,7.709615707397460271e-02,0.000000000000000000e+00,1.000000000000000000e+00,2.356740103948372911e-01
5.100000000000000000e+01,2.499874234199524203e-02,7.709622144699096458e-02,0.000000000000000000e+00,1.000000000000000000e+00,2.287551596695517331e-01
5.102000000000000313e+01,2.499898374080658167e-02,7.709738016128539484e-02,0.000000000000000000e+00,1.000000000000000000e+00,2.217669169833532961e-01
5.103999999999999915e+01,2.499941438436508248e-02,7.710021972656250222e-02,0.000000000000000000e+00,1.000000000000000000e+00,2.159570849519273639e-01
5.106000000000000227e+01,2.499997615814208984e-02,7.710633516311644897e-02,0.000000000000000000e+00,1.000000000000000000e+00,2.119003104466335163e-01
5.107999999999999829e+01,2.500021159648895333e-02,7.711336612701415183e-02,0.000000000000000000e+00,1.000000000000000000e+00,2.095825705330902899e-01
5.110000000000000142e+01,2.500005960464477678e-02,7.711969614028930942e-02,0.000000000000000000e+00,1.000000000000000000e+00,2.086246537839384629e-01
5.112000000000000455e+01,2.499960660934448520e-02,7.712529659271240290e-02,0.000000000000000000e+00,1.000000000000000000e+00,2.084389416167630182e-01
5.114000000000000057e+01,2.499918192625046054e-02,7.712850809097289428e-02,0.000000000000000000e+00,1.000000000000000000e+00,2.084544143338634692e-01
5.116000000000000369e+01,2.499878406524658203e-02,7.713100433349609486e-02,0.000000000000000000e+00,1.000000000000000000e+00,2.083318289541713220e-01
5.117999999999999972e+01,2.499865740537643433e-02,7.713217735290527066e-02,0.000000000000000000e+00,1.000000000000000000e+00,2.079265605874274503e-01
5.120000000000000284e+01,2.499873042106628626e-02,7.713352918624877264e-02,0.000000000000000000e+00,1.000000000000000000e+00,2.071178804688196262e-01
5.121999999999999886e+01,2.499914616346359322e-02,7.713563203811645008e-02,0.000000000000000000e+00,1.000000000000000000e+00,2.058323268251505134e-01
5.124000000000000199e+01,2.499952614307403634e-02,7.713728427886962224e-02,0.000000000000000000e+00,1.000000000000000000e+00,2.043132005998488099e-01
5.125999999999999801e+01,2.500068545341491838e-02,7.714307785034178744e-02,0.000000000000000000e+00,1.000000000000000000e+00,2.032560803252131398e-01
5.128000000000000114e+01,2.500227689743042200e-02,7.715338468551635742e-02,0.000000000000000000e+00,1.000000000000000000e+00,2.035081893964231503e-01
5.130000000000000426e+01,2.500427663326263567e-02,7.717195987701415405e-02,0.000000000000000000e+00,1.000000000000000000e+00,2.056988022904989721e-01
5.132000000000000028e+01,2.500630915164947510e-02,7.720398902893066406e-02,0.000000000000000000e+00,1.000000000000000000e+00,2.101292455269060666e-01
5.134000000000000341e+01,2.500714659690857211e-02,7.724219799041748269e-02,0.000000000000000000e+00,1.000000000000000000e+00,2.166606755010289653e-01
5.135999999999999943e+01,2.500640153884887973e-02,7.728472709655762052e-02,0.000000000000000000e+00,1.000000000000000000e+00,2.244435739708616206e-01
5.138000000000000256e+01,2.500415444374084681e-02,7.732550382614135354e-02,0.000000000000000000e+00,1.000000000000000000e+00,2.319408710925095485e-01
5.139999999999999858e+01,2.500188350677490234e-02,7.735061645507812500e-02,0.000000000000000000e+00,1.000000000000000000e+00,2.376563301029910869e-01
5.142000000000000171e+01,2.499936670064926286e-02,7.737138748168945201e-02,0.000000000000000000e+00,1.000000000000000000e+00,2.409498836290849821e-01
5.143999999999999773e+01,2.499743700027465959e-02,7.738499879837035245e-02,0.000000000000000000e+00,1.000000000000000000e+00,2.421100636702412379e-01
5.146000000000000085e+01,2.499635964632034371e-02,7.739254474639892245e-02,0.000000000000000000e+00,1.000000000000000000e+00,2.419052541149914470e-01
5.148000000000000398e+01,2.499609887599945138e-02,7.739479780197143499e-02,0.000000000000000000e+00,1.000000000000000000e+00,2.411839946068959351e-01
5.150000000000000000e+01,2.499596476554870675e-02,7.739677906036376842e-02,0.000000000000000000e+00,1.000000000000000000e+00,2.406407195352876505e-01
5.152000000000000313e+01,2.499591708183288713e-02,7.739849567413330245e-02,0.000000000000000000e+00,1.000000000000000000e+00,2.406519376969862567e-01
5.153999999999999915e+01,2.499585151672363559e-02,7.740117788314819502e-02,0.000000000000000000e+00,1.000000000000000000e+00,2.411522154300252130e-01
5.156000000000000227e+01,2.499565333127975672e-02,7.740425348281859685e-02,0.000000000000000000e+00,1.000000000000000000e+00,2.415650493507010832e-01
5.157999999999999829e+01,2.499554604291916171e-02,7.740492582321166493e-02,0.000000000000000000e+00,1.000000000000000000e+00,2.409180469646933498e-01
5.160000000000000142e+01,2.499542385339736938e-02,7.740524053573608065e-02,0.000000000000000000e+00,1.000000000000000000e+00,2.384105453058505963e-01
5.162000000000000455e+01,2.499538064002990861e-02,7.740526199340820590e-02,0.000000000000000000e+00,1.000000000000000000e+00,2.341987171673790558e-01
5.164000000000000057e+01,2.499548792839050362e-02,7.740540504455566129e-02,0.000000000000000000e+00,1.000000000000000000e+00,2.293783402055931397e-01
5.166000000000000369e+01,2.499595135450363367e-02,7.740707874298095870e-02,0.000000000000000000e+00,1.000000000000000000e+00,2.250882473849309673e-01
5.167999999999999972e+01,2.499611675739288330e-02,7.740850925445556807e-02,0.000000000000000000e+00,1.000000000000000000e+00,2.218975428453599519e-01
5.170000000000000284e+01,2.499612867832183907e-02,7.741100549697875477e-02,0.000000000000000000e+00,1.000000000000000000e+00,2.198240786531600044e-01
5.171999999999999886e+01,2.499598115682602137e-02,7.741244316101074385e-02,0.000000000000000000e+00,1.000000000000000000e+00,2.185523050703716830e-01
5.174000000000000199e+01,2.499551624059677402e-02,7.741433858871459017e-02,0.000000000000000000e+00,1.000000000000000000e+00,2.176683078205499389e-01
5.175999999999999801e+01,2.499546259641647478e-02,7.741443872451782282e-02,0.000000000000000000e+00,1.000000000000000000e+00,2.168799799714295762e-01
5.178000000000000114e+01,2.499528974294662476e-02,7.741447448730467973e-02,0.000000000000000000e+00,1.000000000000000000e+00,2.160492304321381396e-01
5.180000000000000426e+01,2.499537318944931169e-02,7.741467475891113115e-02,0.000000000000000000e+00,1.000000000000000000e+00,2.150227401308680564e-01
5.182000000000000028e+01,2.499532252550125400e-02,7.741487503051756869e-02,0.000000000000000000e+00,1.000000000000000000e+00,2.135309274546460245e-01
5.184000000000000341e+01,2.499520480632782052e-02,7.741486072540282315e-02,0.000000000000000000e+00,1.000000000000000000e+00,2.113848107538171539e-01
5.185999999999999943e+01,2.499537467956543246e-02,7.741511821746825672e-02,0.000000000000000000e+00,1.000000000000000000e+00,2.088588024007810295e-01
5.188000000000000256e+01,2.499627768993377755e-02,7.741769313812255082e-02,0.000000000000000000e+00,1.000000000000000000e+00,2.067486992043199856e-01
5.189999999999999858e+01,2.499832063913345545e-02,7.742692708969116377e-02,0.000000000000000000e+00,1.000000000000000000e+00,2.059358447339918186e-01
5.192000000000000171e+01,2.500008642673492640e-02,7.743940114974975919e-02,0.000000000000000000e+00,1.000000000000000000e+00,2.070028127057411682e-01
5.193999999999999773e+01,2.500245571136474818e-02,7.746777534484862449e-02,0.000000000000000000e+00,1.000000000000000000e+00,2.101486999556690105e-01
5.196000000000000085e+01,2.500343024730682442e-02,7.749391794204711637e-02,0.000000000000000000e+00,1.000000000000000000e+00,2.151231276817399118e-01
5.198000000000000398e+01,2.500340938568115443e-02,7.752511739730834350e-02,0.000000000000000000e+00,1.000000000000000000e+00,2.211077301265242379e-01
5.200000000000000000e+01,2.500245571136474818e-02,7.755588769912719060e-02,0.000000000000000000e+00,1.000000000000000000e+00,2.268393049511610859e-01
5.202000000000000313e+01,2.500097155570983956e-02,7.758431196212768610e-02,0.000000000000000000e+00,1.000000000000000000e+00,2.310844043917002766e-01
5.203999999999999915e+01,2.499962300062179635e-02,7.760632038116455078e-02,0.000000000000000000e+00,1.000000000000000000e+00,2.331179611439537502e-01
5.206000000000000227e+01,2.499862611293792933e-02,7.762421607971191351e-02,0.000000000000000000e+00,1.000000000000000000e+00,2.329317482114766913e-01
5.207999999999999829e+01,2.499792724847793579e-02,7.764301300048827292e-02,0.000000000000000000e+00,1.000000000000000000e+00,2.312140756724502255e-01
5.210000000000000142e+01,2.499774843454360962e-02,7.765525102615356001e-02,0.000000000000000000e+00,1.000000000000000000e+00,2.290932056887930168e-01
5.212000000000000455e+01,2.499774545431137154e-02,7.767084360122680775e-02,0.000000000000000000e+00,1.000000000000000000e+00,2.276548775662355084e-01
5.214000000000000057e+01,2.499771416187286655e-02,7.768501281738281194e-02,0.000000000000000000e+00,1.000000000000000000e+00,2.275374590640395489e-01
5.216000000000000369e+01,2.499737888574600497e-02,7.769998311996459406e-02,0.000000000000000000e+00,1.000000000000000000e+00,2.288147517967154820e-01
5.217999999999999972e+01,2.499695420265198031e-02,7.770704269409178799e-02,0.000000000000000000e+00,1.000000000000000000e+00,2.309921005374959424e-01
5.220000000000000284e+01,2.499605268239975253e-02,7.771467447280883123e-02,0.000000000000000000e+00,1.000000000000000000e+00,2.330450783469226739e-01
5.221999999999999886e+01,2.499525994062423706e-02,7.771847248077391745e-02,0.000000000000000000e+00,1.000000000000000000e+00,2.338685547982077007e-01
5.224000000000000199e+01,2.499468624591827393e-02,7.771996736526488869e-02,0.000000000000000000e+00,1.000000000000000000e+00,2.331169618433175106e-01
5.225999999999999801e+01,2.499452978372573853e-02,7.772011041641234408e-02,0.000000000000000000e+00,1.000000000000000000e+00,2.313995505079132764e-01
5.228000000000000114e+01,2.499460577964782854e-02,7.772017478942870594e-02,0.000000000000000000e+00,1.000000000000000000e+00,2.295664428186051376e-01
5.230000000000000426e+01,2.499464452266693393e-02,7.772035360336303211e-02,0.000000000000000000e+00,1.000000000000000000e+00,2.281064244593859480e-01
5.232000000000000028e+01,2.499456554651260584e-02,7.772169113159178855e-02,0.000000000000000000e+00,1.000000000000000000e+00,2.270780381773603585e-01
5.234000000000000341e+01,2.499436289072036813e-02,7.772217035293578491e-02,0.000000000000000000e+00,1.000000000000000000e+00,2.263158076864064949e-01
5.235999999999999943e+01,2.499456554651260584e-02,7.772216320037841908e-02,0.000000000000000000e+00,1.000000000000000000e+00,2.256867070087807126e-01
5.238000000000000256e+01,2.499472796916961739e-02,7.772244215011596402e-02,0.000000000000000000e+00,1.000000000000000000e+00,2.251954379073605739e-01
5.239999999999999858e+01,2.499519586563110629e-02,7.772441625595093162e-02,0.000000000000000000e+00,1.000000000000000000e+00,2.248483813075380922e-01
5.242000000000000171e+01,2.499548941850662440e-02,7.772812128067016491e-02,0.000000000000000000e+00,1.000000000000000000e+00,2.244560806167288647e-01
5.243999999999999773e+01,2.499527186155319283e-02,7.773218393325805053e-02,0.000000000000000000e+00,1.000000000000000000e+00,2.236170184691665397e-01
5.246000000000000085e+01,2.499479800462722778e-02,7.773413658142089289e-02,0.000000000000000000e+00,1.000000000000000000e+00,2.220079980020264743e-01
5.248000000000000398e+01,2.499413192272186349e-02,7.773488044738768865e-02,0.000000000000000000e+00,1.000000000000000000e+00,2.197939883925558724e-01
5.250000000000000000e+01,2.499410957098007272e-02,7.773486614227294311e-02,0.000000000000000000e+00,1.000000000000000000e+00,2.176524577782332215e-01
5.252000000000000313e+01,2.499496638774871896e-02,7.773701190948485718e-02,0.000000000000000000e+00,1.000000000000000000e+00,2.163452732188138883e-01
5.253999999999999915e+01,2.499591261148452828e-02,7.774156093597411887e-02,0.000000000000000000e+00,1.000000000000000000e+00,2.163507761988943123e-01
5.256000000000000227e+01,2.499710768461227417e-02,7.775195360183716209e-02,0.000000000000000000e+00,1.000000000000000000e+00,2.177640496442958817e-01
5.257999999999999829e+01,2.499784827232361117e-02,7.776505708694457508e-02,0.000000000000000000e+00,1.000000000000000000e+00,2.202998194648639330e-01
5.260000000000000142e+01,2.499819844961166659e-02,7.778535604476928544e-02,0.000000000000000000e+00,1.000000000000000000e+00,2.233352162024224985e-01
5.262000000000000455e+01,2.499809116125106812e-02,7.780215024948120006e-02,0.000000000000000000e+00,1.000000000000000000e+00,2.260361990301350543e-01
5.264000000000000057e+01,2.499781548976898193e-02,7.782142639160155584e-02,0.000000000000000000e+00,1.000000000000000000e+00,2.275366179704244041e-01
5.266000000000000369e+01,2.499769479036331385e-02,7.783930778503417303e-02,0.000000000000000000e+00,1.000000000000000000e+00,2.271610757399401825e-01
5.267999999999999972e+01,2.499788999557495117e-02,7.785692453384399081e-02,0.000000000000000000e+00,1.000000000000000000e+00,2.247770228382611479e-01
5.270000000000000284e+01,2.499834597110748430e-02,7.787254571914672963e-02,0.000000000000000000e+00,1.000000000000000000e+00,2.211106128227479373e-01
5.271999999999999886e+01,2.499904632568359514e-02,7.789104223251341885e-02,0.000000000000000000e+00,1.000000000000000000e+00,2.175125292536515265e-01
5.274000000000000199e+01,2.499985098838806291e-02,7.791558980941772072e-02,0.000000000000000000e+00,1.000000000000000000e+00,2.152024332939997397e-01
5.275999999999999801e+01,2.500023245811462680e-02,7.794158220291137751e-02,0.000000000000000000e+00,1.000000000000000000e+00,2.147859340079099899e-01
5.278000000000000114e+01,2.499992996454239100e-02,7.796285390853881225e-02,0.000000000000000000e+00,1.000000000000000000e+00,2.162930135300575596e-01
5.280000000000000426e+01,2.499916851520538399e-02,7.797738790512084850e-02,0.000000000000000000e+00,1.000000000000000000e+00,2.192516536365360924e-01
5.282000000000000028e+01,2.499754279851913730e-02,7.799355268478393166e-02,0.000000000000000000e+00,1.000000000000000000e+00,2.226570766266335044e-01
5.284000000000000341e+01,2.499609291553497523e-02,7.800248622894287442e-02,0.000000000000000000e+00,1.000000000000000000e+00,2.253378539971536421e-01
5.285999999999999943e+01,2.499479949474334856e-02,7.800774335861206110e-02,0.000000000000000000e+00,1.000000000000000000e+00,2.267428038254496736e-01
5.288000000000000256e+01,2.499393820762634347e-02,7.801005363464355580e-02,0.000000000000000000e+00,1.000000000000000000e+00,2.271573887254556001e-01
5.289999999999999858e+01,2.499362975358963151e-02,7.801057577133178877e-02,0.000000000000000000e+00,1.000000000000000000e+00,2.271451977141960565e-01
5.292000000000000171e+01,2.499363720417022844e-02,7.801056861877440907e-02,0.000000000000000000e+00,1.000000000000000000e+00,2.270616189670319751e-01
5.293999999999999773e+01,2.499355375766754150e-02,7.801044702529906505e-02,0.000000000000000000e+00,1.000000000000000000e+00,2.270030954190439820e-01
5.296000000000000085e+01,2.499382793903351038e-02,7.801091194152831587e-02,0.000000000000000000e+00,1.000000000000000000e+00,2.270035520242875138e-01
5.298000000000000398e+01,2.499432116746902466e-02,7.801228523254394309e-02,0.000000000000000000e+00,1.000000000000000000e+00,2.271979002594458619e-01
5.300000000000000000e+01,2.499487847089767664e-02,7.801481008529663475e-02,0.000000000000000000e+00,1.000000000000000000e+00,2.277691381702495188e-01
5.302000000000000313e+01,2.499555945396423479e-02,7.802029609680175004e-02,0.000000000000000000e+00,1.000000000000000000e+00,2.287524912268880384e-01
5.303999999999999915e+01,2.499588429927826136e-02,7.802753448486328403e-02,0.000000000000000000e+00,1.000000000000000000e+00,2.298940938623988961e-01
5.306000000000000227e+01,2.499566525220871249e-02,7.803468704223633090e-02,0.000000000000000000e+00,1.000000000000000000e+00,2.307064875967359263e-01
5.307999999999999829e+01,2.499502748250961512e-02,7.804015874862670066e-02,0.000000000000000000e+00,1.000000000000000000e+00,2.307783614479926582e-01
5.310000000000000142e+01,2.499423474073410312e-02,7.804342031478882225e-02,0.000000000000000000e+00,1.000000000000000000e+00,2.301194515109099281e-01
5.312000000000000455e+01,2.499391138553619385e-02,7.804402112960814875e-02,0.000000000000000000e+00,1.000000000000000000e+00,2.291473548443870856e-01
5.314000000000000057e+01,2.499392181634903232e-02,7.804402112960814875e-02,0.000000000000000000e+00,1.000000000000000000e+00,2.283522689056082799e-01
5.316000000000000369e+01,2.499418705701828003e-02,7.804451465606689065e-02,0.000000000000000000e+00,1.000000000000000000e+00,2.280260067343740926e-01
5.317999999999999972e+01,2.499470859766006470e-02,7.804699659347534568e-02,0.000000000000000000e+00,1.000000000000000000e+00,2.282066759419902335e-01
5.320000000000000284e+01,2.499506771564483781e-02,7.805066585540770818e-02,0.000000000000000000e+00,1.000000000000000000e+00,2.287432116575821572e-01
5.321999999999999886e+01,2.499532699584960938e-02,7.805605173110961859e-02,0.000000000000000000e+00,1.000000000000000000e+00,2.293567145275816899e-01
5.324000000000000199e+01,2.499543279409408708e-02,7.805900573730469028e-02,0.000000000000000000e+00,1.000000000000000000e+00,2.296247589138799838e-01
5.325999999999999801e+01,2.499572783708572596e-02,7.806474924087523914e-02,0.000000000000000000e+00,1.000000000000000000e+00,2.289416759526611000e-01
5.328000000000000114e+01,2.499607205390930176e-02,7.806911230087279496e-02,0.000000000000000000e+00,1.000000000000000000e+00,2.266719953579776625e-01
5.330000000000000426e+01,2.499720752239227572e-02,7.808056354522704967e-02,0.000000000000000000e+00,1.000000000000000000e+00,2.226686568771115704e-01
5.332000000000000028e+01,2.499836236238479892e-02,7.809185028076170987e-02,0.000000000000000000e+00,1.000000000000000000e+00,2.177536278467599729e-01
5.334000000000000341e+01,2.499976456165313790e-02,7.810760021209715853e-02,0.000000000000000000e+00,1.000000000000000000e+00,2.133542692471365188e-01
5.335999999999999943e+01,2.500120997428894112e-02,7.813003063201903742e-02,0.000000000000000000e+00,1.000000000000000000e+00,2.105883238104587774e-01
5.338000000000000256e+01,2.500208318233490198e-02,7.815661668777465487e-02,0.000000000000000000e+00,1.000000000000000000e+00,2.098935096872188155e-01
5.339999999999999858e+01,2.500199377536773890e-02,7.818192958831786388e-02,0.000000000000000000e+00,1.000000000000000000e+00,2.111883191901116064e-01
5.342000000000000171e+01,2.500100433826446533e-02,7.820456743240356001e-02,0.000000000000000000e+00,1.000000000000000000e+00,2.139195140703534503e-01
5.343999999999999773e+01,2.499885112047195435e-02,7.822900772094726340e-02,0.000000000000000000e+00,1.000000000000000000e+00,2.170375050525032434e-01
5.346000000000000085e+01,2.499634325504303256e-02,7.824727535247802401e-02,0.000000000000000000e+00,1.000000000000000000e+00,2.194423515657623891e-01
5.348000000000000398e+01,2.499426752328872889e-02,7.825821161270141157e-02,0.000000000000000000e+00,1.000000000000000000e+00,2.206723995039062136e-01
5.350000000000000000e+01,2.499325424432754725e-02,7.826250314712523970e-02,0.000000000000000000e+00,1.000000000000000000e+00,2.209601866432056028e-01
5.352000000000000313e+01,2.499277740716934412e-02,7.826454162597655528e-02,0.000000000000000000e+00,1.000000000000000000e+00,2.207532960959631418e-01
5.353999999999999915e+01,2.499267011880874911e-02,7.826564311981200339e-02,0.000000000000000000e+00,1.000000000000000000e+00,2.203943449620525963e-01
5.356000000000000227e+01,2.499281466007232874e-02,7.826683759689330444e-02,0.000000000000000000e+00,1.000000000000000000e+00,2.201325962624211263e-01
5.357999999999999829e+01,2.499317526817321916e-02,7.826856136322021817e-02,0.000000000000000000e+00,1.000000000000000000e+00,2.202384152534716255e-01
5.360000000000000142e+01,2.499386072158813615e-02,7.827221632003783514e-02,0.000000000000000000e+00,1.000000000000000000e+00,2.209999587296118950e-01
5.362000000000000455e+01,2.499464601278305123e-02,7.827800989151000033e-02,0.000000000000000000e+00,1.000000000000000000e+00,2.225900554548430610e-01
5.364000000000000057e+01,2.499555200338363786e-02,7.828931093215941994e-02,0.000000000000000000e+00,1.000000000000000000e+00,2.249277216235507915e-01
5.366000000000000369e+01,2.499586492776870866e-02,7.830086231231689342e-02,0.000000000000000000e+00,1.000000000000000000e+00,2.276302669385104338e-01
5.367999999999999972e+01,2.499561607837677210e-02,7.831136226654052124e-02,0.000000000000000000e+00,1.000000000000000000e+00,2.301431218887285413e-01
5.370000000000000284e+01,2.499512881040573398e-02,7.831797838211058960e-02,0.000000000000000000e+00,1.000000000000000000e+00,2.320474880719475830e-01
5.371999999999999886e+01,2.499440014362335274e-02,7.832389354705809881e-02,0.000000000000000000e+00,1.000000000000000000e+00,2.332790995390524036e-01
5.374000000000000199e+01,2.499367445707321306e-02,7.832813501358032449e-02,0.000000000000000000e+00,1.000000000000000000e+00,2.340257605218147574e-01
5.375999999999999801e+01,2.499333173036575456e-02,7.832977294921875111e-02,0.000000000000000000e+00,1.000000000000000000e+00,2.344798084365752877e-01
5.378000000000000114e+01,2.499322444200515955e-02,7.833025217056274747e-02,0.000000000000000000e+00,1.000000000000000000e+00,2.347293205727334908e-01
5.380000000000000426e+01,2.499315291643142839e-02,7.833062410354614535e-02,0.000000000000000000e+00,1.000000000000000000e+00,2.348264827632460250e-01
5.382000000000000028e+01,2.499311417341232300e-02,7.833091020584105613e-02,0.000000000000000000e+00,1.000000000000000000e+00,2.348656786052390477e-01
5.384000000000000341e+01,2.499307245016098300e-02,7.833116769790648970e-02,0.000000000000000000e+00,1.000000000000000000e+00,2.349072767336307377e-01
5.385999999999999943e+01,2.499296218156814645e-02,7.833138227462768666e-02,0.000000000000000000e+00,1.000000000000000000e+00,2.347783979410209831e-01
5.388000000000000256e+01,2.499302923679351876e-02,7.833140373229979803e-02,0.000000000000000000e+00,1.000000000000000000e+00,2.339427496939981421e-01
5.389999999999999858e+01,2.499301880598068376e-02,7.833138942718505249e-02,0.000000000000000000e+00,1.000000000000000000e+00,2.316965893872705851e-01
5.392000000000000171e+01,2.499376535415649692e-02,7.833350658416747547e-02,0.000000000000000000e+00,1.000000000000000000e+00,2.278313545247155070e-01
5.393999999999999773e+01,2.499483674764633317e-02,7.833796977996826394e-02,0.000000000000000000e+00,1.000000000000000000e+00,2.231655853720640459e-01
5.396000000000000085e+01,2.499651908874511719e-02,7.834814786911011020e-02,0.000000000000000000e+00,1.000000000000000000e+00,2.190519020666091554e-01
5.398000000000000398e+01,2.499854415655136317e-02,7.836713075637817549e-02,0.000000000000000000e+00,1.000000000000000000e+00,2.164607570567218253e-01
5.400000000000000000e+01,2.500001490116119524e-02,7.839323043823241688e-02,0.000000000000000000e+00,1.000000000000000000e+00,2.157145961235054088e-01
5.402000000000000313e+01,2.500029504299164027e-02,7.842101097106933538e-02,0.000000000000000000e+00,1.000000000000000000e+00,2.166144637844585330e-01
5.403999999999999915e+01,2.499941736459732056e-02,7.844664573669433982e-02,0.000000000000000000e+00,1.000000000000000000e+00,2.184486895066981571e-01
5.406000000000000227e+01,2.499773055315017770e-02,7.846831083297729770e-02,0.000000000000000000e+00,1.000000000000000000e+00,2.201139584396666349e-01
5.407999999999999829e+01,2.499562352895736903e-02,7.848587036132811945e-02,0.000000000000000000e+00,1.000000000000000000e+00,2.206726455067573867e-01
5.410000000000000142e+01,2.499448060989380160e-02,7.849320888519287220e-02,0.000000000000000000e+00,1.000000000000000000e+00,2.198572382732330577e-01
5.412000000000000455e+01,2.499325424432754725e-02,7.850044012069701260e-02,0.000000000000000000e+00,1.000000000000000000e+00,2.179752618190095581e-01
5.414000000000000057e+01,2.499274462461471835e-02,7.850435972213744285e-02,0.000000000000000000e+00,1.000000000000000000e+00,2.155462147262580119e-01
5.416000000000000369e+01,2.499269694089889526e-02,7.850649118423461137e-02,0.000000000000000000e+00,1.000000000000000000e+00,2.131198403873023894e-01
5.417999999999999972e+01,2.499300986528396606e-02,7.851000308990478682e-02,0.000000000000000000e+00,1.000000000000000000e+00,2.112463771178648420e-01
5.420000000000000284e+01,2.499354332685470650e-02,7.851398706436156505e-02,0.000000000000000000e+00,1.000000000000000000e+00,2.104096460029917792e-01
5.421999999999999886e+01,2.499431520700454851e-02,7.852024555206298106e-02,0.000000000000000000e+00,1.000000000000000000e+00,2.109065712718186381e-01
5.424000000000000199e+01,2.499530464410781860e-02,7.853127479553222157e-02,0.000000000000000000e+00,1.000000000000000000e+00,2.127607366707053582e-01
5.425999999999999801e+01,2.499594688415527483e-02,7.854422807693481334e-02,0.000000000000000000e+00,1.000000000000000000e+00,2.156837861661905220e-01
5.428000000000000114e+01,2.499604821205139368e-02,7.855431318283080666e-02,0.000000000000000000e+00,1.000000000000000000e+00,2.191135356573429838e-01
5.430000000000000426e+01,2.499574273824691981e-02,7.856634378433227650e-02,0.000000000000000000e+00,1.000000000000000000e+00,2.224331325866494291e-01
5.432000000000000028e+01,2.499509900808334628e-02,7.857837438583373246e-02,0.000000000000000000e+00,1.000000000000000000e+00,2.252765916540274138e-01
5.434000000000000341e+01,2.499470561742782662e-02,7.858412504196166104e-02,0.000000000000000000e+00,1.000000000000000000e+00,2.276002982848341627e-01
5.435999999999999943e+01,2.499430477619171351e-02,7.859044075012207309e-02,0.000000000000000000e+00,1.000000000000000000e+00,2.294817747792568530e-01
5.438000000000000256e+01,2.499421685934066772e-02,7.859289407730102317e-02,0.000000000000000000e+00,1.000000000000000000e+00,2.309477010601064806e-01
5.439999999999999858e+01,2.499423325061798234e-02,7.859975337982177956e-02,0.000000000000000000e+00,1.000000000000000000e+00,2.320235227265612932e-01
5.442000000000000171e+01,2.499440610408783237e-02,7.860547542572021706e-02,0.000000000000000000e+00,1.000000000000000000e+00,2.328936351782497638e-01
5.443999999999999773e+01,2.499462962150574008e-02,7.861235618591308483e-02,0.000000000000000000e+00,1.000000000000000000e+00,2.338982098274442478e-01
5.446000000000000085e+01,2.499468624591827393e-02,7.861984491348265880e-02,0.000000000000000000e+00,1.000000000000000000e+00,2.352930113007173640e-01
5.448000000000000398e+01,2.499436736106872697e-02,7.862713336944579523e-02,0.000000000000000000e+00,1.000000000000000000e+00,2.369696628483572431e-01
5.450000000000000000e+01,2.499393075704574654e-02,7.863045930862426480e-02,0.000000000000000000e+00,1.000000000000000000e+00,2.383059732287408361e-01
5.452000000000000313e+01,2.499299496412277222e-02,7.863344907760619340e-02,0.000000000000000000e+00,1.000000000000000000e+00,2.383674050132221500e-01
5.453999999999999915e+01,2.499292194843292375e-02,7.863351345062255526e-02,0.000000000000000000e+00,1.000000000000000000e+00,2.366721653018439842e-01
5.456000000000000227e+01,2.499346137046814034e-02,7.863402128219604270e-02,0.000000000000000000e+00,1.000000000000000000e+00,2.338279356857130287e-01
5.457999999999999829e+01,2.499401271343231271e-02,7.863556623458861639e-02,0.000000000000000000e+00,1.000000000000000000e+00,2.310521377865897563e-01
5.460000000000000142e+01,2.499585300683975289e-02,7.864548683166504295e-02,0.000000000000000000e+00,1.000000000000000000e+00,2.292699637348963038e-01
5.462000000000000455e+01,2.499707639217376917e-02,7.865846872329711192e-02,0.000000000000000000e+00,1.000000000000000000e+00,2.287912567241467687e-01
5.464000000000000057e+01,2.499752193689346383e-02,7.867353916168212669e-02,0.000000000000000000e+00,1.000000000000000000e+00,2.293452429745760079e-01
5.466000000000000369e+01,2.499707341194153110e-02,7.869278669357299139e-02,0.000000000000000000e+00,1.000000000000000000e+00,2.301488280172096224e-01
5.467999999999999972e+01,2.499607503414154330e-02,7.870722770690917469e-02,0.000000000000000000e+00,1.000000000000000000e+00,2.301755945170413931e-01
5.470000000000000284e+01,2.499493211507797241e-02,7.871791362762450839e-02,0.000000000000000000e+00,1.000000000000000000e+00,2.286559071565092138e-01
5.471999999999999886e+01,2.499410361051559656e-02,7.872432231903075950e-02,0.000000000000000000e+00,1.000000000000000000e+00,2.253936868126938942e-01
5.474000000000000199e+01,2.499372214078903268e-02,7.872751951217650535e-02,0.000000000000000000e+00,1.000000000000000000e+00,2.207194431813849778e-01
5.475999999999999801e+01,2.499356567859649728e-02,7.873008012771606778e-02,0.000000000000000000e+00,1.000000000000000000e+00,2.153349451462671649e-01
5.478000000000000114e+01,2.499362975358963151e-02,7.873254776000976340e-02,0.000000000000000000e+00,1.000000000000000000e+00,2.101613865728412800e-01
5.480000000000000426e+01,2.499411851167679041e-02,7.873808383941649502e-02,0.000000000000000000e+00,1.000000000000000000e+00,2.060898404389875649e-01
5.482000000000000028e+01,2.499467134475708008e-02,7.874345541000365989e-02,0.000000000000000000e+00,1.000000000000000000e+00,2.037088940129771764e-01
5.484000000000000341e+01,2.499516159296035975e-02,7.874918460845946322e-02,0.000000000000000000e+00,1.000000000000000000e+00,2.032067957248861745e-01
5.485999999999999943e+01,2.499569654464721749e-02,7.875901937484740267e-02,0.000000000000000000e+00,1.000000000000000000e+00,2.044148606877949914e-01
5.488000000000000256e+01,2.499591410160064905e-02,7.877007007598876842e-02,0.000000000000000000e+00,1.000000000000000000e+00,2.068448622731123288e-01
5.489999999999999858e+01,2.499579191207886020e-02,7.877984762191772572e-02,0.000000000000000000e+00,1.000000000000000000e+00,2.097906704957864799e-01
5.492000000000000171e+01,2.499542087316513131e-02,7.878999710083008090e-02,0.000000000000000000e+00,1.000000000000000000e+00,2.126264178633006652e-01
5.493999999999999773e+01,2.499502301216125627e-02,7.879866600036621038e-02,0.000000000000000000e+00,1.000000000000000000e+00,2.150717491806181936e-01
5.496000000000000085e+01,2.499479055404663086e-02,7.880568265914916770e-02,0.000000000000000000e+00,1.000000000000000000e+00,2.171224984388354096e-01
5.498000000000000398e+01,2.499480545520782471e-02,7.881429433822631503e-02,0.000000000000000000e+00,1.000000000000000000e+00,2.188175402890377153e-01
5.500000000000000000e+01,2.499512434005737513e-02,7.882147550582885298e-02,0.000000000000000000e+00,1.000000000000000000e+00,2.201801572660106732e-01
5.502000000000000313e+01,2.499599009752273560e-02,7.883334875106810802e-02,0.000000000000000000e+00,1.000000000000000000e+00,2.213812970781731670e-01
5.503999999999999915e+01,2.499701380729675571e-02,7.884651660919189675e-02,0.000000000000000000e+00,1.000000000000000000e+00,2.228530270525194146e-01
5.506000000000000227e+01,2.499818950891494890e-02,7.886563539505005160e-02,0.000000000000000000e+00,1.000000000000000000e+00,2.251207589999539571e-01
5.507999999999999829e+01,2.499882131814956665e-02,7.888629913330078014e-02,0.000000000000000000e+00,1.000000000000000000e+00,2.285115770189744266e-01
5.510000000000000142e+01,2.499858140945434778e-02,7.890730619430541548e-02,0.000000000000000000e+00,1.000000000000000000e+00,2.329210585039040160e-01
5.512000000000000455e+01,2.499763369560241769e-02,7.892179727554321511e-02,0.000000000000000000e+00,1.000000000000000000e+00,2.376109234877376297e-01
5.514000000000000057e+01,2.499623596668243408e-02,7.893180370330810103e-02,0.000000000000000000e+00,1.000000000000000000e+00,2.413068769575549555e-01
5.516000000000000369e+01,2.499462813138961931e-02,7.893790483474731612e-02,0.000000000000000000e+00,1.000000000000000000e+00,2.430369536680727915e-01
5.517999999999999972e+01,2.499363571405410767e-02,7.893959283828734519e-02,0.000000000000000000e+00,1.000000000000000000e+00,2.429873845966389057e-01
5.520000000000000284e+01,2.499389350414276192e-02,7.893960714340209073e-02,0.000000000000000000e+00,1.000000000000000000e+00,2.421754835934664396e-01
5.521999999999999886e+01,2.499409317970276156e-02,7.894001483917235940e-02,0.000000000000000000e+00,1.000000000000000000e+00,2.415343664792208023e-01
5.524000000000000199e+01,2.499492019414902011e-02,7.894439220428466075e-02,0.000000000000000000e+00,1.000000000000000000e+00,2.414595947721625280e-01
5.525999999999999801e+01,2.499527335166931361e-02,7.894961357116699052e-02,0.000000000000000000e+00,1.000000000000000000e+00,2.417907049860099911e-01
5.528000000000000114e+01,2.499520778656005859e-02,7.895747423171996238e-02,0.000000000000000000e+00,1.000000000000000000e+00,2.419461006033865325e-01
5.530000000000000426e+01,2.499479204416275163e-02,7.896408319473266491e-02,0.000000000000000000e+00,1.000000000000000000e+00,2.411571204280121838e-01
5.532000000000000028e+01,2.499441355466842929e-02,7.896796703338622436e-02,0.000000000000000000e+00,1.000000000000000000e+00,2.387395499942094046e-01
5.534000000000000341e+01,2.499409765005111694e-02,7.897112131118774747e-02,0.000000000000000000e+00,1.000000000000000000e+00,2.343177638725349732e-01
5.535999999999999943e+01,2.499399781227111886e-02,7.897290945053100919e-02,0.000000000000000000e+00,1.000000000000000000e+00,2.280395601191015365e-01
5.538000000000000256e+01,2.499401420354843348e-02,7.897363901138305942e-02,0.000000000000000000e+00,1.000000000000000000e+00,2.207265573688867444e-01
5.539999999999999858e+01,2.499437928199768275e-02,7.897783041000365489e-02,0.000000000000000000e+00,1.000000000000000000e+00,2.136594391468641385e-01
5.542000000000000171e+01,2.499485313892364780e-02,7.898230075836180919e-02,0.000000000000000000e+00,1.000000000000000000e+00,2.079870102044307223e-01
5.543999999999999773e+01,2.499539256095886439e-02,7.898826599121093472e-02,0.000000000000000000e+00,1.000000000000000000e+00,2.042986459748755979e-01
5.546000000000000085e+01,2.499575167894363403e-02,7.899446725845336859e-02,0.000000000000000000e+00,1.000000000000000000e+00,2.026433950528614691e-01
5.548000000000000398e+01,2.499589323997497559e-02,7.900172710418701394e-02,0.000000000000000000e+00,1.000000000000000000e+00,2.026980778423836393e-01
5.550000000000000000e+01,2.499577552080154558e-02,7.900819301605224720e-02,0.000000000000000000e+00,1.000000000000000000e+00,2.038577853494430159e-01
5.552000000000000313e+01,2.499534785747528284e-02,7.901679039001464899e-02,0.000000000000000000e+00,1.000000000000000000e+00,2.054004625927850214e-01
5.553999999999999915e+01,2.499506622552871704e-02,7.902106761932373158e-02,0.000000000000000000e+00,1.000000000000000000e+00,2.067988635777872064e-01
5.556000000000000227e+01,2.499485462903976510e-02,7.902505874633788951e-02,0.000000000000000000e+00,1.000000000000000000e+00,2.078612731022519977e-01
5.557999999999999829e+01,2.499484717845916817e-02,7.902842760086059570e-02,0.000000000000000000e+00,1.000000000000000000e+00,2.085669282271344349e-01
5.560000000000000142e+01,2.499501556158065935e-02,7.903093814849852794e-02,0.000000000000000000e+00,1.000000000000000000e+00,2.089150908150763652e-01
5.562000000000000455e+01,2.499555200338363786e-02,7.903555154800415150e-02,0.000000000000000000e+00,1.000000000000000000e+00,2.090285678493568056e-01
5.564000000000000057e+01,2.499724924564361572e-02,7.904876232147216297e-02,0.000000000000000000e+00,1.000000000000000000e+00,2.093488625554230653e-01
5.566000000000000369e+01,2.499912977218628207e-02,7.906537771224975142e-02,0.000000000000000000e+00,1.000000000000000000e+00,2.105622894052107674e-01
5.567999999999999972e+01,2.500074207782745569e-02,7.908468246459961215e-02,0.000000000000000000e+00,1.000000000000000000e+00,2.132892056909682643e-01
5.570000000000000284e+01,2.500193417072296351e-02,7.911002397537231223e-02,0.000000000000000000e+00,1.000000000000000000e+00,2.178737445531452599e-01
5.571999999999999886e+01,2.500216960906982699e-02,7.914447784423828125e-02,0.000000000000000000e+00,1.000000000000000000e+00,2.242266537497978052e-01
5.574000000000000199e+01,2.500112056732177804e-02,7.917280912399292381e-02,0.000000000000000000e+00,1.000000000000000000e+00,2.315403919465033322e-01
5.575999999999999801e+01,2.499945461750030518e-02,7.919214248657226174e-02,0.000000000000000000e+00,1.000000000000000000e+00,2.382808197544935003e-01
5.578000000000000114e+01,2.499767839908599923e-02,7.920438051223754883e-02,0.000000000000000000e+00,1.000000000000000000e+00,2.430354860773636383e-01
5.580000000000000426e+01,2.499551624059677402e-02,7.921405076980590765e-02,0.000000000000000000e+00,1.000000000000000000e+00,2.454958886352943404e-01
5.582000000000000028e+01,2.499436140060425082e-02,7.921734809875488614e-02,0.000000000000000000e+00,1.000000000000000000e+00,2.463460646823214806e-01
5.584000000000000341e+01,2.499364763498306344e-02,7.921842098236084317e-02,0.000000000000000000e+00,1.000000000000000000e+00,2.464706955613747696e-01
5.585999999999999943e+01,2.499369084835052768e-02,7.921842098236084317e-02,0.000000000000000000e+00,1.000000000000000000e+00,2.464555623878629531e-01
5.588000000000000256e+01,2.499388456344604770e-02,7.921892166137695090e-02,0.000000000000000000e+00,1.000000000000000000e+00,2.465041759497013096e-01
5.589999999999999858e+01,2.499390840530395577e-02,7.921937942504882202e-02,0.000000000000000000e+00,1.000000000000000000e+00,2.464997706994823123e-01
5.592000000000000171e+01,2.499389946460724155e-02,7.921949386596680021e-02,0.000000000000000000e+00,1.000000000000000000e+00,2.460468305312061843e-01
5.593999999999999773e+01,2.499390542507171770e-02,7.921942949295043834e-02,0.000000000000000000e+00,1.000000000000000000e+00,2.444990135871330239e-01
5.596000000000000085e+01,2.499390393495559692e-02,7.921936511993407648e-02,0.000000000000000000e+00,1.000000000000000000e+00,2.411387698121597867e-01
5.598000000000000398e+01,2.499390840530395577e-02,7.921938657760620173e-02,0.000000000000000000e+00,1.000000000000000000e+00,2.356740103948371245e-01
5.600000000000000000e+01,2.499415278434753696e-02,7.922039508819579690e-02,0.000000000000000000e+00,1.000000000000000000e+00,2.287551596695515388e-01
5.602000000000000313e+01,2.499430924654007236e-02,7.922113895416259266e-02,0.000000000000000000e+00,1.000000000000000000e+00,2.217669169833529907e-01
5.603999999999999915e+01,2.499469518661499162e-02,7.922367811203002985e-02,0.000000000000000000e+00,1.000000000000000000e+00,2.159570849519268365e-01
5.606000000000000227e+01,2.499507814645767281e-02,7.922784090042113425e-02,0.000000000000000000e+00,1.000000000000000000e+00,2.119003104466353760e-01
5.607999999999999829e+01,2.499524801969528476e-02,7.923294782638549971e-02,0.000000000000000000e+00,1.000000000000000000e+00,2.095825705330919275e-01
5.610000000000000142e+01,2.499516755342483590e-02,7.923630952835082619e-02,0.000000000000000000e+00,1.000000000000000000e+00,2.086246537839392678e-01
5.612000000000000455e+01,2.499496340751648088e-02,7.923884153366088368e-02,0.000000000000000000e+00,1.000000000000000000e+00,2.084389416167622966e-01
5.614000000000000057e+01,2.499460875988006661e-02,7.924152374267577625e-02,0.000000000000000000e+00,1.000000000000000000e+00,2.084544143338636635e-01
5.616000000000000369e+01,2.499446123838424891e-02,7.924244642257689819e-02,0.000000000000000000e+00,1.000000000000000000e+00,2.083318289541712665e-01
5.617999999999999972e+01,2.499426901340484619e-02,7.924423456192015991e-02,0.000000000000000000e+00,1.000000000000000000e+00,2.079265605874273393e-01
5.620000000000000284e+01,2.499431967735290736e-02,7.924515724182128185e-02,0.000000000000000000e+00,1.000000000000000000e+00,2.071178804688199593e-01
5.621999999999999886e+01,2.499486953020095895e-02,7.924793243408202736e-02,0.000000000000000000e+00,1.000000000000000000e+00,2.058323268251525950e-01
5.624000000000000199e+01,2.499551773071289132e-02,7.925075054168700950e-02,0.000000000000000000e+00,1.000000000000000000e+00,2.043132005998502532e-01
5.625999999999999801e+01,2.499660700559616297e-02,7.925618648529052235e-02,0.000000000000000000e+00,1.000000000000000000e+00,2.032560803252136949e-01
5.628000000000000114e+01,2.499829232692718506e-02,7.926710128784179854e-02,0.000000000000000000e+00,1.000000000000000000e+00,2.035081893964214850e-01
5.630000000000000426e+01,2.500027716159820834e-02,7.928552627563476007e-02,0.000000000000000000e+00,1.000000000000000000e+00,2.056988022904970570e-01
5.632000000000000028e+01,2.500186860561370850e-02,7.931058168411254938e-02,0.000000000000000000e+00,1.000000000000000000e+00,2.101292455269072601e-01
5.634000000000000341e+01,2.500267028808593819e-02,7.934713125228881614e-02,0.000000000000000000e+00,1.000000000000000000e+00,2.166606755010299645e-01
5.635999999999999943e+01,2.500208318233490198e-02,7.938064813613891768e-02,0.000000000000000000e+00,1.000000000000000000e+00,2.244435739708625366e-01
5.638000000000000256e+01,2.500075995922088762e-02,7.940466642379760687e-02,0.000000000000000000e+00,1.000000000000000000e+00,2.319408710925106032e-01
5.639999999999999858e+01,2.499871253967285434e-02,7.942730426788330300e-02,0.000000000000000000e+00,1.000000000000000000e+00,2.376563301029933906e-01
5.642000000000000171e+01,2.499678730964660645e-02,7.944320440292358676e-02,0.000000000000000000e+00,1.000000000000000000e+00,2.409498836290874801e-01
5.643999999999999773e+01,2.499569356441497942e-02,7.945091485977172352e-02,0.000000000000000000e+00,1.000000000000000000e+00,2.421100636702422371e-01
5.646000000000000085e+01,2.499507069587707589e-02,7.945527791976927934e-02,0.000000000000000000e+00,1.000000000000000000e+00,2.419052541149922242e-01
5.648000000000000398e+01,2.499465644359588623e-02,7.945886850357054831e-02,0.000000000000000000e+00,1.000000000000000000e+00,2.411839946068968510e-01
5.650000000000000000e+01,2.499446570873260776e-02,7.946169376373291016e-02,0.000000000000000000e+00,1.000000000000000000e+00,2.406407195352892880e-01
5.652000000000000313e+01,2.499441355466842929e-02,7.946356773376464511e-02,0.000000000000000000e+00,1.000000000000000000e+00,2.406519376969870339e-01
5.653999999999999915e+01,2.499438077211380005e-02,7.946489095687865600e-02,0.000000000000000000e+00,1.000000000000000000e+00,2.411522154300260457e-01
5.656000000000000227e+01,2.499423623085022042e-02,7.946712255477904330e-02,0.000000000000000000e+00,1.000000000000000000e+00,2.415650493507023877e-01
5.657999999999999829e+01,2.499419152736663888e-02,7.946740150451660212e-02,0.000000000000000000e+00,1.000000000000000000e+00,2.409180469646949319e-01
5.660000000000000142e+01,2.499397844076156616e-02,7.946795225143432617e-02,0.000000000000000000e+00,1.000000000000000000e+00,2.384105453058505963e-01
5.662000000000000455e+01,2.499382793903351038e-02,7.946802377700805387e-02,0.000000000000000000e+00,1.000000000000000000e+00,2.341987171673811097e-01
5.664000000000000057e+01,2.499407827854156772e-02,7.946835994720458096e-02,0.000000000000000000e+00,1.000000000000000000e+00,2.293783402055940279e-01
5.666000000000000369e+01,2.499411553144455234e-02,7.946849584579467052e-02,0.000000000000000000e+00,1.000000000000000000e+00,2.250882473849303012e-01
5.667999999999999972e+01,2.499441653490066736e-02,7.947112083435058094e-02,0.000000000000000000e+00,1.000000000000000000e+00,2.218975428453599241e-01
5.670000000000000284e+01,2.499443292617797852e-02,7.947474002838134099e-02,0.000000000000000000e+00,1.000000000000000000e+00,2.198240786531597546e-01
5.671999999999999886e+01,2.499418556690216273e-02,7.947716474533081388e-02,0.000000000000000000e+00,1.000000000000000000e+00,2.185523050703713221e-01
5.674000000000000199e+01,2.499396204948425501e-02,7.947808027267455611e-02,0.000000000000000000e+00,1.000000000000000000e+00,2.176683078205507160e-01
5.675999999999999801e+01,2.499381899833679269e-02,7.947834491729735551e-02,0.000000000000000000e+00,1.000000000000000000e+00,2.168799799714303811e-01
5.678000000000000114e+01,2.499397546052932809e-02,7.947830915451049860e-02,0.000000000000000000e+00,1.000000000000000000e+00,2.160492304321390278e-01
5.680000000000000426e+01,2.499402463436126848e-02,7.947842359542846291e-02,0.000000000000000000e+00,1.000000000000000000e+00,2.150227401308678621e-01
5.682000000000000028e+01,2.499402165412903040e-02,7.947843790054320845e-02,0.000000000000000000e+00,1.000000000000000000e+00,2.135309274546459690e-01
5.684000000000000341e+01,2.499416619539261003e-02,7.947845220565795399e-02,0.000000000000000000e+00,1.000000000000000000e+00,2.113848107538181531e-01
5.685999999999999943e+01,2.499444633722305506e-02,7.947887420654296819e-02,0.000000000000000000e+00,1.000000000000000000e+00,2.088588024007812516e-01
5.688000000000000256e+01,2.499557733535766671e-02,7.948210000991820512e-02,0.000000000000000000e+00,1.000000000000000000e+00,2.067486992043200966e-01
5.689999999999999858e+01,2.499742656946182459e-02,7.949045419692993275e-02,0.000000000000000000e+00,1.000000000000000000e+00,2.059358447339953158e-01
5.692000000000000171e+01,2.499956786632537981e-02,7.950557470321654996e-02,0.000000000000000000e+00,1.000000000000000000e+00,2.070028127057421119e-01
5.693999999999999773e+01,2.500109374523162842e-02,7.952384233474731057e-02,0.000000000000000000e+00,1.000000000000000000e+00,2.101486999556677060e-01
5.696000000000000085e+01,2.500202655792236467e-02,7.954885482788086326e-02,0.000000000000000000e+00,1.000000000000000000e+00,2.151231276817400229e-01
5.698000000000000398e+01,2.500200867652893275e-02,7.957348108291625866e-02,0.000000000000000000e+00,1.000000000000000000e+00,2.211077301265219064e-01
5.700000000000000000e+01,2.500125765800476074e-02,7.959775686264038141e-02,0.000000000000000000e+00,1.000000000000000000e+00,2.268393049511626125e-01
5.702000000000000313e+01,2.500016987323760986e-02,7.961859941482543612e-02,0.000000000000000000e+00,1.000000000000000000e+00,2.310844043917013313e-01
5.703999999999999915e+01,2.499908208847045898e-02,7.963634490966796375e-02,0.000000000000000000e+00,1.000000000000000000e+00,2.331179611439528621e-01
5.706000000000000227e+01,2.499812394380569736e-02,7.965356111526489258e-02,0.000000000000000000e+00,1.000000000000000000e+00,2.329317482114778015e-01
5.707999999999999829e+01,2.499778866767883578e-02,7.966257333755492887e-02,0.000000000000000000e+00,1.000000000000000000e+00,2.312140756724527235e-01
5.710000000000000142e+01,2.499762922525405884e-02,7.967351675033569613e-02,0.000000000000000000e+00,1.000000000000000000e+00,2.290932056887959867e-01
5.712000000000000455e+01,2.499762624502182076e-02,7.968418836593627042e-02,0.000000000000000000e+00,1.000000000000000000e+00,2.276548775662362023e-01
5.714000000000000057e+01,2.499760538339615076e-02,7.969355821609497292e-02,0.000000000000000000e+00,1.000000000000000000e+00,2.275374590640389660e-01
5.716000000000000369e+01,2.499739676713943690e-02,7.970283508300780861e-02,0.000000000000000000e+00,1.000000000000000000e+00,2.288147517967148437e-01
5.717999999999999972e+01,2.499689757823944300e-02,7.971112489700317438e-02,0.000000000000000000e+00,1.000000000000000000e+00,2.309921005374968861e-01
5.720000000000000284e+01,2.499609291553497523e-02,7.971794128417968028e-02,0.000000000000000000e+00,1.000000000000000000e+00,2.330450783469235898e-01
5.721999999999999886e+01,2.499538362026214669e-02,7.972134590148925726e-02,0.000000000000000000e+00,1.000000000000000000e+00,2.338685547982085888e-01
5.724000000000000199e+01,2.499495744705200473e-02,7.972246170043945090e-02,0.000000000000000000e+00,1.000000000000000000e+00,2.331169618433185098e-01
5.725999999999999801e+01,2.499470263719558855e-02,7.972269773483275923e-02,0.000000000000000000e+00,1.000000000000000000e+00,2.313995505079141646e-01
5.728000000000000114e+01,2.499487698078155587e-02,7.972284793853759433e-02,0.000000000000000000e+00,1.000000000000000000e+00,2.295664428186059702e-01
5.730000000000000426e+01,2.499504089355468819e-02,7.972360610961913563e-02,0.000000000000000000e+00,1.000000000000000000e+00,2.281064244593867529e-01
5.732000000000000028e+01,2.499500662088394165e-02,7.972418546676635076e-02,0.000000000000000000e+00,1.000000000000000000e+00,2.270780381773613021e-01
5.734000000000000341e+01,2.499484121799469202e-02,7.972457885742187389e-02,0.000000000000000000e+00,1.000000000000000000e+00,2.263158076864067725e-01
5.735999999999999943e+01,2.499478161334991663e-02,7.972457885742187389e-02,0.000000000000000000e+00,1.000000000000000000e+00,2.256867070087808791e-01
5.738000000000000256e+01,2.499496638774871896e-02,7.972489356994628962e-02,0.000000000000000000e+00,1.000000000000000000e+00,2.251954379073614065e-01
5.739999999999999858e+01,2.499515563249588013e-02,7.972569465637206754e-02,0.000000000000000000e+00,1.000000000000000000e+00,2.248483813075385640e-01
5.742000000000000171e+01,2.499535977840423862e-02,7.972826242446899581e-02,0.000000000000000000e+00,1.000000000000000000e+00,2.244560806167305578e-01
5.743999999999999773e+01,2.499524950981140206e-02,7.973032236099242276e-02,0.000000000000000000e+00,1.000000000000000000e+00,2.236170184691675666e-01
5.746000000000000085e+01,2.499482184648513933e-02,7.973208904266357311e-02,0.000000000000000000e+00,1.000000000000000000e+00,2.220079980020278621e-01
5.748000000000000398e+01,2.499434500932693620e-02,7.973262548446655162e-02,0.000000000000000000e+00,1.000000000000000000e+00,2.197939883925557614e-01
5.750000000000000000e+01,2.499439418315887659e-02,7.973266124725340853e-02,0.000000000000000000e+00,1.000000000000000000e+00,2.176524577782330827e-01
5.752000000000000313e+01,2.499506622552871704e-02,7.973434209823608565e-02,0.000000000000000000e+00,1.000000000000000000e+00,2.163452732188140271e-01
5.753999999999999915e+01,2.499606758356094638e-02,7.973915576934814675e-02,0.000000000000000000e+00,1.000000000000000000e+00,2.163507761988942291e-01
5.756000000000000227e+01,2.499703615903854648e-02,7.974756717681884266e-02,0.000000000000000000e+00,1.000000000000000000e+00,2.177640496442956319e-01
5.757999999999999829e+01,2.499768733978271693e-02,7.975907564163207952e-02,0.000000000000000000e+00,1.000000000000000000e+00,2.202998194648648767e-01
5.760000000000000142e+01,2.499793618917465349e-02,7.977353096008300837e-02,0.000000000000000000e+00,1.000000000000000000e+00,2.233352162024236365e-01
5.762000000000000455e+01,2.499783486127853463e-02,7.978923797607422042e-02,0.000000000000000000e+00,1.000000000000000000e+00,2.260361990301364976e-01
5.764000000000000057e+01,2.499764114618301461e-02,7.980273485183715654e-02,0.000000000000000000e+00,1.000000000000000000e+00,2.275366179704219893e-01
5.766000000000000369e+01,2.499756962060928345e-02,7.981334924697876254e-02,0.000000000000000000e+00,1.000000000000000000e+00,2.271610757399381009e-01
5.767999999999999972e+01,2.499768286943435808e-02,7.982360601425170232e-02,0.000000000000000000e+00,1.000000000000000000e+00,2.247770228382594548e-01
5.770000000000000284e+01,2.499804496765136927e-02,7.983601570129393588e-02,0.000000000000000000e+00,1.000000000000000000e+00,2.211106128227489920e-01
5.771999999999999886e+01,2.499856948852539201e-02,7.984989166259764959e-02,0.000000000000000000e+00,1.000000000000000000e+00,2.175125292536495281e-01
5.774000000000000199e+01,2.499922513961792131e-02,7.986989021301268976e-02,0.000000000000000000e+00,1.000000000000000000e+00,2.152024332940032925e-01
5.775999999999999801e+01,2.499950826168060442e-02,7.988918781280517079e-02,0.000000000000000000e+00,1.000000000000000000e+00,2.147859340079170676e-01
5.778000000000000114e+01,2.499916702508926669e-02,7.991324186325073076e-02,0.000000000000000000e+00,1.000000000000000000e+00,2.162930135300593637e-01
5.780000000000000426e+01,2.499808669090271274e-02,7.993386983871460238e-02,0.000000000000000000e+00,1.000000000000000000e+00,2.192516536365374802e-01
5.782000000000000028e+01,2.499741017818450997e-02,7.994060039520263505e-02,0.000000000000000000e+00,1.000000000000000000e+00,2.226570766266338652e-01
5.784000000000000341e+01,2.499618530273437639e-02,7.994816064834595060e-02,0.000000000000000000e+00,1.000000000000000000e+00,2.253378539971544747e-01
5.785999999999999943e+01,2.499523907899856706e-02,7.995200872421263927e-02,0.000000000000000000e+00,1.000000000000000000e+00,2.267428038254523104e-01
5.788000000000000256e+01,2.499454617500305315e-02,7.995386838912964256e-02,0.000000000000000000e+00,1.000000000000000000e+00,2.271573887254572377e-01
5.789999999999999858e+01,2.499455660581588815e-02,7.995385408401488314e-02,0.000000000000000000e+00,1.000000000000000000e+00,2.271451977141977219e-01
5.792000000000000171e+01,2.499457448720932007e-02,7.995383262634277177e-02,0.000000000000000000e+00,1.000000000000000000e+00,2.270616189670336404e-01
5.793999999999999773e+01,2.499456554651260584e-02,7.995381832122802623e-02,0.000000000000000000e+00,1.000000000000000000e+00,2.270030954190456196e-01
5.796000000000000085e+01,2.499484419822693010e-02,7.995429039001464289e-02,0.000000000000000000e+00,1.000000000000000000e+00,2.270035520242887905e-01
5.798000000000000398e+01,2.499525845050811976e-02,7.995544195175170732e-02,0.000000000000000000e+00,1.000000000000000000e+00,2.271979002594470831e-01
5.800000000000000000e+01,2.499558627605438441e-02,7.995692968368529885e-02,0.000000000000000000e+00,1.000000000000000000e+00,2.277691381702506845e-01
5.802000000000000313e+01,2.499616295099258562e-02,7.996158599853515903e-02,0.000000000000000000e+00,1.000000000000000000e+00,2.287524912268897315e-01
5.803999999999999915e+01,2.499634325504303256e-02,7.996561288833617387e-02,0.000000000000000000e+00,1.000000000000000000e+00,2.298940938624006725e-01
5.806000000000000227e+01,2.499614655971527100e-02,7.997202873229980469e-02,0.000000000000000000e+00,1.000000000000000000e+00,2.307064875967373141e-01
5.807999999999999829e+01,2.499562203884124825e-02,7.997652769088745006e-02,0.000000000000000000e+00,1.000000000000000000e+00,2.307783614479950729e-01
5.810000000000000142e+01,2.499498426914215088e-02,7.997915267944336049e-02,0.000000000000000000e+00,1.000000000000000000e+00,2.301194515109123429e-01
5.812000000000000455e+01,2.499502450227737704e-02,7.997907400131225308e-02,0.000000000000000000e+00,1.000000000000000000e+00,2.291473548443895281e-01
5.814000000000000057e+01,2.499473989009857317e-02,7.997909545898437833e-02,0.000000000000000000e+00,1.000000000000000000e+00,2.283522689056106392e-01
5.816000000000000369e+01,2.499523013830184937e-02,7.998001098632812056e-02,0.000000000000000000e+00,1.000000000000000000e+00,2.280260067343755914e-01
5.817999999999999972e+01,2.499571889638900826e-02,7.998233556747436079e-02,0.000000000000000000e+00,1.000000000000000000e+00,2.282066759419918711e-01
5.820000000000000284e+01,2.499596476554870675e-02,7.998484611511230691e-02,0.000000000000000000e+00,1.000000000000000000e+00,2.287432116575849328e-01
5.821999999999999886e+01,2.499618232250213831e-02,7.998935937881469782e-02,0.000000000000000000e+00,1.000000000000000000e+00,2.293567145275842156e-01
5.824000000000000199e+01,2.499633282423019409e-02,7.999355077743529330e-02,0.000000000000000000e+00,1.000000000000000000e+00,2.296247589138825929e-01
5.825999999999999801e+01,2.499650716781616488e-02,7.999693393707274502e-02,0.000000000000000000e+00,1.000000000000000000e+00,2.289416759526650691e-01
5.828000000000000114e+01,2.499685734510422030e-02,8.000136852264404241e-02,0.000000000000000000e+00,1.000000000000000000e+00,2.266719953579829083e-01
5.830000000000000426e+01,2.499745041131973267e-02,8.000735521316527932e-02,0.000000000000000000e+00,1.000000000000000000e+00,2.226686568771156227e-01
5.832000000000000028e+01,2.499844282865524431e-02,8.001706123352050892e-02,0.000000000000000000e+00,1.000000000000000000e+00,2.177536278467604447e-01
5.834000000000000341e+01,2.500006556510925293e-02,8.003528594970703292e-02,0.000000000000000000e+00,1.000000000000000000e+00,2.133542692471394331e-01
5.835999999999999943e+01,2.500111460685730189e-02,8.005157232284546009e-02,0.000000000000000000e+00,1.000000000000000000e+00,2.105883238104613864e-01
5.838000000000000256e+01,2.500179409980773926e-02,8.007230758666991632e-02,0.000000000000000000e+00,1.000000000000000000e+00,2.098935096872211747e-01
5.839999999999999858e+01,2.500171661376953194e-02,8.009452342987059825e-02,0.000000000000000000e+00,1.000000000000000000e+00,2.111883191901137158e-01
5.842000000000000171e+01,2.500070333480835030e-02,8.011770486831665261e-02,0.000000000000000000e+00,1.000000000000000000e+00,2.139195140703521181e-01
5.843999999999999773e+01,2.499889582395553589e-02,8.013822555541992576e-02,0.000000000000000000e+00,1.000000000000000000e+00,2.170375050525038818e-01
5.846000000000000085e+01,2.499711066484451572e-02,8.015124320983886552e-02,0.000000000000000000e+00,1.000000000000000000e+00,2.194423515657656920e-01
5.848000000000000398e+01,2.499557584524154941e-02,8.015932559967041404e-02,0.000000000000000000e+00,1.000000000000000000e+00,2.206723995039078789e-01
5.850000000000000000e+01,2.499499171972274780e-02,8.016180038452147549e-02,0.000000000000000000e+00,1.000000000000000000e+00,2.209601866432066852e-01
5.852000000000000313e+01,2.499469518661499162e-02,8.016306638717650423e-02,0.000000000000000000e+00,1.000000000000000000e+00,2.207532960959650570e-01
5.853999999999999915e+01,2.499460726976394931e-02,8.016396760940551480e-02,0.000000000000000000e+00,1.000000000000000000e+00,2.203943449620547057e-01
5.856000000000000227e+01,2.499468028545379777e-02,8.016457557678222101e-02,0.000000000000000000e+00,1.000000000000000000e+00,2.201325962624224863e-01
5.857999999999999829e+01,2.499493807554245203e-02,8.016581296920775868e-02,0.000000000000000000e+00,1.000000000000000000e+00,2.202384152534728468e-01
5.860000000000000142e+01,2.499565184116363595e-02,8.016962528228759044e-02,0.000000000000000000e+00,1.000000000000000000e+00,2.209999587296128110e-01
5.862000000000000455e+01,2.499625086784362793e-02,8.017405271530150812e-02,0.000000000000000000e+00,1.000000000000000000e+00,2.225900554548445320e-01
5.864000000000000057e+01,2.499687373638153146e-02,8.018182754516600674e-02,0.000000000000000000e+00,1.000000000000000000e+00,2.249277216235519572e-01
5.866000000000000369e+01,2.499706596136093417e-02,8.018893718719481700e-02,0.000000000000000000e+00,1.000000000000000000e+00,2.276302669385117938e-01
5.867999999999999972e+01,2.499694675207138339e-02,8.019393682479858398e-02,0.000000000000000000e+00,1.000000000000000000e+00,2.301431218887282637e-01
5.870000000000000284e+01,2.499629706144333025e-02,8.020276308059691439e-02,0.000000000000000000e+00,1.000000000000000000e+00,2.320474880719481936e-01
5.871999999999999886e+01,2.499568462371826172e-02,8.020774126052855613e-02,0.000000000000000000e+00,1.000000000000000000e+00,2.332790995390534305e-01
5.874000000000000199e+01,2.499496936798095703e-02,8.021192550659179965e-02,0.000000000000000000e+00,1.000000000000000000e+00,2.340257605218151737e-01
5.875999999999999801e+01,2.499459385871887276e-02,8.021371364593506137e-02,0.000000000000000000e+00,1.000000000000000000e+00,2.344798084365755930e-01
5.878000000000000114e+01,2.499438971281051775e-02,8.021462917327880360e-02,0.000000000000000000e+00,1.000000000000000000e+00,2.347293205727336018e-01
5.880000000000000426e+01,2.499430179595947543e-02,8.021509408950805442e-02,0.000000000000000000e+00,1.000000000000000000e+00,2.348264827632461638e-01
5.882000000000000028e+01,2.499429881572723389e-02,8.021511554718017967e-02,0.000000000000000000e+00,1.000000000000000000e+00,2.348656786052391587e-01
5.884000000000000341e+01,2.499426752328872889e-02,8.021530866622925138e-02,0.000000000000000000e+00,1.000000000000000000e+00,2.349072767336308210e-01
5.885999999999999943e+01,2.499433159828186313e-02,8.021518707275390736e-02,0.000000000000000000e+00,1.000000000000000000e+00,2.347783979410208999e-01
5.888000000000000256e+01,2.499435991048813005e-02,8.021519422531127319e-02,0.000000000000000000e+00,1.000000000000000000e+00,2.339427496939981144e-01
5.889999999999999858e+01,2.499489486217498779e-02,8.021608829498290405e-02,0.000000000000000000e+00,1.000000000000000000e+00,2.316965893872694471e-01
5.892000000000000171e+01,2.499597221612930367e-02,8.021913528442382868e-02,0.000000000000000000e+00,1.000000000000000000e+00,2.278313545247162009e-01
5.893999999999999773e+01,2.499719858169555803e-02,8.022424221038818026e-02,0.000000000000000000e+00,1.000000000000000000e+00,2.231655853720675431e-01
5.896000000000000085e+01,2.499875426292419434e-02,8.023365497589110551e-02,0.000000000000000000e+00,1.000000000000000000e+00,2.190519020666081007e-01
5.898000000000000398e+01,2.500058114528656145e-02,8.025077104568481556e-02,0.000000000000000000e+00,1.000000000000000000e+00,2.164607570567260997e-01
5.900000000000000000e+01,2.500180006027221888e-02,8.027238607406615711e-02,0.000000000000000000e+00,1.000000000000000000e+00,2.157145961235087395e-01
5.902000000000000313e+01,2.500200569629669467e-02,8.029275655746459517e-02,0.000000000000000000e+00,1.000000000000000000e+00,2.166144637844574783e-01
5.903999999999999915e+01,2.500121593475342074e-02,8.031578779220581443e-02,0.000000000000000000e+00,1.000000000000000000e+00,2.184486895066980461e-01
5.906000000000000227e+01,2.499989569187164445e-02,8.033274650573729581e-02,0.000000000000000000e+00,1.000000000000000000e+00,2.201139584396715199e-01
5.907999999999999829e+01,2.499845474958420008e-02,8.034475564956665428e-02,0.000000000000000000e+00,1.000000000000000000e+00,2.206726455067564430e-01
5.910000000000000142e+01,2.499709576368332187e-02,8.035348176956176591e-02,0.000000000000000000e+00,1.000000000000000000e+00,2.198572382732350561e-01
5.912000000000000455e+01,2.499624341726303101e-02,8.035851716995238980e-02,0.000000000000000000e+00,1.000000000000000000e+00,2.179752618190113900e-01
5.914000000000000057e+01,2.499603927135467599e-02,8.036009073257445456e-02,0.000000000000000000e+00,1.000000000000000000e+00,2.155462147262606487e-01
5.916000000000000369e+01,2.499599456787109444e-02,8.036210060119629295e-02,0.000000000000000000e+00,1.000000000000000000e+00,2.131198403873061364e-01
5.917999999999999972e+01,2.499617785215377946e-02,8.036416053771971990e-02,0.000000000000000000e+00,1.000000000000000000e+00,2.112463771178669791e-01
5.920000000000000284e+01,2.499654293060302873e-02,8.036688566207884910e-02,0.000000000000000000e+00,1.000000000000000000e+00,2.104096460029925286e-01
5.921999999999999886e+01,2.499716728925704956e-02,8.037194252014159823e-02,0.000000000000000000e+00,1.000000000000000000e+00,2.109065712718206920e-01
5.924000000000000199e+01,2.499810904264450351e-02,8.038244962692260576e-02,0.000000000000000000e+00,1.000000000000000000e+00,2.127607366707053860e-01
5.925999999999999801e+01,2.499851137399673739e-02,8.039056777954101118e-02,0.000000000000000000e+00,1.000000000000000000e+00,2.156837861661899114e-01
5.928000000000000114e+01,2.499860972166061471e-02,8.040037393569945956e-02,0.000000000000000000e+00,1.000000000000000000e+00,2.191135356573451209e-01
5.930000000000000426e+01,2.499834001064300815e-02,8.041098117828368586e-02,0.000000000000000000e+00,1.000000000000000000e+00,2.224331325866496512e-01
5.932000000000000028e+01,2.499788999557495117e-02,8.041940689086914118e-02,0.000000000000000000e+00,1.000000000000000000e+00,2.252765916540277191e-01
5.934000000000000341e+01,2.499746978282928536e-02,8.042555093765257901e-02,0.000000000000000000e+00,1.000000000000000000e+00,2.276002982848359391e-01
5.935999999999999943e+01,2.499720603227615495e-02,8.042972087860107699e-02,0.000000000000000000e+00,1.000000000000000000e+00,2.294817747792585461e-01
5.938000000000000256e+01,2.499703168869018763e-02,8.043456315994262917e-02,0.000000000000000000e+00,1.000000000000000000e+00,2.309477010601058700e-01
5.939999999999999858e+01,2.499704509973526070e-02,8.044021368026732510e-02,0.000000000000000000e+00,1.000000000000000000e+00,2.320235227265615707e-01
5.942000000000000171e+01,2.499716728925704956e-02,8.044428348541259044e-02,0.000000000000000000e+00,1.000000000000000000e+00,2.328936351782495695e-01
5.943999999999999773e+01,2.499741315841674805e-02,8.045185804367065152e-02,0.000000000000000000e+00,1.000000000000000000e+00,2.338982098274447197e-01
5.946000000000000085e+01,2.499743998050689767e-02,8.045539140701293834e-02,0.000000000000000000e+00,1.000000000000000000e+00,2.352930113007184187e-01
5.948000000000000398e+01,2.499718815088272303e-02,8.046114921569823275e-02,0.000000000000000000e+00,1.000000000000000000e+00,2.369696628483569656e-01
5.950000000000000000e+01,2.499647140502929757e-02,8.046660661697387085e-02,0.000000000000000000e+00,1.000000000000000000e+00,2.383059732287404753e-01
5.952000000000000313e+01,2.499582469463348597e-02,8.046867370605469139e-02,0.000000000000000000e+00,1.000000000000000000e+00,2.383674050132214839e-01
5.953999999999999915e+01,2.499516010284423898e-02,8.046923875808716098e-02,0.000000000000000000e+00,1.000000000000000000e+00,2.366721653018432625e-01
5.956000000000000227e+01,2.499561607837677210e-02,8.046966791152954102e-02,0.000000000000000000e+00,1.000000000000000000e+00,2.338279356857123348e-01
5.957999999999999829e+01,2.499640285968780795e-02,8.047187089920043723e-02,0.000000000000000000e+00,1.000000000000000000e+00,2.310521377865889237e-01
5.960000000000000142e+01,2.499771863222122192e-02,8.047895908355712224e-02,0.000000000000000000e+00,1.000000000000000000e+00,2.292699637348946939e-01
5.962000000000000455e+01,2.499908655881881783e-02,8.049347877502441295e-02,0.000000000000000000e+00,1.000000000000000000e+00,2.287912567241459083e-01
5.964000000000000057e+01,2.499963641166687289e-02,8.051210403442382590e-02,0.000000000000000000e+00,1.000000000000000000e+00,2.293452429745775900e-01
5.966000000000000369e+01,2.499928474426269670e-02,8.052720308303833174e-02,0.000000000000000000e+00,1.000000000000000000e+00,2.301488280172100387e-01
5.967999999999999972e+01,2.499851286411285470e-02,8.053836822509764792e-02,0.000000000000000000e+00,1.000000000000000000e+00,2.301755945170421702e-01
5.970000000000000284e+01,2.499749958515167306e-02,8.054784536361693503e-02,0.000000000000000000e+00,1.000000000000000000e+00,2.286559071565093249e-01
5.971999999999999886e+01,2.499667257070541451e-02,8.055424690246582031e-02,0.000000000000000000e+00,1.000000000000000000e+00,2.253936868126944493e-01
5.974000000000000199e+01,2.499648481607437411e-02,8.055582761764526478e-02,0.000000000000000000e+00,1.000000000000000000e+00,2.207194431813829238e-01
5.975999999999999801e+01,2.499637603759765833e-02,8.055760860443114679e-02,0.000000000000000000e+00,1.000000000000000000e+00,2.153349451462635011e-01
5.978000000000000114e+01,2.499643564224243372e-02,8.055986881256103904e-02,0.000000000000000000e+00,1.000000000000000000e+00,2.101613865728410024e-01
5.980000000000000426e+01,2.499681562185287684e-02,8.056418180465697854e-02,0.000000000000000000e+00,1.000000000000000000e+00,2.060898404389894800e-01
5.982000000000000028e+01,2.499734759330749650e-02,8.056935310363769198e-02,0.000000000000000000e+00,1.000000000000000000e+00,2.037088940129793690e-01
5.984000000000000341e+01,2.499801218509674350e-02,8.057711362838744507e-02,0.000000000000000000e+00,1.000000000000000000e+00,2.032067957248877010e-01
5.985999999999999943e+01,2.499835193157196045e-02,8.058336496353149525e-02,0.000000000000000000e+00,1.000000000000000000e+00,2.044148606877950192e-01
5.988000000000000256e+01,2.499852925539016932e-02,8.059237003326415183e-02,0.000000000000000000e+00,1.000000000000000000e+00,2.068448622731138831e-01
5.989999999999999858e+01,2.499842345714569161e-02,8.060088157653808039e-02,0.000000000000000000e+00,1.000000000000000000e+00,2.097906704957900881e-01
5.992000000000000171e+01,2.499810308218002389e-02,8.060962915420531727e-02,0.000000000000000000e+00,1.000000000000000000e+00,2.126264178633021640e-01
5.993999999999999773e+01,2.499767541885376115e-02,8.061894178390502375e-02,0.000000000000000000e+00,1.000000000000000000e+00,2.150717491806197756e-01
5.996000000000000085e+01,2.499743551015853882e-02,8.062617301940917802e-02,0.000000000000000000e+00,1.000000000000000000e+00,2.171224984388356039e-01
5.998000000000000398e+01,2.499744445085525651e-02,8.063130855560302068e-02,0.000000000000000000e+00,1.000000000000000000e+00,2.188175402890396026e-01
6.000000000000000000e+01,2.499774545431137154e-02,8.063810348510741521e-02,0.000000000000000000e+00,1.000000000000000000e+00,2.201801572660125605e-01
