time_s,J_kg_m2,b_Nms_rad,status,excitation_ok,gram_min_eigenvalue
2.000000000000000042e-02,1.500000059604644775e-02,9.600000143051147516e-02,5.000000000000000000e+00,0.000000000000000000e+00,-6.938893903907228378e-18
4.000000000000000083e-02,1.500000059604644775e-02,9.600000143051147516e-02,5.000000000000000000e+00,0.000000000000000000e+00,3.719244732304331780e-03
5.999999999999999778e-02,1.500000059604644775e-02,9.600000143051147516e-02,5.000000000000000000e+00,0.000000000000000000e+00,2.692875279944523248e-03
8.000000000000000167e-02,1.500000059604644775e-02,9.600000143051147516e-02,5.000000000000000000e+00,0.000000000000000000e+00,3.297696927520951671e-03
1.000000000000000056e-01,1.500000059604644775e-02,9.600000143051147516e-02,5.000000000000000000e+00,0.000000000000000000e+00,1.196093370152997992e-02
1.199999999999999956e-01,1.500000059604644775e-02,9.600000143051147516e-02,5.000000000000000000e+00,0.000000000000000000e+00,3.714791031401126764e-02
1.400000000000000133e-01,1.500000059604644775e-02,9.600000143051147516e-02,5.000000000000000000e+00,0.000000000000000000e+00,8.160293426674447570e-02
1.600000000000000033e-01,1.500000059604644775e-02,9.600000143051147516e-02,5.000000000000000000e+00,0.000000000000000000e+00,1.316445763849632966e-01
1.799999999999999933e-01,1.500000059604644775e-02,9.600000143051147516e-02,5.000000000000000000e+00,0.000000000000000000e+00,1.677501020856734248e-01
2.000000000000000111e-01,1.500000059604644775e-02,9.600000143051147516e-02,5.000000000000000000e+00,0.000000000000000000e+00,1.843516929214792932e-01
2.200000000000000011e-01,1.500000059604644775e-02,9.600000143051147516e-02,5.000000000000000000e+00,0.000000000000000000e+00,1.862778721140080362e-01
2.399999999999999911e-01,1.500000059604644775e-02,9.600000143051147516e-02,5.000000000000000000e+00,0.000000000000000000e+00,1.793386420739366272e-01
2.600000000000000089e-01,1.500000059604644775e-02,9.600000143051147516e-02,5.000000000000000000e+00,0.000000000000000000e+00,1.691062241353246121e-01
2.800000000000000266e-01,1.500000059604644775e-02,9.600000143051147516e-02,5.000000000000000000e+00,0.000000000000000000e+00,1.599170193532336026e-01
2.999999999999999889e-01,1.500000059604644775e-02,9.600000143051147516e-02,5.000000000000000000e+00,0.000000000000000000e+00,1.561065929770903971e-01
3.200000000000000067e-01,1.500000059604644775e-02,9.600000143051147516e-02,5.000000000000000000e+00,0.000000000000000000e+00,1.679996006645256279e-01
3.400000000000000244e-01,1.500000059604644775e-02,9.600000143051147516e-02,5.000000000000000000e+00,0.000000000000000000e+00,2.122310704469107800e-01
3.599999999999999867e-01,1.500000059604644775e-02,9.600000143051147516e-02,5.000000000000000000e+00,0.000000000000000000e+00,2.758700573775233478e-01
3.800000000000000044e-01,1.500000059604644775e-02,9.600000143051147516e-02,5.000000000000000000e+00,0.000000000000000000e+00,3.045899882452918206e-01
4.000000000000000222e-01,1.500000059604644775e-02,9.600000143051147516e-02,5.000000000000000000e+00,0.000000000000000000e+00,2.999841810451097102e-01
4.199999999999999845e-01,1.500000059604644775e-02,9.600000143051147516e-02,5.000000000000000000e+00,0.000000000000000000e+00,2.865370565114818691e-01
4.400000000000000022e-01,1.500000059604644775e-02,9.600000143051147516e-02,5.000000000000000000e+00,0.000000000000000000e+00,2.737975554777268838e-01
4.600000000000000200e-01,1.500000059604644775e-02,9.600000143051147516e-02,5.000000000000000000e+00,0.000000000000000000e+00,2.641008858513287927e-01
4.799999999999999822e-01,1.500000059604644775e-02,9.600000143051147516e-02,5.000000000000000000e+00,0.000000000000000000e+00,2.576391011356275462e-01
5.000000000000000000e-01,1.500000059604644775e-02,9.600000143051147516e-02,5.000000000000000000e+00,0.000000000000000000e+00,2.535015107980256310e-01
5.200000000000000178e-01,1.500000059604644775e-02,9.600000143051147516e-02,5.000000000000000000e+00,0.000000000000000000e+00,2.499283622670368521e-01
5.400000000000000355e-01,1.500000059604644775e-02,9.600000143051147516e-02,5.000000000000000000e+00,0.000000000000000000e+00,2.453337810006140929e-01
5.600000000000000533e-01,1.500000059604644775e-02,9.600000143051147516e-02,5.000000000000000000e+00,0.000000000000000000e+00,2.393680440799809683e-01
5.799999999999999600e-01,1.500000059604644775e-02,9.600000143051147516e-02,5.000000000000000000e+00,0.000000000000000000e+00,2.326390045727071421e-01
5.999999999999999778e-01,1.500000059604644775e-02,9.600000143051147516e-02,5.000000000000000000e+00,0.000000000000000000e+00,2.258558902585797168e-01
6.199999999999999956e-01,1.500000059604644775e-02,9.600000143051147516e-02,5.000000000000000000e+00,0.000000000000000000e+00,2.195071907009105427e-01
6.400000000000000133e-01,1.500000059604644775e-02,9.600000143051147516e-02,5.000000000000000000e+00,0.000000000000000000e+00,2.139711812386973500e-01
6.600000000000000311e-01,1.500000059604644775e-02,9.600000143051147516e-02,5.000000000000000000e+00,0.000000000000000000e+00,2.096007852276007277e-01
6.800000000000000488e-01,1.500000059604644775e-02,9.600000143051147516e-02,5.000000000000000000e+00,0.000000000000000000e+00,2.066406460795830735e-01
7.000000000000000666e-01,1.500000059604644775e-02,9.600000143051147516e-02,5.000000000000000000e+00,0.000000000000000000e+00,2.051029231459003677e-01
7.199999999999999734e-01,1.500000059604644775e-02,9.600000143051147516e-02,5.000000000000000000e+00,0.000000000000000000e+00,2.046729501697309161e-01
7.399999999999999911e-01,1.500000059604644775e-02,9.600000143051147516e-02,5.000000000000000000e+00,0.000000000000000000e+00,2.047027715922232760e-01
7.600000000000000089e-01,1.500000059604644775e-02,9.600000143051147516e-02,5.000000000000000000e+00,0.000000000000000000e+00,2.044580949148432636e-01
7.800000000000000266e-01,1.500000059604644775e-02,9.600000143051147516e-02,5.000000000000000000e+00,0.000000000000000000e+00,2.035444630387620302e-01
8.000000000000000444e-01,1.500000059604644775e-02,9.600000143051147516e-02,5.000000000000000000e+00,0.000000000000000000e+00,2.020912240511897884e-01
8.200000000000000622e-01,1.500000059604644775e-02,9.600000143051147516e-02,5.000000000000000000e+00,0.000000000000000000e+00,2.005775840184485792e-01
8.399999999999999689e-01,1.500000059604644775e-02,9.600000143051147516e-02,5.000000000000000000e+00,0.000000000000000000e+00,1.996066762684916840e-01
8.599999999999999867e-01,1.500000059604644775e-02,9.600000143051147516e-02,5.000000000000000000e+00,0.000000000000000000e+00,1.997766571235814748e-01
8.800000000000000044e-01,1.500000059604644775e-02,9.600000143051147516e-02,5.000000000000000000e+00,0.000000000000000000e+00,2.016249460458146847e-01
9.000000000000000222e-01,1.500000059604644775e-02,9.600000143051147516e-02,5.000000000000000000e+00,0.000000000000000000e+00,2.057266260107478706e-01
9.200000000000000400e-01,1.500000059604644775e-02,9.600000143051147516e-02,5.000000000000000000e+00,0.000000000000000000e+00,2.128774103736113255e-01
9.400000000000000577e-01,1.500000059604644775e-02,9.600000143051147516e-02,5.000000000000000000e+00,0.000000000000000000e+00,2.239221712314262147e-01
9.599999999999999645e-01,1.500000059604644775e-02,9.600000143051147516e-02,5.000000000000000000e+00,0.000000000000000000e+00,2.386822192098902173e-01
9.799999999999999822e-01,1.500000059604644775e-02,9.600000143051147516e-02,5.000000000000000000e+00,0.000000000000000000e+00,2.542990591647218412e-01
1.000000000000000000e+00,1.500000059604644775e-02,9.600000143051147516e-02,5.000000000000000000e+00,0.000000000000000000e+00,2.658085400580681434e-01
1.020000000000000018e+00,1.500000059604644775e-02,9.600000143051147516e-02,5.000000000000000000e+00,0.000000000000000000e+00,2.703533748817720239e-01
1.040000000000000036e+00,1.500000059604644775e-02,9.600000143051147516e-02,5.000000000000000000e+00,0.000000000000000000e+00,2.692157913304385475e-01
1.060000000000000053e+00,1.500000059604644775e-02,9.600000143051147516e-02,5.000000000000000000e+00,0.000000000000000000e+00,2.652269987951919039e-01
1.080000000000000071e+00,1.500000059604644775e-02,9.600000143051147516e-02,5.000000000000000000e+00,0.000000000000000000e+00,2.604232178642789663e-01
1.100000000000000089e+00,1.500000059604644775e-02,9.600000143051147516e-02,5.000000000000000000e+00,0.000000000000000000e+00,2.557033893746587516e-01
1.120000000000000107e+00,1.500000059604644775e-02,9.600000143051147516e-02,5.000000000000000000e+00,0.000000000000000000e+00,2.512497720192632400e-01
1.140000000000000124e+00,1.500000059604644775e-02,9.600000143051147516e-02,5.000000000000000000e+00,0.000000000000000000e+00,2.469681633112158770e-01
1.159999999999999920e+00,1.500000059604644775e-02,9.600000143051147516e-02,5.000000000000000000e+00,0.000000000000000000e+00,2.427764939503856134e-01
1.179999999999999938e+00,1.500000059604644775e-02,9.600000143051147516e-02,5.000000000000000000e+00,0.000000000000000000e+00,2.386799251243793274e-01
1.199999999999999956e+00,1.500000059604644775e-02,9.600000143051147516e-02,5.000000000000000000e+00,0.000000000000000000e+00,2.347070666291026508e-01
1.219999999999999973e+00,1.500000059604644775e-02,9.600000143051147516e-02,5.000000000000000000e+00,0.000000000000000000e+00,2.308735846106425293e-01
1.239999999999999991e+00,1.500000059604644775e-02,9.600000143051147516e-02,5.000000000000000000e+00,0.000000000000000000e+00,2.272316471535325011e-01
1.260000000000000009e+00,1.500000059604644775e-02,9.600000143051147516e-02,5.000000000000000000e+00,0.000000000000000000e+00,2.239146393853965744e-01
1.280000000000000027e+00,1.500000059604644775e-02,9.600000143051147516e-02,5.000000000000000000e+00,0.000000000000000000e+00,2.210796735077877329e-01
1.300000000000000044e+00,1.500000059604644775e-02,9.600000143051147516e-02,5.000000000000000000e+00,0.000000000000000000e+00,2.187813432884275766e-01
1.320000000000000062e+00,1.500000059604644775e-02,9.600000143051147516e-02,5.000000000000000000e+00,0.000000000000000000e+00,2.168859813706205397e-01
1.340000000000000080e+00,1.500000059604644775e-02,9.600000143051147516e-02,5.000000000000000000e+00,0.000000000000000000e+00,2.150996778556650835e-01
1.360000000000000098e+00,1.500000059604644775e-02,9.600000143051147516e-02,5.000000000000000000e+00,0.000000000000000000e+00,2.131229629650708002e-01
1.380000000000000115e+00,1.500000059604644775e-02,9.600000143051147516e-02,5.000000000000000000e+00,0.000000000000000000e+00,2.108308598732644423e-01
1.400000000000000133e+00,1.500000059604644775e-02,9.600000143051147516e-02,5.000000000000000000e+00,0.000000000000000000e+00,2.083065352759706779e-01
1.419999999999999929e+00,1.500000059604644775e-02,9.600000143051147516e-02,5.000000000000000000e+00,0.000000000000000000e+00,2.057287252912316511e-01
1.439999999999999947e+00,1.500000059604644775e-02,9.600000143051147516e-02,5.000000000000000000e+00,0.000000000000000000e+00,2.033007502527454380e-01
1.459999999999999964e+00,1.500000059604644775e-02,9.600000143051147516e-02,5.000000000000000000e+00,0.000000000000000000e+00,2.013199968910770743e-01
1.479999999999999982e+00,1.500000059604644775e-02,9.600000143051147516e-02,5.000000000000000000e+00,0.000000000000000000e+00,2.002604838544805310e-01
1.500000000000000000e+00,1.500000059604644775e-02,9.600000143051147516e-02,5.000000000000000000e+00,0.000000000000000000e+00,2.006987739147761129e-01
1.520000000000000018e+00,1.500000059604644775e-02,9.600000143051147516e-02,5.000000000000000000e+00,0.000000000000000000e+00,2.031671651129204892e-01
1.540000000000000036e+00,1.500000059604644775e-02,9.600000143051147516e-02,5.000000000000000000e+00,0.000000000000000000e+00,2.080856646572656621e-01
1.560000000000000053e+00,1.500000059604644775e-02,9.600000143051147516e-02,5.000000000000000000e+00,0.000000000000000000e+00,2.156284732569555829e-01
1.580000000000000071e+00,1.500000059604644775e-02,9.600000143051147516e-02,5.000000000000000000e+00,0.000000000000000000e+00,2.253188786822838408e-01
1.600000000000000089e+00,1.500000059604644775e-02,9.600000143051147516e-02,5.000000000000000000e+00,0.000000000000000000e+00,2.356125730941510954e-01
1.620000000000000107e+00,1.500000059604644775e-02,9.600000143051147516e-02,5.000000000000000000e+00,0.000000000000000000e+00,2.442871348123655806e-01
1.640000000000000124e+00,1.500000059604644775e-02,9.600000143051147516e-02,5.000000000000000000e+00,0.000000000000000000e+00,2.497793573341504092e-01
1.660000000000000142e+00,1.500000059604644775e-02,9.600000143051147516e-02,5.000000000000000000e+00,0.000000000000000000e+00,2.520263135025891943e-01
1.679999999999999938e+00,1.500000059604644775e-02,9.600000143051147516e-02,5.000000000000000000e+00,0.000000000000000000e+00,2.519562910762837560e-01
1.699999999999999956e+00,1.500000059604644775e-02,9.600000143051147516e-02,5.000000000000000000e+00,0.000000000000000000e+00,2.505959925600293459e-01
1.719999999999999973e+00,1.500000059604644775e-02,9.600000143051147516e-02,5.000000000000000000e+00,0.000000000000000000e+00,2.486539686552240169e-01
1.739999999999999991e+00,1.500000059604644775e-02,9.600000143051147516e-02,5.000000000000000000e+00,0.000000000000000000e+00,2.465209411294160269e-01
1.760000000000000009e+00,1.500000059604644775e-02,9.600000143051147516e-02,5.000000000000000000e+00,0.000000000000000000e+00,2.443842413668543545e-01
1.780000000000000027e+00,1.500000059604644775e-02,9.600000143051147516e-02,5.000000000000000000e+00,0.000000000000000000e+00,2.423005816565092785e-01
1.800000000000000044e+00,1.500000059604644775e-02,9.600000143051147516e-02,5.000000000000000000e+00,0.000000000000000000e+00,2.402223679074891871e-01
1.820000000000000062e+00,1.500000059604644775e-02,9.600000143051147516e-02,5.000000000000000000e+00,0.000000000000000000e+00,2.380402135214768067e-01
1.840000000000000080e+00,1.500000059604644775e-02,9.600000143051147516e-02,5.000000000000000000e+00,0.000000000000000000e+00,2.356774189006627662e-01
1.860000000000000098e+00,1.500000059604644775e-02,9.600000143051147516e-02,5.000000000000000000e+00,0.000000000000000000e+00,2.331815126415417161e-01
1.880000000000000115e+00,1.500000059604644775e-02,9.600000143051147516e-02,5.000000000000000000e+00,0.000000000000000000e+00,2.307123112276208143e-01
1.900000000000000133e+00,1.500000059604644775e-02,9.600000143051147516e-02,5.000000000000000000e+00,0.000000000000000000e+00,2.284215867697291791e-01
1.919999999999999929e+00,1.500000059604644775e-02,9.600000143051147516e-02,5.000000000000000000e+00,0.000000000000000000e+00,2.263359656193774383e-01
1.939999999999999947e+00,1.500000059604644775e-02,9.600000143051147516e-02,5.000000000000000000e+00,0.000000000000000000e+00,2.243416941438095003e-01
1.959999999999999964e+00,1.500000059604644775e-02,9.600000143051147516e-02,5.000000000000000000e+00,0.000000000000000000e+00,2.222862330377068651e-01
1.979999999999999982e+00,1.500000059604644775e-02,9.600000143051147516e-02,5.000000000000000000e+00,0.000000000000000000e+00,2.201169966328554162e-01
2.000000000000000000e+00,2.545223832130432198e-02,9.582971334457397738e-02,0.000000000000000000e+00,1.000000000000000000e+00,2.179165019629004107e-01
2.020000000000000018e+00,2.520034611225128313e-02,8.759310722351074108e-02,0.000000000000000000e+00,1.000000000000000000e+00,2.173918408637810218e-01
2.040000000000000036e+00,2.524433732032775948e-02,7.078214406967163475e-02,0.000000000000000000e+00,1.000000000000000000e+00,2.166178440464460453e-01
2.060000000000000053e+00,2.501713931560516427e-02,7.719287395477295033e-02,0.000000000000000000e+00,1.000000000000000000e+00,2.152340201652804819e-01
2.080000000000000071e+00,2.481449842453002999e-02,7.617850542068481390e-02,0.000000000000000000e+00,1.000000000000000000e+00,2.130623165746534931e-01
2.100000000000000089e+00,2.478969395160675326e-02,7.502149343490600863e-02,0.000000000000000000e+00,1.000000000000000000e+00,2.105215856651733997e-01
2.120000000000000107e+00,2.478756010532379150e-02,7.155301809310912753e-02,0.000000000000000000e+00,1.000000000000000000e+00,2.085417857157079169e-01
2.140000000000000124e+00,2.487054765224457065e-02,6.467979669570922407e-02,0.000000000000000000e+00,1.000000000000000000e+00,2.080162145733609746e-01
2.160000000000000142e+00,2.496268600225448608e-02,6.066465139389037864e-02,0.000000000000000000e+00,1.000000000000000000e+00,2.094658392538972791e-01
2.180000000000000160e+00,2.493902593851089755e-02,6.136789083480834878e-02,0.000000000000000000e+00,1.000000000000000000e+00,2.129957560845150144e-01
2.200000000000000178e+00,2.499181777238845825e-02,6.019093751907348550e-02,0.000000000000000000e+00,1.000000000000000000e+00,2.181992887822517269e-01
2.220000000000000195e+00,2.490592449903488229e-02,6.170412540435790683e-02,0.000000000000000000e+00,1.000000000000000000e+00,2.240513518541665250e-01
2.240000000000000213e+00,2.489316165447235177e-02,6.188957691192626537e-02,0.000000000000000000e+00,1.000000000000000000e+00,2.291537846860744743e-01
2.260000000000000231e+00,2.486716508865356723e-02,6.221809387207030695e-02,0.000000000000000000e+00,1.000000000000000000e+00,2.323298985926851301e-01
2.280000000000000249e+00,2.492289543151855746e-02,6.155239105224609431e-02,0.000000000000000000e+00,1.000000000000000000e+00,2.330930815903766995e-01
2.300000000000000266e+00,2.494498640298843661e-02,6.126600980758666742e-02,0.000000000000000000e+00,1.000000000000000000e+00,2.317485676519825122e-01
2.319999999999999840e+00,2.495367974042892595e-02,6.111340999603271512e-02,0.000000000000000000e+00,1.000000000000000000e+00,2.292349694760699719e-01
2.339999999999999858e+00,2.496234774589538644e-02,6.082727193832396934e-02,0.000000000000000000e+00,1.000000000000000000e+00,2.267510800689958306e-01
2.359999999999999876e+00,2.496400326490402430e-02,6.069434881210326871e-02,0.000000000000000000e+00,1.000000000000000000e+00,2.252762986243624921e-01
2.379999999999999893e+00,2.496228218078613489e-02,6.080379009246825867e-02,0.000000000000000000e+00,1.000000000000000000e+00,2.252774829358478725e-01
2.399999999999999911e+00,2.497072666883468767e-02,6.060441255569457703e-02,0.000000000000000000e+00,1.000000000000000000e+00,2.266698397381406438e-01
2.419999999999999929e+00,2.497752010822296143e-02,6.052805185317992887e-02,0.000000000000000000e+00,1.000000000000000000e+00,2.288244697846151532e-01
2.439999999999999947e+00,2.495410889387130945e-02,6.067916393280028964e-02,0.000000000000000000e+00,1.000000000000000000e+00,2.306658082229464946e-01
2.459999999999999964e+00,2.495392858982086251e-02,6.067988634109496709e-02,0.000000000000000000e+00,1.000000000000000000e+00,2.312270160237043515e-01
2.479999999999999982e+00,2.494880557060241699e-02,6.069221735000610018e-02,0.000000000000000000e+00,1.000000000000000000e+00,2.303925449629610767e-01
2.500000000000000000e+00,2.495251297950744698e-02,6.068797588348388145e-02,0.000000000000000000e+00,1.000000000000000000e+00,2.288415438024319626e-01
2.520000000000000018e+00,2.496154904365539828e-02,6.068970680236816101e-02,0.000000000000000000e+00,1.000000000000000000e+00,2.273208483643802402e-01
2.540000000000000036e+00,2.496299892663955688e-02,6.069538593292236189e-02,0.000000000000000000e+00,1.000000000000000000e+00,2.261969902471728522e-01
2.560000000000000053e+00,2.496444880962371896e-02,6.069241762161254466e-02,0.000000000000000000e+00,1.000000000000000000e+00,2.254783191534796560e-01
2.580000000000000071e+00,2.495733797550201555e-02,6.068995714187622181e-02,0.000000000000000000e+00,1.000000000000000000e+00,2.250437491690458480e-01
2.600000000000000089e+00,2.495851963758468836e-02,6.069203138351440124e-02,0.000000000000000000e+00,1.000000000000000000e+00,2.248579553533009145e-01
2.620000000000000107e+00,2.495168745517730921e-02,6.066749811172485185e-02,0.000000000000000000e+00,1.000000000000000000e+00,2.249810582228814471e-01
2.640000000000000124e+00,2.495022863149642944e-02,6.065625429153442133e-02,0.000000000000000000e+00,1.000000000000000000e+00,2.253759525009026154e-01
2.660000000000000142e+00,2.495218664407730311e-02,6.077625274658202820e-02,0.000000000000000000e+00,1.000000000000000000e+00,2.257260727120613542e-01
2.680000000000000160e+00,2.494910210371017664e-02,6.080642938613891463e-02,0.000000000000000000e+00,1.000000000000000000e+00,2.254814133537974552e-01
2.700000000000000178e+00,2.497539818286895891e-02,6.071700811386108315e-02,0.000000000000000000e+00,1.000000000000000000e+00,2.242576472643685315e-01
2.720000000000000195e+00,2.498308569192886353e-02,6.071054220199584989e-02,0.000000000000000000e+00,1.000000000000000000e+00,2.223016086156559823e-01
2.740000000000000213e+00,2.494541555643081665e-02,6.066624641418456865e-02,0.000000000000000000e+00,1.000000000000000000e+00,2.204128707290219924e-01
2.760000000000000231e+00,2.491499781608581821e-02,6.055935859680175448e-02,0.000000000000000000e+00,1.000000000000000000e+00,2.194052754747878031e-01
2.780000000000000249e+00,2.493499219417572021e-02,6.070180892944335854e-02,0.000000000000000000e+00,1.000000000000000000e+00,2.197402746839048626e-01
2.800000000000000266e+00,2.493112236261367867e-02,6.064510345458984375e-02,0.000000000000000000e+00,1.000000000000000000e+00,2.214523287663958673e-01
2.819999999999999840e+00,2.493078708648681710e-02,6.063087701797485046e-02,0.000000000000000000e+00,1.000000000000000000e+00,2.241533080745819750e-01
2.839999999999999858e+00,2.492878288030624459e-02,6.098107337951660240e-02,0.000000000000000000e+00,1.000000000000000000e+00,2.270869283042402931e-01
2.859999999999999876e+00,2.493091374635696481e-02,6.088841199874877458e-02,0.000000000000000000e+00,1.000000000000000000e+00,2.292959922179622079e-01
2.879999999999999893e+00,2.493954300880432337e-02,6.058051586151122492e-02,0.000000000000000000e+00,1.000000000000000000e+00,2.298663513744622355e-01
2.899999999999999911e+00,2.493820339441299438e-02,6.064647674560546403e-02,0.000000000000000000e+00,1.000000000000000000e+00,2.282336035331451185e-01
2.919999999999999929e+00,2.493815571069717477e-02,6.066215515136718500e-02,0.000000000000000000e+00,1.000000000000000000e+00,2.245688872934146763e-01
2.939999999999999947e+00,2.493628561496734689e-02,6.053727865219116211e-02,0.000000000000000000e+00,1.000000000000000000e+00,2.199408648791311982e-01
2.959999999999999964e+00,2.493723928928375314e-02,6.057776212692260465e-02,0.000000000000000000e+00,1.000000000000000000e+00,2.158260818306010909e-01
2.979999999999999982e+00,2.493786811828613281e-02,6.061457633972167774e-02,0.000000000000000000e+00,1.000000000000000000e+00,2.133255244698888387e-01
3.000000000000000000e+00,2.493809461593628207e-02,6.055877208709716658e-02,0.000000000000000000e+00,1.000000000000000000e+00,2.128627496185031553e-01
3.020000000000000018e+00,2.493297904729843348e-02,6.069839000701904297e-02,0.000000000000000000e+00,1.000000000000000000e+00,2.143185415811910133e-01
3.040000000000000036e+00,2.494002282619476457e-02,6.060808181762695340e-02,0.000000000000000000e+00,1.000000000000000000e+00,2.170918002678371983e-01
3.060000000000000053e+00,2.492877393960953036e-02,6.069592237472534041e-02,0.000000000000000000e+00,1.000000000000000000e+00,2.201208619600517891e-01
3.080000000000000071e+00,2.493461370468139787e-02,6.066518068313598439e-02,0.000000000000000000e+00,1.000000000000000000e+00,2.223585580562634501e-01
3.100000000000000089e+00,2.494859099388122697e-02,6.061328887939453069e-02,0.000000000000000000e+00,1.000000000000000000e+00,2.234624132190022872e-01
3.120000000000000107e+00,2.496650665998459070e-02,6.056444406509399470e-02,0.000000000000000000e+00,1.000000000000000000e+00,2.237871831434934955e-01
3.140000000000000124e+00,2.496240735054016183e-02,6.057439327239989846e-02,0.000000000000000000e+00,1.000000000000000000e+00,2.238172575400073083e-01
3.160000000000000142e+00,2.496255338191986223e-02,6.057235479354858287e-02,0.000000000000000000e+00,1.000000000000000000e+00,2.238171231248252402e-01
3.180000000000000160e+00,2.496172785758972446e-02,6.056996583938598078e-02,0.000000000000000000e+00,1.000000000000000000e+00,2.238782126857657984e-01
3.200000000000000178e+00,2.497676014900207520e-02,6.061332464218139454e-02,0.000000000000000000e+00,1.000000000000000000e+00,2.241257588304949311e-01
3.220000000000000195e+00,2.497778087854385376e-02,6.061737298965454157e-02,0.000000000000000000e+00,1.000000000000000000e+00,2.248038676518388512e-01
3.240000000000000213e+00,2.497555911540985316e-02,6.060361862182617188e-02,0.000000000000000000e+00,1.000000000000000000e+00,2.261366063500617196e-01
3.260000000000000231e+00,2.497223615646362513e-02,6.056373596191406278e-02,0.000000000000000000e+00,1.000000000000000000e+00,2.281132970980383201e-01
3.280000000000000249e+00,2.497039139270782609e-02,6.041635036468505360e-02,0.000000000000000000e+00,1.000000000000000000e+00,2.303578149948107279e-01
3.300000000000000266e+00,2.497132271528244157e-02,6.040031433105468722e-02,0.000000000000000000e+00,1.000000000000000000e+00,2.322089695103424778e-01
3.320000000000000284e+00,2.497201114892959664e-02,6.039542198181151872e-02,0.000000000000000000e+00,1.000000000000000000e+00,2.331100979408775309e-01
3.339999999999999858e+00,2.497262954711914132e-02,6.039310455322265125e-02,0.000000000000000000e+00,1.000000000000000000e+00,2.330332210402941417e-01
3.359999999999999876e+00,2.497376352548599451e-02,6.039120912551879800e-02,0.000000000000000000e+00,1.000000000000000000e+00,2.324459459433936837e-01
3.379999999999999893e+00,2.497941255569458008e-02,6.039210319519042885e-02,0.000000000000000000e+00,1.000000000000000000e+00,2.319067831717461781e-01
3.399999999999999911e+00,2.499218285083770752e-02,6.042215824127197127e-02,0.000000000000000000e+00,1.000000000000000000e+00,2.317591628488485100e-01
3.419999999999999929e+00,2.498606592416763306e-02,6.038657426834106307e-02,0.000000000000000000e+00,1.000000000000000000e+00,2.320684107613686931e-01
3.439999999999999947e+00,2.498592287302017420e-02,6.038475036621093750e-02,0.000000000000000000e+00,1.000000000000000000e+00,2.326745825550261271e-01
3.459999999999999964e+00,2.498178035020828455e-02,6.027308464050292608e-02,0.000000000000000000e+00,1.000000000000000000e+00,2.332342728495741813e-01
3.479999999999999982e+00,2.497945427894592355e-02,6.018995046615600170e-02,0.000000000000000000e+00,1.000000000000000000e+00,2.332040216745409067e-01
3.500000000000000000e+00,2.497967630624771396e-02,6.019521474838256808e-02,0.000000000000000000e+00,1.000000000000000000e+00,2.318584772952715645e-01
3.520000000000000018e+00,2.497173249721527238e-02,6.007548809051513339e-02,0.000000000000000000e+00,1.000000000000000000e+00,2.285795547958306140e-01
3.540000000000000036e+00,2.497348636388778756e-02,6.009640932083129550e-02,0.000000000000000000e+00,1.000000000000000000e+00,2.234783689249064675e-01
3.560000000000000053e+00,2.498131245374679565e-02,6.018812656402587613e-02,0.000000000000000000e+00,1.000000000000000000e+00,2.177114670399174778e-01
3.580000000000000071e+00,2.497605979442596436e-02,6.011386156082153265e-02,0.000000000000000000e+00,1.000000000000000000e+00,2.128109025497178231e-01
3.600000000000000089e+00,2.497305870056152483e-02,6.004628419876098522e-02,0.000000000000000000e+00,1.000000000000000000e+00,2.097665092284790589e-01
3.620000000000000107e+00,2.497301995754241943e-02,6.004280090332030778e-02,0.000000000000000000e+00,1.000000000000000000e+00,2.088519221201802223e-01
3.640000000000000124e+00,2.497452795505523959e-02,5.998597741127013883e-02,0.000000000000000000e+00,1.000000000000000000e+00,2.098532323133511790e-01
3.660000000000000142e+00,2.497541308403015275e-02,5.997276306152343750e-02,0.000000000000000000e+00,1.000000000000000000e+00,2.121111469328341159e-01
3.680000000000000160e+00,2.498220652341842651e-02,5.991148352622985285e-02,0.000000000000000000e+00,1.000000000000000000e+00,2.145815332222686389e-01
3.700000000000000178e+00,2.497508674860000888e-02,5.995634436607360368e-02,0.000000000000000000e+00,1.000000000000000000e+00,2.163489014308583869e-01
3.720000000000000195e+00,2.497359365224838257e-02,5.996354341506957703e-02,0.000000000000000000e+00,1.000000000000000000e+00,2.171512004197698464e-01
3.740000000000000213e+00,2.497480064630508423e-02,5.995844006538390836e-02,0.000000000000000000e+00,1.000000000000000000e+00,2.172522296097531835e-01
3.760000000000000231e+00,2.498259991407394617e-02,5.991488814353942982e-02,0.000000000000000000e+00,1.000000000000000000e+00,2.170045018797141789e-01
3.780000000000000249e+00,2.498238533735275269e-02,5.990277528762816966e-02,0.000000000000000000e+00,1.000000000000000000e+00,2.166651173455836077e-01
3.800000000000000266e+00,2.498248219490051270e-02,5.990330457687377541e-02,0.000000000000000000e+00,1.000000000000000000e+00,2.164857429785367327e-01
3.820000000000000284e+00,2.498665153980255196e-02,5.992317438125609880e-02,0.000000000000000000e+00,1.000000000000000000e+00,2.168114515289535082e-01
3.839999999999999858e+00,2.498235553503036499e-02,5.989794373512268011e-02,0.000000000000000000e+00,1.000000000000000000e+00,2.180071951484559845e-01
3.859999999999999876e+00,2.498587220907211304e-02,5.992843508720397533e-02,0.000000000000000000e+00,1.000000000000000000e+00,2.202821413521849625e-01
3.879999999999999893e+00,2.498877644538879603e-02,5.997637152671813493e-02,0.000000000000000000e+00,1.000000000000000000e+00,2.235455516074462690e-01
3.899999999999999911e+00,2.498841434717178484e-02,5.993721485137939314e-02,0.000000000000000000e+00,1.000000000000000000e+00,2.273468589295309372e-01
3.919999999999999929e+00,2.498679459095001429e-02,5.997857451438903809e-02,0.000000000000000000e+00,1.000000000000000000e+00,2.309987033971806214e-01
3.939999999999999947e+00,2.498796433210373133e-02,5.996497750282287625e-02,0.000000000000000000e+00,1.000000000000000000e+00,2.339217101866231108e-01
3.959999999999999964e+00,2.499489337205887049e-02,5.991267442703247098e-02,0.000000000000000000e+00,1.000000000000000000e+00,2.359248164187689178e-01
3.979999999999999982e+00,2.499544322490692208e-02,5.990957736968993697e-02,0.000000000000000000e+00,1.000000000000000000e+00,2.371406128959101245e-01
4.000000000000000000e+00,2.498908638954162875e-02,5.993906021118163702e-02,0.000000000000000000e+00,1.000000000000000000e+00,2.377860777741815645e-01
4.020000000000000462e+00,2.498788833618164132e-02,5.994421362876892201e-02,0.000000000000000000e+00,1.000000000000000000e+00,2.380453204071064088e-01
4.040000000000000036e+00,2.498798221349716325e-02,5.994377374649047935e-02,0.000000000000000000e+00,1.000000000000000000e+00,2.380980038573111135e-01
4.060000000000000497e+00,2.498688697814941545e-02,5.994968891143798856e-02,0.000000000000000000e+00,1.000000000000000000e+00,2.381200822843614062e-01
4.080000000000000071e+00,2.498595416545867920e-02,5.995311856269835982e-02,0.000000000000000000e+00,1.000000000000000000e+00,2.381487686198490161e-01
4.099999999999999645e+00,2.498563528060913225e-02,5.995336890220642062e-02,0.000000000000000000e+00,1.000000000000000000e+00,2.378908901689378852e-01
4.120000000000000107e+00,2.499358803033828805e-02,5.996105790138244601e-02,0.000000000000000000e+00,1.000000000000000000e+00,2.366655880961039959e-01
4.139999999999999680e+00,2.500928938388824463e-02,5.999518990516662653e-02,0.000000000000000000e+00,1.000000000000000000e+00,2.337459809377921138e-01
4.160000000000000142e+00,2.502154111862182895e-02,6.003631353378295621e-02,0.000000000000000000e+00,1.000000000000000000e+00,2.291312586079791158e-01
4.179999999999999716e+00,2.500834465026855608e-02,5.997201919555664174e-02,0.000000000000000000e+00,1.000000000000000000e+00,2.239017918717220723e-01
4.200000000000000178e+00,2.500381767749786446e-02,5.993902087211608332e-02,0.000000000000000000e+00,1.000000000000000000e+00,2.194539179601377732e-01
4.219999999999999751e+00,2.501204609870910645e-02,6.004056215286254772e-02,0.000000000000000000e+00,1.000000000000000000e+00,2.166263699462281922e-01
4.240000000000000213e+00,2.501042783260345667e-02,5.998969316482543473e-02,0.000000000000000000e+00,1.000000000000000000e+00,2.155931826645592075e-01
4.259999999999999787e+00,2.500899136066436768e-02,6.009762525558471485e-02,0.000000000000000000e+00,1.000000000000000000e+00,2.160285166526973444e-01
4.280000000000000249e+00,2.500941157341003696e-02,6.009017944335937056e-02,0.000000000000000000e+00,1.000000000000000000e+00,2.171504427229132284e-01
4.299999999999999822e+00,2.501414120197296281e-02,6.004226446151732927e-02,0.000000000000000000e+00,1.000000000000000000e+00,2.179524578579077054e-01
4.320000000000000284e+00,2.501236498355865687e-02,6.005494594573974193e-02,0.000000000000000000e+00,1.000000000000000000e+00,2.177519640685954827e-01
4.339999999999999858e+00,2.501622140407562533e-02,6.003262996673583429e-02,0.000000000000000000e+00,1.000000000000000000e+00,2.164807948105366420e-01
4.360000000000000320e+00,2.501924633979797641e-02,6.001511335372924916e-02,0.000000000000000000e+00,1.000000000000000000e+00,2.144585681804177524e-01
4.379999999999999893e+00,2.501591742038726876e-02,6.004978179931640125e-02,0.000000000000000000e+00,1.000000000000000000e+00,2.121025765522195627e-01
4.400000000000000355e+00,2.501608431339263916e-02,6.005345821380615040e-02,0.000000000000000000e+00,1.000000000000000000e+00,2.098638785564370390e-01
4.419999999999999929e+00,2.501490712165832520e-02,6.004515409469604603e-02,0.000000000000000000e+00,1.000000000000000000e+00,2.082487808219810332e-01
4.440000000000000391e+00,2.501760125160217355e-02,6.006244897842406838e-02,0.000000000000000000e+00,1.000000000000000000e+00,2.077388928922626332e-01
4.459999999999999964e+00,2.502427399158477922e-02,6.011495590209960799e-02,0.000000000000000000e+00,1.000000000000000000e+00,2.086455415132293101e-01
4.480000000000000426e+00,2.501907348632812639e-02,6.005411624908447293e-02,0.000000000000000000e+00,1.000000000000000000e+00,2.110133882449458098e-01
4.500000000000000000e+00,2.501878142356872559e-02,6.004733562469482394e-02,0.000000000000000000e+00,1.000000000000000000e+00,2.145729009377017049e-01
4.520000000000000462e+00,2.501892149448394984e-02,6.008475780487060325e-02,0.000000000000000000e+00,1.000000000000000000e+00,2.187616296865574350e-01
4.540000000000000036e+00,2.501733005046844621e-02,6.013787269592284906e-02,0.000000000000000000e+00,1.000000000000000000e+00,2.229212530082141930e-01
4.560000000000000497e+00,2.501679062843322962e-02,6.014760017395019004e-02,0.000000000000000000e+00,1.000000000000000000e+00,2.265862156295372076e-01
4.580000000000000071e+00,2.501967847347259799e-02,6.010545730590820257e-02,0.000000000000000000e+00,1.000000000000000000e+00,2.295740761755541426e-01
4.600000000000000533e+00,2.501813769340515206e-02,6.012967586517333624e-02,0.000000000000000000e+00,1.000000000000000000e+00,2.318458361651970778e-01
4.620000000000000107e+00,2.501859962940216134e-02,6.011798858642578014e-02,0.000000000000000000e+00,1.000000000000000000e+00,2.334055028220389238e-01
4.639999999999999680e+00,2.501863539218902865e-02,6.011279582977294839e-02,0.000000000000000000e+00,1.000000000000000000e+00,2.343835346371778705e-01
4.660000000000000142e+00,2.501879930496216098e-02,6.012370347976684487e-02,0.000000000000000000e+00,1.000000000000000000e+00,2.351326876949106914e-01
4.679999999999999716e+00,2.501884400844574252e-02,6.012702941894530750e-02,0.000000000000000000e+00,1.000000000000000000e+00,2.360960604563799303e-01
4.700000000000000178e+00,2.501881420612335483e-02,6.012887477874755832e-02,0.000000000000000000e+00,1.000000000000000000e+00,2.375080832015201426e-01
4.719999999999999751e+00,2.501630187034607072e-02,6.016211986541748075e-02,0.000000000000000000e+00,1.000000000000000000e+00,2.391446220903582220e-01
4.740000000000000213e+00,2.500913143157959193e-02,6.020147323608398410e-02,0.000000000000000000e+00,1.000000000000000000e+00,2.402424821221398055e-01
4.759999999999999787e+00,2.501265108585357805e-02,6.019339084625244252e-02,0.000000000000000000e+00,1.000000000000000000e+00,2.398408797865742847e-01
4.780000000000000249e+00,2.502232789993286133e-02,6.019057273864746038e-02,0.000000000000000000e+00,1.000000000000000000e+00,2.376489373632671709e-01
4.799999999999999822e+00,2.502474486827850619e-02,6.019409179687499473e-02,0.000000000000000000e+00,1.000000000000000000e+00,2.344902341656247280e-01
4.820000000000000284e+00,2.501663565635681152e-02,6.016555309295654186e-02,0.000000000000000000e+00,1.000000000000000000e+00,2.315866642599474223e-01
4.839999999999999858e+00,2.501553595066070834e-02,6.015800714492797879e-02,0.000000000000000000e+00,1.000000000000000000e+00,2.297211241768570278e-01
4.860000000000000320e+00,2.501344382762909005e-02,6.012531995773315319e-02,0.000000000000000000e+00,1.000000000000000000e+00,2.290453893666462570e-01
4.879999999999999893e+00,2.501317858695983887e-02,6.005154848098754466e-02,0.000000000000000000e+00,1.000000000000000000e+00,2.291571949325154345e-01
4.900000000000000355e+00,2.501562237739562988e-02,5.999990344047546192e-02,0.000000000000000000e+00,1.000000000000000000e+00,2.292338012084188803e-01
4.919999999999999929e+00,2.501800358295440743e-02,5.997424721717833918e-02,0.000000000000000000e+00,1.000000000000000000e+00,2.283912487843937911e-01
4.940000000000000391e+00,2.501593530178070068e-02,5.998996138572692399e-02,0.000000000000000000e+00,1.000000000000000000e+00,2.261292601106889011e-01
4.959999999999999964e+00,2.502037584781646729e-02,5.996082186698913075e-02,0.000000000000000000e+00,1.000000000000000000e+00,2.224611185789247825e-01
4.980000000000000426e+00,2.501785755157470703e-02,5.998054146766662598e-02,0.000000000000000000e+00,1.000000000000000000e+00,2.177675126949701334e-01
5.000000000000000000e+00,2.501789629459381242e-02,5.997942924499511524e-02,0.000000000000000000e+00,1.000000000000000000e+00,2.126770177995435107e-01
5.020000000000000462e+00,2.501789629459381242e-02,5.997942924499511524e-02,4.000000000000000000e+00,1.000000000000000000e+00,2.073845794585104652e-01
5.040000000000000036e+00,2.501789629459381242e-02,5.997942924499511524e-02,6.000000000000000000e+00,1.000000000000000000e+00,2.029459330616839863e-01
5.060000000000000497e+00,2.501789629459381242e-02,5.997942924499511524e-02,7.000000000000000000e+00,1.000000000000000000e+00,1.997055143547914746e-01
5.080000000000000071e+00,2.501784861087799280e-02,5.997895002365111888e-02,0.000000000000000000e+00,1.000000000000000000e+00,1.998023206274707197e-01
5.100000000000000533e+00,2.501828670501709054e-02,5.998617410659790039e-02,0.000000000000000000e+00,1.000000000000000000e+00,2.014980318138730742e-01
5.120000000000000107e+00,2.501848638057709018e-02,5.999425292015075212e-02,0.000000000000000000e+00,1.000000000000000000e+00,2.043013127208033186e-01
5.139999999999999680e+00,2.501832246780395785e-02,6.001971244812011330e-02,0.000000000000000000e+00,1.000000000000000000e+00,2.075631751030428962e-01
5.160000000000000142e+00,2.501642405986785958e-02,6.008752584457396906e-02,0.000000000000000000e+00,1.000000000000000000e+00,2.107352193009859598e-01
5.179999999999999716e+00,2.501573264598846644e-02,6.010751008987426369e-02,0.000000000000000000e+00,1.000000000000000000e+00,2.135384460436565157e-01
5.200000000000000178e+00,2.501463592052459786e-02,6.015812158584594310e-02,0.000000000000000000e+00,1.000000000000000000e+00,2.158709363627038802e-01
5.219999999999999751e+00,2.501487731933593750e-02,6.018618106842040655e-02,0.000000000000000000e+00,1.000000000000000000e+00,2.176646146575532681e-01
5.240000000000000213e+00,2.501415908336639474e-02,6.016936540603637362e-02,0.000000000000000000e+00,1.000000000000000000e+00,2.189451831413210536e-01
5.259999999999999787e+00,2.501502931118011752e-02,6.018302679061889732e-02,0.000000000000000000e+00,1.000000000000000000e+00,2.200256391070658235e-01
5.280000000000000249e+00,2.501632273197174072e-02,6.020328283309936412e-02,0.000000000000000000e+00,1.000000000000000000e+00,2.214937838316747842e-01
5.299999999999999822e+00,2.501775026321411202e-02,6.023521184921264149e-02,0.000000000000000000e+00,1.000000000000000000e+00,2.239044358867843254e-01
5.320000000000000284e+00,2.501747906208038469e-02,6.020970582962036077e-02,0.000000000000000000e+00,1.000000000000000000e+00,2.274835150103605985e-01
5.339999999999999858e+00,2.501589357852936069e-02,6.025400876998901478e-02,0.000000000000000000e+00,1.000000000000000000e+00,2.319449409598614009e-01
5.360000000000000320e+00,2.501869201660156250e-02,6.022509098052978432e-02,0.000000000000000000e+00,1.000000000000000000e+00,2.363555361487853779e-01
5.379999999999999893e+00,2.501998245716095109e-02,6.021811008453369085e-02,0.000000000000000000e+00,1.000000000000000000e+00,2.394224115072085546e-01
5.400000000000000355e+00,2.501523494720458984e-02,6.023173570632934376e-02,0.000000000000000000e+00,1.000000000000000000e+00,2.404690205628214339e-01
5.419999999999999929e+00,2.501393556594848702e-02,6.023308753967285267e-02,0.000000000000000000e+00,1.000000000000000000e+00,2.400146930130692136e-01
5.440000000000000391e+00,2.501934766769409180e-02,6.023689985275268444e-02,0.000000000000000000e+00,1.000000000000000000e+00,2.391233803653309009e-01
5.459999999999999964e+00,2.502540349960327357e-02,6.025481700897216547e-02,0.000000000000000000e+00,1.000000000000000000e+00,2.385520061311947881e-01
5.480000000000000426e+00,2.502676844596862793e-02,6.026490211486815879e-02,0.000000000000000000e+00,1.000000000000000000e+00,2.384779808100993548e-01
5.500000000000000000e+00,2.502730786800384799e-02,6.028181791305541742e-02,0.000000000000000000e+00,1.000000000000000000e+00,2.385739236856860013e-01
5.520000000000000462e+00,2.502939701080322474e-02,6.023114919662475586e-02,0.000000000000000000e+00,1.000000000000000000e+00,2.382042414924137319e-01
5.540000000000000036e+00,2.502704858779907296e-02,6.025466680526733038e-02,0.000000000000000000e+00,1.000000000000000000e+00,2.366969104780956012e-01
5.560000000000000497e+00,2.502351701259613106e-02,6.027965784072875782e-02,0.000000000000000000e+00,1.000000000000000000e+00,2.335748322812566113e-01
5.580000000000000071e+00,2.502735257148742953e-02,6.025270700454711525e-02,0.000000000000000000e+00,1.000000000000000000e+00,2.286921432461272163e-01
5.600000000000000533e+00,2.502613067626953403e-02,6.027090311050414817e-02,0.000000000000000000e+00,1.000000000000000000e+00,2.223722315702608421e-01
5.620000000000000107e+00,2.502651512622833252e-02,6.027753353118896207e-02,0.000000000000000000e+00,1.000000000000000000e+00,2.154841326885953978e-01
5.639999999999999680e+00,2.502564191818237513e-02,6.027106761932372880e-02,0.000000000000000000e+00,1.000000000000000000e+00,2.091867346621814339e-01
5.660000000000000142e+00,2.502555251121521204e-02,6.027043819427489735e-02,0.000000000000000000e+00,1.000000000000000000e+00,2.044107028883208887e-01
5.679999999999999716e+00,2.502472698688507080e-02,6.026309967041015153e-02,0.000000000000000000e+00,1.000000000000000000e+00,2.015561125548585297e-01
5.700000000000000178e+00,2.502188980579376359e-02,6.022361040115356556e-02,0.000000000000000000e+00,1.000000000000000000e+00,2.005537346613814609e-01
5.719999999999999751e+00,2.501994967460632532e-02,6.015948057174682478e-02,0.000000000000000000e+00,1.000000000000000000e+00,2.010120711626309786e-01
5.740000000000000213e+00,2.501998543739318917e-02,6.015435218811034795e-02,0.000000000000000000e+00,1.000000000000000000e+00,2.023252114437769922e-01
5.759999999999999787e+00,2.502026855945587228e-02,6.014603376388549805e-02,0.000000000000000000e+00,1.000000000000000000e+00,2.038715959451836701e-01
5.780000000000000249e+00,2.501987516880035609e-02,6.015522480010986051e-02,0.000000000000000000e+00,1.000000000000000000e+00,2.052530264540331217e-01
5.799999999999999822e+00,2.501956224441528528e-02,6.016900777816772128e-02,0.000000000000000000e+00,1.000000000000000000e+00,2.063100970325563444e-01
5.820000000000000284e+00,2.501985132694244454e-02,6.018019437789916964e-02,0.000000000000000000e+00,1.000000000000000000e+00,2.069564150952404868e-01
5.839999999999999858e+00,2.501944601535797258e-02,6.017511606216430220e-02,0.000000000000000000e+00,1.000000000000000000e+00,2.071472078572403619e-01
5.860000000000000320e+00,2.502106428146362582e-02,6.018958568572997658e-02,0.000000000000000000e+00,1.000000000000000000e+00,2.070889373047375415e-01
5.879999999999999893e+00,2.501972019672393799e-02,6.017786979675292941e-02,0.000000000000000000e+00,1.000000000000000000e+00,2.073854127521937429e-01
5.900000000000000355e+00,2.502148151397705356e-02,6.019627332687377957e-02,0.000000000000000000e+00,1.000000000000000000e+00,2.087978794262918270e-01
5.919999999999999929e+00,2.502474188804626465e-02,6.024692058563232283e-02,0.000000000000000000e+00,1.000000000000000000e+00,2.118820074653744723e-01
5.940000000000000391e+00,2.502516508102417200e-02,6.026294231414794367e-02,0.000000000000000000e+00,1.000000000000000000e+00,2.168396281566494777e-01
5.959999999999999964e+00,2.502494156360626429e-02,6.027723312377929188e-02,0.000000000000000000e+00,1.000000000000000000e+00,2.233760627290249101e-01
5.980000000000000426e+00,2.502317130565643449e-02,6.030610084533691295e-02,0.000000000000000000e+00,1.000000000000000000e+00,2.304417985940266644e-01
6.000000000000000000e+00,2.502051591873169153e-02,6.032949686050415039e-02,0.000000000000000000e+00,1.000000000000000000e+00,2.364367243709858679e-01
6.020000000000000462e+00,2.502276599407196253e-02,6.031690120697021096e-02,0.000000000000000000e+00,1.000000000000000000e+00,2.402431056138009113e-01
6.040000000000000036e+00,2.501369118690490931e-02,6.035024642944335910e-02,0.000000000000000000e+00,1.000000000000000000e+00,2.419559170802856318e-01
6.060000000000000497e+00,2.501756548881530970e-02,6.034155607223510437e-02,0.000000000000000000e+00,1.000000000000000000e+00,2.424215857471314906e-01
6.080000000000000071e+00,2.501429319381713937e-02,6.034460306167602206e-02,0.000000000000000000e+00,1.000000000000000000e+00,2.424451571200432198e-01
6.100000000000000533e+00,2.501348853111267159e-02,6.034402370452880693e-02,0.000000000000000000e+00,1.000000000000000000e+00,2.424507162214971923e-01
6.120000000000000107e+00,2.501440644264221400e-02,6.034865856170654186e-02,0.000000000000000000e+00,1.000000000000000000e+00,2.424961548132945899e-01
6.140000000000000568e+00,2.501416802406311243e-02,6.035214185714721236e-02,0.000000000000000000e+00,1.000000000000000000e+00,2.423654611047940388e-01
6.160000000000000142e+00,2.501592934131622453e-02,6.034554004669188954e-02,0.000000000000000000e+00,1.000000000000000000e+00,2.416187413379257409e-01
6.179999999999999716e+00,2.501578032970428606e-02,6.034586906433105080e-02,0.000000000000000000e+00,1.000000000000000000e+00,2.396432422717847399e-01
6.200000000000000178e+00,2.501561343669891566e-02,6.034700632095336970e-02,0.000000000000000000e+00,1.000000000000000000e+00,2.358787236440792745e-01
6.219999999999999751e+00,2.501471638679504672e-02,6.034510374069213673e-02,0.000000000000000000e+00,1.000000000000000000e+00,2.302993304375174355e-01
6.240000000000000213e+00,2.501361668109894007e-02,6.034243583679198969e-02,0.000000000000000000e+00,1.000000000000000000e+00,2.237456496198538258e-01
6.259999999999999787e+00,2.501612901687622070e-02,6.035118341445922657e-02,0.000000000000000000e+00,1.000000000000000000e+00,2.175280337685177035e-01
6.280000000000000249e+00,2.501277625560760498e-02,6.033337354660033708e-02,0.000000000000000000e+00,1.000000000000000000e+00,2.126437197538677548e-01
6.299999999999999822e+00,2.501530945301055908e-02,6.035669088363647405e-02,0.000000000000000000e+00,1.000000000000000000e+00,2.094441234680524122e-01
6.320000000000000284e+00,2.501423060894012590e-02,6.032974004745483149e-02,0.000000000000000000e+00,1.000000000000000000e+00,2.077789689858754729e-01
6.339999999999999858e+00,2.501460015773773402e-02,6.031362533569335771e-02,0.000000000000000000e+00,1.000000000000000000e+00,2.072015034193841199e-01
6.360000000000000320e+00,2.501553595066070834e-02,6.030203819274902038e-02,0.000000000000000000e+00,1.000000000000000000e+00,2.071487107242380166e-01
6.379999999999999893e+00,2.501651644706726074e-02,6.029418468475341436e-02,0.000000000000000000e+00,1.000000000000000000e+00,2.071651866217366078e-01
6.400000000000000355e+00,2.501574754714966028e-02,6.030037879943847545e-02,0.000000000000000000e+00,1.000000000000000000e+00,2.070090774514387888e-01
6.419999999999999929e+00,2.501569092273712297e-02,6.030255317687988059e-02,0.000000000000000000e+00,1.000000000000000000e+00,2.065273007645761771e-01
6.440000000000000391e+00,2.501565515995025912e-02,6.030228137969970148e-02,0.000000000000000000e+00,1.000000000000000000e+00,2.055405634522431968e-01
6.459999999999999964e+00,2.501559257507324219e-02,6.030199527740478377e-02,0.000000000000000000e+00,1.000000000000000000e+00,2.040038611835007509e-01
6.480000000000000426e+00,2.500724792480468750e-02,6.026255607604980025e-02,0.000000000000000000e+00,1.000000000000000000e+00,2.023320344692119965e-01
6.500000000000000000e+00,2.500265538692474435e-02,6.023637056350707869e-02,0.000000000000000000e+00,1.000000000000000000e+00,2.013869277657319712e-01
6.520000000000000462e+00,2.500661909580230782e-02,6.026681184768676453e-02,0.000000000000000000e+00,1.000000000000000000e+00,2.020164675855493919e-01
6.540000000000000036e+00,2.500089406967163225e-02,6.019934892654418834e-02,0.000000000000000000e+00,1.000000000000000000e+00,2.047305093831651712e-01
6.560000000000000497e+00,2.500326335430145402e-02,6.025611877441405806e-02,0.000000000000000000e+00,1.000000000000000000e+00,2.096736335095769899e-01
6.580000000000000071e+00,2.500323355197906633e-02,6.023086309432983121e-02,0.000000000000000000e+00,1.000000000000000000e+00,2.164917391016599191e-01
6.600000000000000533e+00,2.500573396682739466e-02,6.016395092010497908e-02,0.000000000000000000e+00,1.000000000000000000e+00,2.240739383102494375e-01
6.620000000000000107e+00,2.500380277633667062e-02,6.018992900848388339e-02,0.000000000000000000e+00,1.000000000000000000e+00,2.307731778109813059e-01
6.640000000000000568e+00,2.500154972076416154e-02,6.021052122116088423e-02,0.000000000000000000e+00,1.000000000000000000e+00,2.353106425430675774e-01
6.660000000000000142e+00,2.500537037849426270e-02,6.018321275711059626e-02,0.000000000000000000e+00,1.000000000000000000e+00,2.374368445385879045e-01
6.679999999999999716e+00,2.500818073749542375e-02,6.016552448272705078e-02,0.000000000000000000e+00,1.000000000000000000e+00,2.377276856043809838e-01
6.700000000000000178e+00,2.501094937324524134e-02,6.014737844467162725e-02,0.000000000000000000e+00,1.000000000000000000e+00,2.370487700231432016e-01
6.719999999999999751e+00,2.501216828823089877e-02,6.013626337051391352e-02,0.000000000000000000e+00,1.000000000000000000e+00,2.362056787348307263e-01
6.740000000000000213e+00,2.501356601715087891e-02,6.010556459426879411e-02,0.000000000000000000e+00,1.000000000000000000e+00,2.357689778089513410e-01
6.759999999999999787e+00,2.501357197761535853e-02,6.009525775909423800e-02,0.000000000000000000e+00,1.000000000000000000e+00,2.359541979605776219e-01
6.780000000000000249e+00,2.501357495784759660e-02,6.010850429534912026e-02,0.000000000000000000e+00,1.000000000000000000e+00,2.365325187469908552e-01
6.799999999999999822e+00,2.501390278339386125e-02,6.010062932968139593e-02,0.000000000000000000e+00,1.000000000000000000e+00,2.368087667711652189e-01
6.820000000000000284e+00,2.501359879970550815e-02,6.010301113128661832e-02,0.000000000000000000e+00,1.000000000000000000e+00,2.358390061993664577e-01
6.839999999999999858e+00,2.501215040683746338e-02,6.010786056518554327e-02,0.000000000000000000e+00,1.000000000000000000e+00,2.330762556262922502e-01
6.860000000000000320e+00,2.501203715801239222e-02,6.010798215866088728e-02,0.000000000000000000e+00,1.000000000000000000e+00,2.289718135245870645e-01
6.879999999999999893e+00,2.501360476016998430e-02,6.010911941528319924e-02,0.000000000000000000e+00,1.000000000000000000e+00,2.246560793880561790e-01
6.900000000000000355e+00,2.501496076583862443e-02,6.011305332183837502e-02,0.000000000000000000e+00,1.000000000000000000e+00,2.210706589167883984e-01
6.919999999999999929e+00,2.501566410064697335e-02,6.011886119842529269e-02,0.000000000000000000e+00,1.000000000000000000e+00,2.185739104021302559e-01
6.940000000000000391e+00,2.501570582389831682e-02,6.011713743209838590e-02,0.000000000000000000e+00,1.000000000000000000e+00,2.170556659938253918e-01
6.959999999999999964e+00,2.501496076583862443e-02,6.012118577957153293e-02,0.000000000000000000e+00,1.000000000000000000e+00,2.161713195725695202e-01
6.980000000000000426e+00,2.501621842384338379e-02,6.011871099472045760e-02,0.000000000000000000e+00,1.000000000000000000e+00,2.155774828223643025e-01
7.000000000000000000e+00,2.501980960369110107e-02,6.011837482452392356e-02,0.000000000000000000e+00,1.000000000000000000e+00,2.150778597887520738e-01
7.020000000000000462e+00,2.502034604549407959e-02,6.011946201324462613e-02,0.000000000000000000e+00,1.000000000000000000e+00,2.151178971932018735e-01
7.040000000000000036e+00,2.502000629901886264e-02,6.011218786239623524e-02,0.000000000000000000e+00,1.000000000000000000e+00,2.151981538608357947e-01
7.060000000000000497e+00,2.501963376998901645e-02,6.011296749114990179e-02,0.000000000000000000e+00,1.000000000000000000e+00,2.152340201652802876e-01
7.080000000000000071e+00,2.502048313617706576e-02,6.011333942413329967e-02,0.000000000000000000e+00,1.000000000000000000e+00,2.130623165746534931e-01
7.100000000000000533e+00,2.502245008945465365e-02,6.011708736419677651e-02,0.000000000000000000e+00,1.000000000000000000e+00,2.105215856651732609e-01
7.120000000000000107e+00,2.502621114253997942e-02,6.012986898422240795e-02,0.000000000000000000e+00,1.000000000000000000e+00,2.085417857157078336e-01
7.140000000000000568e+00,2.502726018428802490e-02,6.013552665710449052e-02,0.000000000000000000e+00,1.000000000000000000e+00,2.080162145733610579e-01
7.160000000000000142e+00,2.501411736011505127e-02,6.002059221267699862e-02,0.000000000000000000e+00,1.000000000000000000e+00,2.094658392538970293e-01
7.179999999999999716e+00,2.500639855861663818e-02,5.989433884620666559e-02,0.000000000000000000e+00,1.000000000000000000e+00,2.129957560845145703e-01
7.200000000000000178e+00,2.500509023666382113e-02,5.982305288314818809e-02,0.000000000000000000e+00,1.000000000000000000e+00,2.181992887822516158e-01
7.219999999999999751e+00,2.500425279140472412e-02,5.987287759780883512e-02,0.000000000000000000e+00,1.000000000000000000e+00,2.240513518541661642e-01
7.240000000000000213e+00,2.500423192977905412e-02,5.987331390380859486e-02,0.000000000000000000e+00,1.000000000000000000e+00,2.291537846860743355e-01
7.259999999999999787e+00,2.500643730163574358e-02,5.983895301818847184e-02,0.000000000000000000e+00,1.000000000000000000e+00,2.323298985926850746e-01
7.280000000000000249e+00,2.500521540641784807e-02,5.985612273216247420e-02,0.000000000000000000e+00,1.000000000000000000e+00,2.330930815903762832e-01
7.299999999999999822e+00,2.500605285167694161e-02,5.984275817871093778e-02,0.000000000000000000e+00,1.000000000000000000e+00,2.317485676519825955e-01
7.320000000000000284e+00,2.500707209110260287e-02,5.981743812561034906e-02,0.000000000000000000e+00,1.000000000000000000e+00,2.292349694760700551e-01
7.339999999999999858e+00,2.500757575035095215e-02,5.978215456008911105e-02,0.000000000000000000e+00,1.000000000000000000e+00,2.267510800689965800e-01
7.360000000000000320e+00,2.500756382942199985e-02,5.977501273155211986e-02,0.000000000000000000e+00,1.000000000000000000e+00,2.252762986243627974e-01
7.379999999999999893e+00,2.500756978988647600e-02,5.977068185806274497e-02,0.000000000000000000e+00,1.000000000000000000e+00,2.252774829358480946e-01
7.400000000000000355e+00,2.500733733177185059e-02,5.978061318397522028e-02,0.000000000000000000e+00,1.000000000000000000e+00,2.266698397381407271e-01
7.419999999999999929e+00,2.500661313533783167e-02,5.979210376739501481e-02,0.000000000000000000e+00,1.000000000000000000e+00,2.288244697846152087e-01
7.440000000000000391e+00,2.500653564929962436e-02,5.979274034500121904e-02,0.000000000000000000e+00,1.000000000000000000e+00,2.306658082229467444e-01
7.459999999999999964e+00,2.500567138195038119e-02,5.979686379432677668e-02,0.000000000000000000e+00,1.000000000000000000e+00,2.312270160237045180e-01
7.480000000000000426e+00,2.500770986080169678e-02,5.979125976562500028e-02,0.000000000000000000e+00,1.000000000000000000e+00,2.303925449629612709e-01
7.500000000000000000e+00,2.500820457935333530e-02,5.979063749313354159e-02,0.000000000000000000e+00,1.000000000000000000e+00,2.288415438024321014e-01
7.520000000000000462e+00,2.500752806663513253e-02,5.979046940803527804e-02,0.000000000000000000e+00,1.000000000000000000e+00,2.273208483643803512e-01
7.540000000000000036e+00,2.500830292701721261e-02,5.979383826255798423e-02,0.000000000000000000e+00,1.000000000000000000e+00,2.261969902471729910e-01
7.560000000000000497e+00,2.500868141651153842e-02,5.979299426078796276e-02,0.000000000000000000e+00,1.000000000000000000e+00,2.254783191534798226e-01
7.580000000000000071e+00,2.500761747360229562e-02,5.979255795478820301e-02,0.000000000000000000e+00,1.000000000000000000e+00,2.250437491690459313e-01
7.600000000000000533e+00,2.500652670860290666e-02,5.979046225547790527e-02,0.000000000000000000e+00,1.000000000000000000e+00,2.248579553533009145e-01
7.620000000000000107e+00,2.500836253166198800e-02,5.979747891426086259e-02,0.000000000000000000e+00,1.000000000000000000e+00,2.249810582228815026e-01
7.640000000000000568e+00,2.500860691070556918e-02,5.979939579963684110e-02,0.000000000000000000e+00,1.000000000000000000e+00,2.253759525009026710e-01
7.660000000000000142e+00,2.500857710838318149e-02,5.979795098304748618e-02,0.000000000000000000e+00,1.000000000000000000e+00,2.257260727120612986e-01
7.679999999999999716e+00,2.500752508640289445e-02,5.980847239494323231e-02,0.000000000000000000e+00,1.000000000000000000e+00,2.254814133537975107e-01
7.700000000000000178e+00,2.500291764736175745e-02,5.982343196868896568e-02,0.000000000000000000e+00,1.000000000000000000e+00,2.242576472643684760e-01
7.719999999999999751e+00,2.501361966133117815e-02,5.981571793556213212e-02,0.000000000000000000e+00,1.000000000000000000e+00,2.223016086156560933e-01
7.740000000000000213e+00,2.500964701175689697e-02,5.981129407882690430e-02,0.000000000000000000e+00,1.000000000000000000e+00,2.204128707290221034e-01
7.759999999999999787e+00,2.500751316547393868e-02,5.980477452278137179e-02,0.000000000000000000e+00,1.000000000000000000e+00,2.194052754747877754e-01
7.780000000000000249e+00,2.500613629817962855e-02,5.979681730270385714e-02,0.000000000000000000e+00,1.000000000000000000e+00,2.197402746839049181e-01
7.799999999999999822e+00,2.500589787960052698e-02,5.979425311088561873e-02,0.000000000000000000e+00,1.000000000000000000e+00,2.214523287663956175e-01
7.820000000000000284e+00,2.500688731670379708e-02,5.981889009475707675e-02,0.000000000000000000e+00,1.000000000000000000e+00,2.241533080745819750e-01
7.839999999999999858e+00,2.500700354576110979e-02,5.984277963638305609e-02,0.000000000000000000e+00,1.000000000000000000e+00,2.270869283042401543e-01
7.860000000000000320e+00,2.500733435153961251e-02,5.982220888137817355e-02,0.000000000000000000e+00,1.000000000000000000e+00,2.292959922179623744e-01
7.879999999999999893e+00,2.500713467597961634e-02,5.983131051063537292e-02,0.000000000000000000e+00,1.000000000000000000e+00,2.298663513744620968e-01
7.900000000000000355e+00,2.500689923763275285e-02,5.984901666641235379e-02,0.000000000000000000e+00,1.000000000000000000e+00,2.282336035331452573e-01
7.919999999999999929e+00,2.500685751438140939e-02,5.984148859977721918e-02,0.000000000000000000e+00,1.000000000000000000e+00,2.245688872934150648e-01
7.940000000000000391e+00,2.500759065151214600e-02,5.987210154533385842e-02,0.000000000000000000e+00,1.000000000000000000e+00,2.199408648791312260e-01
7.959999999999999964e+00,2.500776946544647217e-02,5.987763404846191406e-02,0.000000000000000000e+00,1.000000000000000000e+00,2.158260818306010076e-01
7.980000000000000426e+00,2.500847876071930070e-02,5.990469574928283802e-02,0.000000000000000000e+00,1.000000000000000000e+00,2.133255244698886444e-01
8.000000000000000000e+00,2.500824332237243722e-02,5.986828565597533680e-02,0.000000000000000000e+00,1.000000000000000000e+00,2.128627496185033774e-01
8.019999999999999574e+00,2.500686943531036516e-02,5.992482304573058804e-02,0.000000000000000000e+00,1.000000000000000000e+00,2.143185415811908745e-01
8.040000000000000924e+00,2.500727176666259904e-02,5.991857528686523465e-02,0.000000000000000000e+00,1.000000000000000000e+00,2.170918002678376979e-01
8.060000000000000497e+00,2.501029372215271204e-02,5.989217519760131614e-02,0.000000000000000000e+00,1.000000000000000000e+00,2.201208619600521221e-01
8.080000000000000071e+00,2.501340806484222620e-02,5.987456917762756098e-02,0.000000000000000000e+00,1.000000000000000000e+00,2.223585580562637276e-01
8.099999999999999645e+00,2.501604259014129916e-02,5.986431598663329717e-02,0.000000000000000000e+00,1.000000000000000000e+00,2.234624132190026480e-01
8.120000000000000995e+00,2.501506507396698137e-02,5.986707687377929715e-02,0.000000000000000000e+00,1.000000000000000000e+00,2.237871831434937175e-01
8.140000000000000568e+00,2.501886188983917444e-02,5.985757112503051203e-02,0.000000000000000000e+00,1.000000000000000000e+00,2.238172575400075581e-01
8.160000000000000142e+00,2.501904964447021484e-02,5.985483169555663729e-02,0.000000000000000000e+00,1.000000000000000000e+00,2.238171231248254900e-01
8.179999999999999716e+00,2.502040266990661690e-02,5.985897302627563032e-02,0.000000000000000000e+00,1.000000000000000000e+00,2.238782126857661037e-01
8.199999999999999289e+00,2.502324581146240373e-02,5.986765623092651228e-02,0.000000000000000000e+00,1.000000000000000000e+00,2.241257588304951531e-01
8.220000000000000639e+00,2.501994371414184570e-02,5.985391616821288813e-02,0.000000000000000000e+00,1.000000000000000000e+00,2.248038676518391843e-01
8.240000000000000213e+00,2.502027153968811035e-02,5.985601186752319280e-02,0.000000000000000000e+00,1.000000000000000000e+00,2.261366063500618584e-01
8.259999999999999787e+00,2.502069473266601771e-02,5.986104369163512684e-02,0.000000000000000000e+00,1.000000000000000000e+00,2.281132970980383479e-01
8.279999999999999361e+00,2.502063214778900424e-02,5.985716700553894015e-02,0.000000000000000000e+00,1.000000000000000000e+00,2.303578149948105891e-01
8.300000000000000711e+00,2.502117753028869698e-02,5.984706044197082159e-02,0.000000000000000000e+00,1.000000000000000000e+00,2.322089695103428109e-01
8.320000000000000284e+00,2.501869797706604212e-02,5.986487388610839400e-02,0.000000000000000000e+00,1.000000000000000000e+00,2.331100979408775864e-01
8.339999999999999858e+00,2.501908838748932024e-02,5.986344337463378462e-02,0.000000000000000000e+00,1.000000000000000000e+00,2.330332210402944193e-01
8.359999999999999432e+00,2.501770257949829240e-02,5.986563920974731501e-02,0.000000000000000000e+00,1.000000000000000000e+00,2.324459459433938779e-01
8.380000000000000782e+00,2.501438856124878207e-02,5.986498832702636524e-02,0.000000000000000000e+00,1.000000000000000000e+00,2.319067831717464001e-01
8.400000000000000355e+00,2.501679360866546770e-02,5.987044572830199640e-02,0.000000000000000000e+00,1.000000000000000000e+00,2.317591628488487321e-01
8.419999999999999929e+00,2.501842081546783517e-02,5.987934350967406838e-02,0.000000000000000000e+00,1.000000000000000000e+00,2.320684107613688318e-01
8.439999999999999503e+00,2.501571774482727259e-02,5.984767198562621765e-02,0.000000000000000000e+00,1.000000000000000000e+00,2.326745825550263214e-01
8.460000000000000853e+00,2.501631677150726457e-02,5.986210584640502819e-02,0.000000000000000000e+00,1.000000000000000000e+00,2.332342728495744866e-01
8.480000000000000426e+00,2.501570582389831682e-02,5.984286189079284640e-02,0.000000000000000000e+00,1.000000000000000000e+00,2.332040216745412953e-01
8.500000000000000000e+00,2.501468956470489710e-02,5.982117533683776328e-02,0.000000000000000000e+00,1.000000000000000000e+00,2.318584772952717865e-01
8.519999999999999574e+00,2.501445710659027169e-02,5.981794595718383650e-02,0.000000000000000000e+00,1.000000000000000000e+00,2.285795547958304752e-01
8.540000000000000924e+00,2.501493990421295444e-02,5.982333898544311274e-02,0.000000000000000000e+00,1.000000000000000000e+00,2.234783689249070504e-01
8.560000000000000497e+00,2.501496374607086251e-02,5.982360363006591908e-02,0.000000000000000000e+00,1.000000000000000000e+00,2.177114670399177276e-01
8.580000000000000071e+00,2.501653432846069613e-02,5.984406352043151328e-02,0.000000000000000000e+00,1.000000000000000000e+00,2.128109025497177398e-01
8.599999999999999645e+00,2.501640021800995151e-02,5.984145998954772810e-02,0.000000000000000000e+00,1.000000000000000000e+00,2.097665092284785315e-01
8.620000000000000995e+00,2.501652538776397844e-02,5.984815478324889693e-02,0.000000000000000000e+00,1.000000000000000000e+00,2.088519221201806941e-01
8.640000000000000568e+00,2.501617074012756417e-02,5.986706256866455161e-02,0.000000000000000000e+00,1.000000000000000000e+00,2.098532323133516786e-01
8.660000000000000142e+00,2.501541674137115756e-02,5.987959742546081210e-02,0.000000000000000000e+00,1.000000000000000000e+00,2.121111469328340049e-01
8.679999999999999716e+00,2.501792013645172397e-02,5.985595464706420371e-02,0.000000000000000000e+00,1.000000000000000000e+00,2.145815332222684724e-01
8.700000000000001066e+00,2.501782774925231934e-02,5.985654473304748147e-02,0.000000000000000000e+00,1.000000000000000000e+00,2.163489014308589697e-01
8.720000000000000639e+00,2.501702010631561349e-02,5.986045002937316617e-02,0.000000000000000000e+00,1.000000000000000000e+00,2.171512004197702350e-01
8.740000000000000213e+00,2.502202391624450822e-02,5.983933210372924250e-02,0.000000000000000000e+00,1.000000000000000000e+00,2.172522296097537664e-01
8.759999999999999787e+00,2.502203583717346400e-02,5.983927130699157743e-02,0.000000000000000000e+00,1.000000000000000000e+00,2.170045018797145953e-01
8.779999999999999361e+00,2.502195239067077706e-02,5.983466863632201649e-02,0.000000000000000000e+00,1.000000000000000000e+00,2.166651173455841350e-01
8.800000000000000711e+00,2.502310276031494141e-02,5.984105229377746638e-02,0.000000000000000000e+00,1.000000000000000000e+00,2.164857429785371767e-01
8.820000000000000284e+00,2.502536177635193010e-02,5.985201716423034501e-02,0.000000000000000000e+00,1.000000000000000000e+00,2.168114515289539801e-01
8.839999999999999858e+00,2.502366006374359339e-02,5.984189271926879800e-02,0.000000000000000000e+00,1.000000000000000000e+00,2.180071951484562065e-01
8.859999999999999432e+00,2.502106130123138428e-02,5.981942653656005526e-02,0.000000000000000000e+00,1.000000000000000000e+00,2.202821413521852956e-01
8.880000000000000782e+00,2.502558529376983781e-02,5.989120244979858482e-02,0.000000000000000000e+00,1.000000000000000000e+00,2.235455516074466575e-01
8.900000000000000355e+00,2.502534091472626010e-02,5.987218379974364874e-02,0.000000000000000000e+00,1.000000000000000000e+00,2.273468589295315201e-01
8.919999999999999929e+00,2.502605319023132324e-02,5.985214591026306180e-02,0.000000000000000000e+00,1.000000000000000000e+00,2.309987033971807602e-01
8.939999999999999503e+00,2.502603232860565324e-02,5.985239982604980552e-02,0.000000000000000000e+00,1.000000000000000000e+00,2.339217101866235549e-01
8.960000000000000853e+00,2.502749264240265031e-02,5.984121322631835715e-02,0.000000000000000000e+00,1.000000000000000000e+00,2.359248164187693342e-01
8.980000000000000426e+00,2.502465248107910156e-02,5.985726356506347601e-02,0.000000000000000000e+00,1.000000000000000000e+00,2.371406128959107351e-01
9.000000000000000000e+00,2.502543628215789934e-02,5.985363364219665333e-02,0.000000000000000000e+00,1.000000000000000000e+00,2.377860777741820086e-01
9.019999999999999574e+00,2.502543628215789934e-02,5.985363364219665333e-02,4.000000000000000000e+00,1.000000000000000000e+00,2.377554184996129027e-01
9.040000000000000924e+00,2.502543628215789934e-02,5.985363364219665333e-02,6.000000000000000000e+00,1.000000000000000000e+00,2.376769676339463011e-01
9.060000000000000497e+00,2.502543628215789934e-02,5.985363364219665333e-02,7.000000000000000000e+00,1.000000000000000000e+00,2.376312065963366860e-01
9.080000000000000071e+00,2.502553761005401819e-02,5.985325813293456559e-02,0.000000000000000000e+00,1.000000000000000000e+00,2.376615496071219913e-01
9.099999999999999645e+00,2.502410411834717074e-02,5.985436320304870356e-02,0.000000000000000000e+00,1.000000000000000000e+00,2.374170715044640889e-01
9.120000000000000995e+00,2.502454519271850655e-02,5.985479235649108359e-02,0.000000000000000000e+00,1.000000000000000000e+00,2.362232552501555283e-01
9.140000000000000568e+00,2.502538263797760010e-02,5.985661268234252624e-02,0.000000000000000000e+00,1.000000000000000000e+00,2.333465564400632464e-01
9.160000000000000142e+00,2.502902150154114047e-02,5.986874699592589777e-02,0.000000000000000000e+00,1.000000000000000000e+00,2.287655959222905655e-01
9.179999999999999716e+00,2.502657473087310791e-02,5.985700964927673229e-02,0.000000000000000000e+00,1.000000000000000000e+00,2.235418447080315951e-01
9.200000000000001066e+00,2.502802610397339075e-02,5.986724853515625056e-02,0.000000000000000000e+00,1.000000000000000000e+00,2.190680345173032229e-01
9.220000000000000639e+00,2.502629756927490443e-02,5.984722495079040222e-02,0.000000000000000000e+00,1.000000000000000000e+00,2.161934927330384504e-01
9.240000000000000213e+00,2.502693533897400180e-02,5.986441612243652288e-02,0.000000000000000000e+00,1.000000000000000000e+00,2.151109461613024687e-01
9.259999999999999787e+00,2.502710819244384835e-02,5.984516859054565124e-02,0.000000000000000000e+00,1.000000000000000000e+00,2.155146508569870945e-01
9.279999999999999361e+00,2.502872943878173967e-02,5.981502056121826283e-02,0.000000000000000000e+00,1.000000000000000000e+00,2.166337317100980042e-01
9.300000000000000711e+00,2.502989768981933594e-02,5.980316162109374639e-02,0.000000000000000000e+00,1.000000000000000000e+00,2.174556452489194158e-01
9.320000000000000284e+00,2.502449750900268693e-02,5.984119534492492176e-02,0.000000000000000000e+00,1.000000000000000000e+00,2.172816584573999676e-01
9.339999999999999858e+00,2.501993477344513148e-02,5.986704826354979914e-02,0.000000000000000000e+00,1.000000000000000000e+00,2.160317956605943002e-01
9.359999999999999432e+00,2.501960992813110490e-02,5.986889004707336009e-02,0.000000000000000000e+00,1.000000000000000000e+00,2.140222679056945909e-01
9.380000000000000782e+00,2.501946687698364258e-02,5.987034559249877763e-02,0.000000000000000000e+00,1.000000000000000000e+00,2.116701392750937050e-01
9.400000000000000355e+00,2.501962780952453683e-02,5.987380385398864691e-02,0.000000000000000000e+00,1.000000000000000000e+00,2.094247732247464522e-01
9.419999999999999929e+00,2.501731514930725236e-02,5.985767483711242759e-02,0.000000000000000000e+00,1.000000000000000000e+00,2.077897148303985975e-01
9.439999999999999503e+00,2.502169907093048165e-02,5.988551616668701116e-02,0.000000000000000000e+00,1.000000000000000000e+00,2.072466289364431613e-01
9.460000000000000853e+00,2.501941919326782296e-02,5.986785650253295676e-02,0.000000000000000000e+00,1.000000000000000000e+00,2.081126271529540606e-01
9.480000000000000426e+00,2.501707971096038888e-02,5.984122753143310269e-02,0.000000000000000000e+00,1.000000000000000000e+00,2.104430993486507973e-01
9.500000000000000000e+00,2.501691877841949463e-02,5.983771920204162403e-02,0.000000000000000000e+00,1.000000000000000000e+00,2.139795825337187929e-01
9.519999999999999574e+00,2.501676976680755615e-02,5.981423377990722351e-02,0.000000000000000000e+00,1.000000000000000000e+00,2.181644135691423736e-01
9.540000000000000924e+00,2.501648366451263497e-02,5.982459068298339594e-02,0.000000000000000000e+00,1.000000000000000000e+00,2.223347951834996339e-01
9.560000000000000497e+00,2.501554489135742257e-02,5.984211444854736078e-02,0.000000000000000000e+00,1.000000000000000000e+00,2.260165868099465458e-01
9.580000000000000071e+00,2.501589357852936069e-02,5.983688235282897533e-02,0.000000000000000000e+00,1.000000000000000000e+00,2.290220390724896082e-01
9.599999999999999645e+00,2.501561343669891566e-02,5.984140276908874595e-02,0.000000000000000000e+00,1.000000000000000000e+00,2.313112292629351530e-01
9.620000000000000995e+00,2.501597106456756800e-02,5.983195781707763283e-02,0.000000000000000000e+00,1.000000000000000000e+00,2.328870952229915581e-01
9.640000000000000568e+00,2.501612901687622070e-02,5.980462431907653670e-02,0.000000000000000000e+00,1.000000000000000000e+00,2.338754982284131645e-01
9.660000000000000142e+00,2.501580715179443568e-02,5.978428244590758972e-02,0.000000000000000000e+00,1.000000000000000000e+00,2.346239590408105979e-01
9.679999999999999716e+00,2.501630187034607072e-02,5.981951951980590820e-02,0.000000000000000000e+00,1.000000000000000000e+00,2.355762538553147489e-01
9.700000000000001066e+00,2.501631677150726457e-02,5.981846809387206948e-02,0.000000000000000000e+00,1.000000000000000000e+00,2.369764909592732560e-01
9.720000000000000639e+00,2.501838803291320940e-02,5.978988289833068320e-02,0.000000000000000000e+00,1.000000000000000000e+00,2.386158192282721302e-01
9.740000000000000213e+00,2.502078711986541887e-02,5.977635025978088323e-02,0.000000000000000000e+00,1.000000000000000000e+00,2.397415970211056457e-01
9.759999999999999787e+00,2.502332329750061105e-02,5.977044224739074679e-02,0.000000000000000000e+00,1.000000000000000000e+00,2.393853916409868499e-01
9.779999999999999361e+00,2.501967847347259799e-02,5.977147936820983998e-02,0.000000000000000000e+00,1.000000000000000000e+00,2.372316400481810084e-01
9.800000000000000711e+00,2.501877248287201136e-02,5.977014899253844937e-02,0.000000000000000000e+00,1.000000000000000000e+00,2.340841453856416232e-01
9.820000000000000284e+00,2.501286864280700961e-02,5.974957108497619407e-02,0.000000000000000000e+00,1.000000000000000000e+00,2.311638617449329747e-01
9.839999999999999858e+00,2.500725686550140520e-02,5.971198081970214427e-02,0.000000000000000000e+00,1.000000000000000000e+00,2.292665447499039055e-01
9.859999999999999432e+00,2.500638961791992396e-02,5.969910979270934975e-02,0.000000000000000000e+00,1.000000000000000000e+00,2.285619082716831563e-01
9.880000000000000782e+00,2.500632405281066895e-02,5.968771219253540122e-02,0.000000000000000000e+00,1.000000000000000000e+00,2.286629837803913767e-01
9.900000000000000355e+00,2.500763833522796908e-02,5.965960979461669422e-02,0.000000000000000000e+00,1.000000000000000000e+00,2.287517411715386528e-01
9.919999999999999929e+00,2.500653862953186243e-02,5.967126846313476618e-02,0.000000000000000000e+00,1.000000000000000000e+00,2.279365359168674665e-01
9.939999999999999503e+00,2.500565946102142542e-02,5.967778444290160883e-02,0.000000000000000000e+00,1.000000000000000000e+00,2.257052306183937040e-01
9.960000000000000853e+00,2.500199973583221505e-02,5.970119118690490195e-02,0.000000000000000000e+00,1.000000000000000000e+00,2.220631388027711484e-01
9.980000000000000426e+00,2.500299811363220284e-02,5.969355225563049289e-02,0.000000000000000000e+00,1.000000000000000000e+00,2.173868091718896278e-01
1.000000000000000000e+01,2.500271499156951974e-02,5.970157384872436246e-02,0.000000000000000000e+00,1.000000000000000000e+00,2.123010158181401763e-01
1.001999999999999957e+01,2.500253021717071741e-02,5.969919919967651284e-02,0.000000000000000000e+00,1.000000000000000000e+00,2.075956545372553419e-01
1.004000000000000092e+01,2.499887943267822474e-02,5.967179417610168207e-02,0.000000000000000000e+00,1.000000000000000000e+00,2.040330718422821432e-01
1.006000000000000050e+01,2.500154972076416154e-02,5.969237565994262723e-02,0.000000000000000000e+00,1.000000000000000000e+00,2.021175897680763389e-01
1.008000000000000007e+01,2.500255703926086703e-02,5.970249295234680148e-02,0.000000000000000000e+00,1.000000000000000000e+00,2.020090405965689062e-01
1.009999999999999964e+01,2.500397861003875871e-02,5.972547769546508734e-02,0.000000000000000000e+00,1.000000000000000000e+00,2.035458491136864501e-01
1.012000000000000099e+01,2.500467598438263148e-02,5.975316524505615290e-02,0.000000000000000000e+00,1.000000000000000000e+00,2.062674853980841494e-01
1.014000000000000057e+01,2.500476539134979456e-02,5.973883867263793390e-02,0.000000000000000000e+00,1.000000000000000000e+00,2.095198282866349015e-01
1.016000000000000014e+01,2.500370442867279330e-02,5.977685451507568082e-02,0.000000000000000000e+00,1.000000000000000000e+00,2.127231619980393118e-01
1.017999999999999972e+01,2.500385344028473178e-02,5.977251648902892622e-02,0.000000000000000000e+00,1.000000000000000000e+00,2.155708895285221582e-01
1.020000000000000107e+01,2.500385344028473178e-02,5.977257013320922546e-02,0.000000000000000000e+00,1.000000000000000000e+00,2.179537191340506774e-01
1.022000000000000064e+01,2.500369250774383753e-02,5.975357651710509754e-02,0.000000000000000000e+00,1.000000000000000000e+00,2.198031680127927601e-01
1.024000000000000021e+01,2.500529885292053500e-02,5.979163169860839816e-02,0.000000000000000000e+00,1.000000000000000000e+00,2.211270062922406077e-01
1.025999999999999979e+01,2.500716745853424211e-02,5.982132196426391546e-02,0.000000000000000000e+00,1.000000000000000000e+00,2.222000382804376895e-01
1.027999999999999936e+01,2.500574886798858851e-02,5.979882717132568165e-02,0.000000000000000000e+00,1.000000000000000000e+00,2.235847478042040648e-01
1.030000000000000071e+01,2.500807344913482874e-02,5.985115528106689509e-02,0.000000000000000000e+00,1.000000000000000000e+00,2.258567610511611479e-01
1.032000000000000028e+01,2.500804960727691720e-02,5.984895586967468178e-02,0.000000000000000000e+00,1.000000000000000000e+00,2.293057840356924337e-01
1.033999999999999986e+01,2.500900328159332345e-02,5.982047796249389399e-02,0.000000000000000000e+00,1.000000000000000000e+00,2.337241428002535260e-01
1.035999999999999943e+01,2.500509619712829729e-02,5.986264228820800670e-02,0.000000000000000000e+00,1.000000000000000000e+00,2.382290755455456210e-01
1.038000000000000078e+01,2.500087022781372070e-02,5.988641738891601479e-02,0.000000000000000000e+00,1.000000000000000000e+00,2.414986640853715727e-01
1.040000000000000036e+01,2.500431537628174106e-02,5.987609982490539606e-02,0.000000000000000000e+00,1.000000000000000000e+00,2.427486699001070447e-01
1.041999999999999993e+01,2.499815523624420235e-02,5.988307714462279968e-02,0.000000000000000000e+00,1.000000000000000000e+00,2.424029852934464491e-01
1.043999999999999950e+01,2.500130534172058383e-02,5.988502264022826926e-02,0.000000000000000000e+00,1.000000000000000000e+00,2.415138083082666032e-01
1.046000000000000085e+01,2.500476241111755649e-02,5.989490389823913519e-02,0.000000000000000000e+00,1.000000000000000000e+00,2.408890478262139812e-01
1.048000000000000043e+01,2.500472962856292725e-02,5.989467501640319269e-02,0.000000000000000000e+00,1.000000000000000000e+00,2.407696520043593191e-01
1.050000000000000000e+01,2.500466704368591378e-02,5.989275097846984836e-02,0.000000000000000000e+00,1.000000000000000000e+00,2.408726274407314294e-01
1.051999999999999957e+01,2.500471770763397494e-02,5.989154219627380177e-02,0.000000000000000000e+00,1.000000000000000000e+00,2.405758045628330899e-01
1.054000000000000092e+01,2.500565946102142542e-02,5.988225817680358637e-02,0.000000000000000000e+00,1.000000000000000000e+00,2.391957124468222506e-01
1.056000000000000050e+01,2.500451803207397530e-02,5.989024400711059209e-02,0.000000000000000000e+00,1.000000000000000000e+00,2.362338592383730340e-01
1.058000000000000007e+01,2.500374913215637485e-02,5.989559054374694880e-02,0.000000000000000000e+00,1.000000000000000000e+00,2.315176401767257974e-01
1.059999999999999964e+01,2.500377893447876254e-02,5.989516139030456182e-02,0.000000000000000000e+00,1.000000000000000000e+00,2.253306440053311210e-01
1.062000000000000099e+01,2.500386834144592563e-02,5.989670991897582536e-02,0.000000000000000000e+00,1.000000000000000000e+00,2.184921359070764180e-01
1.064000000000000057e+01,2.500225007534027238e-02,5.988493680953979603e-02,0.000000000000000000e+00,1.000000000000000000e+00,2.121288692596441927e-01
1.066000000000000014e+01,2.500069141387939453e-02,5.987415790557860940e-02,0.000000000000000000e+00,1.000000000000000000e+00,2.071833099552251312e-01
1.067999999999999972e+01,2.499731630086898804e-02,5.984466075897216381e-02,0.000000000000000000e+00,1.000000000000000000e+00,2.041067136632166434e-01
1.070000000000000107e+01,2.499658763408661027e-02,5.983463644981384250e-02,0.000000000000000000e+00,1.000000000000000000e+00,2.028949158797767327e-01
1.072000000000000064e+01,2.499701827764511108e-02,5.984878778457641130e-02,0.000000000000000000e+00,1.000000000000000000e+00,2.032090899022291619e-01
1.074000000000000021e+01,2.499698996543884416e-02,5.985270738601684154e-02,0.000000000000000000e+00,1.000000000000000000e+00,2.044617059960452676e-01
1.075999999999999979e+01,2.499732226133346766e-02,5.984309792518615473e-02,0.000000000000000000e+00,1.000000000000000000e+00,2.060101660851078875e-01
1.077999999999999936e+01,2.499762922525405884e-02,5.983601331710815263e-02,0.000000000000000000e+00,1.000000000000000000e+00,2.074212047817797500e-01
1.080000000000000071e+01,2.499778717756271501e-02,5.982916474342345886e-02,0.000000000000000000e+00,1.000000000000000000e+00,2.085174471921097672e-01
1.082000000000000028e+01,2.499816268682479928e-02,5.984392046928405789e-02,0.000000000000000000e+00,1.000000000000000000e+00,2.092120695902696392e-01
1.083999999999999986e+01,2.499658465385437220e-02,5.982411861419677235e-02,0.000000000000000000e+00,1.000000000000000000e+00,2.094503845348676951e-01
1.085999999999999943e+01,2.499911785125732630e-02,5.984674215316772294e-02,0.000000000000000000e+00,1.000000000000000000e+00,2.093989449474505382e-01
1.088000000000000078e+01,2.500043511390686105e-02,5.985821485519408902e-02,0.000000000000000000e+00,1.000000000000000000e+00,2.096127609901647648e-01
1.090000000000000036e+01,2.499639838933944910e-02,5.981620430946350125e-02,0.000000000000000000e+00,1.000000000000000000e+00,2.108442162455424207e-01
1.091999999999999993e+01,2.499770075082779000e-02,5.983618497848510603e-02,0.000000000000000000e+00,1.000000000000000000e+00,2.136971224138836389e-01
1.093999999999999950e+01,2.499841749668121546e-02,5.986191987991332925e-02,0.000000000000000000e+00,1.000000000000000000e+00,2.184549968668037523e-01
1.096000000000000085e+01,2.499860972166061471e-02,5.984765410423278920e-02,0.000000000000000000e+00,1.000000000000000000e+00,2.249065954726886807e-01
1.098000000000000043e+01,2.499506473541259974e-02,5.990795373916625588e-02,0.000000000000000000e+00,1.000000000000000000e+00,2.320483366560920635e-01
1.100000000000000000e+01,2.499773800373077462e-02,5.988378524780273160e-02,0.000000000000000000e+00,1.000000000000000000e+00,2.382463214412649521e-01
1.101999999999999957e+01,2.499935328960418979e-02,5.987455487251281544e-02,0.000000000000000000e+00,1.000000000000000000e+00,2.426120130423415067e-01
1.104000000000000092e+01,2.499860972166061471e-02,5.987734794616698941e-02,0.000000000000000000e+00,1.000000000000000000e+00,2.446018382437265548e-01
1.106000000000000050e+01,2.499693334102630685e-02,5.988122105598449318e-02,0.000000000000000000e+00,1.000000000000000000e+00,2.451960024391416082e-01
1.108000000000000007e+01,2.499758452177047729e-02,5.988057017326355036e-02,0.000000000000000000e+00,1.000000000000000000e+00,2.452328417956186890e-01
1.109999999999999964e+01,2.499618232250213831e-02,5.987965822219848411e-02,0.000000000000000000e+00,1.000000000000000000e+00,2.452338156843325845e-01
1.112000000000000099e+01,2.499657869338989258e-02,5.988163948059081754e-02,0.000000000000000000e+00,1.000000000000000000e+00,2.452805098775088510e-01
1.114000000000000057e+01,2.499667555093765259e-02,5.988022685050964355e-02,0.000000000000000000e+00,1.000000000000000000e+00,2.451745339200560037e-01
1.116000000000000014e+01,2.499655038118362566e-02,5.988070249557495006e-02,0.000000000000000000e+00,1.000000000000000000e+00,2.444911800001201008e-01
1.117999999999999972e+01,2.499652951955795566e-02,5.988074898719787653e-02,0.000000000000000000e+00,1.000000000000000000e+00,2.426277105056439676e-01
1.120000000000000107e+01,2.499642819166183680e-02,5.988143563270568320e-02,0.000000000000000000e+00,1.000000000000000000e+00,2.390138590387815842e-01
1.122000000000000064e+01,2.499652653932571411e-02,5.988163948059081754e-02,0.000000000000000000e+00,1.000000000000000000e+00,2.335785397534911878e-01
1.124000000000000021e+01,2.499835193157196045e-02,5.988593816757201843e-02,0.000000000000000000e+00,1.000000000000000000e+00,2.270973060213937189e-01
1.125999999999999979e+01,2.500065565109253068e-02,5.989379167556762446e-02,0.000000000000000000e+00,1.000000000000000000e+00,2.208443836177140795e-01
1.127999999999999936e+01,2.500101923942565918e-02,5.989569783210754034e-02,0.000000000000000000e+00,1.000000000000000000e+00,2.158368205824389430e-01
1.130000000000000071e+01,2.500019073486328333e-02,5.988812685012816911e-02,0.000000000000000000e+00,1.000000000000000000e+00,2.124804470434543957e-01
1.132000000000000028e+01,2.500071525573730608e-02,5.990127325057983260e-02,0.000000000000000000e+00,1.000000000000000000e+00,2.106797660581796738e-01
1.133999999999999986e+01,2.500081956386566301e-02,5.989680647850036121e-02,0.000000000000000000e+00,1.000000000000000000e+00,2.100205749491831642e-01
1.135999999999999943e+01,2.500268816947937012e-02,5.987380743026732982e-02,0.000000000000000000e+00,1.000000000000000000e+00,2.099403826110784466e-01
1.138000000000000078e+01,2.500318884849548479e-02,5.986980915069579912e-02,0.000000000000000000e+00,1.000000000000000000e+00,2.099621625344945675e-01
1.140000000000000036e+01,2.500364184379577637e-02,5.986616492271423090e-02,0.000000000000000000e+00,1.000000000000000000e+00,2.098262218331514717e-01
1.141999999999999993e+01,2.500360310077667444e-02,5.986764192581176675e-02,0.000000000000000000e+00,1.000000000000000000e+00,2.093787154924307004e-01
1.143999999999999950e+01,2.500542104244232386e-02,5.988147854804992676e-02,0.000000000000000000e+00,1.000000000000000000e+00,2.084421307525189115e-01
1.146000000000000085e+01,2.500645220279693742e-02,5.988625288009643416e-02,0.000000000000000000e+00,1.000000000000000000e+00,2.069497233132183422e-01
1.148000000000000043e+01,2.500646114349365512e-02,5.988629937171936063e-02,0.000000000000000000e+00,1.000000000000000000e+00,2.052673658832677439e-01
1.150000000000000000e+01,2.501067817211151401e-02,5.991002798080444225e-02,0.000000000000000000e+00,1.000000000000000000e+00,2.042200358329330778e-01
1.151999999999999957e+01,2.501023411750793665e-02,5.990667343139648160e-02,0.000000000000000000e+00,1.000000000000000000e+00,2.046698768620302256e-01
1.154000000000000092e+01,2.501243352890014648e-02,5.993205070495605247e-02,0.000000000000000000e+00,1.000000000000000000e+00,2.071818380681954841e-01
1.156000000000000050e+01,2.501125633716583252e-02,5.990502476692199235e-02,0.000000000000000000e+00,1.000000000000000000e+00,2.119640123307606483e-01
1.158000000000000007e+01,2.501125633716583252e-02,5.990546464920043501e-02,0.000000000000000000e+00,1.000000000000000000e+00,2.187123650846133638e-01
1.159999999999999964e+01,2.501139938831329484e-02,5.990150570869445801e-02,0.000000000000000000e+00,1.000000000000000000e+00,2.263363101795867471e-01
1.162000000000000099e+01,2.501198351383209298e-02,5.989351987838745228e-02,0.000000000000000000e+00,1.000000000000000000e+00,2.331666527201176065e-01
1.164000000000000057e+01,2.501102685928344865e-02,5.990237116813659779e-02,0.000000000000000000e+00,1.000000000000000000e+00,2.378698614993769167e-01
1.166000000000000014e+01,2.501543164253235141e-02,5.987064242362975797e-02,0.000000000000000000e+00,1.000000000000000000e+00,2.401428064176621691e-01
1.167999999999999972e+01,2.501206398010254184e-02,5.989201068878173551e-02,0.000000000000000000e+00,1.000000000000000000e+00,2.405321784775684979e-01
1.170000000000000107e+01,2.501024007797241280e-02,5.990405559539794395e-02,0.000000000000000000e+00,1.000000000000000000e+00,2.398962292473781899e-01
1.172000000000000064e+01,2.501007914543151855e-02,5.990553975105285256e-02,0.000000000000000000e+00,1.000000000000000000e+00,2.390458481716445649e-01
1.174000000000000021e+01,2.501010298728943010e-02,5.990504980087280051e-02,0.000000000000000000e+00,1.000000000000000000e+00,2.385681730048191118e-01
1.175999999999999979e+01,2.501008808612823625e-02,5.991717696189879927e-02,0.000000000000000000e+00,1.000000000000000000e+00,2.387081958544055582e-01
1.177999999999999936e+01,2.501009106636047433e-02,5.990915894508361261e-02,0.000000000000000000e+00,1.000000000000000000e+00,2.392753529066092844e-01
1.180000000000000071e+01,2.500999569892883509e-02,5.991144061088561623e-02,0.000000000000000000e+00,1.000000000000000000e+00,2.396079345129482618e-01
1.182000000000000028e+01,2.501051723957061976e-02,5.990729928016662320e-02,0.000000000000000000e+00,1.000000000000000000e+00,2.387658472314021507e-01
1.183999999999999986e+01,2.500953376293182581e-02,5.991065740585326677e-02,0.000000000000000000e+00,1.000000000000000000e+00,2.361541533622724953e-01
1.185999999999999943e+01,2.500843703746795724e-02,5.991187691688537598e-02,0.000000000000000000e+00,1.000000000000000000e+00,2.321465052325194789e-01
1.188000000000000078e+01,2.500883340835571497e-02,5.991214513778686523e-02,0.000000000000000000e+00,1.000000000000000000e+00,2.278304640916554435e-01
1.190000000000000036e+01,2.500807940959930489e-02,5.990998864173888855e-02,0.000000000000000000e+00,1.000000000000000000e+00,2.241673155972542797e-01
1.191999999999999993e+01,2.500754296779632638e-02,5.990553975105285256e-02,0.000000000000000000e+00,1.000000000000000000e+00,2.215670048860922670e-01
1.193999999999999950e+01,2.500750124454498291e-02,5.990729212760925043e-02,0.000000000000000000e+00,1.000000000000000000e+00,2.199646103420553889e-01
1.196000000000000085e+01,2.500674426555633822e-02,5.991143345832824346e-02,0.000000000000000000e+00,1.000000000000000000e+00,2.190336406602009234e-01
1.198000000000000043e+01,2.500714361667633057e-02,5.991062521934509277e-02,0.000000000000000000e+00,1.000000000000000000e+00,2.184214679855533414e-01
1.200000000000000000e+01,2.500650286674499512e-02,5.991071820259093877e-02,0.000000000000000000e+00,1.000000000000000000e+00,2.179165019629007438e-01
1.201999999999999957e+01,2.500743865966796944e-02,5.991257429122924527e-02,0.000000000000000000e+00,1.000000000000000000e+00,2.173918408637811883e-01
1.204000000000000092e+01,2.500738501548767367e-02,5.991138696670531699e-02,0.000000000000000000e+00,1.000000000000000000e+00,2.166178440464463784e-01
1.206000000000000050e+01,2.500635981559753626e-02,5.991356492042541199e-02,0.000000000000000000e+00,1.000000000000000000e+00,2.152340201652807872e-01
1.208000000000000007e+01,2.500696778297424594e-02,5.991380095481872031e-02,0.000000000000000000e+00,1.000000000000000000e+00,2.130623165746538539e-01
1.209999999999999964e+01,2.500320672988891671e-02,5.990685939788818054e-02,0.000000000000000000e+00,1.000000000000000000e+00,2.105215856651737050e-01
1.212000000000000099e+01,2.500389516353607178e-02,5.990915179252623984e-02,0.000000000000000000e+00,1.000000000000000000e+00,2.085417857157079724e-01
1.214000000000000057e+01,2.500729262828826904e-02,5.992712974548339289e-02,0.000000000000000000e+00,1.000000000000000000e+00,2.080162145733610579e-01
1.216000000000000014e+01,2.500739097595214983e-02,5.992797374725341436e-02,0.000000000000000000e+00,1.000000000000000000e+00,2.094658392538973068e-01
1.217999999999999972e+01,2.500417232513427873e-02,5.987684726715087474e-02,0.000000000000000000e+00,1.000000000000000000e+00,2.129957560845147924e-01
1.220000000000000107e+01,2.500510215759277344e-02,5.992417216300963828e-02,0.000000000000000000e+00,1.000000000000000000e+00,2.181992887822518934e-01
1.222000000000000064e+01,2.500545382499694963e-02,5.990224242210388100e-02,0.000000000000000000e+00,1.000000000000000000e+00,2.240513518541669968e-01
1.224000000000000021e+01,2.500851452350616455e-02,5.983332753181457020e-02,0.000000000000000000e+00,1.000000000000000000e+00,2.291537846860744188e-01
1.225999999999999979e+01,2.500517368316650460e-02,5.988559126853942871e-02,0.000000000000000000e+00,1.000000000000000000e+00,2.323298985926850191e-01
1.228000000000000114e+01,2.500631213188171664e-02,5.986958384513854647e-02,0.000000000000000000e+00,1.000000000000000000e+00,2.330930815903776709e-01
1.230000000000000071e+01,2.500542700290680001e-02,5.988376021385192344e-02,0.000000000000000000e+00,1.000000000000000000e+00,2.317485676519828175e-01
1.232000000000000028e+01,2.500526607036590576e-02,5.988779067993163507e-02,0.000000000000000000e+00,1.000000000000000000e+00,2.292349694760703049e-01
1.233999999999999986e+01,2.500477135181427071e-02,5.992260932922362920e-02,0.000000000000000000e+00,1.000000000000000000e+00,2.267510800689964134e-01
1.235999999999999943e+01,2.500481605529785226e-02,5.995119094848632563e-02,0.000000000000000000e+00,1.000000000000000000e+00,2.252762986243632137e-01
1.238000000000000078e+01,2.500485777854919572e-02,5.991732001304626160e-02,0.000000000000000000e+00,1.000000000000000000e+00,2.252774829358483999e-01
1.240000000000000036e+01,2.500469684600830148e-02,5.992434382438659168e-02,0.000000000000000000e+00,1.000000000000000000e+00,2.266698397381409491e-01
1.241999999999999993e+01,2.500590085983276506e-02,5.990508556365966436e-02,0.000000000000000000e+00,1.000000000000000000e+00,2.288244697846152920e-01
1.243999999999999950e+01,2.500614225864410470e-02,5.990307569503783985e-02,0.000000000000000000e+00,1.000000000000000000e+00,2.306658082229467166e-01
1.246000000000000085e+01,2.500671744346618861e-02,5.990028619766234880e-02,0.000000000000000000e+00,1.000000000000000000e+00,2.312270160237046845e-01
1.248000000000000043e+01,2.500728964805603097e-02,5.989868044853210310e-02,0.000000000000000000e+00,1.000000000000000000e+00,2.303925449629615207e-01
1.250000000000000000e+01,2.501006722450256625e-02,5.989504694938659751e-02,0.000000000000000000e+00,1.000000000000000000e+00,2.288415438024322124e-01
1.251999999999999957e+01,2.500926554203033655e-02,5.989488244056701688e-02,0.000000000000000000e+00,1.000000000000000000e+00,2.273208483643806566e-01
1.254000000000000092e+01,2.500895857810974190e-02,5.989354848861694336e-02,0.000000000000000000e+00,1.000000000000000000e+00,2.261969902471731020e-01
1.256000000000000050e+01,2.500942051410675118e-02,5.989249706268310464e-02,0.000000000000000000e+00,1.000000000000000000e+00,2.254783191534797948e-01
1.258000000000000007e+01,2.501219809055328647e-02,5.989352345466613520e-02,0.000000000000000000e+00,1.000000000000000000e+00,2.250437491690460978e-01
1.259999999999999964e+01,2.501156330108642717e-02,5.989232897758483415e-02,0.000000000000000000e+00,1.000000000000000000e+00,2.248579553533010811e-01
1.262000000000000099e+01,2.500953972339630196e-02,5.988465428352355430e-02,0.000000000000000000e+00,1.000000000000000000e+00,2.249810582228817246e-01
1.264000000000000057e+01,2.500952780246734619e-02,5.988455772399901844e-02,0.000000000000000000e+00,1.000000000000000000e+00,2.253759525009026987e-01
1.266000000000000014e+01,2.500892281532287806e-02,5.985347986221313532e-02,0.000000000000000000e+00,1.000000000000000000e+00,2.257260727120616595e-01
1.267999999999999972e+01,2.500929534435272425e-02,5.984974265098571417e-02,0.000000000000000000e+00,1.000000000000000000e+00,2.254814133537976495e-01
1.270000000000000107e+01,2.501235604286193917e-02,5.983971834182739286e-02,0.000000000000000000e+00,1.000000000000000000e+00,2.242576472643683927e-01
1.272000000000000064e+01,2.501625716686248918e-02,5.983675718307494840e-02,0.000000000000000000e+00,1.000000000000000000e+00,2.223016086156561766e-01
1.274000000000000021e+01,2.502126693725586007e-02,5.984209656715392539e-02,0.000000000000000000e+00,1.000000000000000000e+00,2.204128707290220479e-01
1.275999999999999979e+01,2.502577602863311976e-02,5.985556483268737737e-02,0.000000000000000000e+00,1.000000000000000000e+00,2.194052754747879141e-01
1.278000000000000114e+01,2.502523958683014124e-02,5.985252499580383245e-02,0.000000000000000000e+00,1.000000000000000000e+00,2.197402746839050847e-01
1.280000000000000071e+01,2.502883970737457275e-02,5.989079475402831615e-02,0.000000000000000000e+00,1.000000000000000000e+00,2.214523287663957840e-01
1.282000000000000028e+01,2.502997219562530518e-02,5.991838574409484586e-02,0.000000000000000000e+00,1.000000000000000000e+00,2.241533080745822526e-01
1.283999999999999986e+01,2.502999007701874057e-02,5.992190480232238714e-02,0.000000000000000000e+00,1.000000000000000000e+00,2.270869283042402931e-01
1.285999999999999943e+01,2.502979338169097900e-02,5.993427157402038408e-02,0.000000000000000000e+00,1.000000000000000000e+00,2.292959922179621801e-01
1.288000000000000078e+01,2.503034770488739291e-02,5.990907311439513938e-02,0.000000000000000000e+00,1.000000000000000000e+00,2.298663513744625686e-01
1.290000000000000036e+01,2.503030002117156982e-02,5.991272449493408037e-02,0.000000000000000000e+00,1.000000000000000000e+00,2.282336035331460067e-01
1.291999999999999993e+01,2.503007352352142403e-02,5.987306356430053406e-02,0.000000000000000000e+00,1.000000000000000000e+00,2.245688872934153146e-01
1.293999999999999950e+01,2.502972483634948939e-02,5.985865473747253168e-02,0.000000000000000000e+00,1.000000000000000000e+00,2.199408648791318643e-01
1.296000000000000085e+01,2.503070533275604526e-02,5.988882422447204534e-02,0.000000000000000000e+00,1.000000000000000000e+00,2.158260818306015072e-01
1.298000000000000043e+01,2.503094673156738489e-02,5.989799737930297935e-02,0.000000000000000000e+00,1.000000000000000000e+00,2.133255244698891162e-01
1.300000000000000000e+01,2.503071129322052141e-02,5.986346483230590293e-02,0.000000000000000000e+00,1.000000000000000000e+00,2.128627496185026280e-01
1.301999999999999957e+01,2.503071129322052141e-02,5.986346483230590293e-02,4.000000000000000000e+00,1.000000000000000000e+00,2.088241350236044458e-01
1.304000000000000092e+01,2.503071129322052141e-02,5.986346483230590293e-02,6.000000000000000000e+00,1.000000000000000000e+00,2.065787257098486984e-01
1.306000000000000050e+01,2.503071129322052141e-02,5.986346483230590293e-02,7.000000000000000000e+00,1.000000000000000000e+00,2.056707873385084373e-01
1.308000000000000007e+01,2.502944171428680628e-02,5.987093210220336553e-02,0.000000000000000000e+00,1.000000000000000000e+00,2.081366494463884609e-01
1.309999999999999964e+01,2.503117024898529261e-02,5.986382246017455527e-02,0.000000000000000000e+00,1.000000000000000000e+00,2.094463173356970742e-01
1.312000000000000099e+01,2.503303587436676164e-02,5.985816836357116255e-02,0.000000000000000000e+00,1.000000000000000000e+00,2.098765143144797340e-01
1.314000000000000057e+01,2.503245472908020158e-02,5.985974550247192411e-02,0.000000000000000000e+00,1.000000000000000000e+00,2.099320752354385256e-01
1.316000000000000014e+01,2.503221929073333810e-02,5.986319661140441367e-02,0.000000000000000000e+00,1.000000000000000000e+00,2.099260969681299160e-01
1.317999999999999972e+01,2.503211796283721924e-02,5.986289978027343334e-02,0.000000000000000000e+00,1.000000000000000000e+00,2.099669675682667436e-01
1.320000000000000107e+01,2.503262162208557198e-02,5.986438751220703181e-02,0.000000000000000000e+00,1.000000000000000000e+00,2.101576379509579595e-01
1.322000000000000064e+01,2.503098845481872836e-02,5.985768556594848328e-02,0.000000000000000000e+00,1.000000000000000000e+00,2.107243356714616767e-01
1.324000000000000021e+01,2.503072023391723910e-02,5.985597968101501187e-02,0.000000000000000000e+00,1.000000000000000000e+00,2.119196473664514135e-01
1.325999999999999979e+01,2.502926886081695626e-02,5.983832001686095747e-02,0.000000000000000000e+00,1.000000000000000000e+00,2.138037383968706406e-01
1.328000000000000114e+01,2.502947449684143205e-02,5.985238194465637013e-02,0.000000000000000000e+00,1.000000000000000000e+00,2.160701822780067838e-01
1.330000000000000071e+01,2.502929568290710588e-02,5.985570788383483970e-02,0.000000000000000000e+00,1.000000000000000000e+00,2.180687505117250291e-01
1.332000000000000028e+01,2.502850890159607003e-02,5.986150145530700489e-02,0.000000000000000000e+00,1.000000000000000000e+00,2.191704140428490377e-01
1.333999999999999986e+01,2.502647042274475098e-02,5.986936569213866660e-02,0.000000000000000000e+00,1.000000000000000000e+00,2.192441176873725084e-01
1.335999999999999943e+01,2.502703964710235873e-02,5.986836075782775435e-02,0.000000000000000000e+00,1.000000000000000000e+00,2.187033168480188583e-01
1.338000000000000078e+01,2.502145171165466586e-02,5.986818552017211803e-02,0.000000000000000000e+00,1.000000000000000000e+00,2.181217101527884450e-01
1.340000000000000036e+01,2.501751482486724854e-02,5.985979914665221641e-02,0.000000000000000000e+00,1.000000000000000000e+00,2.178933807301848269e-01
1.341999999999999993e+01,2.501330971717834542e-02,5.983710408210754506e-02,0.000000000000000000e+00,1.000000000000000000e+00,2.181328958581554844e-01
1.343999999999999950e+01,2.501323521137237618e-02,5.983620285987853449e-02,0.000000000000000000e+00,1.000000000000000000e+00,2.187143089164257925e-01
1.346000000000000085e+01,2.501356899738312045e-02,5.984459996223449180e-02,0.000000000000000000e+00,1.000000000000000000e+00,2.193213413909384513e-01
1.348000000000000043e+01,2.501369714736938546e-02,5.984882712364196500e-02,0.000000000000000000e+00,1.000000000000000000e+00,2.194405489944572796e-01
1.350000000000000000e+01,2.501464486122131556e-02,5.986979484558105358e-02,0.000000000000000000e+00,1.000000000000000000e+00,2.183631284502488556e-01
1.351999999999999957e+01,2.501465976238250941e-02,5.986998796463012529e-02,0.000000000000000000e+00,1.000000000000000000e+00,2.154266817125007893e-01
1.354000000000000092e+01,2.501305043697357386e-02,5.985177755355834683e-02,0.000000000000000000e+00,1.000000000000000000e+00,2.106091043236301974e-01
1.356000000000000050e+01,2.501351833343505929e-02,5.985697746276855136e-02,0.000000000000000000e+00,1.000000000000000000e+00,2.049110299518723810e-01
1.358000000000000007e+01,2.501371204853057931e-02,5.985953450202941700e-02,0.000000000000000000e+00,1.000000000000000000e+00,1.998031373568615321e-01
1.359999999999999964e+01,2.501387894153594971e-02,5.986286401748656949e-02,0.000000000000000000e+00,1.000000000000000000e+00,1.963430916829033146e-01
1.362000000000000099e+01,2.501442730426788399e-02,5.989402055740356001e-02,0.000000000000000000e+00,1.000000000000000000e+00,1.949513808205664556e-01
1.364000000000000057e+01,2.501492798328399866e-02,5.986808180809020941e-02,0.000000000000000000e+00,1.000000000000000000e+00,1.955820061763150763e-01
1.366000000000000014e+01,2.501623630523681918e-02,5.984619855880737166e-02,0.000000000000000000e+00,1.000000000000000000e+00,1.976997148786228120e-01
1.367999999999999972e+01,2.501626014709472726e-02,5.984596610069274625e-02,0.000000000000000000e+00,1.000000000000000000e+00,2.002607702352202645e-01
1.370000000000000107e+01,2.501261532306671420e-02,5.986997365951537975e-02,0.000000000000000000e+00,1.000000000000000000e+00,2.022254382598430156e-01
1.372000000000000064e+01,2.501469850540161133e-02,5.985954165458678977e-02,0.000000000000000000e+00,1.000000000000000000e+00,2.032005838384884355e-01
1.374000000000000021e+01,2.501182258129119873e-02,5.987218379974364874e-02,0.000000000000000000e+00,1.000000000000000000e+00,2.034015194948052274e-01
1.375999999999999979e+01,2.501032054424286166e-02,5.988086700439453069e-02,0.000000000000000000e+00,1.000000000000000000e+00,2.031943290828733262e-01
1.378000000000000114e+01,2.501028180122375627e-02,5.987854599952697338e-02,0.000000000000000000e+00,1.000000000000000000e+00,2.028516922844853243e-01
1.380000000000000071e+01,2.500945925712585657e-02,5.987400412559509139e-02,0.000000000000000000e+00,1.000000000000000000e+00,2.026126474426023505e-01
1.382000000000000028e+01,2.500917613506317347e-02,5.987263798713683693e-02,0.000000000000000000e+00,1.000000000000000000e+00,2.028009924474713788e-01
1.383999999999999986e+01,2.500557005405426234e-02,5.985120534896850447e-02,0.000000000000000000e+00,1.000000000000000000e+00,2.037924516661695773e-01
1.385999999999999943e+01,2.500858008861541956e-02,5.987748026847838911e-02,0.000000000000000000e+00,1.000000000000000000e+00,2.058534185966442720e-01
1.388000000000000078e+01,2.500878572463989535e-02,5.988082766532897699e-02,0.000000000000000000e+00,1.000000000000000000e+00,2.089735866156373079e-01
1.390000000000000036e+01,2.500906288623809884e-02,5.990496754646301020e-02,0.000000000000000000e+00,1.000000000000000000e+00,2.127610835402281297e-01
1.391999999999999993e+01,2.500955164432525774e-02,5.989145278930663868e-02,0.000000000000000000e+00,1.000000000000000000e+00,2.165239931374125792e-01
1.393999999999999950e+01,2.500919997692108154e-02,5.989573717117309404e-02,0.000000000000000000e+00,1.000000000000000000e+00,2.196182644204273948e-01
1.396000000000000085e+01,2.500947117805481235e-02,5.989361286163329828e-02,0.000000000000000000e+00,1.000000000000000000e+00,2.217827269079363228e-01
1.398000000000000043e+01,2.500597238540649622e-02,5.991397976875304648e-02,0.000000000000000000e+00,1.000000000000000000e+00,2.231196478783631088e-01
1.400000000000000000e+01,2.500793635845184604e-02,5.990455269813537570e-02,0.000000000000000000e+00,1.000000000000000000e+00,2.238493995506888878e-01
1.401999999999999957e+01,2.500633299350738664e-02,5.991170883178710549e-02,0.000000000000000000e+00,1.000000000000000000e+00,2.241624640755488784e-01
1.404000000000000092e+01,2.500631213188171664e-02,5.991180896759033120e-02,0.000000000000000000e+00,1.000000000000000000e+00,2.242356463496580909e-01
1.406000000000000050e+01,2.500634491443634241e-02,5.991163372993468794e-02,0.000000000000000000e+00,1.000000000000000000e+00,2.242519089382672692e-01
1.408000000000000007e+01,2.500727176666259904e-02,5.990808606147765558e-02,0.000000000000000000e+00,1.000000000000000000e+00,2.242894847444859840e-01
1.409999999999999964e+01,2.500742375850677560e-02,5.990794658660888311e-02,0.000000000000000000e+00,1.000000000000000000e+00,2.241259414253964632e-01
1.412000000000000099e+01,2.500809133052826067e-02,5.990852952003478810e-02,0.000000000000000000e+00,1.000000000000000000e+00,2.231345680661553643e-01
1.414000000000000057e+01,2.500683665275573939e-02,5.990590453147887767e-02,0.000000000000000000e+00,1.000000000000000000e+00,2.205499949295556539e-01
1.416000000000000014e+01,2.500828802585601876e-02,5.991066813468932939e-02,0.000000000000000000e+00,1.000000000000000000e+00,2.162132469195120199e-01
1.417999999999999972e+01,2.501025497913360665e-02,5.992005944252013633e-02,0.000000000000000000e+00,1.000000000000000000e+00,2.110371775057621191e-01
1.420000000000000107e+01,2.500775456428527832e-02,5.990233540534972700e-02,0.000000000000000000e+00,1.000000000000000000e+00,2.063802862378935066e-01
1.422000000000000064e+01,2.500739395618438790e-02,5.989809751510619812e-02,0.000000000000000000e+00,1.000000000000000000e+00,2.031785131594773808e-01
1.424000000000000021e+01,2.500790655612945834e-02,5.991233110427856418e-02,0.000000000000000000e+00,1.000000000000000000e+00,2.017631319712080984e-01
1.425999999999999979e+01,2.500793635845184604e-02,5.990905880928039384e-02,0.000000000000000000e+00,1.000000000000000000e+00,2.019583487898748697e-01
1.428000000000000114e+01,2.500855922698974609e-02,5.989740729331970159e-02,0.000000000000000000e+00,1.000000000000000000e+00,2.030582577636579622e-01
1.430000000000000071e+01,2.500789761543274065e-02,5.990423083305358720e-02,0.000000000000000000e+00,1.000000000000000000e+00,2.040118342078179881e-01
1.432000000000000028e+01,2.500737607479095598e-02,5.990798234939574696e-02,0.000000000000000000e+00,1.000000000000000000e+00,2.040179321774646948e-01
1.433999999999999986e+01,2.501089274883270402e-02,5.988754749298095398e-02,0.000000000000000000e+00,1.000000000000000000e+00,2.029161672906267255e-01
1.435999999999999943e+01,2.501064538955688477e-02,5.988898158073425321e-02,0.000000000000000000e+00,1.000000000000000000e+00,2.009958329089475970e-01
1.438000000000000078e+01,2.500891983509063998e-02,5.990687727928161593e-02,0.000000000000000000e+00,1.000000000000000000e+00,1.986708452339916442e-01
1.440000000000000036e+01,2.500865161418915072e-02,5.990092635154723594e-02,0.000000000000000000e+00,1.000000000000000000e+00,1.963798359790790149e-01
1.441999999999999993e+01,2.500699758529663363e-02,5.988931417465209739e-02,0.000000000000000000e+00,1.000000000000000000e+00,1.946100651254471792e-01
1.443999999999999950e+01,2.500514090061187883e-02,5.987746953964233343e-02,0.000000000000000000e+00,1.000000000000000000e+00,1.938476803746512211e-01
1.446000000000000085e+01,2.500337064266204903e-02,5.986363649368285633e-02,0.000000000000000000e+00,1.000000000000000000e+00,1.944517127570111747e-01
1.448000000000000043e+01,2.500681877136230746e-02,5.990350842475890975e-02,0.000000000000000000e+00,1.000000000000000000e+00,1.965464669370929895e-01
1.450000000000000000e+01,2.500773966312408447e-02,5.992432236671447338e-02,0.000000000000000000e+00,1.000000000000000000e+00,1.999391472788732138e-01
1.451999999999999957e+01,2.500773966312408447e-02,5.992435455322265431e-02,0.000000000000000000e+00,1.000000000000000000e+00,2.040984908301032574e-01
1.454000000000000092e+01,2.500777244567871371e-02,5.992316365242004311e-02,0.000000000000000000e+00,1.000000000000000000e+00,2.083341178704737340e-01
1.456000000000000050e+01,2.500761449337005754e-02,5.992609977722167941e-02,0.000000000000000000e+00,1.000000000000000000e+00,2.121195177875639104e-01
1.458000000000000007e+01,2.500589489936828891e-02,5.995209574699401911e-02,0.000000000000000000e+00,1.000000000000000000e+00,2.152333407770885831e-01
1.459999999999999964e+01,2.500509023666382113e-02,5.996523141860961997e-02,0.000000000000000000e+00,1.000000000000000000e+00,2.176296317493024712e-01
1.462000000000000099e+01,2.500481605529785226e-02,5.997240185737609530e-02,0.000000000000000000e+00,1.000000000000000000e+00,2.193058424785527816e-01
1.464000000000000057e+01,2.500489652156830112e-02,5.996036052703856978e-02,0.000000000000000000e+00,1.000000000000000000e+00,2.203595608775039127e-01
1.466000000000000014e+01,2.500446736812591761e-02,5.993083119392395020e-02,0.000000000000000000e+00,1.000000000000000000e+00,2.211034988871468376e-01
1.467999999999999972e+01,2.500479221343994418e-02,5.995625138282775768e-02,0.000000000000000000e+00,1.000000000000000000e+00,2.219835851936591831e-01
1.470000000000000107e+01,2.500478327274322649e-02,5.995680928230285450e-02,0.000000000000000000e+00,1.000000000000000000e+00,2.233041144069492778e-01
1.472000000000000064e+01,2.500371038913726945e-02,5.997178673744201632e-02,0.000000000000000000e+00,1.000000000000000000e+00,2.249525858209843188e-01
1.474000000000000021e+01,2.500535547733306885e-02,5.996223807334899458e-02,0.000000000000000000e+00,1.000000000000000000e+00,2.262489009212921287e-01
1.475999999999999979e+01,2.500565350055694580e-02,5.996150493621826144e-02,0.000000000000000000e+00,1.000000000000000000e+00,2.261900621184218529e-01
1.478000000000000114e+01,2.500676512718200822e-02,5.996106863021850170e-02,0.000000000000000000e+00,1.000000000000000000e+00,2.243038611075541255e-01
1.480000000000000071e+01,2.500656247138977051e-02,5.996078610420226690e-02,0.000000000000000000e+00,1.000000000000000000e+00,2.212455082042046606e-01
1.482000000000000028e+01,2.500379979610443254e-02,5.995128035545348871e-02,0.000000000000000000e+00,1.000000000000000000e+00,2.182179643763545451e-01
1.483999999999999986e+01,2.500169575214386194e-02,5.993715763092041099e-02,0.000000000000000000e+00,1.000000000000000000e+00,2.161089232226451606e-01
1.485999999999999943e+01,2.500115334987640381e-02,5.992900729179381769e-02,0.000000000000000000e+00,1.000000000000000000e+00,2.152133243350793645e-01
1.488000000000000078e+01,2.500124871730804652e-02,5.994800448417663546e-02,0.000000000000000000e+00,1.000000000000000000e+00,2.152438753144206851e-01
1.490000000000000036e+01,2.499929219484329362e-02,5.998969674110412459e-02,0.000000000000000000e+00,1.000000000000000000e+00,2.154131168529223594e-01
1.491999999999999993e+01,2.499760389328002999e-02,6.000776767730712363e-02,0.000000000000000000e+00,1.000000000000000000e+00,2.147829570752293749e-01
1.493999999999999950e+01,2.499828338623047083e-02,6.000265359878539928e-02,0.000000000000000000e+00,1.000000000000000000e+00,2.127648680715810425e-01
1.496000000000000085e+01,2.499556094408035556e-02,6.002036333084106307e-02,0.000000000000000000e+00,1.000000000000000000e+00,2.093081433454225537e-01
1.498000000000000043e+01,2.499527484178543091e-02,6.002257347106933205e-02,0.000000000000000000e+00,1.000000000000000000e+00,2.047568348332464150e-01
1.500000000000000000e+01,2.499528825283050745e-02,6.002220869064330694e-02,0.000000000000000000e+00,1.000000000000000000e+00,1.997055143547916134e-01
1.501999999999999957e+01,2.499527484178543091e-02,6.002203702926635354e-02,0.000000000000000000e+00,1.000000000000000000e+00,2.002812456114815842e-01
1.504000000000000092e+01,2.499390989542007654e-02,6.001174449920654297e-02,0.000000000000000000e+00,1.000000000000000000e+00,2.011627015277307196e-01
1.506000000000000050e+01,2.499135136604309360e-02,5.999192833900451188e-02,0.000000000000000000e+00,1.000000000000000000e+00,2.025795993947060170e-01
1.508000000000000007e+01,2.499012649059295654e-02,5.997950434684753279e-02,0.000000000000000000e+00,1.000000000000000000e+00,2.025192096894553040e-01
1.509999999999999964e+01,2.498980313539505074e-02,5.997417569160461148e-02,0.000000000000000000e+00,1.000000000000000000e+00,2.040953770706799009e-01
1.512000000000000099e+01,2.498984485864639421e-02,5.997590661048889105e-02,0.000000000000000000e+00,1.000000000000000000e+00,2.068380159422534559e-01
1.514000000000000057e+01,2.499002963304519653e-02,5.994914531707763727e-02,0.000000000000000000e+00,1.000000000000000000e+00,2.100929163296619551e-01
1.516000000000000014e+01,2.499019354581832886e-02,5.994337677955627330e-02,0.000000000000000000e+00,1.000000000000000000e+00,2.132882268640537149e-01
1.517999999999999972e+01,2.499139308929443359e-02,5.990897297859191367e-02,0.000000000000000000e+00,1.000000000000000000e+00,2.161247058911732744e-01
1.520000000000000107e+01,2.499092668294906894e-02,5.993003010749816534e-02,0.000000000000000000e+00,1.000000000000000000e+00,2.184951205636656013e-01
1.522000000000000064e+01,2.499084472656250278e-02,5.991915464401244978e-02,0.000000000000000000e+00,1.000000000000000000e+00,2.203310976395255472e-01
1.524000000000000021e+01,2.499004155397415231e-02,5.989951372146606196e-02,0.000000000000000000e+00,1.000000000000000000e+00,2.216446245507686097e-01
1.525999999999999979e+01,2.499079108238220354e-02,5.991170167922973272e-02,0.000000000000000000e+00,1.000000000000000000e+00,2.227194827236675112e-01
1.528000000000000114e+01,2.499078661203384469e-02,5.991162657737731517e-02,0.000000000000000000e+00,1.000000000000000000e+00,2.241245684440408836e-01
1.530000000000000071e+01,2.498968839645385881e-02,5.988616347312927107e-02,0.000000000000000000e+00,1.000000000000000000e+00,2.264316600309570215e-01
1.532000000000000028e+01,2.499013841152191231e-02,5.992868542671203613e-02,0.000000000000000000e+00,1.000000000000000000e+00,2.299150833303716945e-01
1.533999999999999986e+01,2.499088346958160470e-02,5.990646243095397450e-02,0.000000000000000000e+00,1.000000000000000000e+00,2.343454950210333010e-01
1.535999999999999943e+01,2.499010115861892770e-02,5.991504907608032060e-02,0.000000000000000000e+00,1.000000000000000000e+00,2.388256380786982769e-01
1.538000000000000078e+01,2.499212920665741175e-02,5.990333676338195634e-02,0.000000000000000000e+00,1.000000000000000000e+00,2.420431613418456973e-01
1.540000000000000036e+01,2.498952001333236764e-02,5.991147279739379716e-02,0.000000000000000000e+00,1.000000000000000000e+00,2.432432399126938649e-01
1.541999999999999993e+01,2.498690336942673007e-02,5.991469860076904103e-02,0.000000000000000000e+00,1.000000000000000000e+00,2.428715304657444451e-01
1.543999999999999950e+01,2.498978972434997767e-02,5.991625070571899442e-02,0.000000000000000000e+00,1.000000000000000000e+00,2.419811762972368663e-01
1.546000000000000085e+01,2.499200552701950212e-02,5.992246985435485673e-02,0.000000000000000000e+00,1.000000000000000000e+00,2.413682912873461595e-01
1.548000000000000043e+01,2.499028444290161272e-02,5.990994572639465193e-02,0.000000000000000000e+00,1.000000000000000000e+00,2.412593409439584835e-01
1.550000000000000000e+01,2.499021291732788155e-02,5.990765690803527554e-02,0.000000000000000000e+00,1.000000000000000000e+00,2.413606788397086866e-01
1.551999999999999957e+01,2.499070018529891968e-02,5.989619851112365501e-02,0.000000000000000000e+00,1.000000000000000000e+00,2.410470161753288099e-01
1.554000000000000092e+01,2.499105781316757202e-02,5.989264726638793973e-02,0.000000000000000000e+00,1.000000000000000000e+00,2.396383261106315721e-01
1.556000000000000050e+01,2.499246150255203525e-02,5.988267660140991072e-02,0.000000000000000000e+00,1.000000000000000000e+00,2.366419671564342075e-01
1.558000000000000007e+01,2.499304860830307146e-02,5.987853884696960061e-02,0.000000000000000000e+00,1.000000000000000000e+00,2.318916417481328429e-01
1.559999999999999964e+01,2.499284595251083374e-02,5.988150358200072798e-02,0.000000000000000000e+00,1.000000000000000000e+00,2.256786368586587155e-01
1.562000000000000099e+01,2.499233335256576677e-02,5.987250924110412709e-02,0.000000000000000000e+00,1.000000000000000000e+00,2.188306630514137152e-01
1.564000000000000057e+01,2.499239742755890101e-02,5.987298130989074374e-02,0.000000000000000000e+00,1.000000000000000000e+00,2.124799207877365315e-01
1.566000000000000014e+01,2.499228864908218523e-02,5.987222671508788535e-02,0.000000000000000000e+00,1.000000000000000000e+00,2.075679798405830057e-01
1.567999999999999972e+01,2.499195933341979980e-02,5.986932635307311984e-02,0.000000000000000000e+00,1.000000000000000000e+00,2.045383040221072091e-01
1.570000000000000107e+01,2.499075978994369507e-02,5.985260009765625000e-02,0.000000000000000000e+00,1.000000000000000000e+00,2.033738703547494919e-01
1.572000000000000064e+01,2.499111592769623011e-02,5.986470937728881336e-02,0.000000000000000000e+00,1.000000000000000000e+00,2.037224999039728146e-01
1.574000000000000021e+01,2.499112039804458896e-02,5.986419439315796009e-02,0.000000000000000000e+00,1.000000000000000000e+00,2.049900991937184391e-01
1.575999999999999979e+01,2.499105185270309587e-02,5.986617565155029352e-02,0.000000000000000000e+00,1.000000000000000000e+00,2.065381154078376191e-01
1.578000000000000114e+01,2.499089390039443970e-02,5.986981987953185480e-02,0.000000000000000000e+00,1.000000000000000000e+00,2.079419148627172642e-01
1.580000000000000071e+01,2.499055862426757812e-02,5.988397121429443054e-02,0.000000000000000000e+00,1.000000000000000000e+00,2.090287756789794560e-01
1.582000000000000028e+01,2.499143630266189783e-02,5.991996288299560047e-02,0.000000000000000000e+00,1.000000000000000000e+00,2.097120985888931421e-01
1.583999999999999986e+01,2.499233186244964600e-02,5.993137478828430148e-02,0.000000000000000000e+00,1.000000000000000000e+00,2.099394554771847332e-01
1.586000000000000121e+01,2.499060332775115967e-02,5.991578578948974360e-02,0.000000000000000000e+00,1.000000000000000000e+00,2.098864417520893144e-01
1.588000000000000078e+01,2.499103397130966395e-02,5.991957664489745705e-02,0.000000000000000000e+00,1.000000000000000000e+00,2.101195357103120831e-01
1.590000000000000036e+01,2.499222308397293368e-02,5.993209719657897894e-02,0.000000000000000000e+00,1.000000000000000000e+00,2.113950204815190359e-01
1.591999999999999993e+01,2.499272674322128296e-02,5.993993639945983942e-02,0.000000000000000000e+00,1.000000000000000000e+00,2.143077295981149766e-01
1.593999999999999950e+01,2.499206066131591866e-02,5.991539239883422741e-02,0.000000000000000000e+00,1.000000000000000000e+00,2.191206109884550612e-01
1.596000000000000085e+01,2.499197125434875558e-02,5.992195487022399653e-02,0.000000000000000000e+00,1.000000000000000000e+00,2.255966991973117897e-01
1.598000000000000043e+01,2.499133944511413782e-02,5.993280172348022100e-02,0.000000000000000000e+00,1.000000000000000000e+00,2.327168809277882500e-01
1.600000000000000000e+01,2.499264031648636142e-02,5.992085695266723133e-02,0.000000000000000000e+00,1.000000000000000000e+00,2.388586955770213849e-01
1.601999999999999957e+01,2.499619126319885254e-02,5.990013241767883079e-02,0.000000000000000000e+00,1.000000000000000000e+00,2.428337610882404241e-01
1.603999999999999915e+01,2.499736547470092843e-02,5.989560127258300448e-02,0.000000000000000000e+00,1.000000000000000000e+00,2.446706674024648476e-01
1.605999999999999872e+01,2.499788403511047502e-02,5.989435315132141113e-02,0.000000000000000000e+00,1.000000000000000000e+00,2.451960024391412751e-01
1.608000000000000185e+01,2.499375045299530307e-02,5.989882349967956543e-02,0.000000000000000000e+00,1.000000000000000000e+00,2.452328417956183559e-01
1.610000000000000142e+01,2.499134391546249667e-02,5.989742517471313005e-02,0.000000000000000000e+00,1.000000000000000000e+00,2.452338156843322237e-01
1.612000000000000099e+01,2.499134391546249667e-02,5.989742159843444713e-02,0.000000000000000000e+00,1.000000000000000000e+00,2.452805098775085735e-01
1.614000000000000057e+01,2.499146163463592668e-02,5.989570498466491311e-02,0.000000000000000000e+00,1.000000000000000000e+00,2.451745339200557261e-01
1.616000000000000014e+01,2.499179244041442940e-02,5.989441394805908314e-02,0.000000000000000000e+00,1.000000000000000000e+00,2.444911800001199620e-01
1.617999999999999972e+01,2.499171197414398402e-02,5.989460349082946500e-02,0.000000000000000000e+00,1.000000000000000000e+00,2.426277105056434402e-01
1.619999999999999929e+01,2.499165683984756747e-02,5.989498615264892550e-02,0.000000000000000000e+00,1.000000000000000000e+00,2.390138590387818340e-01
1.621999999999999886e+01,2.499297112226486414e-02,5.989761471748351884e-02,0.000000000000000000e+00,1.000000000000000000e+00,2.335785397534910768e-01
1.624000000000000199e+01,2.499199211597442905e-02,5.989535808563232339e-02,0.000000000000000000e+00,1.000000000000000000e+00,2.270973060213935524e-01
1.626000000000000156e+01,2.499220371246338099e-02,5.989607334136962807e-02,0.000000000000000000e+00,1.000000000000000000e+00,2.208443836177137742e-01
1.628000000000000114e+01,2.499527335166931361e-02,5.991214871406554815e-02,0.000000000000000000e+00,1.000000000000000000e+00,2.158368205824382768e-01
1.630000000000000071e+01,2.499447613954544276e-02,5.990481019020080233e-02,0.000000000000000000e+00,1.000000000000000000e+00,2.124804470434535908e-01
1.632000000000000028e+01,2.499469816684722970e-02,5.991053581237792969e-02,0.000000000000000000e+00,1.000000000000000000e+00,2.106797660581793130e-01
1.633999999999999986e+01,2.499498277902603358e-02,5.989867329597473034e-02,0.000000000000000000e+00,1.000000000000000000e+00,2.100205749491829421e-01
1.635999999999999943e+01,2.499405443668365617e-02,5.991014957427978627e-02,0.000000000000000000e+00,1.000000000000000000e+00,2.099403826110780025e-01
1.637999999999999901e+01,2.499482184648513933e-02,5.990396261215209794e-02,0.000000000000000000e+00,1.000000000000000000e+00,2.099621625344943454e-01
1.639999999999999858e+01,2.499438673257827967e-02,5.990749955177306768e-02,0.000000000000000000e+00,1.000000000000000000e+00,2.098262218331509721e-01
1.642000000000000171e+01,2.499427199363708774e-02,5.991176247596740473e-02,0.000000000000000000e+00,1.000000000000000000e+00,2.093787154924305616e-01
1.644000000000000128e+01,2.499389499425888270e-02,5.990888357162475059e-02,0.000000000000000000e+00,1.000000000000000000e+00,2.084421307525186062e-01
1.646000000000000085e+01,2.499122321605682512e-02,5.989654541015624473e-02,0.000000000000000000e+00,1.000000000000000000e+00,2.069497233132186476e-01
1.648000000000000043e+01,2.498902380466461182e-02,5.988632440567016185e-02,0.000000000000000000e+00,1.000000000000000000e+00,2.052673658832669112e-01
1.650000000000000000e+01,2.498960047960281650e-02,5.988957166671752402e-02,0.000000000000000000e+00,1.000000000000000000e+00,2.042200358329330223e-01
1.651999999999999957e+01,2.499137520790100167e-02,5.990305423736572155e-02,0.000000000000000000e+00,1.000000000000000000e+00,2.046698768620303088e-01
1.653999999999999915e+01,2.499331533908843994e-02,5.992560625076293751e-02,0.000000000000000000e+00,1.000000000000000000e+00,2.071818380681944571e-01
1.655999999999999872e+01,2.499211877584457675e-02,5.989780068397521778e-02,0.000000000000000000e+00,1.000000000000000000e+00,2.119640123307586221e-01
1.658000000000000185e+01,2.499223798513412753e-02,5.994389176368713351e-02,0.000000000000000000e+00,1.000000000000000000e+00,2.187123650846150291e-01
1.660000000000000142e+01,2.499170303344726632e-02,5.995883703231811440e-02,0.000000000000000000e+00,1.000000000000000000e+00,2.263363101795884402e-01
1.662000000000000099e+01,2.499180734157562325e-02,5.995738863945006963e-02,0.000000000000000000e+00,1.000000000000000000e+00,2.331666527201179395e-01
1.664000000000000057e+01,2.499363869428634921e-02,5.994027972221374623e-02,0.000000000000000000e+00,1.000000000000000000e+00,2.378698614993767224e-01
1.666000000000000014e+01,2.499648332595825334e-02,5.991951584815978504e-02,0.000000000000000000e+00,1.000000000000000000e+00,2.401428064176618915e-01
1.667999999999999972e+01,2.500181198120117465e-02,5.988519430160522267e-02,0.000000000000000000e+00,1.000000000000000000e+00,2.405321784775681093e-01
1.669999999999999929e+01,2.500283718109130859e-02,5.987831354141234796e-02,0.000000000000000000e+00,1.000000000000000000e+00,2.398962292473781344e-01
1.671999999999999886e+01,2.500295937061310092e-02,5.987719058990478155e-02,0.000000000000000000e+00,1.000000000000000000e+00,2.390458481716446759e-01
1.674000000000000199e+01,2.500240802764892856e-02,5.988922119140624445e-02,0.000000000000000000e+00,1.000000000000000000e+00,2.385681730048190285e-01
1.676000000000000156e+01,2.500239908695221086e-02,5.989472150802611916e-02,0.000000000000000000e+00,1.000000000000000000e+00,2.387081958544055305e-01
1.678000000000000114e+01,2.500240802764892856e-02,5.988513708114624051e-02,0.000000000000000000e+00,1.000000000000000000e+00,2.392753529066094231e-01
1.680000000000000071e+01,2.500221431255340854e-02,5.988975048065185020e-02,0.000000000000000000e+00,1.000000000000000000e+00,2.396079345129482896e-01
1.682000000000000028e+01,2.500314116477966517e-02,5.988230824470519575e-02,0.000000000000000000e+00,1.000000000000000000e+00,2.387658472314021507e-01
1.683999999999999986e+01,2.500036060810089181e-02,5.989205002784728921e-02,0.000000000000000000e+00,1.000000000000000000e+00,2.361541533622722455e-01
1.685999999999999943e+01,2.499600648880005022e-02,5.989722132682800265e-02,0.000000000000000000e+00,1.000000000000000000e+00,2.321465052325197842e-01
1.687999999999999901e+01,2.499540895223617554e-02,5.989685297012328768e-02,0.000000000000000000e+00,1.000000000000000000e+00,2.278304640916553048e-01
1.689999999999999858e+01,2.499614655971527100e-02,5.989893794059752974e-02,0.000000000000000000e+00,1.000000000000000000e+00,2.241673155972541964e-01
1.692000000000000171e+01,2.499523013830184937e-02,5.989129900932312067e-02,0.000000000000000000e+00,1.000000000000000000e+00,2.215670048860924057e-01
1.694000000000000128e+01,2.499529719352722168e-02,5.988859891891479270e-02,0.000000000000000000e+00,1.000000000000000000e+00,2.199646103420551946e-01
1.696000000000000085e+01,2.499580234289169520e-02,5.988578796386718334e-02,0.000000000000000000e+00,1.000000000000000000e+00,2.190336406602009789e-01
1.698000000000000043e+01,2.499622106552124023e-02,5.988490819931029802e-02,0.000000000000000000e+00,1.000000000000000000e+00,2.184214679855530361e-01
1.700000000000000000e+01,2.499529719352722168e-02,5.988510489463805958e-02,0.000000000000000000e+00,1.000000000000000000e+00,2.179165019629004107e-01
1.701999999999999957e+01,2.499529719352722168e-02,5.988510489463805958e-02,4.000000000000000000e+00,1.000000000000000000e+00,2.173569122380954732e-01
1.703999999999999915e+01,2.499529719352722168e-02,5.988510489463805958e-02,6.000000000000000000e+00,1.000000000000000000e+00,2.165013615668651137e-01
1.705999999999999872e+01,2.499529719352722168e-02,5.988510489463805958e-02,7.000000000000000000e+00,1.000000000000000000e+00,2.150778597887519905e-01
1.708000000000000185e+01,2.499595284461975098e-02,5.988531589508056668e-02,0.000000000000000000e+00,1.000000000000000000e+00,2.129051447837367328e-01
1.710000000000000142e+01,2.499701827764511108e-02,5.988722562789916548e-02,0.000000000000000000e+00,1.000000000000000000e+00,2.103643715394400704e-01
1.712000000000000099e+01,2.499449998140335083e-02,5.987896084785461481e-02,0.000000000000000000e+00,1.000000000000000000e+00,2.083859640874323460e-01
1.714000000000000057e+01,2.499117851257324358e-02,5.986149072647094227e-02,0.000000000000000000e+00,1.000000000000000000e+00,2.078613419667869056e-01
1.716000000000000014e+01,2.499207556247711251e-02,5.986915469169616644e-02,0.000000000000000000e+00,1.000000000000000000e+00,2.093095551964018197e-01
1.717999999999999972e+01,2.499426752328872889e-02,5.990407705307006919e-02,0.000000000000000000e+00,1.000000000000000000e+00,2.128364307160882096e-01
1.719999999999999929e+01,2.499405294656753540e-02,5.989302992820739330e-02,0.000000000000000000e+00,1.000000000000000000e+00,2.180380743010759403e-01
1.721999999999999886e+01,2.499388754367828577e-02,5.990324020385742049e-02,0.000000000000000000e+00,1.000000000000000000e+00,2.238911497888425028e-01
1.724000000000000199e+01,2.499412000179290771e-02,5.989801168441772489e-02,0.000000000000000000e+00,1.000000000000000000e+00,2.289963733475755825e-01
1.726000000000000156e+01,2.499729990959167689e-02,5.984822988510131447e-02,0.000000000000000000e+00,1.000000000000000000e+00,2.321746467740824216e-01
1.728000000000000114e+01,2.499945312738418787e-02,5.981786727905272910e-02,0.000000000000000000e+00,1.000000000000000000e+00,2.329380794375385255e-01
1.730000000000000071e+01,2.499698549509048531e-02,5.985737800598144032e-02,0.000000000000000000e+00,1.000000000000000000e+00,2.315924668911119033e-01
1.732000000000000028e+01,2.499630153179168909e-02,5.987435817718505388e-02,0.000000000000000000e+00,1.000000000000000000e+00,2.290780594904310019e-01
1.733999999999999986e+01,2.499630749225616524e-02,5.987390041351318276e-02,0.000000000000000000e+00,1.000000000000000000e+00,2.265947020982499172e-01
1.735999999999999943e+01,2.499633580446243564e-02,5.990292191505432184e-02,0.000000000000000000e+00,1.000000000000000000e+00,2.251210737247213156e-01
1.737999999999999901e+01,2.499627768993377755e-02,5.993688583374023188e-02,0.000000000000000000e+00,1.000000000000000000e+00,2.251225675104959190e-01
1.740000000000000213e+01,2.499611228704452792e-02,5.994393825531005304e-02,0.000000000000000000e+00,1.000000000000000000e+00,2.265142734812236325e-01
1.742000000000000171e+01,2.499561756849288940e-02,5.995188832283019492e-02,0.000000000000000000e+00,1.000000000000000000e+00,2.286686919374462390e-01
1.744000000000000128e+01,2.499504238367080897e-02,5.995670557022094588e-02,0.000000000000000000e+00,1.000000000000000000e+00,2.305107100180226742e-01
1.746000000000000085e+01,2.499548643827438632e-02,5.995451688766479520e-02,0.000000000000000000e+00,1.000000000000000000e+00,2.310720543935453064e-01
1.748000000000000043e+01,2.499380260705948154e-02,5.995936632156372015e-02,0.000000000000000000e+00,1.000000000000000000e+00,2.302368483011217049e-01
1.750000000000000000e+01,2.499324679374695032e-02,5.996012806892395131e-02,0.000000000000000000e+00,1.000000000000000000e+00,2.286854616524960637e-01
1.751999999999999957e+01,2.499294579029083530e-02,5.996008157730102484e-02,0.000000000000000000e+00,1.000000000000000000e+00,2.271650553417040863e-01
1.753999999999999915e+01,2.499329894781112879e-02,5.996160507202148021e-02,0.000000000000000000e+00,1.000000000000000000e+00,2.260416138351940274e-01
1.755999999999999872e+01,2.499457150697708199e-02,5.995862960815429715e-02,0.000000000000000000e+00,1.000000000000000000e+00,2.253231853393271311e-01
1.758000000000000185e+01,2.499411702156066964e-02,5.995848655700683483e-02,0.000000000000000000e+00,1.000000000000000000e+00,2.248887384972206027e-01
1.760000000000000142e+01,2.499788701534271310e-02,5.996544241905212014e-02,0.000000000000000000e+00,1.000000000000000000e+00,2.247030365959065135e-01
1.762000000000000099e+01,2.500084042549133301e-02,5.997656106948852373e-02,0.000000000000000000e+00,1.000000000000000000e+00,2.248261856335534437e-01
1.764000000000000057e+01,2.500060796737671107e-02,5.997473001480102539e-02,0.000000000000000000e+00,1.000000000000000000e+00,2.252210791558252878e-01
1.766000000000000014e+01,2.500056326389312952e-02,5.997240900993346807e-02,0.000000000000000000e+00,1.000000000000000000e+00,2.255711877836868440e-01
1.767999999999999972e+01,2.500073611736297607e-02,5.997067451477050559e-02,0.000000000000000000e+00,1.000000000000000000e+00,2.253262315618214939e-01
1.769999999999999929e+01,2.500025331974029680e-02,5.997228741645813099e-02,0.000000000000000000e+00,1.000000000000000000e+00,2.241016671581336217e-01
1.771999999999999886e+01,2.499998956918716639e-02,5.997250199317932101e-02,0.000000000000000000e+00,1.000000000000000000e+00,2.221451392559366800e-01
1.774000000000000199e+01,2.499695420265198031e-02,5.996942281723022239e-02,0.000000000000000000e+00,1.000000000000000000e+00,2.202569749911622576e-01
1.776000000000000156e+01,2.499712407588958879e-02,5.996992349624633706e-02,0.000000000000000000e+00,1.000000000000000000e+00,2.192502502749876514e-01
1.778000000000000114e+01,2.500036358833312988e-02,5.998820185661316029e-02,0.000000000000000000e+00,1.000000000000000000e+00,2.195852879304857341e-01
1.780000000000000071e+01,2.499639242887496948e-02,5.994595170021056740e-02,0.000000000000000000e+00,1.000000000000000000e+00,2.212966118858118447e-01
1.782000000000000028e+01,2.499605715274810791e-02,5.993770837783813504e-02,0.000000000000000000e+00,1.000000000000000000e+00,2.239970870182924068e-01
1.783999999999999986e+01,2.499596178531646867e-02,5.991798520088195690e-02,0.000000000000000000e+00,1.000000000000000000e+00,2.269310624922496467e-01
1.785999999999999943e+01,2.499657869338989258e-02,5.988021612167358093e-02,0.000000000000000000e+00,1.000000000000000000e+00,2.291409194474149646e-01
1.787999999999999901e+01,2.499677985906600952e-02,5.987120747566222756e-02,0.000000000000000000e+00,1.000000000000000000e+00,2.297113215310085665e-01
1.790000000000000213e+01,2.499684691429138184e-02,5.986624360084533136e-02,0.000000000000000000e+00,1.000000000000000000e+00,2.280768466144012796e-01
1.792000000000000171e+01,2.499653548002243181e-02,5.980685949325561385e-02,0.000000000000000000e+00,1.000000000000000000e+00,2.244092894861123288e-01
1.794000000000000128e+01,2.499536722898483554e-02,5.975759983062743641e-02,0.000000000000000000e+00,1.000000000000000000e+00,2.197799717745075598e-01
1.796000000000000085e+01,2.499530762434006015e-02,5.975574016571044700e-02,0.000000000000000000e+00,1.000000000000000000e+00,2.156670489249304101e-01
1.798000000000000043e+01,2.499514967203140398e-02,5.974967479705810269e-02,0.000000000000000000e+00,1.000000000000000000e+00,2.131695285314473554e-01
1.800000000000000000e+01,2.499536275863647669e-02,5.978269100189208957e-02,0.000000000000000000e+00,1.000000000000000000e+00,2.127078608636042978e-01
1.801999999999999957e+01,2.499561011791229248e-02,5.977233409881591714e-02,0.000000000000000000e+00,1.000000000000000000e+00,2.141624372929941955e-01
1.803999999999999915e+01,2.499396055936813424e-02,5.979831933975219421e-02,0.000000000000000000e+00,1.000000000000000000e+00,2.169346336373093320e-01
1.805999999999999872e+01,2.499495893716812203e-02,5.978943228721618486e-02,0.000000000000000000e+00,1.000000000000000000e+00,2.199643850220096286e-01
1.808000000000000185e+01,2.499807476997375696e-02,5.977143287658691351e-02,0.000000000000000000e+00,1.000000000000000000e+00,2.222032433238834703e-01
1.810000000000000142e+01,2.499759197235107422e-02,5.977336406707763755e-02,0.000000000000000000e+00,1.000000000000000000e+00,2.233075244385773761e-01
1.812000000000000099e+01,2.499845921993255893e-02,5.977082490921020036e-02,0.000000000000000000e+00,1.000000000000000000e+00,2.236322935385494093e-01
1.814000000000000057e+01,2.499865740537643433e-02,5.977030992507934015e-02,0.000000000000000000e+00,1.000000000000000000e+00,2.236623465481442363e-01
1.816000000000000014e+01,2.499901503324508667e-02,5.976508498191833441e-02,0.000000000000000000e+00,1.000000000000000000e+00,2.236622178398064986e-01
1.817999999999999972e+01,2.499933391809463709e-02,5.976604700088501004e-02,0.000000000000000000e+00,1.000000000000000000e+00,2.237233250625660363e-01
1.819999999999999929e+01,2.499905079603195399e-02,5.976519584655761580e-02,0.000000000000000000e+00,1.000000000000000000e+00,2.239708865836377572e-01
1.821999999999999886e+01,2.499950528144836634e-02,5.976707339286804060e-02,0.000000000000000000e+00,1.000000000000000000e+00,2.246488778780688367e-01
1.824000000000000199e+01,2.500031590461731026e-02,5.977223753929138128e-02,0.000000000000000000e+00,1.000000000000000000e+00,2.259812193031133787e-01
1.826000000000000156e+01,2.500246167182922433e-02,5.979792237281798817e-02,0.000000000000000000e+00,1.000000000000000000e+00,2.279574987184206925e-01
1.828000000000000114e+01,2.500244677066803048e-02,5.979696750640869224e-02,0.000000000000000000e+00,1.000000000000000000e+00,2.302021347933314033e-01
1.830000000000000071e+01,2.500254511833191126e-02,5.979512572288513128e-02,0.000000000000000000e+00,1.000000000000000000e+00,2.320538411347186358e-01
1.832000000000000028e+01,2.500070035457611223e-02,5.980853319168090432e-02,0.000000000000000000e+00,1.000000000000000000e+00,2.329552264760204883e-01
1.833999999999999986e+01,2.499777376651764194e-02,5.981948733329772727e-02,0.000000000000000000e+00,1.000000000000000000e+00,2.328781859196915882e-01
1.835999999999999943e+01,2.499691247940063685e-02,5.982091784477233665e-02,0.000000000000000000e+00,1.000000000000000000e+00,2.322908147412057200e-01
1.837999999999999901e+01,2.499780654907226771e-02,5.982102155685424527e-02,0.000000000000000000e+00,1.000000000000000000e+00,2.317517683499540071e-01
1.840000000000000213e+01,2.499894499778747628e-02,5.982350707054137628e-02,0.000000000000000000e+00,1.000000000000000000e+00,2.316042688797589344e-01
1.842000000000000171e+01,2.499997466802597254e-02,5.982905030250548761e-02,0.000000000000000000e+00,1.000000000000000000e+00,2.319135379121574358e-01
1.844000000000000128e+01,2.500064373016357491e-02,5.983685731887817411e-02,0.000000000000000000e+00,1.000000000000000000e+00,2.325196996801413840e-01
1.846000000000000085e+01,2.500028312206268449e-02,5.982809901237487460e-02,0.000000000000000000e+00,1.000000000000000000e+00,2.330794010770119440e-01
1.848000000000000043e+01,2.500049769878387451e-02,5.983496189117431391e-02,0.000000000000000000e+00,1.000000000000000000e+00,2.330489525414425611e-01
1.850000000000000000e+01,2.500017881393432756e-02,5.982809543609619168e-02,0.000000000000000000e+00,1.000000000000000000e+00,2.317021721459889272e-01
1.851999999999999957e+01,2.500109076499939034e-02,5.984078049659728726e-02,0.000000000000000000e+00,1.000000000000000000e+00,2.284200070185033182e-01
1.853999999999999915e+01,2.499978393316269060e-02,5.982621431350707703e-02,0.000000000000000000e+00,1.000000000000000000e+00,2.233147115209251077e-01
1.855999999999999872e+01,2.500007152557373255e-02,5.982937932014464888e-02,0.000000000000000000e+00,1.000000000000000000e+00,2.175466516961643004e-01
1.858000000000000185e+01,2.499786615371704310e-02,5.980071902275085199e-02,0.000000000000000000e+00,1.000000000000000000e+00,2.126494663017080566e-01
1.860000000000000142e+01,2.499724626541137765e-02,5.978869199752807201e-02,0.000000000000000000e+00,1.000000000000000000e+00,2.096096508053255925e-01
1.862000000000000099e+01,2.499711960554122994e-02,5.978203296661376703e-02,0.000000000000000000e+00,1.000000000000000000e+00,2.086970352264841122e-01
1.864000000000000057e+01,2.499675005674362183e-02,5.980221748352050615e-02,0.000000000000000000e+00,1.000000000000000000e+00,2.096976517222924885e-01
1.866000000000000014e+01,2.499580830335617135e-02,5.981805682182311790e-02,0.000000000000000000e+00,1.000000000000000000e+00,2.119548490272568086e-01
1.867999999999999972e+01,2.499481588602066318e-02,5.982753753662109486e-02,0.000000000000000000e+00,1.000000000000000000e+00,2.144257542345636147e-01
1.869999999999999929e+01,2.499412149190902849e-02,5.983204722404479592e-02,0.000000000000000000e+00,1.000000000000000000e+00,2.161938341850409562e-01
1.871999999999999886e+01,2.499214410781860560e-02,5.984175682067870844e-02,0.000000000000000000e+00,1.000000000000000000e+00,2.169963293044784025e-01
1.874000000000000199e+01,2.499323338270187378e-02,5.983707904815673689e-02,0.000000000000000000e+00,1.000000000000000000e+00,2.170972920686910224e-01
1.876000000000000156e+01,2.499385327100753923e-02,5.983356356620788546e-02,0.000000000000000000e+00,1.000000000000000000e+00,2.168494984866902175e-01
1.878000000000000114e+01,2.499387860298156808e-02,5.983501553535461315e-02,0.000000000000000000e+00,1.000000000000000000e+00,2.165101203252651763e-01
1.880000000000000071e+01,2.499209195375442713e-02,5.982513785362243708e-02,0.000000000000000000e+00,1.000000000000000000e+00,2.163308355266084226e-01
1.882000000000000028e+01,2.499219328165054599e-02,5.982563138008117204e-02,0.000000000000000000e+00,1.000000000000000000e+00,2.166565458448731496e-01
1.883999999999999986e+01,2.499539852142334054e-02,5.984464645385741827e-02,0.000000000000000000e+00,1.000000000000000000e+00,2.178517794151970388e-01
1.885999999999999943e+01,2.499594986438751290e-02,5.984942078590392567e-02,0.000000000000000000e+00,1.000000000000000000e+00,2.201255658092256262e-01
1.887999999999999901e+01,2.499593794345855713e-02,5.984923124313354381e-02,0.000000000000000000e+00,1.000000000000000000e+00,2.233878671097436208e-01
1.890000000000000213e+01,2.499604076147079676e-02,5.985743165016173956e-02,0.000000000000000000e+00,1.000000000000000000e+00,2.271890707616769367e-01
1.892000000000000171e+01,2.499617934226990024e-02,5.985351204872130931e-02,0.000000000000000000e+00,1.000000000000000000e+00,2.308418273746357663e-01
1.894000000000000128e+01,2.499471008777618547e-02,5.987128973007201788e-02,0.000000000000000000e+00,1.000000000000000000e+00,2.337658985110022958e-01
1.896000000000000085e+01,2.499431967735290736e-02,5.987430095672607172e-02,0.000000000000000000e+00,1.000000000000000000e+00,2.357696435988230199e-01
1.898000000000000043e+01,2.499400824308395386e-02,5.987608909606933344e-02,0.000000000000000000e+00,1.000000000000000000e+00,2.369856882093429040e-01
1.900000000000000000e+01,2.499449402093887468e-02,5.987380027770995705e-02,0.000000000000000000e+00,1.000000000000000000e+00,2.376312065963361309e-01
1.901999999999999957e+01,2.499381154775619576e-02,5.987678289413451982e-02,0.000000000000000000e+00,1.000000000000000000e+00,2.379219940188818105e-01
1.903999999999999915e+01,2.499323636293411532e-02,5.987951874732971164e-02,0.000000000000000000e+00,1.000000000000000000e+00,2.380537625519677791e-01
1.905999999999999872e+01,2.499317228794098109e-02,5.987986922264099121e-02,0.000000000000000000e+00,1.000000000000000000e+00,2.381200822843612119e-01
1.908000000000000185e+01,2.499328404664993494e-02,5.987945079803466686e-02,0.000000000000000000e+00,1.000000000000000000e+00,2.381487686198488496e-01
1.910000000000000142e+01,2.499300241470336914e-02,5.987968325614929227e-02,0.000000000000000000e+00,1.000000000000000000e+00,2.378908901689376909e-01
1.912000000000000099e+01,2.499267756938934604e-02,5.987937927246093223e-02,0.000000000000000000e+00,1.000000000000000000e+00,2.366655880961037461e-01
1.914000000000000057e+01,2.499005645513534615e-02,5.987376451492309321e-02,0.000000000000000000e+00,1.000000000000000000e+00,2.337459809377919195e-01
1.916000000000000014e+01,2.499388158321380615e-02,5.988643884658813310e-02,0.000000000000000000e+00,1.000000000000000000e+00,2.291312586079803371e-01
1.917999999999999972e+01,2.499085515737533778e-02,5.987197279930114857e-02,0.000000000000000000e+00,1.000000000000000000e+00,2.239017918717227107e-01
1.919999999999999929e+01,2.499787509441375732e-02,5.992146134376525463e-02,0.000000000000000000e+00,1.000000000000000000e+00,2.194539179601376067e-01
1.921999999999999886e+01,2.499749213457107613e-02,5.991703033447265403e-02,0.000000000000000000e+00,1.000000000000000000e+00,2.166263699462279979e-01
1.924000000000000199e+01,2.499876022338867396e-02,5.995101213455199946e-02,0.000000000000000000e+00,1.000000000000000000e+00,2.155931826645593463e-01
1.926000000000000156e+01,2.499886602163314819e-02,5.993876338005065668e-02,0.000000000000000000e+00,1.000000000000000000e+00,2.160285166526985101e-01
1.928000000000000114e+01,2.499823421239853044e-02,5.995061874389648326e-02,0.000000000000000000e+00,1.000000000000000000e+00,2.171504427229125900e-01
1.930000000000000071e+01,2.499789297580719272e-02,5.995410561561584362e-02,0.000000000000000000e+00,1.000000000000000000e+00,2.179524578579072891e-01
1.932000000000000028e+01,2.499874383211135934e-02,5.994806528091430747e-02,0.000000000000000000e+00,1.000000000000000000e+00,2.177519640685961766e-01
1.933999999999999986e+01,2.500160634517669886e-02,5.993171453475951843e-02,0.000000000000000000e+00,1.000000000000000000e+00,2.164807948105374191e-01
1.935999999999999943e+01,2.500239312648773471e-02,5.992720842361450029e-02,0.000000000000000000e+00,1.000000000000000000e+00,2.144585681804188904e-01
1.937999999999999901e+01,2.500341832637786865e-02,5.991666555404662892e-02,0.000000000000000000e+00,1.000000000000000000e+00,2.121025765522200623e-01
1.940000000000000213e+01,2.500389218330383370e-02,5.992695450782775657e-02,0.000000000000000000e+00,1.000000000000000000e+00,2.098638785564369558e-01
1.942000000000000171e+01,2.500268816947937012e-02,5.991853237152099110e-02,0.000000000000000000e+00,1.000000000000000000e+00,2.082487808219819492e-01
1.944000000000000128e+01,2.500579059123993197e-02,5.993826270103454201e-02,0.000000000000000000e+00,1.000000000000000000e+00,2.077388928922632438e-01
1.946000000000000085e+01,2.500536739826202462e-02,5.993496537208557046e-02,0.000000000000000000e+00,1.000000000000000000e+00,2.086455415132293378e-01
1.948000000000000043e+01,2.500264048576355050e-02,5.990383744239807101e-02,0.000000000000000000e+00,1.000000000000000000e+00,2.110133882449456433e-01
1.950000000000000000e+01,2.500440776348114222e-02,5.994281888008117648e-02,0.000000000000000000e+00,1.000000000000000000e+00,2.145729009377018714e-01
1.951999999999999957e+01,2.500455677509308069e-02,5.996637582778930470e-02,0.000000000000000000e+00,1.000000000000000000e+00,2.187616296865572407e-01
1.953999999999999915e+01,2.500476539134979456e-02,5.995882630348205178e-02,0.000000000000000000e+00,1.000000000000000000e+00,2.229212530082131938e-01
1.955999999999999872e+01,2.500531971454620500e-02,5.994838356971740612e-02,0.000000000000000000e+00,1.000000000000000000e+00,2.265862156295364027e-01
1.958000000000000185e+01,2.500599324703216622e-02,5.993818402290344155e-02,0.000000000000000000e+00,1.000000000000000000e+00,2.295740761755545034e-01
1.960000000000000142e+01,2.500498890876770228e-02,5.995459556579589566e-02,0.000000000000000000e+00,1.000000000000000000e+00,2.318458361651973554e-01
1.962000000000000099e+01,2.500570714473724504e-02,5.993550539016723189e-02,0.000000000000000000e+00,1.000000000000000000e+00,2.334055028220389794e-01
1.964000000000000057e+01,2.500574886798858851e-02,5.992848515510559165e-02,0.000000000000000000e+00,1.000000000000000000e+00,2.343835346371779815e-01
1.966000000000000014e+01,2.500596642494201660e-02,5.994258642196655107e-02,0.000000000000000000e+00,1.000000000000000000e+00,2.351326876949107747e-01
1.967999999999999972e+01,2.500634193420410434e-02,5.997027754783629955e-02,0.000000000000000000e+00,1.000000000000000000e+00,2.360960604563803744e-01
1.969999999999999929e+01,2.500647306442260742e-02,5.996139764785766296e-02,0.000000000000000000e+00,1.000000000000000000e+00,2.375080832015201704e-01
1.971999999999999886e+01,2.500694394111633440e-02,5.995483517646789384e-02,0.000000000000000000e+00,1.000000000000000000e+00,2.391446220903578335e-01
1.974000000000000199e+01,2.500834167003631800e-02,5.994682073593139704e-02,0.000000000000000000e+00,1.000000000000000000e+00,2.402424821221398055e-01
1.976000000000000156e+01,2.500569224357605119e-02,5.995316147804260337e-02,0.000000000000000000e+00,1.000000000000000000e+00,2.398408797865746178e-01
1.978000000000000114e+01,2.500834167003631800e-02,5.995229244232177374e-02,0.000000000000000000e+00,1.000000000000000000e+00,2.376489373632674762e-01
1.980000000000000071e+01,2.500907778739929269e-02,5.995334744453430231e-02,0.000000000000000000e+00,1.000000000000000000e+00,2.344902341656246170e-01
1.982000000000000028e+01,2.500748634338378906e-02,5.994783639907836498e-02,0.000000000000000000e+00,1.000000000000000000e+00,2.315866642599470893e-01
1.983999999999999986e+01,2.500588297843933314e-02,5.993712902069091297e-02,0.000000000000000000e+00,1.000000000000000000e+00,2.297211241768576384e-01
1.985999999999999943e+01,2.500483095645904610e-02,5.992155790328979048e-02,0.000000000000000000e+00,1.000000000000000000e+00,2.290453893666461183e-01
1.987999999999999901e+01,2.500493526458740304e-02,5.993946433067321583e-02,0.000000000000000000e+00,1.000000000000000000e+00,2.291571949325149349e-01
1.990000000000000213e+01,2.500502467155456612e-02,5.993753314018249179e-02,0.000000000000000000e+00,1.000000000000000000e+00,2.292338012084180199e-01
1.992000000000000171e+01,2.500557005405426234e-02,5.993172883987426397e-02,0.000000000000000000e+00,1.000000000000000000e+00,2.283912487843943462e-01
1.994000000000000128e+01,2.500711381435394287e-02,5.992024540901183527e-02,0.000000000000000000e+00,1.000000000000000000e+00,2.261292601106892619e-01
1.996000000000000085e+01,2.500960230827331543e-02,5.990427374839782382e-02,0.000000000000000000e+00,1.000000000000000000e+00,2.224611185789245049e-01
1.998000000000000043e+01,2.501061856746673862e-02,5.989648103713988980e-02,0.000000000000000000e+00,1.000000000000000000e+00,2.177675126949701057e-01
2.000000000000000000e+01,2.501042485237121860e-02,5.990193128585815513e-02,0.000000000000000000e+00,1.000000000000000000e+00,2.126770177995446764e-01
2.001999999999999957e+01,2.501028180122375627e-02,5.990011453628539539e-02,0.000000000000000000e+00,1.000000000000000000e+00,2.079835848079974181e-01
2.003999999999999915e+01,2.501163482666015833e-02,5.991026043891906766e-02,0.000000000000000000e+00,1.000000000000000000e+00,2.044510217132660956e-01
2.005999999999999872e+01,2.500936686992645541e-02,5.989279389381408497e-02,0.000000000000000000e+00,1.000000000000000000e+00,2.025795993947060725e-01
2.008000000000000185e+01,2.500961422920227120e-02,5.989527583122253307e-02,0.000000000000000000e+00,1.000000000000000000e+00,2.025192096894561922e-01
2.010000000000000142e+01,2.500975131988525391e-02,5.989750027656554759e-02,0.000000000000000000e+00,1.000000000000000000e+00,2.040953770706812609e-01
2.012000000000000099e+01,2.500960230827331543e-02,5.989152073860168346e-02,0.000000000000000000e+00,1.000000000000000000e+00,2.068380159422545661e-01
2.014000000000000057e+01,2.500953674316406389e-02,5.990183830261230219e-02,0.000000000000000000e+00,1.000000000000000000e+00,2.100929163296619551e-01
2.016000000000000014e+01,2.500989437103271623e-02,5.988898515701293612e-02,0.000000000000000000e+00,1.000000000000000000e+00,2.132882268640538259e-01
2.017999999999999972e+01,2.501032352447509974e-02,5.987653255462646595e-02,0.000000000000000000e+00,1.000000000000000000e+00,2.161247058911732744e-01
2.019999999999999929e+01,2.501040399074554513e-02,5.987287044525146235e-02,0.000000000000000000e+00,1.000000000000000000e+00,2.184951205636656846e-01
2.021999999999999886e+01,2.501040101051330705e-02,5.987236618995666476e-02,0.000000000000000000e+00,1.000000000000000000e+00,2.203310976395245757e-01
2.024000000000000199e+01,2.501274049282074113e-02,5.992833495140075656e-02,0.000000000000000000e+00,1.000000000000000000e+00,2.216446245507688317e-01
2.026000000000000156e+01,2.501319944858551234e-02,5.993571996688842884e-02,0.000000000000000000e+00,1.000000000000000000e+00,2.227194827236685104e-01
2.028000000000000114e+01,2.501250505447387765e-02,5.992459774017333540e-02,0.000000000000000000e+00,1.000000000000000000e+00,2.241245684440421604e-01
2.030000000000000071e+01,2.501222491264343262e-02,5.991823196411132785e-02,0.000000000000000000e+00,1.000000000000000000e+00,2.264316600309566885e-01
2.032000000000000028e+01,2.501319050788879464e-02,6.000303268432616993e-02,0.000000000000000000e+00,1.000000000000000000e+00,2.299150833303719998e-01
2.033999999999999986e+01,2.501367628574371546e-02,5.998825550079345259e-02,0.000000000000000000e+00,1.000000000000000000e+00,2.343454950210335230e-01
2.035999999999999943e+01,2.501539885997772217e-02,5.996939778327941423e-02,0.000000000000000000e+00,1.000000000000000000e+00,2.388256380786986655e-01
2.037999999999999901e+01,2.501297295093536655e-02,5.998326301574706532e-02,0.000000000000000000e+00,1.000000000000000000e+00,2.420431613418461414e-01
2.040000000000000213e+01,2.500910460948944231e-02,5.999507546424865528e-02,0.000000000000000000e+00,1.000000000000000000e+00,2.432432399126943090e-01
2.042000000000000171e+01,2.500891387462616036e-02,5.999530076980590793e-02,0.000000000000000000e+00,1.000000000000000000e+00,2.428715304657448060e-01
2.044000000000000128e+01,2.500492036342620919e-02,5.999296188354492215e-02,0.000000000000000000e+00,1.000000000000000000e+00,2.419811762972373936e-01
2.046000000000000085e+01,2.500185370445251465e-02,5.998426795005798451e-02,0.000000000000000000e+00,1.000000000000000000e+00,2.413682912873466868e-01
2.048000000000000043e+01,2.499960362911224365e-02,5.996796369552612194e-02,0.000000000000000000e+00,1.000000000000000000e+00,2.412593409439587888e-01
2.050000000000000000e+01,2.500007152557373255e-02,5.998264074325561357e-02,0.000000000000000000e+00,1.000000000000000000e+00,2.413606788397091307e-01
2.051999999999999957e+01,2.500011026859283447e-02,5.998169302940368347e-02,0.000000000000000000e+00,1.000000000000000000e+00,2.410470161753293372e-01
2.053999999999999915e+01,2.500098347663879533e-02,5.997307419776916337e-02,0.000000000000000000e+00,1.000000000000000000e+00,2.396383261106324325e-01
2.055999999999999872e+01,2.500260174274444858e-02,5.996169447898864330e-02,0.000000000000000000e+00,1.000000000000000000e+00,2.366419671564343463e-01
2.058000000000000185e+01,2.500214278697967737e-02,5.996488809585571317e-02,0.000000000000000000e+00,1.000000000000000000e+00,2.318916417481314829e-01
2.060000000000000142e+01,2.500236630439758509e-02,5.996161580085754284e-02,0.000000000000000000e+00,1.000000000000000000e+00,2.256786368586581326e-01
2.062000000000000099e+01,2.500221133232116699e-02,5.995895862579345148e-02,0.000000000000000000e+00,1.000000000000000000e+00,2.188306630514145756e-01
2.064000000000000057e+01,2.500193417072296351e-02,5.995693445205688143e-02,0.000000000000000000e+00,1.000000000000000000e+00,2.124799207877364204e-01
2.066000000000000014e+01,2.500125467777252267e-02,5.995223522186279158e-02,0.000000000000000000e+00,1.000000000000000000e+00,2.075679798405829224e-01
2.067999999999999972e+01,2.500156462192535539e-02,5.995494961738586509e-02,0.000000000000000000e+00,1.000000000000000000e+00,2.045383040221067372e-01
2.069999999999999929e+01,2.500246167182922433e-02,5.996733069419860757e-02,0.000000000000000000e+00,1.000000000000000000e+00,2.033738703547501303e-01
2.071999999999999886e+01,2.500182092189788888e-02,5.994613409042358343e-02,0.000000000000000000e+00,1.000000000000000000e+00,2.037224999039735085e-01
2.074000000000000199e+01,2.500194013118743966e-02,5.992973327636718500e-02,0.000000000000000000e+00,1.000000000000000000e+00,2.049900991937186057e-01
2.076000000000000156e+01,2.500178813934326311e-02,5.993412494659423884e-02,0.000000000000000000e+00,1.000000000000000000e+00,2.065381154078381742e-01
2.078000000000000114e+01,2.500236630439758509e-02,5.992078542709350364e-02,0.000000000000000000e+00,1.000000000000000000e+00,2.079419148627174585e-01
2.080000000000000071e+01,2.500241100788116663e-02,5.991880774497985312e-02,0.000000000000000000e+00,1.000000000000000000e+00,2.090287756789803719e-01
2.082000000000000028e+01,2.500283420085907052e-02,5.993570566177367637e-02,0.000000000000000000e+00,1.000000000000000000e+00,2.097120985888929756e-01
2.083999999999999986e+01,2.500329613685607980e-02,5.994154214859008512e-02,0.000000000000000000e+00,1.000000000000000000e+00,2.099394554771845112e-01
2.085999999999999943e+01,2.500513494014740268e-02,5.995802164077758400e-02,0.000000000000000000e+00,1.000000000000000000e+00,2.098864417520897030e-01
2.087999999999999901e+01,2.500758469104766984e-02,5.997944712638855064e-02,0.000000000000000000e+00,1.000000000000000000e+00,2.101195357103131656e-01
2.090000000000000213e+01,2.500990033149719238e-02,6.000364780426024891e-02,0.000000000000000000e+00,1.000000000000000000e+00,2.113950204815188416e-01
2.092000000000000171e+01,2.501024007797241280e-02,6.000886917114257868e-02,0.000000000000000000e+00,1.000000000000000000e+00,2.143077295981164199e-01
2.094000000000000128e+01,2.501145303249359408e-02,6.005214214324951227e-02,0.000000000000000000e+00,1.000000000000000000e+00,2.191206109884573650e-01
2.096000000000000085e+01,2.501170635223388949e-02,6.003265142440795954e-02,0.000000000000000000e+00,1.000000000000000000e+00,2.255966991973131219e-01
2.098000000000000043e+01,2.501271367073059151e-02,6.001527786254882285e-02,0.000000000000000000e+00,1.000000000000000000e+00,2.327168809277885830e-01
2.100000000000000000e+01,2.501098215579986711e-02,6.003111362457275169e-02,0.000000000000000000e+00,1.000000000000000000e+00,2.388586955770218567e-01
2.101999999999999957e+01,2.501098215579986711e-02,6.003111362457275169e-02,4.000000000000000000e+00,1.000000000000000000e+00,2.384932023684882274e-01
2.103999999999999915e+01,2.501098215579986711e-02,6.003111362457275169e-02,6.000000000000000000e+00,1.000000000000000000e+00,2.383277846670825983e-01
2.105999999999999872e+01,2.501098215579986711e-02,6.003111362457275169e-02,7.000000000000000000e+00,1.000000000000000000e+00,2.382463214412648134e-01
2.108000000000000185e+01,2.500833272933960030e-02,6.003426790237426786e-02,0.000000000000000000e+00,1.000000000000000000e+00,2.383638124859887575e-01
2.110000000000000142e+01,2.500745952129364291e-02,6.003392457962036105e-02,0.000000000000000000e+00,1.000000000000000000e+00,2.383503344670134527e-01
2.112000000000000099e+01,2.500688731670379708e-02,6.003127098083495955e-02,0.000000000000000000e+00,1.000000000000000000e+00,2.383960158452698708e-01
2.114000000000000057e+01,2.500678896903991977e-02,6.003262281417846152e-02,0.000000000000000000e+00,1.000000000000000000e+00,2.383811674475305731e-01
2.116000000000000014e+01,2.500582039356231967e-02,6.003635644912719282e-02,0.000000000000000000e+00,1.000000000000000000e+00,2.379423501282242615e-01
2.117999999999999972e+01,2.500639259815216203e-02,6.003497600555419977e-02,0.000000000000000000e+00,1.000000000000000000e+00,2.365063124172913922e-01
2.119999999999999929e+01,2.500653564929962436e-02,6.003403186798095259e-02,0.000000000000000000e+00,1.000000000000000000e+00,2.334444137836641786e-01
2.121999999999999886e+01,2.500692605972290247e-02,6.003471851348876620e-02,0.000000000000000000e+00,1.000000000000000000e+00,2.285103969804357926e-01
2.124000000000000199e+01,2.500802874565124720e-02,6.003697872161865151e-02,0.000000000000000000e+00,1.000000000000000000e+00,2.222753176507180906e-01
2.126000000000000156e+01,2.501042187213897705e-02,6.004436016082763394e-02,0.000000000000000000e+00,1.000000000000000000e+00,2.159119976689226894e-01
2.128000000000000114e+01,2.500884830951690882e-02,6.003666400909423578e-02,0.000000000000000000e+00,1.000000000000000000e+00,2.104767331897274829e-01
2.130000000000000071e+01,2.501007616519928048e-02,6.004745721817016102e-02,0.000000000000000000e+00,1.000000000000000000e+00,2.065184767727656079e-01
2.132000000000000028e+01,2.500998675823211739e-02,6.004518270492553711e-02,0.000000000000000000e+00,1.000000000000000000e+00,2.041395429366575087e-01
2.133999999999999986e+01,2.501004636287689278e-02,6.004301548004150474e-02,0.000000000000000000e+00,1.000000000000000000e+00,2.030996494470743707e-01
2.135999999999999943e+01,2.500953674316406389e-02,6.004896640777587780e-02,0.000000000000000000e+00,1.000000000000000000e+00,2.028845750988554630e-01
2.137999999999999901e+01,2.500925064086914271e-02,6.005119085311889232e-02,0.000000000000000000e+00,1.000000000000000000e+00,2.029322554074609875e-01
2.140000000000000213e+01,2.500881254673004150e-02,6.005460977554320789e-02,0.000000000000000000e+00,1.000000000000000000e+00,2.028886479028466916e-01
2.142000000000000171e+01,2.500892877578735421e-02,6.005070447921753013e-02,0.000000000000000000e+00,1.000000000000000000e+00,2.025832866176076330e-01
2.144000000000000128e+01,2.500785589218139718e-02,6.004292964935302457e-02,0.000000000000000000e+00,1.000000000000000000e+00,2.018479307861926753e-01
2.146000000000000085e+01,2.500547170639038155e-02,6.003270864486694169e-02,0.000000000000000000e+00,1.000000000000000000e+00,2.005388098129702312e-01
2.148000000000000043e+01,2.500948905944824427e-02,6.005004644393920760e-02,0.000000000000000000e+00,1.000000000000000000e+00,1.988354703887937336e-01
2.150000000000000000e+01,2.501347661018371582e-02,6.007106065750121571e-02,0.000000000000000000e+00,1.000000000000000000e+00,1.973968857813818145e-01
2.151999999999999957e+01,2.501493692398071289e-02,6.008156776428222323e-02,0.000000000000000000e+00,1.000000000000000000e+00,1.970753252966722657e-01
2.153999999999999915e+01,2.501393854618072510e-02,6.007043123245239119e-02,0.000000000000000000e+00,1.000000000000000000e+00,1.986059064388820961e-01
2.155999999999999872e+01,2.501297891139984270e-02,6.004846572875976313e-02,0.000000000000000000e+00,1.000000000000000000e+00,2.025084019188689577e-01
2.158000000000000185e+01,2.501306235790252963e-02,6.011795282363891629e-02,0.000000000000000000e+00,1.000000000000000000e+00,2.088385175806031224e-01
2.160000000000000142e+01,2.501315176486969272e-02,6.011566400527953991e-02,0.000000000000000000e+00,1.000000000000000000e+00,2.167055955329196815e-01
2.162000000000000099e+01,2.501489520072937289e-02,6.009278297424316267e-02,0.000000000000000000e+00,1.000000000000000000e+00,2.242923649284004894e-01
2.164000000000000057e+01,2.501466572284698556e-02,6.009484291076659657e-02,0.000000000000000000e+00,1.000000000000000000e+00,2.298887918166228339e-01
2.166000000000000014e+01,2.501401007175445626e-02,6.009947776794433150e-02,0.000000000000000000e+00,1.000000000000000000e+00,2.328927521165023162e-01
2.167999999999999972e+01,2.500927150249481271e-02,6.012916803359984880e-02,0.000000000000000000e+00,1.000000000000000000e+00,2.337429822330091556e-01
2.169999999999999929e+01,2.501175105571747104e-02,6.011302471160888394e-02,0.000000000000000000e+00,1.000000000000000000e+00,2.333021170411971601e-01
2.171999999999999886e+01,2.501218914985656877e-02,6.010912656784057201e-02,0.000000000000000000e+00,1.000000000000000000e+00,2.324216380130623427e-01
2.174000000000000199e+01,2.501201927661896030e-02,6.011260986328124944e-02,0.000000000000000000e+00,1.000000000000000000e+00,2.317563455754235724e-01
2.176000000000000156e+01,2.501200437545776645e-02,6.011683702468871571e-02,0.000000000000000000e+00,1.000000000000000000e+00,2.316681201192808404e-01
2.178000000000000114e+01,2.501201927661896030e-02,6.011089324951171542e-02,0.000000000000000000e+00,1.000000000000000000e+00,2.321356376939404664e-01
2.180000000000000071e+01,2.501242160797119418e-02,6.010198116302489790e-02,0.000000000000000000e+00,1.000000000000000000e+00,2.326587829366718874e-01
2.182000000000000028e+01,2.501218318939209262e-02,6.010381937026977595e-02,0.000000000000000000e+00,1.000000000000000000e+00,2.323138984266868434e-01
2.183999999999999986e+01,2.501023113727569858e-02,6.011063575744628878e-02,0.000000000000000000e+00,1.000000000000000000e+00,2.302871127445820509e-01
2.185999999999999943e+01,2.501094937324524134e-02,6.010971307754516685e-02,0.000000000000000000e+00,1.000000000000000000e+00,2.266494660826951502e-01
2.187999999999999901e+01,2.500956356525421351e-02,6.010908365249633539e-02,0.000000000000000000e+00,1.000000000000000000e+00,2.223459125331952724e-01
2.190000000000000213e+01,2.500925362110138078e-02,6.010828256607055747e-02,0.000000000000000000e+00,1.000000000000000000e+00,2.183967085165382238e-01
2.192000000000000171e+01,2.500900626182556152e-02,6.010630130767821711e-02,0.000000000000000000e+00,1.000000000000000000e+00,2.153786496497837044e-01
2.194000000000000128e+01,2.500919699668884347e-02,6.009932756423949640e-02,0.000000000000000000e+00,1.000000000000000000e+00,2.134083033084537839e-01
2.196000000000000085e+01,2.500804960727691720e-02,6.010556459426879411e-02,0.000000000000000000e+00,1.000000000000000000e+00,2.122646117702786384e-01
2.198000000000000043e+01,2.500987052917480469e-02,6.010165214538573664e-02,0.000000000000000000e+00,1.000000000000000000e+00,2.115759145605997649e-01
2.200000000000000000e+01,2.500784993171692103e-02,6.010234594345092302e-02,0.000000000000000000e+00,1.000000000000000000e+00,2.110587055546536972e-01
2.201999999999999957e+01,2.500876784324645996e-02,6.010392665863036749e-02,0.000000000000000000e+00,1.000000000000000000e+00,2.105737919945844527e-01
2.203999999999999915e+01,2.500880360603332728e-02,6.010471343994140681e-02,0.000000000000000000e+00,1.000000000000000000e+00,2.099465177713549791e-01
2.205999999999999872e+01,2.500874400138855189e-02,6.010484933853148942e-02,0.000000000000000000e+00,1.000000000000000000e+00,2.088336804488106491e-01
2.208000000000000185e+01,2.500950396060943812e-02,6.010497808456420621e-02,0.000000000000000000e+00,1.000000000000000000e+00,2.069301667051094973e-01
2.210000000000000142e+01,2.500612437725067277e-02,6.009959936141967551e-02,0.000000000000000000e+00,1.000000000000000000e+00,2.044299471921099398e-01
2.212000000000000099e+01,2.501224279403686801e-02,6.011818170547485185e-02,0.000000000000000000e+00,1.000000000000000000e+00,2.021192468114981489e-01
2.214000000000000057e+01,2.501130700111389368e-02,6.011353254318237138e-02,0.000000000000000000e+00,1.000000000000000000e+00,2.009256354152479940e-01
2.216000000000000014e+01,2.501554489135742257e-02,6.014828681945800365e-02,0.000000000000000000e+00,1.000000000000000000e+00,2.015537863382524109e-01
2.217999999999999972e+01,2.501686811447143693e-02,6.016888618469237726e-02,0.000000000000000000e+00,1.000000000000000000e+00,2.043785368677312475e-01
2.219999999999999929e+01,2.501682341098785539e-02,6.016643285751342718e-02,0.000000000000000000e+00,1.000000000000000000e+00,2.092546556694699078e-01
2.221999999999999886e+01,2.501723468303680697e-02,6.014368772506713950e-02,0.000000000000000000e+00,1.000000000000000000e+00,2.152743539333058509e-01
2.224000000000000199e+01,2.501661181449890345e-02,6.015691280364990345e-02,0.000000000000000000e+00,1.000000000000000000e+00,2.209423524198705358e-01
2.226000000000000156e+01,2.501581609249114990e-02,6.016877889633178572e-02,0.000000000000000000e+00,1.000000000000000000e+00,2.248595509554640048e-01
2.228000000000000114e+01,2.501704692840576311e-02,6.015217781066894281e-02,0.000000000000000000e+00,1.000000000000000000e+00,2.263270328766742723e-01
2.230000000000000071e+01,2.501714527606964389e-02,6.015069007873535128e-02,0.000000000000000000e+00,1.000000000000000000e+00,2.254944447129936802e-01
2.232000000000000028e+01,2.501659095287322998e-02,6.016360759735107228e-02,0.000000000000000000e+00,1.000000000000000000e+00,2.231937625439445738e-01
2.233999999999999986e+01,2.501628100872040072e-02,6.018240451812743863e-02,0.000000000000000000e+00,1.000000000000000000e+00,2.205769599198951492e-01
2.235999999999999943e+01,2.501628100872040072e-02,6.018091678619384710e-02,0.000000000000000000e+00,1.000000000000000000e+00,2.186640405202886495e-01
2.237999999999999901e+01,2.501628994941711495e-02,6.017839193344116239e-02,0.000000000000000000e+00,1.000000000000000000e+00,2.180674481968581102e-01
2.240000000000000213e+01,2.501662373542785922e-02,6.016535282135009738e-02,0.000000000000000000e+00,1.000000000000000000e+00,2.189470615308219126e-01
2.242000000000000171e+01,2.501784861087799280e-02,6.014660596847534041e-02,0.000000000000000000e+00,1.000000000000000000e+00,2.209462116543679522e-01
2.244000000000000128e+01,2.501620650291443149e-02,6.015998125076293945e-02,0.000000000000000000e+00,1.000000000000000000e+00,2.230970219483107142e-01
2.246000000000000085e+01,2.501557469367981026e-02,6.016304254531860268e-02,0.000000000000000000e+00,1.000000000000000000e+00,2.242150969858166532e-01
2.248000000000000043e+01,2.501600682735443185e-02,6.016179084777831948e-02,0.000000000000000000e+00,1.000000000000000000e+00,2.238233439825026982e-01
2.250000000000000000e+01,2.501339912414550851e-02,6.016556739807128740e-02,0.000000000000000000e+00,1.000000000000000000e+00,2.224217565497923488e-01
2.251999999999999957e+01,2.501214444637298723e-02,6.016553878784179632e-02,0.000000000000000000e+00,1.000000000000000000e+00,2.208108079033412052e-01
2.253999999999999915e+01,2.501278221607208460e-02,6.016814231872558150e-02,0.000000000000000000e+00,1.000000000000000000e+00,2.195082326718801602e-01
2.255999999999999872e+01,2.501136064529418945e-02,6.017152547836303322e-02,0.000000000000000000e+00,1.000000000000000000e+00,2.186435945574538020e-01
2.258000000000000185e+01,2.501146495342254639e-02,6.017154693603515153e-02,0.000000000000000000e+00,1.000000000000000000e+00,2.181146353087371204e-01
2.260000000000000142e+01,2.501032352447509974e-02,6.016964435577392550e-02,0.000000000000000000e+00,1.000000000000000000e+00,2.178324084793198667e-01
2.262000000000000099e+01,2.501190602779388567e-02,6.017525196075439176e-02,0.000000000000000000e+00,1.000000000000000000e+00,2.178392752429321177e-01
2.264000000000000057e+01,2.501037418842315743e-02,6.016363620758056335e-02,0.000000000000000000e+00,1.000000000000000000e+00,2.181740902359191880e-01
2.266000000000000014e+01,2.501048743724823206e-02,6.016997337341308677e-02,0.000000000000000000e+00,1.000000000000000000e+00,2.186362676700223662e-01
2.267999999999999972e+01,2.500992119312286585e-02,6.017547369003295454e-02,0.000000000000000000e+00,1.000000000000000000e+00,2.187029818437978002e-01
2.269999999999999929e+01,2.501238584518432687e-02,6.016723394393920510e-02,0.000000000000000000e+00,1.000000000000000000e+00,2.178394419994210685e-01
2.271999999999999886e+01,2.500576376914978236e-02,6.017327070236205833e-02,0.000000000000000000e+00,1.000000000000000000e+00,2.160602617345538656e-01
2.274000000000000199e+01,2.500823438167572299e-02,6.017540216445922685e-02,0.000000000000000000e+00,1.000000000000000000e+00,2.140413645658829078e-01
2.276000000000000156e+01,2.500768899917602678e-02,6.017390727996826255e-02,0.000000000000000000e+00,1.000000000000000000e+00,2.126419312570377862e-01
2.278000000000000114e+01,2.500872910022735804e-02,6.017950057983398326e-02,0.000000000000000000e+00,1.000000000000000000e+00,2.124786969848574680e-01
2.280000000000000071e+01,2.500934898853302002e-02,6.018589496612548884e-02,0.000000000000000000e+00,1.000000000000000000e+00,2.137756251830202348e-01
2.282000000000000028e+01,2.501009702682495395e-02,6.020414829254150391e-02,0.000000000000000000e+00,1.000000000000000000e+00,2.162968374660687587e-01
2.283999999999999986e+01,2.501015365123748779e-02,6.021896839141845786e-02,0.000000000000000000e+00,1.000000000000000000e+00,2.193494299579151485e-01
2.285999999999999943e+01,2.501034438610076974e-02,6.020834684371947909e-02,0.000000000000000000e+00,1.000000000000000000e+00,2.219523864327389850e-01
2.287999999999999901e+01,2.500951290130615234e-02,6.024259328842163086e-02,0.000000000000000000e+00,1.000000000000000000e+00,2.231109744587220223e-01
2.290000000000000213e+01,2.500948607921600619e-02,6.024428844451903964e-02,0.000000000000000000e+00,1.000000000000000000e+00,2.221248822282494151e-01
2.292000000000000171e+01,2.500948011875152657e-02,6.024285078048705749e-02,0.000000000000000000e+00,1.000000000000000000e+00,2.189687718697483354e-01
2.294000000000000128e+01,2.500941157341003696e-02,6.023992538452148382e-02,0.000000000000000000e+00,1.000000000000000000e+00,2.145152373797349910e-01
2.296000000000000085e+01,2.500934898853302002e-02,6.023792266845703208e-02,0.000000000000000000e+00,1.000000000000000000e+00,2.101426176633806597e-01
2.298000000000000043e+01,2.500815987586975375e-02,6.019139528274535661e-02,0.000000000000000000e+00,1.000000000000000000e+00,2.069941297322202556e-01
2.300000000000000000e+01,2.500814795494079798e-02,6.018905639648437084e-02,0.000000000000000000e+00,1.000000000000000000e+00,2.056707873385096585e-01
2.301999999999999957e+01,2.500811815261841028e-02,6.019026517868041742e-02,0.000000000000000000e+00,1.000000000000000000e+00,2.112489856603501082e-01
2.303999999999999915e+01,2.500714063644409249e-02,6.020502805709838923e-02,0.000000000000000000e+00,1.000000000000000000e+00,2.162922601755344620e-01
2.305999999999999872e+01,2.501016855239868164e-02,6.017879247665405135e-02,0.000000000000000000e+00,1.000000000000000000e+00,2.201208619600515393e-01
2.308000000000000185e+01,2.501354515552520891e-02,6.015960216522216880e-02,0.000000000000000000e+00,1.000000000000000000e+00,2.223585580562643660e-01
2.310000000000000142e+01,2.501096427440643519e-02,6.016986608505248829e-02,0.000000000000000000e+00,1.000000000000000000e+00,2.234624132190032586e-01
2.312000000000000099e+01,2.500872313976287842e-02,6.017645359039306557e-02,0.000000000000000000e+00,1.000000000000000000e+00,2.237871831434940229e-01
2.314000000000000057e+01,2.500742673873901367e-02,6.017986536026000838e-02,0.000000000000000000e+00,1.000000000000000000e+00,2.238172575400079467e-01
2.316000000000000014e+01,2.500756680965423792e-02,6.017789840698242049e-02,0.000000000000000000e+00,1.000000000000000000e+00,2.238171231248259063e-01
2.317999999999999972e+01,2.500734031200409213e-02,6.017725467681884349e-02,0.000000000000000000e+00,1.000000000000000000e+00,2.238782126857664923e-01
2.319999999999999929e+01,2.500599026679992815e-02,6.017344236373901173e-02,0.000000000000000000e+00,1.000000000000000000e+00,2.241257588304953752e-01
2.321999999999999886e+01,2.500796616077423373e-02,6.018120288848876481e-02,0.000000000000000000e+00,1.000000000000000000e+00,2.248038676518392953e-01
2.324000000000000199e+01,2.500796020030975411e-02,6.018116712570190097e-02,0.000000000000000000e+00,1.000000000000000000e+00,2.261366063500625800e-01
2.326000000000000156e+01,2.500787675380707065e-02,6.018020153045654241e-02,0.000000000000000000e+00,1.000000000000000000e+00,2.281132970980389862e-01
2.328000000000000114e+01,2.500759363174438754e-02,6.016144037246703991e-02,0.000000000000000000e+00,1.000000000000000000e+00,2.303578149948108944e-01
2.330000000000000071e+01,2.500687241554260323e-02,6.017422914505004411e-02,0.000000000000000000e+00,1.000000000000000000e+00,2.322089695103427831e-01
2.332000000000000028e+01,2.500172853469848772e-02,6.021080017089843611e-02,0.000000000000000000e+00,1.000000000000000000e+00,2.331100979408778362e-01
2.333999999999999986e+01,2.500102818012237688e-02,6.021341800689697377e-02,0.000000000000000000e+00,1.000000000000000000e+00,2.330332210402943083e-01
2.335999999999999943e+01,2.500416338443756104e-02,6.020803213119506336e-02,0.000000000000000000e+00,1.000000000000000000e+00,2.324459459433937392e-01
2.337999999999999901e+01,2.500887811183929652e-02,6.020806074142456138e-02,0.000000000000000000e+00,1.000000000000000000e+00,2.319067831717462613e-01
2.340000000000000213e+01,2.500418126583099643e-02,6.019855499267577625e-02,0.000000000000000000e+00,1.000000000000000000e+00,2.317591628488485100e-01
2.342000000000000171e+01,2.500488460063934534e-02,6.020218849182128878e-02,0.000000000000000000e+00,1.000000000000000000e+00,2.320684107613689984e-01
2.344000000000000128e+01,2.500555217266083041e-02,6.020979881286620677e-02,0.000000000000000000e+00,1.000000000000000000e+00,2.326745825550264601e-01
2.346000000000000085e+01,2.500562965869903773e-02,6.021165847778320312e-02,0.000000000000000000e+00,1.000000000000000000e+00,2.332342728495740147e-01
2.348000000000000043e+01,2.500545084476471155e-02,6.020592927932739286e-02,0.000000000000000000e+00,1.000000000000000000e+00,2.332040216745406291e-01
2.350000000000000000e+01,2.500570714473724504e-02,6.021138668060302401e-02,0.000000000000000000e+00,1.000000000000000000e+00,2.318584772952723694e-01
2.351999999999999957e+01,2.500560879707336426e-02,6.021004199981689481e-02,0.000000000000000000e+00,1.000000000000000000e+00,2.285795547958316964e-01
2.353999999999999915e+01,2.500780820846557756e-02,6.023398876190185630e-02,0.000000000000000000e+00,1.000000000000000000e+00,2.234783689249070782e-01
2.355999999999999872e+01,2.500655055046081821e-02,6.022054195404052263e-02,0.000000000000000000e+00,1.000000000000000000e+00,2.177114670399174778e-01
2.358000000000000185e+01,2.500957250595092773e-02,6.025900125503539512e-02,0.000000000000000000e+00,1.000000000000000000e+00,2.128109025497187390e-01
2.360000000000000142e+01,2.500939965248108118e-02,6.025568246841430525e-02,0.000000000000000000e+00,1.000000000000000000e+00,2.097665092284792809e-01
2.362000000000000099e+01,2.500906586647033691e-02,6.023753643035888172e-02,0.000000000000000000e+00,1.000000000000000000e+00,2.088519221201795284e-01
2.364000000000000057e+01,2.500855028629303187e-02,6.026341438293456726e-02,0.000000000000000000e+00,1.000000000000000000e+00,2.098532323133508737e-01
2.366000000000000014e+01,2.500862479209900111e-02,6.026221990585326621e-02,0.000000000000000000e+00,1.000000000000000000e+00,2.121111469328348376e-01
2.367999999999999972e+01,2.500667572021484514e-02,6.028035879135131697e-02,0.000000000000000000e+00,1.000000000000000000e+00,2.145815332222688887e-01
2.369999999999999929e+01,2.500521838665008614e-02,6.028965711593627791e-02,0.000000000000000000e+00,1.000000000000000000e+00,2.163489014308589975e-01
2.371999999999999886e+01,2.500641345977783203e-02,6.028384923934936024e-02,0.000000000000000000e+00,1.000000000000000000e+00,2.171512004197699020e-01
2.374000000000000199e+01,2.500689327716827670e-02,6.028180360794067189e-02,0.000000000000000000e+00,1.000000000000000000e+00,2.172522296097532668e-01
2.376000000000000156e+01,2.500478327274322649e-02,6.029361248016357200e-02,0.000000000000000000e+00,1.000000000000000000e+00,2.170045018797147063e-01
2.378000000000000114e+01,2.500469088554382532e-02,6.028808355331420621e-02,0.000000000000000000e+00,1.000000000000000000e+00,2.166651173455842461e-01
2.380000000000000071e+01,2.500515282154083460e-02,6.029054403305053600e-02,0.000000000000000000e+00,1.000000000000000000e+00,2.164857429785367327e-01
2.382000000000000028e+01,2.500733137130737443e-02,6.030065059661864763e-02,0.000000000000000000e+00,1.000000000000000000e+00,2.168114515289537581e-01
2.383999999999999986e+01,2.500865161418915072e-02,6.030821084976196317e-02,0.000000000000000000e+00,1.000000000000000000e+00,2.180071951484562898e-01
2.385999999999999943e+01,2.501085102558136056e-02,6.032674312591552318e-02,0.000000000000000000e+00,1.000000000000000000e+00,2.202821413521852123e-01
2.387999999999999901e+01,2.500973939895630160e-02,6.030923366546630388e-02,0.000000000000000000e+00,1.000000000000000000e+00,2.235455516074456028e-01
2.390000000000000213e+01,2.500990927219391008e-02,6.032371044158935103e-02,0.000000000000000000e+00,1.000000000000000000e+00,2.273468589295316034e-01
2.392000000000000171e+01,2.500913441181183000e-02,6.034443855285644143e-02,0.000000000000000000e+00,1.000000000000000000e+00,2.309987033971808712e-01
2.394000000000000128e+01,2.501172721385955949e-02,6.031397581100463728e-02,0.000000000000000000e+00,1.000000000000000000e+00,2.339217101866236381e-01
2.396000000000000085e+01,2.501083612442016671e-02,6.032072782516479520e-02,0.000000000000000000e+00,1.000000000000000000e+00,2.359248164187687513e-01
2.398000000000000043e+01,2.501173019409179757e-02,6.031567096710204606e-02,0.000000000000000000e+00,1.000000000000000000e+00,2.371406128959099024e-01
2.400000000000000000e+01,2.501280009746551652e-02,6.031067848205565879e-02,0.000000000000000000e+00,1.000000000000000000e+00,2.377860777741814813e-01
2.401999999999999957e+01,2.501175701618194719e-02,6.031520605087280218e-02,0.000000000000000000e+00,1.000000000000000000e+00,2.380453204071062145e-01
2.403999999999999915e+01,2.501146793365478793e-02,6.031656503677367692e-02,0.000000000000000000e+00,1.000000000000000000e+00,2.380980038573109470e-01
2.406000000000000227e+01,2.501080930233001709e-02,6.032013416290282759e-02,0.000000000000000000e+00,1.000000000000000000e+00,2.381200822843612397e-01
2.408000000000000185e+01,2.501058876514435092e-02,6.032095670700073076e-02,0.000000000000000000e+00,1.000000000000000000e+00,2.381487686198488496e-01
2.410000000000000142e+01,2.501206099987030029e-02,6.031964063644409263e-02,0.000000000000000000e+00,1.000000000000000000e+00,2.378908901689378574e-01
2.412000000000000099e+01,2.501284182071685999e-02,6.032028436660766268e-02,0.000000000000000000e+00,1.000000000000000000e+00,2.366655880961040515e-01
2.414000000000000057e+01,2.501189708709716797e-02,6.031838893890380943e-02,0.000000000000000000e+00,1.000000000000000000e+00,2.337459809377921416e-01
2.416000000000000014e+01,2.500956952571868966e-02,6.031104326248168390e-02,0.000000000000000000e+00,1.000000000000000000e+00,2.291312586079792823e-01
2.417999999999999972e+01,2.501090466976165980e-02,6.031718730926513561e-02,0.000000000000000000e+00,1.000000000000000000e+00,2.239017918717230715e-01
2.419999999999999929e+01,2.500901222229004114e-02,6.030424118041991660e-02,0.000000000000000000e+00,1.000000000000000000e+00,2.194539179601386059e-01
2.421999999999999886e+01,2.501003444194793701e-02,6.031583547592162670e-02,0.000000000000000000e+00,1.000000000000000000e+00,2.166263699462284142e-01
2.424000000000000199e+01,2.500870823860168457e-02,6.028035879135131697e-02,0.000000000000000000e+00,1.000000000000000000e+00,2.155931826645594296e-01
2.426000000000000156e+01,2.500880956649780343e-02,6.026998043060302623e-02,0.000000000000000000e+00,1.000000000000000000e+00,2.160285166526988709e-01
2.428000000000000114e+01,2.500950992107391427e-02,6.025728464126586803e-02,0.000000000000000000e+00,1.000000000000000000e+00,2.171504427229143386e-01
2.430000000000000071e+01,2.500383257865905831e-02,6.031402587890624667e-02,0.000000000000000000e+00,1.000000000000000000e+00,2.179524578579080940e-01
2.432000000000000028e+01,2.500417232513427873e-02,6.031165122985839705e-02,0.000000000000000000e+00,1.000000000000000000e+00,2.177519640685954827e-01
2.433999999999999986e+01,2.500469982624053955e-02,6.030866861343383428e-02,0.000000000000000000e+00,1.000000000000000000e+00,2.164807948105368363e-01
2.435999999999999943e+01,2.500343918800354212e-02,6.031579256057739008e-02,0.000000000000000000e+00,1.000000000000000000e+00,2.144585681804190014e-01
2.437999999999999901e+01,2.500303089618682861e-02,6.031989097595214649e-02,0.000000000000000000e+00,1.000000000000000000e+00,2.121025765522207007e-01
2.440000000000000213e+01,2.500279247760772705e-02,6.031475543975829690e-02,0.000000000000000000e+00,1.000000000000000000e+00,2.098638785564373721e-01
2.442000000000000171e+01,2.500354945659637521e-02,6.031990528106689203e-02,0.000000000000000000e+00,1.000000000000000000e+00,2.082487808219811720e-01
2.444000000000000128e+01,2.500313520431518555e-02,6.031735181808471624e-02,0.000000000000000000e+00,1.000000000000000000e+00,2.077388928922632438e-01
2.446000000000000085e+01,2.500690519809722900e-02,6.034586906433105080e-02,0.000000000000000000e+00,1.000000000000000000e+00,2.086455415132301150e-01
2.448000000000000043e+01,2.500582039356231967e-02,6.033371686935424388e-02,0.000000000000000000e+00,1.000000000000000000e+00,2.110133882449455045e-01
2.450000000000000000e+01,2.500749230384826868e-02,6.037035226821899081e-02,0.000000000000000000e+00,1.000000000000000000e+00,2.145729009377013441e-01
2.451999999999999957e+01,2.500770688056945870e-02,6.040901899337768055e-02,0.000000000000000000e+00,1.000000000000000000e+00,2.187616296865566856e-01
2.453999999999999915e+01,2.500776052474975794e-02,6.040720224380492775e-02,0.000000000000000000e+00,1.000000000000000000e+00,2.229212530082136656e-01
2.456000000000000227e+01,2.500697672367096017e-02,6.042147159576415766e-02,0.000000000000000000e+00,1.000000000000000000e+00,2.265862156295370411e-01
2.458000000000000185e+01,2.500549852848053117e-02,6.044315814971923384e-02,0.000000000000000000e+00,1.000000000000000000e+00,2.295740761755539483e-01
2.460000000000000142e+01,2.500587105751037736e-02,6.043726444244384294e-02,0.000000000000000000e+00,1.000000000000000000e+00,2.318458361651969113e-01
2.462000000000000099e+01,2.500570416450500696e-02,6.044154882431029829e-02,0.000000000000000000e+00,1.000000000000000000e+00,2.334055028220387296e-01
2.464000000000000057e+01,2.500583827495575159e-02,6.042243719100951621e-02,0.000000000000000000e+00,1.000000000000000000e+00,2.343835346371773154e-01
2.466000000000000014e+01,2.500581443309784005e-02,6.042073488235473466e-02,0.000000000000000000e+00,1.000000000000000000e+00,2.351326876949102751e-01
2.467999999999999972e+01,2.500559687614441196e-02,6.040384769439696711e-02,0.000000000000000000e+00,1.000000000000000000e+00,2.360960604563798748e-01
2.469999999999999929e+01,2.500540316104889194e-02,6.041594982147216464e-02,0.000000000000000000e+00,1.000000000000000000e+00,2.375080832015198373e-01
2.471999999999999886e+01,2.500565946102142542e-02,6.041245222091674860e-02,0.000000000000000000e+00,1.000000000000000000e+00,2.391446220903578057e-01
2.474000000000000199e+01,2.501122653484344482e-02,6.038090229034423495e-02,0.000000000000000000e+00,1.000000000000000000e+00,2.402424821221397222e-01
2.476000000000000156e+01,2.501243054866790841e-02,6.037799119949340682e-02,0.000000000000000000e+00,1.000000000000000000e+00,2.398408797865742847e-01
2.478000000000000114e+01,2.500933408737182617e-02,6.037922859191894448e-02,0.000000000000000000e+00,1.000000000000000000e+00,2.376489373632677538e-01
2.480000000000000071e+01,2.500721812248229980e-02,6.037641763687133512e-02,0.000000000000000000e+00,1.000000000000000000e+00,2.344902341656249500e-01
2.482000000000000028e+01,2.500557303428650041e-02,6.037095308303833119e-02,0.000000000000000000e+00,1.000000000000000000e+00,2.315866642599471448e-01
2.483999999999999986e+01,2.500648200511932512e-02,6.037686824798584040e-02,0.000000000000000000e+00,1.000000000000000000e+00,2.297211241768568057e-01
2.485999999999999943e+01,2.500345706939697404e-02,6.033267974853515070e-02,0.000000000000000000e+00,1.000000000000000000e+00,2.290453893666470342e-01
2.487999999999999901e+01,2.500353157520294328e-02,6.034743547439574973e-02,0.000000000000000000e+00,1.000000000000000000e+00,2.291571949325157675e-01
2.490000000000000213e+01,2.500331401824951172e-02,6.035196304321288618e-02,0.000000000000000000e+00,1.000000000000000000e+00,2.292338012084183807e-01
2.492000000000000171e+01,2.500406205654144565e-02,6.034417390823364202e-02,0.000000000000000000e+00,1.000000000000000000e+00,2.283912487843935135e-01
2.494000000000000128e+01,2.500260472297668665e-02,6.035485267639159601e-02,0.000000000000000000e+00,1.000000000000000000e+00,2.261292601106896782e-01
2.496000000000000085e+01,2.500691711902618478e-02,6.032752990722656250e-02,0.000000000000000000e+00,1.000000000000000000e+00,2.224611185789255874e-01
2.498000000000000043e+01,2.500501871109008997e-02,6.034184217453002902e-02,0.000000000000000000e+00,1.000000000000000000e+00,2.177675126949709383e-01
2.500000000000000000e+01,2.500499486923217843e-02,6.034251451492309015e-02,0.000000000000000000e+00,1.000000000000000000e+00,2.126770177995436217e-01
2.501999999999999957e+01,2.500499486923217843e-02,6.034251451492309015e-02,4.000000000000000000e+00,1.000000000000000000e+00,2.073845794585105484e-01
2.503999999999999915e+01,2.500499486923217843e-02,6.034251451492309015e-02,6.000000000000000000e+00,1.000000000000000000e+00,2.029459330616848189e-01
2.506000000000000227e+01,2.500499486923217843e-02,6.034251451492309015e-02,7.000000000000000000e+00,1.000000000000000000e+00,1.997055143547924738e-01
2.508000000000000185e+01,2.500484287738800188e-02,6.034101247787475308e-02,0.000000000000000000e+00,1.000000000000000000e+00,1.998023206274703312e-01
2.510000000000000142e+01,2.500578463077545235e-02,6.035598278045654214e-02,0.000000000000000000e+00,1.000000000000000000e+00,2.014980318138726578e-01
2.512000000000000099e+01,2.500514090061187883e-02,6.033063411712646235e-02,0.000000000000000000e+00,1.000000000000000000e+00,2.043013127208032353e-01
2.514000000000000057e+01,2.500488162040710727e-02,6.037002325057982954e-02,0.000000000000000000e+00,1.000000000000000000e+00,2.075631751030430905e-01
2.516000000000000014e+01,2.500475943088531494e-02,6.037428617477416659e-02,0.000000000000000000e+00,1.000000000000000000e+00,2.107352193009850994e-01
2.517999999999999972e+01,2.500380575656890869e-02,6.040119409561157254e-02,0.000000000000000000e+00,1.000000000000000000e+00,2.135384460436555720e-01
2.519999999999999929e+01,2.500376105308532715e-02,6.040324687957763367e-02,0.000000000000000000e+00,1.000000000000000000e+00,2.158709363627034084e-01
2.521999999999999886e+01,2.500376105308532715e-02,6.040329694747924305e-02,0.000000000000000000e+00,1.000000000000000000e+00,2.176646146575524909e-01
2.524000000000000199e+01,2.500376701354980677e-02,6.040346145629882368e-02,0.000000000000000000e+00,1.000000000000000000e+00,2.189451831413199157e-01
2.526000000000000156e+01,2.500484585762023995e-02,6.042044878005981001e-02,0.000000000000000000e+00,1.000000000000000000e+00,2.200256391070651574e-01
2.528000000000000114e+01,2.500560879707336426e-02,6.043244361877440907e-02,0.000000000000000000e+00,1.000000000000000000e+00,2.214937838316742014e-01
2.530000000000000071e+01,2.500459551811218262e-02,6.040982723236083818e-02,0.000000000000000000e+00,1.000000000000000000e+00,2.239044358867842976e-01
2.532000000000000028e+01,2.500441074371338029e-02,6.039359807968139315e-02,0.000000000000000000e+00,1.000000000000000000e+00,2.274835150103592940e-01
2.533999999999999986e+01,2.500409781932830949e-02,6.040288209915160855e-02,0.000000000000000000e+00,1.000000000000000000e+00,2.319449409598602629e-01
2.535999999999999943e+01,2.500651180744171281e-02,6.037696838378905917e-02,0.000000000000000000e+00,1.000000000000000000e+00,2.363555361487839346e-01
2.537999999999999901e+01,2.500519156455993652e-02,6.038438558578491239e-02,0.000000000000000000e+00,1.000000000000000000e+00,2.394224115072074444e-01
2.540000000000000213e+01,2.500760853290558139e-02,6.037710428237914873e-02,0.000000000000000000e+00,1.000000000000000000e+00,2.404690205628206290e-01
2.542000000000000171e+01,2.500375509262085100e-02,6.038161754608153964e-02,0.000000000000000000e+00,1.000000000000000000e+00,2.400146930130682144e-01
2.544000000000000128e+01,2.500178813934326311e-02,6.038052320480346430e-02,0.000000000000000000e+00,1.000000000000000000e+00,2.391233803653299572e-01
2.546000000000000085e+01,2.500008642673492640e-02,6.037582397460937444e-02,0.000000000000000000e+00,1.000000000000000000e+00,2.385520061311941220e-01
2.548000000000000043e+01,2.500025033950805872e-02,6.037698984146117748e-02,0.000000000000000000e+00,1.000000000000000000e+00,2.384779808100984944e-01
2.550000000000000000e+01,2.499974817037582675e-02,6.036140441894530945e-02,0.000000000000000000e+00,1.000000000000000000e+00,2.385739236856851408e-01
2.551999999999999957e+01,2.499966323375701904e-02,6.036337137222289734e-02,0.000000000000000000e+00,1.000000000000000000e+00,2.382042414924126494e-01
2.553999999999999915e+01,2.500146627426147461e-02,6.034589052200316911e-02,0.000000000000000000e+00,1.000000000000000000e+00,2.366969104780954902e-01
2.556000000000000227e+01,2.500013113021850794e-02,6.035511732101440235e-02,0.000000000000000000e+00,1.000000000000000000e+00,2.335748322812565003e-01
2.558000000000000185e+01,2.500053942203521798e-02,6.035232067108153853e-02,0.000000000000000000e+00,1.000000000000000000e+00,2.286921432461255232e-01
2.560000000000000142e+01,2.500040233135223527e-02,6.035428047180175365e-02,0.000000000000000000e+00,1.000000000000000000e+00,2.223722315702594821e-01
2.562000000000000099e+01,2.499988526105880945e-02,6.034547567367553461e-02,0.000000000000000000e+00,1.000000000000000000e+00,2.154841326885944819e-01
2.564000000000000057e+01,2.499903589487076014e-02,6.033942461013793584e-02,0.000000000000000000e+00,1.000000000000000000e+00,2.091867346621804347e-01
2.566000000000000014e+01,2.499784678220749040e-02,6.033137083053588534e-02,0.000000000000000000e+00,1.000000000000000000e+00,2.044107028883197230e-01
2.567999999999999972e+01,2.499846518039703508e-02,6.033666372299194280e-02,0.000000000000000000e+00,1.000000000000000000e+00,2.015561125548573362e-01
2.569999999999999929e+01,2.499834746122360507e-02,6.033506870269775280e-02,0.000000000000000000e+00,1.000000000000000000e+00,2.005537346613799898e-01
2.571999999999999886e+01,2.499873489141464511e-02,6.034771442413330161e-02,0.000000000000000000e+00,1.000000000000000000e+00,2.010120711626303680e-01
2.574000000000000199e+01,2.499866336584091395e-02,6.035709142684936301e-02,0.000000000000000000e+00,1.000000000000000000e+00,2.023252114437765481e-01
2.576000000000000156e+01,2.499943226575851440e-02,6.033541202545165960e-02,0.000000000000000000e+00,1.000000000000000000e+00,2.038715959451826709e-01
2.578000000000000114e+01,2.499884814023971627e-02,6.034860849380493247e-02,0.000000000000000000e+00,1.000000000000000000e+00,2.052530264540321780e-01
2.580000000000000071e+01,2.499899417161941667e-02,6.034253597259521540e-02,0.000000000000000000e+00,1.000000000000000000e+00,2.063100970325558725e-01
2.582000000000000028e+01,2.499865889549255510e-02,6.032931089401245145e-02,0.000000000000000000e+00,1.000000000000000000e+00,2.069564150952401538e-01
2.583999999999999986e+01,2.499775886535644809e-02,6.031816005706786693e-02,0.000000000000000000e+00,1.000000000000000000e+00,2.071472078572387521e-01
2.585999999999999943e+01,2.499449700117111275e-02,6.028945684432983343e-02,0.000000000000000000e+00,1.000000000000000000e+00,2.070889373047360982e-01
2.587999999999999901e+01,2.499793767929077426e-02,6.031898260116577010e-02,0.000000000000000000e+00,1.000000000000000000e+00,2.073854127521934099e-01
2.590000000000000213e+01,2.499511837959289551e-02,6.029006481170653964e-02,0.000000000000000000e+00,1.000000000000000000e+00,2.087978794262916604e-01
2.592000000000000171e+01,2.499175518751144479e-02,6.023922443389892467e-02,0.000000000000000000e+00,1.000000000000000000e+00,2.118820074653731955e-01
2.594000000000000128e+01,2.499244809150695870e-02,6.026365041732787559e-02,0.000000000000000000e+00,1.000000000000000000e+00,2.168396281566482842e-01
2.596000000000000085e+01,2.499251067638397217e-02,6.025895118713378573e-02,0.000000000000000000e+00,1.000000000000000000e+00,2.233760627290243272e-01
2.598000000000000043e+01,2.499238550662994524e-02,6.026106834411620872e-02,0.000000000000000000e+00,1.000000000000000000e+00,2.304417985940255542e-01
2.600000000000000000e+01,2.499089837074279855e-02,6.027445077896118053e-02,0.000000000000000000e+00,1.000000000000000000e+00,2.364367243709840360e-01
2.601999999999999957e+01,2.499396055936813424e-02,6.025701284408568892e-02,0.000000000000000000e+00,1.000000000000000000e+00,2.402431056137993570e-01
2.603999999999999915e+01,2.499165982007980555e-02,6.026564598083496149e-02,0.000000000000000000e+00,1.000000000000000000e+00,2.419559170802842996e-01
2.606000000000000227e+01,2.499286532402038644e-02,6.026284217834472490e-02,0.000000000000000000e+00,1.000000000000000000e+00,2.424215857471303248e-01
2.608000000000000185e+01,2.499419301748275965e-02,6.026147603988647045e-02,0.000000000000000000e+00,1.000000000000000000e+00,2.424451571200420819e-01
2.610000000000000142e+01,2.499200999736786097e-02,6.026018142700195063e-02,0.000000000000000000e+00,1.000000000000000000e+00,2.424507162214960820e-01
2.612000000000000099e+01,2.499159723520279208e-02,6.025815725326538058e-02,0.000000000000000000e+00,1.000000000000000000e+00,2.424961548132934519e-01
2.614000000000000057e+01,2.499164491891861170e-02,6.025747776031493974e-02,0.000000000000000000e+00,1.000000000000000000e+00,2.423654611047929008e-01
2.616000000000000014e+01,2.499093115329742432e-02,6.026017427444457786e-02,0.000000000000000000e+00,1.000000000000000000e+00,2.416187413379247140e-01
2.617999999999999972e+01,2.499095201492309778e-02,6.026012420654296847e-02,0.000000000000000000e+00,1.000000000000000000e+00,2.396432422717835742e-01
2.619999999999999929e+01,2.499093115329742432e-02,6.026026725769043080e-02,0.000000000000000000e+00,1.000000000000000000e+00,2.358787236440784418e-01
2.621999999999999886e+01,2.499013990163803309e-02,6.025870084762573187e-02,0.000000000000000000e+00,1.000000000000000000e+00,2.302993304375174077e-01
2.624000000000000199e+01,2.499239444732666293e-02,6.026384353637695424e-02,0.000000000000000000e+00,1.000000000000000000e+00,2.237456496198513556e-01
2.626000000000000156e+01,2.499272823333740373e-02,6.026495218276977511e-02,0.000000000000000000e+00,1.000000000000000000e+00,2.175280337685150944e-01
2.628000000000000114e+01,2.499372661113739152e-02,6.027008056640624500e-02,0.000000000000000000e+00,1.000000000000000000e+00,2.126437197538655621e-01
2.630000000000000071e+01,2.499507069587707589e-02,6.028217554092406977e-02,0.000000000000000000e+00,1.000000000000000000e+00,2.094441234680510244e-01
2.632000000000000028e+01,2.499529570341110438e-02,6.028781175613403404e-02,0.000000000000000000e+00,1.000000000000000000e+00,2.077789689858740019e-01
2.633999999999999986e+01,2.499544769525528093e-02,6.028155326843261802e-02,0.000000000000000000e+00,1.000000000000000000e+00,2.072015034193827321e-01
2.635999999999999943e+01,2.499608248472214023e-02,6.027387857437133817e-02,0.000000000000000000e+00,1.000000000000000000e+00,2.071487107242360182e-01
2.637999999999999901e+01,2.499455809593200892e-02,6.028588056564330999e-02,0.000000000000000000e+00,1.000000000000000000e+00,2.071651866217345261e-01
2.640000000000000213e+01,2.499567866325378557e-02,6.027698278427123801e-02,0.000000000000000000e+00,1.000000000000000000e+00,2.070090774514371512e-01
2.642000000000000171e+01,2.499551475048065324e-02,6.028298377990722740e-02,0.000000000000000000e+00,1.000000000000000000e+00,2.065273007645744840e-01
2.644000000000000128e+01,2.499708384275436610e-02,6.029473543167113841e-02,0.000000000000000000e+00,1.000000000000000000e+00,2.055405634522413372e-01
2.646000000000000085e+01,2.499640136957168718e-02,6.029163837432861134e-02,0.000000000000000000e+00,1.000000000000000000e+00,2.040038611834985582e-01
2.648000000000000043e+01,2.499553114175796786e-02,6.028766870498657171e-02,0.000000000000000000e+00,1.000000000000000000e+00,2.023320344692108863e-01
2.650000000000000000e+01,2.499793022871017734e-02,6.030090808868408120e-02,0.000000000000000000e+00,1.000000000000000000e+00,2.013869277657310830e-01
2.651999999999999957e+01,2.499988377094268868e-02,6.031542778015136497e-02,0.000000000000000000e+00,1.000000000000000000e+00,2.020164675855470326e-01
2.653999999999999915e+01,2.500056624412536760e-02,6.032317399978637251e-02,0.000000000000000000e+00,1.000000000000000000e+00,2.047305093831627842e-01
2.656000000000000227e+01,2.500452995300293108e-02,6.041232347488403182e-02,0.000000000000000000e+00,1.000000000000000000e+00,2.096736335095774340e-01
2.658000000000000185e+01,2.500448524951934953e-02,6.039893388748168723e-02,0.000000000000000000e+00,1.000000000000000000e+00,2.164917391016603354e-01
2.660000000000000142e+01,2.500295639038085938e-02,6.044142723083496122e-02,0.000000000000000000e+00,1.000000000000000000e+00,2.240739383102474114e-01
2.662000000000000099e+01,2.499734014272689958e-02,6.051775932312011830e-02,0.000000000000000000e+00,1.000000000000000000e+00,2.307731778109802789e-01
2.664000000000000057e+01,2.499668002128601144e-02,6.052381038665771013e-02,0.000000000000000000e+00,1.000000000000000000e+00,2.353106425430666893e-01
2.666000000000000014e+01,2.499849051237106393e-02,6.051086425781249806e-02,0.000000000000000000e+00,1.000000000000000000e+00,2.374368445385873772e-01
2.667999999999999972e+01,2.499270290136337488e-02,6.054734945297240989e-02,0.000000000000000000e+00,1.000000000000000000e+00,2.377276856043804287e-01
2.669999999999999929e+01,2.499309480190277377e-02,6.054477453231811579e-02,0.000000000000000000e+00,1.000000000000000000e+00,2.370487700231423966e-01
2.671999999999999886e+01,2.499169260263443132e-02,6.055749893188476507e-02,0.000000000000000000e+00,1.000000000000000000e+00,2.362056787348301989e-01
2.674000000000000199e+01,2.499216198921203752e-02,6.054739952087401927e-02,0.000000000000000000e+00,1.000000000000000000e+00,2.357689778089507304e-01
2.676000000000000156e+01,2.499215751886367867e-02,6.055049657821655329e-02,0.000000000000000000e+00,1.000000000000000000e+00,2.359541979605770667e-01
2.678000000000000114e+01,2.499216943979263444e-02,6.053439617156982505e-02,0.000000000000000000e+00,1.000000000000000000e+00,2.365325187469901613e-01
2.680000000000000071e+01,2.499263137578964372e-02,6.052356004714965626e-02,0.000000000000000000e+00,1.000000000000000000e+00,2.368087667711643307e-01
2.682000000000000028e+01,2.499373108148575037e-02,6.051491975784301786e-02,0.000000000000000000e+00,1.000000000000000000e+00,2.358390061993656805e-01
2.683999999999999986e+01,2.499388456344604770e-02,6.051439046859741211e-02,0.000000000000000000e+00,1.000000000000000000e+00,2.330762556262917784e-01
2.685999999999999943e+01,2.499256134033203333e-02,6.051589965820312195e-02,0.000000000000000000e+00,1.000000000000000000e+00,2.289718135245865094e-01
2.687999999999999901e+01,2.499053329229354928e-02,6.051462650299072044e-02,0.000000000000000000e+00,1.000000000000000000e+00,2.246560793880555962e-01
2.690000000000000213e+01,2.499104589223861972e-02,6.051605701446532981e-02,0.000000000000000000e+00,1.000000000000000000e+00,2.210706589167875380e-01
2.692000000000000171e+01,2.499220371246338099e-02,6.052551984786987138e-02,0.000000000000000000e+00,1.000000000000000000e+00,2.185739104021292567e-01
2.694000000000000128e+01,2.499170601367950439e-02,6.054550409317016602e-02,0.000000000000000000e+00,1.000000000000000000e+00,2.170556659938242261e-01
2.696000000000000085e+01,2.499199807643890520e-02,6.054391622543334878e-02,0.000000000000000000e+00,1.000000000000000000e+00,2.161713195725682157e-01
2.698000000000000043e+01,2.499157488346100131e-02,6.054477453231811579e-02,0.000000000000000000e+00,1.000000000000000000e+00,2.155774828223632478e-01
2.700000000000000000e+01,2.499081343412399431e-02,6.054491758346557118e-02,0.000000000000000000e+00,1.000000000000000000e+00,2.150778597887508525e-01
2.701999999999999957e+01,2.499177306890487671e-02,6.054676294326782199e-02,0.000000000000000000e+00,1.000000000000000000e+00,2.151178971932005968e-01
2.703999999999999915e+01,2.499188631772995134e-02,6.054920196533202653e-02,0.000000000000000000e+00,1.000000000000000000e+00,2.151981538608346844e-01
2.706000000000000227e+01,2.499024420976639002e-02,6.055271387100219505e-02,0.000000000000000000e+00,1.000000000000000000e+00,2.152340201652791218e-01
2.708000000000000185e+01,2.498690336942673007e-02,6.055157661437988309e-02,0.000000000000000000e+00,1.000000000000000000e+00,2.130623165746527159e-01
2.710000000000000142e+01,2.498192936182022303e-02,6.054270744323730219e-02,0.000000000000000000e+00,1.000000000000000000e+00,2.105215856651724837e-01
2.712000000000000099e+01,2.498142868280410836e-02,6.054108381271362110e-02,0.000000000000000000e+00,1.000000000000000000e+00,2.085417857157066956e-01
2.714000000000000057e+01,2.498342841863632202e-02,6.055145502090453907e-02,0.000000000000000000e+00,1.000000000000000000e+00,2.080162145733594758e-01
2.716000000000000014e+01,2.498538047075271606e-02,6.056784152984619196e-02,0.000000000000000000e+00,1.000000000000000000e+00,2.094658392538965297e-01
2.717999999999999972e+01,2.498529106378555298e-02,6.056643962860107366e-02,0.000000000000000000e+00,1.000000000000000000e+00,2.129957560845141262e-01
2.719999999999999929e+01,2.498491704463958948e-02,6.054784297943115179e-02,0.000000000000000000e+00,1.000000000000000000e+00,2.181992887822486737e-01
2.721999999999999886e+01,2.498425394296646326e-02,6.058906316757201732e-02,0.000000000000000000e+00,1.000000000000000000e+00,2.240513518541636939e-01
2.724000000000000199e+01,2.498437315225601404e-02,6.058640956878661582e-02,0.000000000000000000e+00,1.000000000000000000e+00,2.291537846860751126e-01
2.726000000000000156e+01,2.498546242713928223e-02,6.056955099105834628e-02,0.000000000000000000e+00,1.000000000000000000e+00,2.323298985926852134e-01
2.728000000000000114e+01,2.498835474252700944e-02,6.052926778793334822e-02,0.000000000000000000e+00,1.000000000000000000e+00,2.330930815903756170e-01
2.730000000000000071e+01,2.498823106288909981e-02,6.053122043609619057e-02,0.000000000000000000e+00,1.000000000000000000e+00,2.317485676519814575e-01
2.732000000000000028e+01,2.498813122510910173e-02,6.053366661071776789e-02,0.000000000000000000e+00,1.000000000000000000e+00,2.292349694760704437e-01
2.733999999999999986e+01,2.498807758092880249e-02,6.053740739822387196e-02,0.000000000000000000e+00,1.000000000000000000e+00,2.267510800689968298e-01
2.735999999999999943e+01,2.498804479837417672e-02,6.051238059997558066e-02,0.000000000000000000e+00,1.000000000000000000e+00,2.252762986243631860e-01
2.737999999999999901e+01,2.498800456523895402e-02,6.054014682769775363e-02,0.000000000000000000e+00,1.000000000000000000e+00,2.252774829358478170e-01
2.740000000000000213e+01,2.498836368322372714e-02,6.052481889724731223e-02,0.000000000000000000e+00,1.000000000000000000e+00,2.266698397381409769e-01
2.742000000000000171e+01,2.498725056648254395e-02,6.054248571395873940e-02,0.000000000000000000e+00,1.000000000000000000e+00,2.288244697846152365e-01
2.744000000000000128e+01,2.498712688684463779e-02,6.054350137710570734e-02,0.000000000000000000e+00,1.000000000000000000e+00,2.306658082229467444e-01
2.746000000000000085e+01,2.498971372842788766e-02,6.053099155426025502e-02,0.000000000000000000e+00,1.000000000000000000e+00,2.312270160237046290e-01
2.748000000000000043e+01,2.498925477266311646e-02,6.053228616714477484e-02,0.000000000000000000e+00,1.000000000000000000e+00,2.303925449629613542e-01
2.750000000000000000e+01,2.498943954706192225e-02,6.053204298019408680e-02,0.000000000000000000e+00,1.000000000000000000e+00,2.288415438024321846e-01
2.751999999999999957e+01,2.498828619718551636e-02,6.053184986114501509e-02,0.000000000000000000e+00,1.000000000000000000e+00,2.273208483643805733e-01
2.753999999999999915e+01,2.498767673969268938e-02,6.052924633026122991e-02,0.000000000000000000e+00,1.000000000000000000e+00,2.261969902471732685e-01
2.756000000000000227e+01,2.498677074909210274e-02,6.053132057189940934e-02,0.000000000000000000e+00,1.000000000000000000e+00,2.254783191534795728e-01
2.758000000000000185e+01,2.498706877231597970e-02,6.053142070770263505e-02,0.000000000000000000e+00,1.000000000000000000e+00,2.250437491690458758e-01
2.760000000000000142e+01,2.498649954795837541e-02,6.053037643432616910e-02,0.000000000000000000e+00,1.000000000000000000e+00,2.248579553533008035e-01
2.762000000000000099e+01,2.498707920312881470e-02,6.053253650665282870e-02,0.000000000000000000e+00,1.000000000000000000e+00,2.249810582228812805e-01
2.764000000000000057e+01,2.498700767755508700e-02,6.053197860717773188e-02,0.000000000000000000e+00,1.000000000000000000e+00,2.253759525009022269e-01
2.766000000000000014e+01,2.498695254325866699e-02,6.052916049957274974e-02,0.000000000000000000e+00,1.000000000000000000e+00,2.257260727120611599e-01
2.767999999999999972e+01,2.498759776353836129e-02,6.052277326583862388e-02,0.000000000000000000e+00,1.000000000000000000e+00,2.254814133537974274e-01
2.769999999999999929e+01,2.498578876256942957e-02,6.052869558334350586e-02,0.000000000000000000e+00,1.000000000000000000e+00,2.242576472643682817e-01
2.771999999999999886e+01,2.498476058244705408e-02,6.052950382232665655e-02,0.000000000000000000e+00,1.000000000000000000e+00,2.223016086156554272e-01
2.774000000000000199e+01,2.498633116483688424e-02,6.053110599517821933e-02,0.000000000000000000e+00,1.000000000000000000e+00,2.204128707290210487e-01
2.776000000000000156e+01,2.498583644628524919e-02,6.052966117858886441e-02,0.000000000000000000e+00,1.000000000000000000e+00,2.194052754747873868e-01
2.778000000000000114e+01,2.498609572649002075e-02,6.053109884262084656e-02,0.000000000000000000e+00,1.000000000000000000e+00,2.197402746839041687e-01
2.780000000000000071e+01,2.498511523008346835e-02,6.052084207534789984e-02,0.000000000000000000e+00,1.000000000000000000e+00,2.214523287663944517e-01
2.782000000000000028e+01,2.498533129692077914e-02,6.052604913711547713e-02,0.000000000000000000e+00,1.000000000000000000e+00,2.241533080745805318e-01
2.783999999999999986e+01,2.498528510332107683e-02,6.051720857620238730e-02,0.000000000000000000e+00,1.000000000000000000e+00,2.270869283042397380e-01
2.785999999999999943e+01,2.498608231544494768e-02,6.046830654144286915e-02,0.000000000000000000e+00,1.000000000000000000e+00,2.292959922179620136e-01
2.787999999999999901e+01,2.498658448457717965e-02,6.044596195220947044e-02,0.000000000000000000e+00,1.000000000000000000e+00,2.298663513744609865e-01
2.790000000000000213e+01,2.498644888401031772e-02,6.045606851577758900e-02,0.000000000000000000e+00,1.000000000000000000e+00,2.282336035331435642e-01
2.792000000000000171e+01,2.498675584793090890e-02,6.051101446151733315e-02,0.000000000000000000e+00,1.000000000000000000e+00,2.245688872934153979e-01
2.794000000000000128e+01,2.498635500669479578e-02,6.049448490142821794e-02,0.000000000000000000e+00,1.000000000000000000e+00,2.199408648791313370e-01
2.796000000000000085e+01,2.498491406440735141e-02,6.045046091079711581e-02,0.000000000000000000e+00,1.000000000000000000e+00,2.158260818306003970e-01
2.798000000000000043e+01,2.498530596494674683e-02,6.046517372131347129e-02,0.000000000000000000e+00,1.000000000000000000e+00,2.133255244698885056e-01
2.800000000000000000e+01,2.498568743467331071e-02,6.052089214324950922e-02,0.000000000000000000e+00,1.000000000000000000e+00,2.128627496185035717e-01
2.801999999999999957e+01,2.498613893985748499e-02,6.050207376480102456e-02,0.000000000000000000e+00,1.000000000000000000e+00,2.143185415811911521e-01
2.803999999999999915e+01,2.498655617237091273e-02,6.049555063247680220e-02,0.000000000000000000e+00,1.000000000000000000e+00,2.170918002678373926e-01
2.806000000000000227e+01,2.498718351125717163e-02,6.049003601074218195e-02,0.000000000000000000e+00,1.000000000000000000e+00,2.201208619600519001e-01
2.808000000000000185e+01,2.498372942209244052e-02,6.050971269607544056e-02,0.000000000000000000e+00,1.000000000000000000e+00,2.223585580562640607e-01
2.810000000000000142e+01,2.498882710933685372e-02,6.048964262008666576e-02,0.000000000000000000e+00,1.000000000000000000e+00,2.234624132190030366e-01
2.812000000000000099e+01,2.498692870140075892e-02,6.049510002136230385e-02,0.000000000000000000e+00,1.000000000000000000e+00,2.237871831434940506e-01
2.814000000000000057e+01,2.498672604560852120e-02,6.049562215805053683e-02,0.000000000000000000e+00,1.000000000000000000e+00,2.238172575400078079e-01
2.816000000000000014e+01,2.498671114444732735e-02,6.049582958221435408e-02,0.000000000000000000e+00,1.000000000000000000e+00,2.238171231248257953e-01
2.817999999999999972e+01,2.498666942119598389e-02,6.049570083618163729e-02,0.000000000000000000e+00,1.000000000000000000e+00,2.238782126857662980e-01
2.819999999999999929e+01,2.498815655708313058e-02,6.050014257431030051e-02,0.000000000000000000e+00,1.000000000000000000e+00,2.241257588304954584e-01
2.821999999999999886e+01,2.499061971902847429e-02,6.051022768020629383e-02,0.000000000000000000e+00,1.000000000000000000e+00,2.248038676518389900e-01
2.824000000000000199e+01,2.498798519372940133e-02,6.049364805221557617e-02,0.000000000000000000e+00,1.000000000000000000e+00,2.261366063500621082e-01
2.826000000000000156e+01,2.498767673969268938e-02,6.049001455307006364e-02,0.000000000000000000e+00,1.000000000000000000e+00,2.281132970980385699e-01
2.828000000000000114e+01,2.498790174722671786e-02,6.050391197204589566e-02,0.000000000000000000e+00,1.000000000000000000e+00,2.303578149948110609e-01
2.830000000000000071e+01,2.498907595872879028e-02,6.048232555389403825e-02,0.000000000000000000e+00,1.000000000000000000e+00,2.322089695103427276e-01
2.832000000000000028e+01,2.498723715543747087e-02,6.049550771713256558e-02,0.000000000000000000e+00,1.000000000000000000e+00,2.331100979408773644e-01
2.833999999999999986e+01,2.498491853475570679e-02,6.050404071807861245e-02,0.000000000000000000e+00,1.000000000000000000e+00,2.330332210402937532e-01
2.835999999999999943e+01,2.498485893011093140e-02,6.050414085388183122e-02,0.000000000000000000e+00,1.000000000000000000e+00,2.324459459433937669e-01
2.837999999999999901e+01,2.498873025178909371e-02,6.050464153289794589e-02,0.000000000000000000e+00,1.000000000000000000e+00,2.319067831717460948e-01
2.840000000000000213e+01,2.499057799577713082e-02,6.050864696502685630e-02,0.000000000000000000e+00,1.000000000000000000e+00,2.317591628488482325e-01
2.842000000000000171e+01,2.499108016490936279e-02,6.051132202148437611e-02,0.000000000000000000e+00,1.000000000000000000e+00,2.320684107613681935e-01
2.844000000000000128e+01,2.499053180217743197e-02,6.050500631332397100e-02,0.000000000000000000e+00,1.000000000000000000e+00,2.326745825550260161e-01
2.846000000000000085e+01,2.499043196439743042e-02,6.050261735916137584e-02,0.000000000000000000e+00,1.000000000000000000e+00,2.332342728495742090e-01
2.848000000000000043e+01,2.499036192893982003e-02,6.050040721893309992e-02,0.000000000000000000e+00,1.000000000000000000e+00,2.332040216745406014e-01
2.850000000000000000e+01,2.498977482318878382e-02,6.048801898956298467e-02,0.000000000000000000e+00,1.000000000000000000e+00,2.318584772952710926e-01
2.851999999999999957e+01,2.498961538076401034e-02,6.048582315444946123e-02,0.000000000000000000e+00,1.000000000000000000e+00,2.285795547958317520e-01
2.853999999999999915e+01,2.498961091041565150e-02,6.048578023910522461e-02,0.000000000000000000e+00,1.000000000000000000e+00,2.234783689249084937e-01
2.856000000000000227e+01,2.498920112848282069e-02,6.048135280609130693e-02,0.000000000000000000e+00,1.000000000000000000e+00,2.177114670399159790e-01
2.858000000000000185e+01,2.498843073844909946e-02,6.047148942947387640e-02,0.000000000000000000e+00,1.000000000000000000e+00,2.128109025497165185e-01
2.860000000000000142e+01,2.498872131109237948e-02,6.047703266143798773e-02,0.000000000000000000e+00,1.000000000000000000e+00,2.097665092284795307e-01
2.862000000000000099e+01,2.498904317617416451e-02,6.049356222152709600e-02,0.000000000000000000e+00,1.000000000000000000e+00,2.088519221201806109e-01
2.864000000000000057e+01,2.498901039361953874e-02,6.049539327621459434e-02,0.000000000000000000e+00,1.000000000000000000e+00,2.098532323133503186e-01
2.866000000000000014e+01,2.498962879180908342e-02,6.048508644104003823e-02,0.000000000000000000e+00,1.000000000000000000e+00,2.121111469328337829e-01
2.867999999999999972e+01,2.498643696308136194e-02,6.051523447036742664e-02,0.000000000000000000e+00,1.000000000000000000e+00,2.145815332222679450e-01
2.869999999999999929e+01,2.498601526021957536e-02,6.051793813705444447e-02,0.000000000000000000e+00,1.000000000000000000e+00,2.163489014308586367e-01
2.871999999999999886e+01,2.498485594987869332e-02,6.052355289459228349e-02,0.000000000000000000e+00,1.000000000000000000e+00,2.171512004197702628e-01
2.874000000000000199e+01,2.498225569725036690e-02,6.053456783294677845e-02,0.000000000000000000e+00,1.000000000000000000e+00,2.172522296097531835e-01
2.876000000000000156e+01,2.498341649770736972e-02,6.052806615829467440e-02,0.000000000000000000e+00,1.000000000000000000e+00,2.170045018797141789e-01
2.878000000000000114e+01,2.498345077037811279e-02,6.052999734878539845e-02,0.000000000000000000e+00,1.000000000000000000e+00,2.166651173455839685e-01
2.880000000000000071e+01,2.498616576194763461e-02,6.054487466812133456e-02,0.000000000000000000e+00,1.000000000000000000e+00,2.164857429785371767e-01
2.882000000000000028e+01,2.498383969068527360e-02,6.053374528884887529e-02,0.000000000000000000e+00,1.000000000000000000e+00,2.168114515289535915e-01
2.883999999999999986e+01,2.498288899660110543e-02,6.052815914154052734e-02,0.000000000000000000e+00,1.000000000000000000e+00,2.180071951484557624e-01
2.885999999999999943e+01,2.498799711465835710e-02,6.057188987731933205e-02,0.000000000000000000e+00,1.000000000000000000e+00,2.202821413521849903e-01
2.887999999999999901e+01,2.498713731765747278e-02,6.055836439132690485e-02,0.000000000000000000e+00,1.000000000000000000e+00,2.235455516074461579e-01
2.890000000000000213e+01,2.498698532581329623e-02,6.054657697677612305e-02,0.000000000000000000e+00,1.000000000000000000e+00,2.273468589295312148e-01
2.892000000000000171e+01,2.498708963394165317e-02,6.054366588592528797e-02,0.000000000000000000e+00,1.000000000000000000e+00,2.309987033971807324e-01
2.894000000000000128e+01,2.498858869075775216e-02,6.052569866180419755e-02,0.000000000000000000e+00,1.000000000000000000e+00,2.339217101866231385e-01
2.896000000000000085e+01,2.498772144317627092e-02,6.053232192993163868e-02,0.000000000000000000e+00,1.000000000000000000e+00,2.359248164187685848e-01
2.898000000000000043e+01,2.498994767665863037e-02,6.051973342895507896e-02,0.000000000000000000e+00,1.000000000000000000e+00,2.371406128959098747e-01
2.900000000000000000e+01,2.498881816864013949e-02,6.052498340606689287e-02,0.000000000000000000e+00,1.000000000000000000e+00,2.377860777741812037e-01
2.901999999999999957e+01,2.498881816864013949e-02,6.052498340606689287e-02,4.000000000000000000e+00,1.000000000000000000e+00,2.377554184996120701e-01
2.903999999999999915e+01,2.498881816864013949e-02,6.052498340606689287e-02,6.000000000000000000e+00,1.000000000000000000e+00,2.376769676339453852e-01
2.906000000000000227e+01,2.498881816864013949e-02,6.052498340606689287e-02,7.000000000000000000e+00,1.000000000000000000e+00,2.376312065963358255e-01
2.908000000000000185e+01,2.498869299888610909e-02,6.052544832229614369e-02,0.000000000000000000e+00,1.000000000000000000e+00,2.376615496071211031e-01
2.910000000000000142e+01,2.498775124549865861e-02,6.052621364593505776e-02,0.000000000000000000e+00,1.000000000000000000e+00,2.374170715044631452e-01
2.912000000000000099e+01,2.498797327280044556e-02,6.052642107009887501e-02,0.000000000000000000e+00,1.000000000000000000e+00,2.362232552501550287e-01
2.914000000000000057e+01,2.498701810836792200e-02,6.052440404891967773e-02,0.000000000000000000e+00,1.000000000000000000e+00,2.333465564400628856e-01
2.916000000000000014e+01,2.498736977577209473e-02,6.052555561065673523e-02,0.000000000000000000e+00,1.000000000000000000e+00,2.287655959222897883e-01
2.917999999999999972e+01,2.498276680707931657e-02,6.050386190414428628e-02,0.000000000000000000e+00,1.000000000000000000e+00,2.235418447080317617e-01
2.919999999999999929e+01,2.498431652784347673e-02,6.051463365554809321e-02,0.000000000000000000e+00,1.000000000000000000e+00,2.190680345173038890e-01
2.921999999999999886e+01,2.498111426830292026e-02,6.047813415527343583e-02,0.000000000000000000e+00,1.000000000000000000e+00,2.161934927330378398e-01
2.924000000000000199e+01,2.497954219579696933e-02,6.043665647506713673e-02,0.000000000000000000e+00,1.000000000000000000e+00,2.151109461613017748e-01
2.926000000000000156e+01,2.497976273298263550e-02,6.041115045547484907e-02,0.000000000000000000e+00,1.000000000000000000e+00,2.155146508569880104e-01
2.928000000000000114e+01,2.497877627611160348e-02,6.042946100234985324e-02,0.000000000000000000e+00,1.000000000000000000e+00,2.166337317100994198e-01
2.930000000000000071e+01,2.497936934232711931e-02,6.042346715927123663e-02,0.000000000000000000e+00,1.000000000000000000e+00,2.174556452489193603e-01
2.932000000000000028e+01,2.498044818639755249e-02,6.041591405868530079e-02,0.000000000000000000e+00,1.000000000000000000e+00,2.172816584574008281e-01
2.933999999999999986e+01,2.498027682304382324e-02,6.041688680648803211e-02,0.000000000000000000e+00,1.000000000000000000e+00,2.160317956605945777e-01
2.935999999999999943e+01,2.498182207345962802e-02,6.040816783905029325e-02,0.000000000000000000e+00,1.000000000000000000e+00,2.140222679056957567e-01
2.937999999999999901e+01,2.498194128274917880e-02,6.040695190429687389e-02,0.000000000000000000e+00,1.000000000000000000e+00,2.116701392750950372e-01
2.940000000000000213e+01,2.498210817575454920e-02,6.041055679321288840e-02,0.000000000000000000e+00,1.000000000000000000e+00,2.094247732247471738e-01
2.942000000000000171e+01,2.498185187578201572e-02,6.040879011154174499e-02,0.000000000000000000e+00,1.000000000000000000e+00,2.077897148303989305e-01
2.944000000000000128e+01,2.497926801443100045e-02,6.039257526397704551e-02,0.000000000000000000e+00,1.000000000000000000e+00,2.072466289364446601e-01
2.946000000000000085e+01,2.498216331005096574e-02,6.041476964950561607e-02,0.000000000000000000e+00,1.000000000000000000e+00,2.081126271529542271e-01
2.948000000000000043e+01,2.498207688331604073e-02,6.041378974914550504e-02,0.000000000000000000e+00,1.000000000000000000e+00,2.104430993486505475e-01
2.950000000000000000e+01,2.498045116662979404e-02,6.037844181060790516e-02,0.000000000000000000e+00,1.000000000000000000e+00,2.139795825337196256e-01
2.951999999999999957e+01,2.498031705617904941e-02,6.035754203796386830e-02,0.000000000000000000e+00,1.000000000000000000e+00,2.181644135691424569e-01
2.953999999999999915e+01,2.497846037149429460e-02,6.042437553405761302e-02,0.000000000000000000e+00,1.000000000000000000e+00,2.223347951834976910e-01
2.956000000000000227e+01,2.497838884592056344e-02,6.042572021484374917e-02,0.000000000000000000e+00,1.000000000000000000e+00,2.260165868099464070e-01
2.958000000000000185e+01,2.497978061437607089e-02,6.040492057800292414e-02,0.000000000000000000e+00,1.000000000000000000e+00,2.290220390724900246e-01
2.960000000000000142e+01,2.498156726360321184e-02,6.037608861923217385e-02,0.000000000000000000e+00,1.000000000000000000e+00,2.313112292629343480e-01
2.962000000000000099e+01,2.498239874839782923e-02,6.035426616668700811e-02,0.000000000000000000e+00,1.000000000000000000e+00,2.328870952229903368e-01
2.964000000000000057e+01,2.498241066932678500e-02,6.035225629806518360e-02,0.000000000000000000e+00,1.000000000000000000e+00,2.338754982284127482e-01
2.966000000000000014e+01,2.498259246349334925e-02,6.036397218704223078e-02,0.000000000000000000e+00,1.000000000000000000e+00,2.346239590408095710e-01
2.967999999999999972e+01,2.498271316289901733e-02,6.037281990051269337e-02,0.000000000000000000e+00,1.000000000000000000e+00,2.355762538553143326e-01
2.969999999999999929e+01,2.498268336057662964e-02,6.037482261657714511e-02,0.000000000000000000e+00,1.000000000000000000e+00,2.369764909592724234e-01
2.971999999999999886e+01,2.498240619897842615e-02,6.037864923477172935e-02,0.000000000000000000e+00,1.000000000000000000e+00,2.386158192282711032e-01
2.974000000000000199e+01,2.498214840888977190e-02,6.038010835647582980e-02,0.000000000000000000e+00,1.000000000000000000e+00,2.397415970211054792e-01
2.976000000000000156e+01,2.498245984315872192e-02,6.037937164306640681e-02,0.000000000000000000e+00,1.000000000000000000e+00,2.393853916409865168e-01
2.978000000000000114e+01,2.497989684343338013e-02,6.038020849227904857e-02,0.000000000000000000e+00,1.000000000000000000e+00,2.372316400481807586e-01
2.980000000000000071e+01,2.498112767934799333e-02,6.038195371627807367e-02,0.000000000000000000e+00,1.000000000000000000e+00,2.340841453856417065e-01
2.982000000000000028e+01,2.497899234294891427e-02,6.037465095520019170e-02,0.000000000000000000e+00,1.000000000000000000e+00,2.311638617449330857e-01
2.983999999999999986e+01,2.498499006032943795e-02,6.041421890258788507e-02,0.000000000000000000e+00,1.000000000000000000e+00,2.292665447499034892e-01
2.985999999999999943e+01,2.498724311590194702e-02,6.044717073440551702e-02,0.000000000000000000e+00,1.000000000000000000e+00,2.285619082716833506e-01
2.987999999999999901e+01,2.498715370893478394e-02,6.043221473693847351e-02,0.000000000000000000e+00,1.000000000000000000e+00,2.286629837803910714e-01
2.990000000000000213e+01,2.498711943626404086e-02,6.043293714523315097e-02,0.000000000000000000e+00,1.000000000000000000e+00,2.287517411715392357e-01
2.992000000000000171e+01,2.498474419116973946e-02,6.045789241790771457e-02,0.000000000000000000e+00,1.000000000000000000e+00,2.279365359168670502e-01
2.994000000000000128e+01,2.498838752508163522e-02,6.043109178543090709e-02,0.000000000000000000e+00,1.000000000000000000e+00,2.257052306183939816e-01
2.996000000000000085e+01,2.499224990606307983e-02,6.040660142898559432e-02,0.000000000000000000e+00,1.000000000000000000e+00,2.220631388027715647e-01
2.998000000000000043e+01,2.499226033687591830e-02,6.040651559829711414e-02,0.000000000000000000e+00,1.000000000000000000e+00,2.173868091718899054e-01
3.000000000000000000e+01,2.499231547117233485e-02,6.040497064590454046e-02,0.000000000000000000e+00,1.000000000000000000e+00,2.123010158181409812e-01
3.001999999999999957e+01,2.499286383390426913e-02,6.041190862655639732e-02,0.000000000000000000e+00,1.000000000000000000e+00,2.075956545372556195e-01
3.003999999999999915e+01,2.499521374702453821e-02,6.042933225631713645e-02,0.000000000000000000e+00,1.000000000000000000e+00,2.040330718422832812e-01
3.006000000000000227e+01,2.499563097953796595e-02,6.043250799179077093e-02,0.000000000000000000e+00,1.000000000000000000e+00,2.021175897680763389e-01
3.008000000000000185e+01,2.499695569276809762e-02,6.044566154479980025e-02,0.000000000000000000e+00,1.000000000000000000e+00,2.020090405965694058e-01
3.010000000000000142e+01,2.499705106019974032e-02,6.044718503952026256e-02,0.000000000000000000e+00,1.000000000000000000e+00,2.035458491136860060e-01
3.012000000000000099e+01,2.499718815088272303e-02,6.045259237289428433e-02,0.000000000000000000e+00,1.000000000000000000e+00,2.062674853980847323e-01
3.014000000000000057e+01,2.499712854623794764e-02,6.046218395233154269e-02,0.000000000000000000e+00,1.000000000000000000e+00,2.095198282866346795e-01
3.016000000000000014e+01,2.499712705612182687e-02,6.046224117279052485e-02,0.000000000000000000e+00,1.000000000000000000e+00,2.127231619980384791e-01
3.017999999999999972e+01,2.499801665544509888e-02,6.043671369552611888e-02,0.000000000000000000e+00,1.000000000000000000e+00,2.155708895285222415e-01
3.019999999999999929e+01,2.499760538339615076e-02,6.045555353164672879e-02,0.000000000000000000e+00,1.000000000000000000e+00,2.179537191340498448e-01
3.021999999999999886e+01,2.499760240316391269e-02,6.045521020889282199e-02,0.000000000000000000e+00,1.000000000000000000e+00,2.198031680127914000e-01
3.024000000000000199e+01,2.499671280384063721e-02,6.043414592742919755e-02,0.000000000000000000e+00,1.000000000000000000e+00,2.211270062922403024e-01
3.026000000000000156e+01,2.499615699052810947e-02,6.042533397674560575e-02,0.000000000000000000e+00,1.000000000000000000e+00,2.222000382804382446e-01
3.028000000000000114e+01,2.499599456787109444e-02,6.042275190353393194e-02,0.000000000000000000e+00,1.000000000000000000e+00,2.235847478042035652e-01
3.030000000000000071e+01,2.499621510505676408e-02,6.042771577835082814e-02,0.000000000000000000e+00,1.000000000000000000e+00,2.258567610511598989e-01
3.032000000000000028e+01,2.499645501375198642e-02,6.044840812683105469e-02,0.000000000000000000e+00,1.000000000000000000e+00,2.293057840356925170e-01
3.033999999999999986e+01,2.499594241380691598e-02,6.046385765075683316e-02,0.000000000000000000e+00,1.000000000000000000e+00,2.337241428002526933e-01
3.035999999999999943e+01,2.499781548976898193e-02,6.044353008270263172e-02,0.000000000000000000e+00,1.000000000000000000e+00,2.382290755455460929e-01
3.037999999999999901e+01,2.499676048755646030e-02,6.044950962066650280e-02,0.000000000000000000e+00,1.000000000000000000e+00,2.414986640853713229e-01
3.040000000000000213e+01,2.500235736370086739e-02,6.043257236480712585e-02,0.000000000000000000e+00,1.000000000000000000e+00,2.427486699001074610e-01
3.042000000000000171e+01,2.500636577606201241e-02,6.042790174484252708e-02,0.000000000000000000e+00,1.000000000000000000e+00,2.424029852934468376e-01
3.044000000000000128e+01,2.500795125961303988e-02,6.042881727218627624e-02,0.000000000000000000e+00,1.000000000000000000e+00,2.415138083082668807e-01
3.046000000000000085e+01,2.501051425933838168e-02,6.043600559234618697e-02,0.000000000000000000e+00,1.000000000000000000e+00,2.408890478262140922e-01
3.048000000000000043e+01,2.501019239425659318e-02,6.043370246887206504e-02,0.000000000000000000e+00,1.000000000000000000e+00,2.407696520043599298e-01
3.050000000000000000e+01,2.501094639301300326e-02,6.045710563659667525e-02,0.000000000000000000e+00,1.000000000000000000e+00,2.408726274407317069e-01
3.051999999999999957e+01,2.501119375228881905e-02,6.045133352279662836e-02,0.000000000000000000e+00,1.000000000000000000e+00,2.405758045628333952e-01
3.053999999999999915e+01,2.501034736633300781e-02,6.045960903167724165e-02,0.000000000000000000e+00,1.000000000000000000e+00,2.391957124468225560e-01
3.056000000000000227e+01,2.501010000705719202e-02,6.046133279800414845e-02,0.000000000000000000e+00,1.000000000000000000e+00,2.362338592383729785e-01
3.058000000000000185e+01,2.500996291637420932e-02,6.046226978302001592e-02,0.000000000000000000e+00,1.000000000000000000e+00,2.315176401767253256e-01
3.060000000000000142e+01,2.501019835472106934e-02,6.045887231826781866e-02,0.000000000000000000e+00,1.000000000000000000e+00,2.253306440053308157e-01
3.062000000000000099e+01,2.501028478145599435e-02,6.046037435531616266e-02,0.000000000000000000e+00,1.000000000000000000e+00,2.184921359070764180e-01
3.064000000000000057e+01,2.500959634780883928e-02,6.045541763305663924e-02,0.000000000000000000e+00,1.000000000000000000e+00,2.121288692596456082e-01
3.066000000000000014e+01,2.501100599765777865e-02,6.046505212783813421e-02,0.000000000000000000e+00,1.000000000000000000e+00,2.071833099552248258e-01
3.067999999999999972e+01,2.501111924648284981e-02,6.046603918075561107e-02,0.000000000000000000e+00,1.000000000000000000e+00,2.041067136632167545e-01
3.069999999999999929e+01,2.501177489757537911e-02,6.047500133514403797e-02,0.000000000000000000e+00,1.000000000000000000e+00,2.028949158797765662e-01
3.071999999999999886e+01,2.501161098480224679e-02,6.046966552734375083e-02,0.000000000000000000e+00,1.000000000000000000e+00,2.032090899022292174e-01
3.074000000000000199e+01,2.501161694526672641e-02,6.046885728836059321e-02,0.000000000000000000e+00,1.000000000000000000e+00,2.044617059960449346e-01
3.076000000000000156e+01,2.501161694526672641e-02,6.046881437301635659e-02,0.000000000000000000e+00,1.000000000000000000e+00,2.060101660851085537e-01
3.078000000000000114e+01,2.501199245452881068e-02,6.046025991439819142e-02,0.000000000000000000e+00,1.000000000000000000e+00,2.074212047817796389e-01
3.080000000000000071e+01,2.501202523708343645e-02,6.045880794525146373e-02,0.000000000000000000e+00,1.000000000000000000e+00,2.085174471921103223e-01
3.082000000000000028e+01,2.501159906387329102e-02,6.044203519821166742e-02,0.000000000000000000e+00,1.000000000000000000e+00,2.092120695902698058e-01
3.083999999999999986e+01,2.501064836978912631e-02,6.043014764785766685e-02,0.000000000000000000e+00,1.000000000000000000e+00,2.094503845348673066e-01
3.085999999999999943e+01,2.501142919063568254e-02,6.043708562850951677e-02,0.000000000000000000e+00,1.000000000000000000e+00,2.093989449474510101e-01
3.087999999999999901e+01,2.500756382942199985e-02,6.040362596511840432e-02,0.000000000000000000e+00,1.000000000000000000e+00,2.096127609901637934e-01
3.090000000000000213e+01,2.500115334987640381e-02,6.033730745315551286e-02,0.000000000000000000e+00,1.000000000000000000e+00,2.108442162455428925e-01
3.092000000000000171e+01,2.500099241733551303e-02,6.033483982086181724e-02,0.000000000000000000e+00,1.000000000000000000e+00,2.136971224138834169e-01
3.094000000000000128e+01,2.500205636024475236e-02,6.037237644195556086e-02,0.000000000000000000e+00,1.000000000000000000e+00,2.184549968668052233e-01
3.096000000000000085e+01,2.500237226486206124e-02,6.034794330596923717e-02,0.000000000000000000e+00,1.000000000000000000e+00,2.249065954726880701e-01
3.098000000000000043e+01,2.500309944152832170e-02,6.033550500869750560e-02,0.000000000000000000e+00,1.000000000000000000e+00,2.320483366560905925e-01
3.100000000000000000e+01,2.500423491001129220e-02,6.032519102096557673e-02,0.000000000000000000e+00,1.000000000000000000e+00,2.382463214412644803e-01
3.101999999999999957e+01,2.500173747539520541e-02,6.033951044082641602e-02,0.000000000000000000e+00,1.000000000000000000e+00,2.426120130423409238e-01
3.103999999999999915e+01,2.500649392604828089e-02,6.032157897949218250e-02,0.000000000000000000e+00,1.000000000000000000e+00,2.446018382437266658e-01
3.106000000000000227e+01,2.500700056552887171e-02,6.032039880752563393e-02,0.000000000000000000e+00,1.000000000000000000e+00,2.451960024391421356e-01
3.108000000000000185e+01,2.500737011432647983e-02,6.032001972198486328e-02,0.000000000000000000e+00,1.000000000000000000e+00,2.452328417956191331e-01
3.110000000000000142e+01,2.500501573085785190e-02,6.031857490539550837e-02,0.000000000000000000e+00,1.000000000000000000e+00,2.452338156843330008e-01
3.112000000000000099e+01,2.500497400760650843e-02,6.031837463378905695e-02,0.000000000000000000e+00,1.000000000000000000e+00,2.452805098775092396e-01
3.114000000000000057e+01,2.500487565994262765e-02,6.031977653503417525e-02,0.000000000000000000e+00,1.000000000000000000e+00,2.451745339200563090e-01
3.116000000000000014e+01,2.500432431697845528e-02,6.032186508178710715e-02,0.000000000000000000e+00,1.000000000000000000e+00,2.444911800001207669e-01
3.117999999999999972e+01,2.500377893447876254e-02,6.032310962677001759e-02,0.000000000000000000e+00,1.000000000000000000e+00,2.426277105056436623e-01
3.119999999999999929e+01,2.500360906124115060e-02,6.032426118850707508e-02,0.000000000000000000e+00,1.000000000000000000e+00,2.390138590387829720e-01
3.122000000000000242e+01,2.500427663326263567e-02,6.032560586929321123e-02,0.000000000000000000e+00,1.000000000000000000e+00,2.335785397534936580e-01
3.124000000000000199e+01,2.500495016574859689e-02,6.032716512680053739e-02,0.000000000000000000e+00,1.000000000000000000e+00,2.270973060213931638e-01
3.126000000000000156e+01,2.500511109828949113e-02,6.032770872116088867e-02,0.000000000000000000e+00,1.000000000000000000e+00,2.208443836177120256e-01
3.128000000000000114e+01,2.500639259815216203e-02,6.033436059951782088e-02,0.000000000000000000e+00,1.000000000000000000e+00,2.158368205824375552e-01
3.130000000000000071e+01,2.500588595867157121e-02,6.032977581024169533e-02,0.000000000000000000e+00,1.000000000000000000e+00,2.124804470434543957e-01
3.132000000000000028e+01,2.500598430633545199e-02,6.033220767974853405e-02,0.000000000000000000e+00,1.000000000000000000e+00,2.106797660581785081e-01
3.133999999999999986e+01,2.500599920749664584e-02,6.033162117004394615e-02,0.000000000000000000e+00,1.000000000000000000e+00,2.100205749491824148e-01
3.135999999999999943e+01,2.500755488872528215e-02,6.031264543533324668e-02,0.000000000000000000e+00,1.000000000000000000e+00,2.099403826110771143e-01
3.137999999999999901e+01,2.500696778297424594e-02,6.031731605529785240e-02,0.000000000000000000e+00,1.000000000000000000e+00,2.099621625344932629e-01
3.140000000000000213e+01,2.500718235969543596e-02,6.031559944152831837e-02,0.000000000000000000e+00,1.000000000000000000e+00,2.098262218331500006e-01
3.142000000000000171e+01,2.500732839107513636e-02,6.031017065048217829e-02,0.000000000000000000e+00,1.000000000000000000e+00,2.093787154924295624e-01
3.144000000000000128e+01,2.500804960727691720e-02,6.031562089920043668e-02,0.000000000000000000e+00,1.000000000000000000e+00,2.084421307525170797e-01
3.146000000000000085e+01,2.500912845134735385e-02,6.032055616378784180e-02,0.000000000000000000e+00,1.000000000000000000e+00,2.069497233132173430e-01
3.148000000000000043e+01,2.500901520252227922e-02,6.032002687454223605e-02,0.000000000000000000e+00,1.000000000000000000e+00,2.052673658832680492e-01
3.150000000000000000e+01,2.500896751880645960e-02,6.031976938247680248e-02,0.000000000000000000e+00,1.000000000000000000e+00,2.042200358329310794e-01
3.151999999999999957e+01,2.500808835029602259e-02,6.031318902969359796e-02,0.000000000000000000e+00,1.000000000000000000e+00,2.046698768620281716e-01
3.153999999999999915e+01,2.500741183757781982e-02,6.030546426773070873e-02,0.000000000000000000e+00,1.000000000000000000e+00,2.071818380681957616e-01
3.156000000000000227e+01,2.500637769699096818e-02,6.028216123580932423e-02,0.000000000000000000e+00,1.000000000000000000e+00,2.119640123307627022e-01
3.158000000000000185e+01,2.500642240047454973e-02,6.029522180557250755e-02,0.000000000000000000e+00,1.000000000000000000e+00,2.187123650846128642e-01
3.160000000000000142e+01,2.500549256801605502e-02,6.032141447067260187e-02,0.000000000000000000e+00,1.000000000000000000e+00,2.263363101795865806e-01
3.162000000000000099e+01,2.500568032264709542e-02,6.031885385513305331e-02,0.000000000000000000e+00,1.000000000000000000e+00,2.331666527201178840e-01
3.164000000000000057e+01,2.500747144222259521e-02,6.030230998992919950e-02,0.000000000000000000e+00,1.000000000000000000e+00,2.378698614993762228e-01
3.166000000000000014e+01,2.500493526458740304e-02,6.032056331634521457e-02,0.000000000000000000e+00,1.000000000000000000e+00,2.401428064176614474e-01
3.167999999999999972e+01,2.500563859939575195e-02,6.031610727310180581e-02,0.000000000000000000e+00,1.000000000000000000e+00,2.405321784775679983e-01
3.169999999999999929e+01,2.500569224357605119e-02,6.031575679779052623e-02,0.000000000000000000e+00,1.000000000000000000e+00,2.398962292473775793e-01
3.172000000000000242e+01,2.500545084476471155e-02,6.031795263290404968e-02,0.000000000000000000e+00,1.000000000000000000e+00,2.390458481716447592e-01
3.174000000000000199e+01,2.500535547733306885e-02,6.032000541687011774e-02,0.000000000000000000e+00,1.000000000000000000e+00,2.385681730048189730e-01
3.176000000000000156e+01,2.500536143779754847e-02,6.031624317169189536e-02,0.000000000000000000e+00,1.000000000000000000e+00,2.387081958544051974e-01
3.178000000000000114e+01,2.500536441802978654e-02,6.031341075897216769e-02,0.000000000000000000e+00,1.000000000000000000e+00,2.392753529066089235e-01
3.180000000000000071e+01,2.500552237033844272e-02,6.030963420867919977e-02,0.000000000000000000e+00,1.000000000000000000e+00,2.396079345129479288e-01
3.182000000000000028e+01,2.500519752502441614e-02,6.031220197677612110e-02,0.000000000000000000e+00,1.000000000000000000e+00,2.387658472314019564e-01
3.183999999999999986e+01,2.500537335872650424e-02,6.031159400939941490e-02,0.000000000000000000e+00,1.000000000000000000e+00,2.361541533622730782e-01
3.185999999999999943e+01,2.500578165054321428e-02,6.031112909317016407e-02,0.000000000000000000e+00,1.000000000000000000e+00,2.321465052325191736e-01
3.187999999999999901e+01,2.500582635402679582e-02,6.031115770339965515e-02,0.000000000000000000e+00,1.000000000000000000e+00,2.278304640916561652e-01
3.190000000000000213e+01,2.500437200069427490e-02,6.030705213546752597e-02,0.000000000000000000e+00,1.000000000000000000e+00,2.241673155972533638e-01
3.192000000000000171e+01,2.500503659248352190e-02,6.031253099441528237e-02,0.000000000000000000e+00,1.000000000000000000e+00,2.215670048860918784e-01
3.194000000000000128e+01,2.500490546226501534e-02,6.031788110733032199e-02,0.000000000000000000e+00,1.000000000000000000e+00,2.199646103420542231e-01
3.196000000000000085e+01,2.500503063201904574e-02,6.031718730926513561e-02,0.000000000000000000e+00,1.000000000000000000e+00,2.190336406602002850e-01
3.198000000000000043e+01,2.500345110893249789e-02,6.032040596008300670e-02,0.000000000000000000e+00,1.000000000000000000e+00,2.184214679855527586e-01
3.200000000000000000e+01,2.500488162040710727e-02,6.032015562057494590e-02,0.000000000000000000e+00,1.000000000000000000e+00,2.179165019628997169e-01
3.202000000000000313e+01,2.500489950180053919e-02,6.032019138336181668e-02,0.000000000000000000e+00,1.000000000000000000e+00,2.173918408637806055e-01
3.203999999999999915e+01,2.500504255294799805e-02,6.032327413558959822e-02,0.000000000000000000e+00,1.000000000000000000e+00,2.166178440464452681e-01
3.206000000000000227e+01,2.500310838222503940e-02,6.032741546630859125e-02,0.000000000000000000e+00,1.000000000000000000e+00,2.152340201652805929e-01
3.207999999999999829e+01,2.500289976596832553e-02,6.032734394073486356e-02,0.000000000000000000e+00,1.000000000000000000e+00,2.130623165746526049e-01
3.210000000000000142e+01,2.500085830688476840e-02,6.032365322113036887e-02,0.000000000000000000e+00,1.000000000000000000e+00,2.105215856651727613e-01
3.211999999999999744e+01,2.499984353780746599e-02,6.032032728195189930e-02,0.000000000000000000e+00,1.000000000000000000e+00,2.085417857157054466e-01
3.214000000000000057e+01,2.500239312648773471e-02,6.033364534378051619e-02,0.000000000000000000e+00,1.000000000000000000e+00,2.080162145733601142e-01
3.216000000000000369e+01,2.500532269477844308e-02,6.035841464996337391e-02,0.000000000000000000e+00,1.000000000000000000e+00,2.094658392538988334e-01
3.217999999999999972e+01,2.500527799129486153e-02,6.035769939422606922e-02,0.000000000000000000e+00,1.000000000000000000e+00,2.129957560845131270e-01
3.220000000000000284e+01,2.500537037849426270e-02,6.036228418350219477e-02,0.000000000000000000e+00,1.000000000000000000e+00,2.181992887822531701e-01
3.221999999999999886e+01,2.500511705875396729e-02,6.037832736968994085e-02,0.000000000000000000e+00,1.000000000000000000e+00,2.240513518541664140e-01
3.224000000000000199e+01,2.500513195991516113e-02,6.037799119949340682e-02,0.000000000000000000e+00,1.000000000000000000e+00,2.291537846860760563e-01
3.225999999999999801e+01,2.500674426555633822e-02,6.035287141799926258e-02,0.000000000000000000e+00,1.000000000000000000e+00,2.323298985926806892e-01
3.228000000000000114e+01,2.500627934932708740e-02,6.035940170288085771e-02,0.000000000000000000e+00,1.000000000000000000e+00,2.330930815903756448e-01
3.229999999999999716e+01,2.500632703304291049e-02,6.035862922668457087e-02,0.000000000000000000e+00,1.000000000000000000e+00,2.317485676519811522e-01
3.232000000000000028e+01,2.500484883785247803e-02,6.039536476135253656e-02,0.000000000000000000e+00,1.000000000000000000e+00,2.292349694760690559e-01
3.234000000000000341e+01,2.500503361225128382e-02,6.038246154785156111e-02,0.000000000000000000e+00,1.000000000000000000e+00,2.267510800689973294e-01
3.235999999999999943e+01,2.500505447387695382e-02,6.039774656295775895e-02,0.000000000000000000e+00,1.000000000000000000e+00,2.252762986243618260e-01
3.238000000000000256e+01,2.500503361225128382e-02,6.041374683380126842e-02,0.000000000000000000e+00,1.000000000000000000e+00,2.252774829358486774e-01
3.239999999999999858e+01,2.500520348548889230e-02,6.040638685226440430e-02,0.000000000000000000e+00,1.000000000000000000e+00,2.266698397381398944e-01
3.242000000000000171e+01,2.500368654727935791e-02,6.043066263198852012e-02,0.000000000000000000e+00,1.000000000000000000e+00,2.288244697846151254e-01
3.243999999999999773e+01,2.500163018703460693e-02,6.044776439666747769e-02,0.000000000000000000e+00,1.000000000000000000e+00,2.306658082229449958e-01
3.246000000000000085e+01,2.499854713678360124e-02,6.046274185180663951e-02,0.000000000000000000e+00,1.000000000000000000e+00,2.312270160237037964e-01
3.248000000000000398e+01,2.499539852142334054e-02,6.047164678573608426e-02,0.000000000000000000e+00,1.000000000000000000e+00,2.303925449629606603e-01
3.250000000000000000e+01,2.499495595693588396e-02,6.047223329544067216e-02,0.000000000000000000e+00,1.000000000000000000e+00,2.288415438024316018e-01
3.252000000000000313e+01,2.499656081199646065e-02,6.047251939773559681e-02,0.000000000000000000e+00,1.000000000000000000e+00,2.273208483643801292e-01
3.253999999999999915e+01,2.499612420797348022e-02,6.047063827514648215e-02,0.000000000000000000e+00,1.000000000000000000e+00,2.261969902471722971e-01
3.256000000000000227e+01,2.499652057886123796e-02,6.046972990036010576e-02,0.000000000000000000e+00,1.000000000000000000e+00,2.254783191534792952e-01
3.257999999999999829e+01,2.499434649944305697e-02,6.046897888183593722e-02,0.000000000000000000e+00,1.000000000000000000e+00,2.250437491690452374e-01
3.260000000000000142e+01,2.499146908521652360e-02,6.046362876892089760e-02,0.000000000000000000e+00,1.000000000000000000e+00,2.248579553533002484e-01
3.261999999999999744e+01,2.498976886272430420e-02,6.045723438262939203e-02,0.000000000000000000e+00,1.000000000000000000e+00,2.249810582228804201e-01
3.264000000000000057e+01,2.498899698257446567e-02,6.045119762420653881e-02,0.000000000000000000e+00,1.000000000000000000e+00,2.253759525009018105e-01
3.266000000000000369e+01,2.498878836631775180e-02,6.044043302536010465e-02,0.000000000000000000e+00,1.000000000000000000e+00,2.257260727120612986e-01
3.267999999999999972e+01,2.499007284641266077e-02,6.042762994766234796e-02,0.000000000000000000e+00,1.000000000000000000e+00,2.254814133537967336e-01
3.270000000000000284e+01,2.499238252639770716e-02,6.042004823684692105e-02,0.000000000000000000e+00,1.000000000000000000e+00,2.242576472643682539e-01
3.271999999999999886e+01,2.499223351478576868e-02,6.042016267776489230e-02,0.000000000000000000e+00,1.000000000000000000e+00,2.223016086156552329e-01
3.274000000000000199e+01,2.499088048934936662e-02,6.041876077651977400e-02,0.000000000000000000e+00,1.000000000000000000e+00,2.204128707290220202e-01
3.275999999999999801e+01,2.499340623617172380e-02,6.042619943618773859e-02,0.000000000000000000e+00,1.000000000000000000e+00,2.194052754747864153e-01
3.278000000000000114e+01,2.499210834503173828e-02,6.041892528533935464e-02,0.000000000000000000e+00,1.000000000000000000e+00,2.197402746839033361e-01
3.279999999999999716e+01,2.499413788318634311e-02,6.044026851654052401e-02,0.000000000000000000e+00,1.000000000000000000e+00,2.214523287663922313e-01
3.282000000000000028e+01,2.499587684869766444e-02,6.048218250274658286e-02,0.000000000000000000e+00,1.000000000000000000e+00,2.241533080745802820e-01
3.284000000000000341e+01,2.499585896730423251e-02,6.047886371612548606e-02,0.000000000000000000e+00,1.000000000000000000e+00,2.270869283042405984e-01
3.285999999999999943e+01,2.499569803476333826e-02,6.048889160156249722e-02,0.000000000000000000e+00,1.000000000000000000e+00,2.292959922179605425e-01
3.288000000000000256e+01,2.499538064002990861e-02,6.050322532653808205e-02,0.000000000000000000e+00,1.000000000000000000e+00,2.298663513744637343e-01
3.289999999999999858e+01,2.499532699584960938e-02,6.050730228424072016e-02,0.000000000000000000e+00,1.000000000000000000e+00,2.282336035331435919e-01
3.292000000000000171e+01,2.499522119760513514e-02,6.048877000808715321e-02,0.000000000000000000e+00,1.000000000000000000e+00,2.245688872934162306e-01
3.293999999999999773e+01,2.499462068080902238e-02,6.046402215957641380e-02,0.000000000000000000e+00,1.000000000000000000e+00,2.199408648791270349e-01
3.296000000000000085e+01,2.499459087848663469e-02,6.046309232711791909e-02,0.000000000000000000e+00,1.000000000000000000e+00,2.158260818306004525e-01
3.298000000000000398e+01,2.499459832906723161e-02,6.046337127685546403e-02,0.000000000000000000e+00,1.000000000000000000e+00,2.133255244698909481e-01
3.300000000000000000e+01,2.499437928199768275e-02,6.043193578720092857e-02,0.000000000000000000e+00,1.000000000000000000e+00,2.128627496185022117e-01
3.302000000000000313e+01,2.499437928199768275e-02,6.043193578720092857e-02,4.000000000000000000e+00,1.000000000000000000e+00,2.088241350236041405e-01
3.303999999999999915e+01,2.499437928199768275e-02,6.043193578720092857e-02,6.000000000000000000e+00,1.000000000000000000e+00,2.065787257098476437e-01
3.306000000000000227e+01,2.499437928199768275e-02,6.043193578720092857e-02,7.000000000000000000e+00,1.000000000000000000e+00,2.056707873385066887e-01
3.307999999999999829e+01,2.499314397573471069e-02,6.043918848037719421e-02,0.000000000000000000e+00,1.000000000000000000e+00,2.081366494463863237e-01
3.310000000000000142e+01,2.499201744794845789e-02,6.044381618499755637e-02,0.000000000000000000e+00,1.000000000000000000e+00,2.094463173356956587e-01
3.311999999999999744e+01,2.499126940965652743e-02,6.044608354568481445e-02,0.000000000000000000e+00,1.000000000000000000e+00,2.098765143144775969e-01
3.314000000000000057e+01,2.498988360166549960e-02,6.044983863830566406e-02,0.000000000000000000e+00,1.000000000000000000e+00,2.099320752354366104e-01
3.316000000000000369e+01,2.499005794525146693e-02,6.044729948043822687e-02,0.000000000000000000e+00,1.000000000000000000e+00,2.099260969681279454e-01
3.317999999999999972e+01,2.498808950185775826e-02,6.044149875640868891e-02,0.000000000000000000e+00,1.000000000000000000e+00,2.099669675682648284e-01
3.320000000000000284e+01,2.498831599950790405e-02,6.044216394424438421e-02,0.000000000000000000e+00,1.000000000000000000e+00,2.101576379509560166e-01
3.321999999999999886e+01,2.499029785394668579e-02,6.045025348663329856e-02,0.000000000000000000e+00,1.000000000000000000e+00,2.107243356714596227e-01
3.324000000000000199e+01,2.498925030231476108e-02,6.044359445571899359e-02,0.000000000000000000e+00,1.000000000000000000e+00,2.119196473664495539e-01
3.325999999999999801e+01,2.499220520257949829e-02,6.047934293746948242e-02,0.000000000000000000e+00,1.000000000000000000e+00,2.138037383968679483e-01
3.328000000000000114e+01,2.499248087406158447e-02,6.049803972244262307e-02,0.000000000000000000e+00,1.000000000000000000e+00,2.160701822780037307e-01
3.329999999999999716e+01,2.499215602874756137e-02,6.050403356552123968e-02,0.000000000000000000e+00,1.000000000000000000e+00,2.180687505117217817e-01
3.332000000000000028e+01,2.499354183673858920e-02,6.049385547637939342e-02,0.000000000000000000e+00,1.000000000000000000e+00,2.191704140428465675e-01
3.334000000000000341e+01,2.499621957540512293e-02,6.048357009887694868e-02,0.000000000000000000e+00,1.000000000000000000e+00,2.192441176873705377e-01
3.335999999999999943e+01,2.499638348817825526e-02,6.048328399658203097e-02,0.000000000000000000e+00,1.000000000000000000e+00,2.187033168480166934e-01
3.338000000000000256e+01,2.499847114086151123e-02,6.048333406448364036e-02,0.000000000000000000e+00,1.000000000000000000e+00,2.181217101527865854e-01
3.339999999999999858e+01,2.499670833349228183e-02,6.047962188720702736e-02,0.000000000000000000e+00,1.000000000000000000e+00,2.178933807301826620e-01
3.342000000000000171e+01,2.499560564756393710e-02,6.047372102737426369e-02,0.000000000000000000e+00,1.000000000000000000e+00,2.181328958581535415e-01
3.343999999999999773e+01,2.499529123306274553e-02,6.047000885009765070e-02,0.000000000000000000e+00,1.000000000000000000e+00,2.187143089164231835e-01
3.346000000000000085e+01,2.499557286500930786e-02,6.047701835632324219e-02,0.000000000000000000e+00,1.000000000000000000e+00,2.193213413909359255e-01
3.348000000000000398e+01,2.499551624059677402e-02,6.047515869140624584e-02,0.000000000000000000e+00,1.000000000000000000e+00,2.194405489944546983e-01
3.350000000000000000e+01,2.499606609344482561e-02,6.048723220825195229e-02,0.000000000000000000e+00,1.000000000000000000e+00,2.183631284502469683e-01
3.352000000000000313e+01,2.499495148658752511e-02,6.047151088714599471e-02,0.000000000000000000e+00,1.000000000000000000e+00,2.154266817125007061e-01
3.353999999999999915e+01,2.499534785747528284e-02,6.047596693038940346e-02,0.000000000000000000e+00,1.000000000000000000e+00,2.106091043236286986e-01
3.356000000000000227e+01,2.499666064977645874e-02,6.049046516418456892e-02,0.000000000000000000e+00,1.000000000000000000e+00,2.049110299518685230e-01
3.357999999999999829e+01,2.499519139528274744e-02,6.047114610671996959e-02,0.000000000000000000e+00,1.000000000000000000e+00,1.998031373568579794e-01
3.360000000000000142e+01,2.499635219573974679e-02,6.049414157867431113e-02,0.000000000000000000e+00,1.000000000000000000e+00,1.963430916829034811e-01
3.361999999999999744e+01,2.499621808528900216e-02,6.048665285110473716e-02,0.000000000000000000e+00,1.000000000000000000e+00,1.949513808205597110e-01
3.364000000000000057e+01,2.499666661024093836e-02,6.046311378479003740e-02,0.000000000000000000e+00,1.000000000000000000e+00,1.955820061763118012e-01
3.366000000000000369e+01,2.499596774578094482e-02,6.047480821609496626e-02,0.000000000000000000e+00,1.000000000000000000e+00,1.976997148786226455e-01
3.367999999999999972e+01,2.499723136425018380e-02,6.046267747879027765e-02,0.000000000000000000e+00,1.000000000000000000e+00,2.002607702352173780e-01
3.370000000000000284e+01,2.499553114175796786e-02,6.047384977340698048e-02,0.000000000000000000e+00,1.000000000000000000e+00,2.022254382598421274e-01
3.371999999999999886e+01,2.500078678131103724e-02,6.044759273529052429e-02,0.000000000000000000e+00,1.000000000000000000e+00,2.032005838384862428e-01
3.374000000000000199e+01,2.500087618827820032e-02,6.044719934463500810e-02,0.000000000000000000e+00,1.000000000000000000e+00,2.034015194948035066e-01
3.375999999999999801e+01,2.499999105930328369e-02,6.045229911804198691e-02,0.000000000000000000e+00,1.000000000000000000e+00,2.031943290828716886e-01
3.378000000000000114e+01,2.499985247850418368e-02,6.044383049011230191e-02,0.000000000000000000e+00,1.000000000000000000e+00,2.028516922844837145e-01
3.379999999999999716e+01,2.500178515911102503e-02,6.045447349548339899e-02,0.000000000000000000e+00,1.000000000000000000e+00,2.026126474426000190e-01
3.382000000000000028e+01,2.500098049640655726e-02,6.045061826705932367e-02,0.000000000000000000e+00,1.000000000000000000e+00,2.028009924474695191e-01
3.384000000000000341e+01,2.500375807285308907e-02,6.046705484390258595e-02,0.000000000000000000e+00,1.000000000000000000e+00,2.037924516661682173e-01
3.385999999999999943e+01,2.500285208225250244e-02,6.045917987823486162e-02,0.000000000000000000e+00,1.000000000000000000e+00,2.058534185966423014e-01
3.388000000000000256e+01,2.500370740890503138e-02,6.047302007675170454e-02,0.000000000000000000e+00,1.000000000000000000e+00,2.089735866156358368e-01
3.389999999999999858e+01,2.500385344028473178e-02,6.048552274703979104e-02,0.000000000000000000e+00,1.000000000000000000e+00,2.127610835402254652e-01
3.392000000000000171e+01,2.500360906124115060e-02,6.049227476119994895e-02,0.000000000000000000e+00,1.000000000000000000e+00,2.165239931374114413e-01
3.393999999999999773e+01,2.500602602958679199e-02,6.046297073364257507e-02,0.000000000000000000e+00,1.000000000000000000e+00,2.196182644204253409e-01
3.396000000000000085e+01,2.500503063201904574e-02,6.047073125839233509e-02,0.000000000000000000e+00,1.000000000000000000e+00,2.217827269079336305e-01
3.398000000000000398e+01,2.500835359096527377e-02,6.045144796371459961e-02,0.000000000000000000e+00,1.000000000000000000e+00,2.231196478783613601e-01
3.400000000000000000e+01,2.500791549682617257e-02,6.045355081558227012e-02,0.000000000000000000e+00,1.000000000000000000e+00,2.238493995506868062e-01
3.402000000000000313e+01,2.500766813755035678e-02,6.045465230941772516e-02,0.000000000000000000e+00,1.000000000000000000e+00,2.241624640755468523e-01
3.403999999999999915e+01,2.500788271427154680e-02,6.045361518859863198e-02,0.000000000000000000e+00,1.000000000000000000e+00,2.242356463496562591e-01
3.406000000000000227e+01,2.500789761543274065e-02,6.045352935791015181e-02,0.000000000000000000e+00,1.000000000000000000e+00,2.242519089382653541e-01
3.407999999999999829e+01,2.500834763050079415e-02,6.045180559158325195e-02,0.000000000000000000e+00,1.000000000000000000e+00,2.242894847444841522e-01
3.410000000000000142e+01,2.500734329223633021e-02,6.045272111892700112e-02,0.000000000000000000e+00,1.000000000000000000e+00,2.241259414253950755e-01
3.411999999999999744e+01,2.500745356082916329e-02,6.045281410217284712e-02,0.000000000000000000e+00,1.000000000000000000e+00,2.231345680661544761e-01
3.414000000000000057e+01,2.500481605529785226e-02,6.044733524322509766e-02,0.000000000000000000e+00,1.000000000000000000e+00,2.205499949295542106e-01
3.416000000000000369e+01,2.499912977218628207e-02,6.042880296707153071e-02,0.000000000000000000e+00,1.000000000000000000e+00,2.162132469195089945e-01
3.417999999999999972e+01,2.499604374170303484e-02,6.041416168212890292e-02,0.000000000000000000e+00,1.000000000000000000e+00,2.110371775057605648e-01
3.420000000000000284e+01,2.499217242002487252e-02,6.038688898086547879e-02,0.000000000000000000e+00,1.000000000000000000e+00,2.063802862378907865e-01
3.421999999999999886e+01,2.499356865882873535e-02,6.040315389633178766e-02,0.000000000000000000e+00,1.000000000000000000e+00,2.031785131594758820e-01
3.424000000000000199e+01,2.499441951513290544e-02,6.042649984359740878e-02,0.000000000000000000e+00,1.000000000000000000e+00,2.017631319712050730e-01
3.425999999999999801e+01,2.499465346336364815e-02,6.040146589279174472e-02,0.000000000000000000e+00,1.000000000000000000e+00,2.019583487898750085e-01
3.428000000000000114e+01,2.499342262744903842e-02,6.042442560195922935e-02,0.000000000000000000e+00,1.000000000000000000e+00,2.030582577636588226e-01
3.430000000000000426e+01,2.499648630619049142e-02,6.039296865463256864e-02,0.000000000000000000e+00,1.000000000000000000e+00,2.040118342078215963e-01
3.432000000000000028e+01,2.499626576900482178e-02,6.039454936981200617e-02,0.000000000000000000e+00,1.000000000000000000e+00,2.040179321774640009e-01
3.434000000000000341e+01,2.500098049640655726e-02,6.036726951599120927e-02,0.000000000000000000e+00,1.000000000000000000e+00,2.029161672906256431e-01
3.435999999999999943e+01,2.500160038471221924e-02,6.036367893218994030e-02,0.000000000000000000e+00,1.000000000000000000e+00,2.009958329089469031e-01
3.438000000000000256e+01,2.500188052654266427e-02,6.036079645156860324e-02,0.000000000000000000e+00,1.000000000000000000e+00,1.986708452339902287e-01
3.439999999999999858e+01,2.500115036964416573e-02,6.034460306167602206e-02,0.000000000000000000e+00,1.000000000000000000e+00,1.963798359790780990e-01
3.442000000000000171e+01,2.499972879886627405e-02,6.033466815948486384e-02,0.000000000000000000e+00,1.000000000000000000e+00,1.946100651254458191e-01
3.443999999999999773e+01,2.499809712171554774e-02,6.032431125640869141e-02,0.000000000000000000e+00,1.000000000000000000e+00,1.938476803746513322e-01
3.446000000000000085e+01,2.499580979347229212e-02,6.030652284622192022e-02,0.000000000000000000e+00,1.000000000000000000e+00,1.944517127570114245e-01
3.448000000000000398e+01,2.499652951955795566e-02,6.031479835510253351e-02,0.000000000000000000e+00,1.000000000000000000e+00,1.965464669370916295e-01
3.450000000000000000e+01,2.499754428863525460e-02,6.033757209777831920e-02,0.000000000000000000e+00,1.000000000000000000e+00,1.999391472788712709e-01
3.452000000000000313e+01,2.499731630086898804e-02,6.029618740081786610e-02,0.000000000000000000e+00,1.000000000000000000e+00,2.040984908301027301e-01
3.453999999999999915e+01,2.499705404043197840e-02,6.030555009841918890e-02,0.000000000000000000e+00,1.000000000000000000e+00,2.083341178704717633e-01
3.456000000000000227e+01,2.499716430902481148e-02,6.030347585678100253e-02,0.000000000000000000e+00,1.000000000000000000e+00,2.121195177875634941e-01
3.457999999999999829e+01,2.499592304229736328e-02,6.032220125198364119e-02,0.000000000000000000e+00,1.000000000000000000e+00,2.152333407770870288e-01
3.460000000000000142e+01,2.499674111604690760e-02,6.030887603759765153e-02,0.000000000000000000e+00,1.000000000000000000e+00,2.176296317493018329e-01
3.461999999999999744e+01,2.499583512544632097e-02,6.033262968063354131e-02,0.000000000000000000e+00,1.000000000000000000e+00,2.193058424785515048e-01
3.464000000000000057e+01,2.499584406614303866e-02,6.033138513565063088e-02,0.000000000000000000e+00,1.000000000000000000e+00,2.203595608775021919e-01
3.466000000000000369e+01,2.499566823244095057e-02,6.031931877136230413e-02,0.000000000000000000e+00,1.000000000000000000e+00,2.211034988871457274e-01
3.467999999999999972e+01,2.499547004699707170e-02,6.030376911163329995e-02,0.000000000000000000e+00,1.000000000000000000e+00,2.219835851936575455e-01
3.470000000000000284e+01,2.499571591615677019e-02,6.028775453567504494e-02,0.000000000000000000e+00,1.000000000000000000e+00,2.233041144069480566e-01
3.471999999999999886e+01,2.499552220106125017e-02,6.029045104980468306e-02,0.000000000000000000e+00,1.000000000000000000e+00,2.249525858209825702e-01
3.474000000000000199e+01,2.499660849571228027e-02,6.028414249420165766e-02,0.000000000000000000e+00,1.000000000000000000e+00,2.262489009212909907e-01
3.475999999999999801e+01,2.499469071626663277e-02,6.028887748718261830e-02,0.000000000000000000e+00,1.000000000000000000e+00,2.261900621184208260e-01
3.478000000000000114e+01,2.499739229679107805e-02,6.028779745101928156e-02,0.000000000000000000e+00,1.000000000000000000e+00,2.243038611075540145e-01
3.480000000000000426e+01,2.500227689743042200e-02,6.029449939727783009e-02,0.000000000000000000e+00,1.000000000000000000e+00,2.212455082042058263e-01
3.482000000000000028e+01,2.500208020210266391e-02,6.029382705688476202e-02,0.000000000000000000e+00,1.000000000000000000e+00,2.182179643763539345e-01
3.484000000000000341e+01,2.500486373901367188e-02,6.031240224838256558e-02,0.000000000000000000e+00,1.000000000000000000e+00,2.161089232226432733e-01
3.485999999999999943e+01,2.500528693199157923e-02,6.031873226165770929e-02,0.000000000000000000e+00,1.000000000000000000e+00,2.152133243350780600e-01
3.488000000000000256e+01,2.500525712966919153e-02,6.031276702880859070e-02,0.000000000000000000e+00,1.000000000000000000e+00,2.152438753144186034e-01
3.489999999999999858e+01,2.500497698783874650e-02,6.031871795654296375e-02,0.000000000000000000e+00,1.000000000000000000e+00,2.154131168529216378e-01
3.492000000000000171e+01,2.500517368316650460e-02,6.031663656234741155e-02,0.000000000000000000e+00,1.000000000000000000e+00,2.147829570752267936e-01
3.493999999999999773e+01,2.500548958778381348e-02,6.031426906585693470e-02,0.000000000000000000e+00,1.000000000000000000e+00,2.127648680715822360e-01
3.496000000000000085e+01,2.500579655170440813e-02,6.031227350234984880e-02,0.000000000000000000e+00,1.000000000000000000e+00,2.093081433454228035e-01
3.498000000000000398e+01,2.500305473804474016e-02,6.033342361450195340e-02,0.000000000000000000e+00,1.000000000000000000e+00,2.047568348332449994e-01
3.500000000000000000e+01,2.500318586826324671e-02,6.032978296279906810e-02,0.000000000000000000e+00,1.000000000000000000e+00,1.997055143547903366e-01
3.502000000000000313e+01,2.500319778919220248e-02,6.032994747161864874e-02,0.000000000000000000e+00,1.000000000000000000e+00,2.002812456114805850e-01
3.503999999999999915e+01,2.500466108322143763e-02,6.034094095230102539e-02,0.000000000000000000e+00,1.000000000000000000e+00,2.011627015277291652e-01
3.506000000000000227e+01,2.500356435775756905e-02,6.033248662948607899e-02,0.000000000000000000e+00,1.000000000000000000e+00,2.025795993947049622e-01
3.507999999999999829e+01,2.500324845314026018e-02,6.032931089401245145e-02,0.000000000000000000e+00,1.000000000000000000e+00,2.025192096894549709e-01
3.510000000000000142e+01,2.500394284725189487e-02,6.034069061279296459e-02,0.000000000000000000e+00,1.000000000000000000e+00,2.040953770706795956e-01
3.511999999999999744e+01,2.500371336936950753e-02,6.033120632171630471e-02,0.000000000000000000e+00,1.000000000000000000e+00,2.068380159422534559e-01
3.514000000000000057e+01,2.500372529029846330e-02,6.032936811447143360e-02,0.000000000000000000e+00,1.000000000000000000e+00,2.100929163296625379e-01
3.516000000000000369e+01,2.500407993793487757e-02,6.031686544418334711e-02,0.000000000000000000e+00,1.000000000000000000e+00,2.132882268640528545e-01
3.517999999999999972e+01,2.500444054603576799e-02,6.030652999877929299e-02,0.000000000000000000e+00,1.000000000000000000e+00,2.161247058911715258e-01
3.520000000000000284e+01,2.500475347042083879e-02,6.029247522354126004e-02,0.000000000000000000e+00,1.000000000000000000e+00,2.184951205636645744e-01
3.521999999999999886e+01,2.500452697277069300e-02,6.026252031326293640e-02,0.000000000000000000e+00,1.000000000000000000e+00,2.203310976395240484e-01
3.524000000000000199e+01,2.500495612621307651e-02,6.027296304702758900e-02,0.000000000000000000e+00,1.000000000000000000e+00,2.216446245507682211e-01
3.525999999999999801e+01,2.500464916229248186e-02,6.026798486709594727e-02,0.000000000000000000e+00,1.000000000000000000e+00,2.227194827236669838e-01
3.528000000000000114e+01,2.500382065773010254e-02,6.025458097457885714e-02,0.000000000000000000e+00,1.000000000000000000e+00,2.241245684440421049e-01
3.530000000000000426e+01,2.500253021717071741e-02,6.022472620010375921e-02,0.000000000000000000e+00,1.000000000000000000e+00,2.264316600309597138e-01
3.532000000000000028e+01,2.500233054161071777e-02,6.020592212677002009e-02,0.000000000000000000e+00,1.000000000000000000e+00,2.299150833303698349e-01
3.534000000000000341e+01,2.500281035900116244e-02,6.019157409667968278e-02,0.000000000000000000e+00,1.000000000000000000e+00,2.343454950210331622e-01
3.535999999999999943e+01,2.500762045383453369e-02,6.013872385025024331e-02,0.000000000000000000e+00,1.000000000000000000e+00,2.388256380786971389e-01
3.538000000000000256e+01,2.500560283660888811e-02,6.015037536621093556e-02,0.000000000000000000e+00,1.000000000000000000e+00,2.420431613418456418e-01
3.539999999999999858e+01,2.500667870044708321e-02,6.014702081680297491e-02,0.000000000000000000e+00,1.000000000000000000e+00,2.432432399126935596e-01
3.542000000000000171e+01,2.501079142093658517e-02,6.014192819595336886e-02,0.000000000000000000e+00,1.000000000000000000e+00,2.428715304657443064e-01
3.543999999999999773e+01,2.501214146614074915e-02,6.014264345169067355e-02,0.000000000000000000e+00,1.000000000000000000e+00,2.419811762972368940e-01
3.546000000000000085e+01,2.501276731491089075e-02,6.014438867568969171e-02,0.000000000000000000e+00,1.000000000000000000e+00,2.413682912873467423e-01
3.548000000000000398e+01,2.501217722892761300e-02,6.014010429382324330e-02,0.000000000000000000e+00,1.000000000000000000e+00,2.412593409439585113e-01
3.550000000000000000e+01,2.501233518123626917e-02,6.014516830444335826e-02,0.000000000000000000e+00,1.000000000000000000e+00,2.413606788397088254e-01
3.552000000000000313e+01,2.501283288002014230e-02,6.013355255126952986e-02,0.000000000000000000e+00,1.000000000000000000e+00,2.410470161753288931e-01
3.553999999999999915e+01,2.501199245452881068e-02,6.014187097549437977e-02,0.000000000000000000e+00,1.000000000000000000e+00,2.396383261106318496e-01
3.556000000000000227e+01,2.501275241374969691e-02,6.013649225234984907e-02,0.000000000000000000e+00,1.000000000000000000e+00,2.366419671564336247e-01
3.557999999999999829e+01,2.501220107078552454e-02,6.014037609100341547e-02,0.000000000000000000e+00,1.000000000000000000e+00,2.318916417481339531e-01
3.560000000000000142e+01,2.501204907894134799e-02,6.014260768890380970e-02,0.000000000000000000e+00,1.000000000000000000e+00,2.256786368586565783e-01
3.561999999999999744e+01,2.501184642314911027e-02,6.013906002044677734e-02,0.000000000000000000e+00,1.000000000000000000e+00,2.188306630514186002e-01
3.564000000000000057e+01,2.501152157783508370e-02,6.013669967651366632e-02,0.000000000000000000e+00,1.000000000000000000e+00,2.124799207877384466e-01
3.566000000000000369e+01,2.501176297664642334e-02,6.013835906982421819e-02,0.000000000000000000e+00,1.000000000000000000e+00,2.075679798405834497e-01
3.567999999999999972e+01,2.501112520694732944e-02,6.013277292251587025e-02,0.000000000000000000e+00,1.000000000000000000e+00,2.045383040221075699e-01
3.570000000000000284e+01,2.501152753829956332e-02,6.013838052749633650e-02,0.000000000000000000e+00,1.000000000000000000e+00,2.033738703547490201e-01
3.571999999999999886e+01,2.501194775104522913e-02,6.015263557434082087e-02,0.000000000000000000e+00,1.000000000000000000e+00,2.037224999039728701e-01
3.574000000000000199e+01,2.501206696033477991e-02,6.013761520385742243e-02,0.000000000000000000e+00,1.000000000000000000e+00,2.049900991937181061e-01
3.575999999999999801e+01,2.501205205917358607e-02,6.013803720474242970e-02,0.000000000000000000e+00,1.000000000000000000e+00,2.065381154078372306e-01
3.578000000000000114e+01,2.501083314418792863e-02,6.016596078872680359e-02,0.000000000000000000e+00,1.000000000000000000e+00,2.079419148627170144e-01
3.580000000000000426e+01,2.501085996627807825e-02,6.016480922698974609e-02,0.000000000000000000e+00,1.000000000000000000e+00,2.090287756789808160e-01
3.582000000000000028e+01,2.501095831394195557e-02,6.016879320144653126e-02,0.000000000000000000e+00,1.000000000000000000e+00,2.097120985888933919e-01
3.584000000000000341e+01,2.501006424427032471e-02,6.015744209289550226e-02,0.000000000000000000e+00,1.000000000000000000e+00,2.099394554771831511e-01
3.585999999999999943e+01,2.500996589660644739e-02,6.015656948089599665e-02,0.000000000000000000e+00,1.000000000000000000e+00,2.098864417520877601e-01
3.588000000000000256e+01,2.500712871551513672e-02,6.013169288635253351e-02,0.000000000000000000e+00,1.000000000000000000e+00,2.101195357103112504e-01
3.589999999999999858e+01,2.500526010990142961e-02,6.011206626892089816e-02,0.000000000000000000e+00,1.000000000000000000e+00,2.113950204815166489e-01
3.592000000000000171e+01,2.500851452350616455e-02,6.016257762908935186e-02,0.000000000000000000e+00,1.000000000000000000e+00,2.143077295981153096e-01
3.593999999999999773e+01,2.500691413879394670e-02,6.010410547256469366e-02,0.000000000000000000e+00,1.000000000000000000e+00,2.191206109884542563e-01
3.596000000000000085e+01,2.500711381435394287e-02,6.008926391601562139e-02,0.000000000000000000e+00,1.000000000000000000e+00,2.255966991973125391e-01
3.598000000000000398e+01,2.500795423984527796e-02,6.007480859756469255e-02,0.000000000000000000e+00,1.000000000000000000e+00,2.327168809277912753e-01
3.600000000000000000e+01,2.501225769519806186e-02,6.003526926040649025e-02,0.000000000000000000e+00,1.000000000000000000e+00,2.388586955770207187e-01
3.602000000000000313e+01,2.501005530357361048e-02,6.004811525344848355e-02,0.000000000000000000e+00,1.000000000000000000e+00,2.428337610882408681e-01
3.603999999999999915e+01,2.500974535942077775e-02,6.004930257797241183e-02,0.000000000000000000e+00,1.000000000000000000e+00,2.446706674024649031e-01
3.606000000000000227e+01,2.500641345977783203e-02,6.005732059478759849e-02,0.000000000000000000e+00,1.000000000000000000e+00,2.451960024391419135e-01
3.607999999999999829e+01,2.500936090946197579e-02,6.005411624908447293e-02,0.000000000000000000e+00,1.000000000000000000e+00,2.452328417956190221e-01
3.610000000000000142e+01,2.501063644886017054e-02,6.005484580993652316e-02,0.000000000000000000e+00,1.000000000000000000e+00,2.452338156843328898e-01
3.611999999999999744e+01,2.501119077205658098e-02,6.005760669708251620e-02,0.000000000000000000e+00,1.000000000000000000e+00,2.452805098775092396e-01
3.614000000000000057e+01,2.501152157783508370e-02,6.005282878875731895e-02,0.000000000000000000e+00,1.000000000000000000e+00,2.451745339200564200e-01
3.616000000000000369e+01,2.501259744167327881e-02,6.004864454269408930e-02,0.000000000000000000e+00,1.000000000000000000e+00,2.444911800001202118e-01
3.617999999999999972e+01,2.501241266727447649e-02,6.004908084869384211e-02,0.000000000000000000e+00,1.000000000000000000e+00,2.426277105056447170e-01
3.620000000000000284e+01,2.501224279403686801e-02,6.005024671554565208e-02,0.000000000000000000e+00,1.000000000000000000e+00,2.390138590387820283e-01
3.621999999999999886e+01,2.501256465911865304e-02,6.005088329315185630e-02,0.000000000000000000e+00,1.000000000000000000e+00,2.335785397534930197e-01
3.624000000000000199e+01,2.501255571842193881e-02,6.005086183547973105e-02,0.000000000000000000e+00,1.000000000000000000e+00,2.270973060213932193e-01
3.625999999999999801e+01,2.501257359981537073e-02,6.005092620849609292e-02,0.000000000000000000e+00,1.000000000000000000e+00,2.208443836177155228e-01
3.628000000000000114e+01,2.501071095466613978e-02,6.004121303558349054e-02,0.000000000000000000e+00,1.000000000000000000e+00,2.158368205824382491e-01
3.630000000000000426e+01,2.501181066036224643e-02,6.005132675170898188e-02,0.000000000000000000e+00,1.000000000000000000e+00,2.124804470434527581e-01
3.632000000000000028e+01,2.501170337200164795e-02,6.004853010177611805e-02,0.000000000000000000e+00,1.000000000000000000e+00,2.106797660581803122e-01
3.634000000000000341e+01,2.501181364059448450e-02,6.004395246505737221e-02,0.000000000000000000e+00,1.000000000000000000e+00,2.100205749491835527e-01
3.635999999999999943e+01,2.501190006732940951e-02,6.004290103912353349e-02,0.000000000000000000e+00,1.000000000000000000e+00,2.099403826110786686e-01
3.638000000000000256e+01,2.501256465911865304e-02,6.003755092620849387e-02,0.000000000000000000e+00,1.000000000000000000e+00,2.099621625344945119e-01
3.639999999999999858e+01,2.501361072063446045e-02,6.002906084060669056e-02,0.000000000000000000e+00,1.000000000000000000e+00,2.098262218331512774e-01
3.642000000000000171e+01,2.501369416713714738e-02,6.002603530883789118e-02,0.000000000000000000e+00,1.000000000000000000e+00,2.093787154924305061e-01
3.643999999999999773e+01,2.501385509967804163e-02,6.002726554870604914e-02,0.000000000000000000e+00,1.000000000000000000e+00,2.084421307525185785e-01
3.646000000000000085e+01,2.501265108585357805e-02,6.002172231674193781e-02,0.000000000000000000e+00,1.000000000000000000e+00,2.069497233132177316e-01
3.648000000000000398e+01,2.501111030578613559e-02,6.001459121704101618e-02,0.000000000000000000e+00,1.000000000000000000e+00,2.052673658832685488e-01
3.650000000000000000e+01,2.501449584960937708e-02,6.003357410430908148e-02,0.000000000000000000e+00,1.000000000000000000e+00,2.042200358329341603e-01
3.652000000000000313e+01,2.501722574234008928e-02,6.005422353744506447e-02,0.000000000000000000e+00,1.000000000000000000e+00,2.046698768620288655e-01
3.653999999999999915e+01,2.501696348190307617e-02,6.005118370056151955e-02,0.000000000000000000e+00,1.000000000000000000e+00,2.071818380681914595e-01
3.656000000000000227e+01,2.501714527606964389e-02,6.005534648895263783e-02,0.000000000000000000e+00,1.000000000000000000e+00,2.119640123307587054e-01
3.657999999999999829e+01,2.501738369464874545e-02,6.014017581939697099e-02,0.000000000000000000e+00,1.000000000000000000e+00,2.187123650846106160e-01
3.660000000000000142e+01,2.502009868621826380e-02,6.006400108337402177e-02,0.000000000000000000e+00,1.000000000000000000e+00,2.263363101795853038e-01
3.661999999999999744e+01,2.501361072063446045e-02,6.015357255935668834e-02,0.000000000000000000e+00,1.000000000000000000e+00,2.331666527201131933e-01
3.664000000000000057e+01,2.501163184642792026e-02,6.017205476760863897e-02,0.000000000000000000e+00,1.000000000000000000e+00,2.378698614993770832e-01
3.666000000000000369e+01,2.501266002655029574e-02,6.016456604003905806e-02,0.000000000000000000e+00,1.000000000000000000e+00,2.401428064176621691e-01
3.667999999999999972e+01,2.501406669616699358e-02,6.015550374984741239e-02,0.000000000000000000e+00,1.000000000000000000e+00,2.405321784775686644e-01
3.670000000000000284e+01,2.501570582389831682e-02,6.014451742172240850e-02,0.000000000000000000e+00,1.000000000000000000e+00,2.398962292473774682e-01
3.671999999999999886e+01,2.501647174358367920e-02,6.013744354248046903e-02,0.000000000000000000e+00,1.000000000000000000e+00,2.390458481716445371e-01
3.674000000000000199e+01,2.501657009124755998e-02,6.013528347015380943e-02,0.000000000000000000e+00,1.000000000000000000e+00,2.385681730048188343e-01
3.675999999999999801e+01,2.501654922962188998e-02,6.014542579650878490e-02,0.000000000000000000e+00,1.000000000000000000e+00,2.387081958544051141e-01
3.678000000000000114e+01,2.501654326915741036e-02,6.015164136886596430e-02,0.000000000000000000e+00,1.000000000000000000e+00,2.392753529066095342e-01
3.680000000000000426e+01,2.501654922962188998e-02,6.015152692794799305e-02,0.000000000000000000e+00,1.000000000000000000e+00,2.396079345129481786e-01
3.682000000000000028e+01,2.501534223556518832e-02,6.016120433807373158e-02,0.000000000000000000e+00,1.000000000000000000e+00,2.387658472314027891e-01
3.684000000000000341e+01,2.501620054244995187e-02,6.015820026397705050e-02,0.000000000000000000e+00,1.000000000000000000e+00,2.361541533622725231e-01
3.685999999999999943e+01,2.501473724842071672e-02,6.015994548797606867e-02,0.000000000000000000e+00,1.000000000000000000e+00,2.321465052325205058e-01
3.688000000000000256e+01,2.501487731933593750e-02,6.016003131866454884e-02,0.000000000000000000e+00,1.000000000000000000e+00,2.278304640916558321e-01
3.689999999999999858e+01,2.501329779624938965e-02,6.015558242797851285e-02,0.000000000000000000e+00,1.000000000000000000e+00,2.241673155972550291e-01
3.692000000000000171e+01,2.501406073570251742e-02,6.016191959381103627e-02,0.000000000000000000e+00,1.000000000000000000e+00,2.215670048860921282e-01
3.693999999999999773e+01,2.501395642757416049e-02,6.016610383987426591e-02,0.000000000000000000e+00,1.000000000000000000e+00,2.199646103420556664e-01
3.696000000000000085e+01,2.501533925533294678e-02,6.015842914581298606e-02,0.000000000000000000e+00,1.000000000000000000e+00,2.190336406602009511e-01
3.698000000000000398e+01,2.501496374607086251e-02,6.015921592712401844e-02,0.000000000000000000e+00,1.000000000000000000e+00,2.184214679855527863e-01
3.700000000000000000e+01,2.501591145992279261e-02,6.015900850296020119e-02,0.000000000000000000e+00,1.000000000000000000e+00,2.179165019629010214e-01
3.702000000000000313e+01,2.501591145992279261e-02,6.015900850296020119e-02,4.000000000000000000e+00,1.000000000000000000e+00,2.173569122380958618e-01
3.703999999999999915e+01,2.501591145992279261e-02,6.015900850296020119e-02,6.000000000000000000e+00,1.000000000000000000e+00,2.165013615668660574e-01
3.706000000000000227e+01,2.501591145992279261e-02,6.015900850296020119e-02,7.000000000000000000e+00,1.000000000000000000e+00,2.150778597887524068e-01
3.707999999999999829e+01,2.501887083053588867e-02,6.015994548797606867e-02,0.000000000000000000e+00,1.000000000000000000e+00,2.129051447837370936e-01
3.710000000000000142e+01,2.502542436122894356e-02,6.017161846160888616e-02,0.000000000000000000e+00,1.000000000000000000e+00,2.103643715394396541e-01
3.711999999999999744e+01,2.502527832984924316e-02,6.017113924026488980e-02,0.000000000000000000e+00,1.000000000000000000e+00,2.083859640874315688e-01
3.714000000000000057e+01,2.503233253955841273e-02,6.020808935165405246e-02,0.000000000000000000e+00,1.000000000000000000e+00,2.078613419667859896e-01
3.716000000000000369e+01,2.503010332584381173e-02,6.018912076950073270e-02,0.000000000000000000e+00,1.000000000000000000e+00,2.093095551964048173e-01
3.717999999999999972e+01,2.503208816051483154e-02,6.022058486938476618e-02,0.000000000000000000e+00,1.000000000000000000e+00,2.128364307160900692e-01
3.720000000000000284e+01,2.503269314765930315e-02,6.025151252746582115e-02,0.000000000000000000e+00,1.000000000000000000e+00,2.180380743010755518e-01
3.721999999999999886e+01,2.503288090229034701e-02,6.023981809616088534e-02,0.000000000000000000e+00,1.000000000000000000e+00,2.238911497888401714e-01
3.724000000000000199e+01,2.503492236137390414e-02,6.019394874572753934e-02,0.000000000000000000e+00,1.000000000000000000e+00,2.289963733475720020e-01
3.725999999999999801e+01,2.503536641597747803e-02,6.018702507019042802e-02,0.000000000000000000e+00,1.000000000000000000e+00,2.321746467740785635e-01
3.728000000000000114e+01,2.503444254398345947e-02,6.020004272460937472e-02,0.000000000000000000e+00,1.000000000000000000e+00,2.329380794375358332e-01
3.730000000000000426e+01,2.503617107868194580e-02,6.017241954803466408e-02,0.000000000000000000e+00,1.000000000000000000e+00,2.315924668911085449e-01
3.732000000000000028e+01,2.503589987754821847e-02,6.017915725708007646e-02,0.000000000000000000e+00,1.000000000000000000e+00,2.290780594904321399e-01
3.734000000000000341e+01,2.503575086593627999e-02,6.018943548202514149e-02,0.000000000000000000e+00,1.000000000000000000e+00,2.265947020982502780e-01
3.735999999999999943e+01,2.503576874732971191e-02,6.020740270614623885e-02,0.000000000000000000e+00,1.000000000000000000e+00,2.251210737247219262e-01
3.738000000000000256e+01,2.503575086593627999e-02,6.021773099899292020e-02,0.000000000000000000e+00,1.000000000000000000e+00,2.251225675104946422e-01
3.739999999999999858e+01,2.503601312637329310e-02,6.020653724670409906e-02,0.000000000000000000e+00,1.000000000000000000e+00,2.265142734812211622e-01
3.742000000000000171e+01,2.503493428230285645e-02,6.022385358810424666e-02,0.000000000000000000e+00,1.000000000000000000e+00,2.286686919374457672e-01
3.743999999999999773e+01,2.503507435321808069e-02,6.022267341613769115e-02,0.000000000000000000e+00,1.000000000000000000e+00,2.305107100180217028e-01
3.746000000000000085e+01,2.503239512443542619e-02,6.023585557937621848e-02,0.000000000000000000e+00,1.000000000000000000e+00,2.310720543935447790e-01
3.748000000000000398e+01,2.503309845924377511e-02,6.023382425308227567e-02,0.000000000000000000e+00,1.000000000000000000e+00,2.302368483011212608e-01
3.750000000000000000e+01,2.502949535846710205e-02,6.023878812789916493e-02,0.000000000000000000e+00,1.000000000000000000e+00,2.286854616524962580e-01
3.752000000000000313e+01,2.502948343753814975e-02,6.023878812789916493e-02,0.000000000000000000e+00,1.000000000000000000e+00,2.271650553417035590e-01
3.753999999999999915e+01,2.502972781658172746e-02,6.023984670639037642e-02,0.000000000000000000e+00,1.000000000000000000e+00,2.260416138351945270e-01
3.756000000000000227e+01,2.503078877925872872e-02,6.023735761642455555e-02,0.000000000000000000e+00,1.000000000000000000e+00,2.253231853393270756e-01
3.757999999999999829e+01,2.503156661987304688e-02,6.023760080337524359e-02,0.000000000000000000e+00,1.000000000000000000e+00,2.248887384972205472e-01
3.760000000000000142e+01,2.503316700458526819e-02,6.024054050445556280e-02,0.000000000000000000e+00,1.000000000000000000e+00,2.247030365959063747e-01
3.761999999999999744e+01,2.503330409526825090e-02,6.024105548858642301e-02,0.000000000000000000e+00,1.000000000000000000e+00,2.248261856335529718e-01
3.764000000000000057e+01,2.503225803375244349e-02,6.023283004760741910e-02,0.000000000000000000e+00,1.000000000000000000e+00,2.252210791558250935e-01
3.766000000000000369e+01,2.503238320350647042e-02,6.023946046829223300e-02,0.000000000000000000e+00,1.000000000000000000e+00,2.255711877836862334e-01
3.767999999999999972e+01,2.503092885017395297e-02,6.025403738021850586e-02,0.000000000000000000e+00,1.000000000000000000e+00,2.253262315618219658e-01
3.770000000000000284e+01,2.503680288791656702e-02,6.023442506790160911e-02,0.000000000000000000e+00,1.000000000000000000e+00,2.241016671581340935e-01
3.771999999999999886e+01,2.503541111946105957e-02,6.023556947708129383e-02,0.000000000000000000e+00,1.000000000000000000e+00,2.221451392559372628e-01
3.774000000000000199e+01,2.503411173820495675e-02,6.023426055908202847e-02,0.000000000000000000e+00,1.000000000000000000e+00,2.202569749911622854e-01
3.775999999999999801e+01,2.503406107425689905e-02,6.023411750793456615e-02,0.000000000000000000e+00,1.000000000000000000e+00,2.192502502749877069e-01
3.778000000000000114e+01,2.503626942634582658e-02,6.024653434753417941e-02,0.000000000000000000e+00,1.000000000000000000e+00,2.195852879304856509e-01
3.780000000000000426e+01,2.503447234630584717e-02,6.022750139236449779e-02,0.000000000000000000e+00,1.000000000000000000e+00,2.212966118858115394e-01
3.782000000000000028e+01,2.503454387187957833e-02,6.022928237915038674e-02,0.000000000000000000e+00,1.000000000000000000e+00,2.239970870182915186e-01
3.784000000000000341e+01,2.503453493118286410e-02,6.022735118865966270e-02,0.000000000000000000e+00,1.000000000000000000e+00,2.269310624922519226e-01
3.785999999999999943e+01,2.503429651260376254e-02,6.024192810058593556e-02,0.000000000000000000e+00,1.000000000000000000e+00,2.291409194474165467e-01
3.788000000000000256e+01,2.503471970558166643e-02,6.022301673889159795e-02,0.000000000000000000e+00,1.000000000000000000e+00,2.297113215310081502e-01
3.789999999999999858e+01,2.503493726253509799e-02,6.020687341690063310e-02,0.000000000000000000e+00,1.000000000000000000e+00,2.280768466144008633e-01
3.792000000000000171e+01,2.503480017185211182e-02,6.018109560012817327e-02,0.000000000000000000e+00,1.000000000000000000e+00,2.244092894861101917e-01
3.793999999999999773e+01,2.503510713577270647e-02,6.019403457641601257e-02,0.000000000000000000e+00,1.000000000000000000e+00,2.197799717745061998e-01
3.796000000000000085e+01,2.503491938114166260e-02,6.018814802169799444e-02,0.000000000000000000e+00,1.000000000000000000e+00,2.156670489249292999e-01
3.798000000000000398e+01,2.503571808338165422e-02,6.021877527236937921e-02,0.000000000000000000e+00,1.000000000000000000e+00,2.131695285314453014e-01
3.800000000000000000e+01,2.503554224967956612e-02,6.019179582595825251e-02,0.000000000000000000e+00,1.000000000000000000e+00,2.127078608636059076e-01
3.802000000000000313e+01,2.503449916839599679e-02,6.023539066314696766e-02,0.000000000000000000e+00,1.000000000000000000e+00,2.141624372929969988e-01
3.803999999999999915e+01,2.503596544265747348e-02,6.021228075027465487e-02,0.000000000000000000e+00,1.000000000000000000e+00,2.169346336373108863e-01
3.806000000000000227e+01,2.503579258918762346e-02,6.021381855010986273e-02,0.000000000000000000e+00,1.000000000000000000e+00,2.199643850220095453e-01
3.807999999999999829e+01,2.503267526626587122e-02,6.023183584213256947e-02,0.000000000000000000e+00,1.000000000000000000e+00,2.222032433238825266e-01
3.810000000000000142e+01,2.503421604633331368e-02,6.022567033767699946e-02,0.000000000000000000e+00,1.000000000000000000e+00,2.233075244385773761e-01
3.811999999999999744e+01,2.503271400928497314e-02,6.023006916046142606e-02,0.000000000000000000e+00,1.000000000000000000e+00,2.236322935385492983e-01
3.814000000000000057e+01,2.503093779087066720e-02,6.023470401763916099e-02,0.000000000000000000e+00,1.000000000000000000e+00,2.236623465481444306e-01
3.816000000000000369e+01,2.503128945827484339e-02,6.022955417633056585e-02,0.000000000000000000e+00,1.000000000000000000e+00,2.236622178398065819e-01
3.817999999999999972e+01,2.502993941307067940e-02,6.022549867630004605e-02,0.000000000000000000e+00,1.000000000000000000e+00,2.237233250625661474e-01
3.820000000000000284e+01,2.502955496311187744e-02,6.022434711456298856e-02,0.000000000000000000e+00,1.000000000000000000e+00,2.239708865836380625e-01
3.821999999999999886e+01,2.502856552600860734e-02,6.022027015686035045e-02,0.000000000000000000e+00,1.000000000000000000e+00,2.246488778780681983e-01
3.824000000000000199e+01,2.502884864807129045e-02,6.022207975387573048e-02,0.000000000000000000e+00,1.000000000000000000e+00,2.259812193031126293e-01
3.825999999999999801e+01,2.502946853637695590e-02,6.022950410842894953e-02,0.000000000000000000e+00,1.000000000000000000e+00,2.279574987184192769e-01
3.828000000000000114e+01,2.502894401550292969e-02,6.019627332687377957e-02,0.000000000000000000e+00,1.000000000000000000e+00,2.302021347933310147e-01
3.830000000000000426e+01,2.502831518650055001e-02,6.020791769027709905e-02,0.000000000000000000e+00,1.000000000000000000e+00,2.320538411347179975e-01
3.832000000000000028e+01,2.502746880054473877e-02,6.021405458450317105e-02,0.000000000000000000e+00,1.000000000000000000e+00,2.329552264760194336e-01
3.834000000000000341e+01,2.502947449684143205e-02,6.020654439926147183e-02,0.000000000000000000e+00,1.000000000000000000e+00,2.328781859196910053e-01
3.835999999999999943e+01,2.502782642841339111e-02,6.020929098129271934e-02,0.000000000000000000e+00,1.000000000000000000e+00,2.322908147412053592e-01
3.838000000000000256e+01,2.502541244029998779e-02,6.020902633666991993e-02,0.000000000000000000e+00,1.000000000000000000e+00,2.317517683499537851e-01
3.839999999999999858e+01,2.502638399600982944e-02,6.021113634109497015e-02,0.000000000000000000e+00,1.000000000000000000e+00,2.316042688797583793e-01
3.842000000000000171e+01,2.502725720405578683e-02,6.021581411361694169e-02,0.000000000000000000e+00,1.000000000000000000e+00,2.319135379121567697e-01
3.843999999999999773e+01,2.502695918083190987e-02,6.021234512329101674e-02,0.000000000000000000e+00,1.000000000000000000e+00,2.325196996801405513e-01
3.846000000000000085e+01,2.502682209014892717e-02,6.020899772644042885e-02,0.000000000000000000e+00,1.000000000000000000e+00,2.330794010770113889e-01
3.848000000000000398e+01,2.502617239952087402e-02,6.018834829330443892e-02,0.000000000000000000e+00,1.000000000000000000e+00,2.330489525414410068e-01
3.850000000000000000e+01,2.502672374248504639e-02,6.020013570785522072e-02,0.000000000000000000e+00,1.000000000000000000e+00,2.317021721459878725e-01
3.852000000000000313e+01,2.502774894237518380e-02,6.021436929702758678e-02,0.000000000000000000e+00,1.000000000000000000e+00,2.284200070185048725e-01
3.853999999999999915e+01,2.502849698066711426e-02,6.022268056869506392e-02,0.000000000000000000e+00,1.000000000000000000e+00,2.233147115209289379e-01
3.856000000000000227e+01,2.502575814723968783e-02,6.019272565841674721e-02,0.000000000000000000e+00,1.000000000000000000e+00,2.175466516961624963e-01
3.857999999999999829e+01,2.502420842647552768e-02,6.017262697219848133e-02,0.000000000000000000e+00,1.000000000000000000e+00,2.126494663017087783e-01
3.860000000000000142e+01,2.502151131629944125e-02,6.012034177780151145e-02,0.000000000000000000e+00,1.000000000000000000e+00,2.096096508053271190e-01
3.861999999999999744e+01,2.502212524414062708e-02,6.015259265899657731e-02,0.000000000000000000e+00,1.000000000000000000e+00,2.086970352264858886e-01
3.864000000000000057e+01,2.502177059650421281e-02,6.017200469970702958e-02,0.000000000000000000e+00,1.000000000000000000e+00,2.096976517222923497e-01
3.866000000000000369e+01,2.502161264419555664e-02,6.017464399337768555e-02,0.000000000000000000e+00,1.000000000000000000e+00,2.119548490272580576e-01
3.867999999999999972e+01,2.502400279045105189e-02,6.015183448791503601e-02,0.000000000000000000e+00,1.000000000000000000e+00,2.144257542345638368e-01
3.870000000000000284e+01,2.502093017101288119e-02,6.017176866531372126e-02,0.000000000000000000e+00,1.000000000000000000e+00,2.161938341850439815e-01
3.871999999999999886e+01,2.502107322216034005e-02,6.017106771469116211e-02,0.000000000000000000e+00,1.000000000000000000e+00,2.169963293044812891e-01
3.874000000000000199e+01,2.502100169658660889e-02,6.017138242721557090e-02,0.000000000000000000e+00,1.000000000000000000e+00,2.170972920686924379e-01
3.875999999999999801e+01,2.502076327800750732e-02,6.017272710800170704e-02,0.000000000000000000e+00,1.000000000000000000e+00,2.168494984866918551e-01
3.878000000000000114e+01,2.502077817916870117e-02,6.017352819442748496e-02,0.000000000000000000e+00,1.000000000000000000e+00,2.165101203252667306e-01
3.880000000000000426e+01,2.502004802227020264e-02,6.016950130462646318e-02,0.000000000000000000e+00,1.000000000000000000e+00,2.163308355266098937e-01
3.882000000000000028e+01,2.501829266548157016e-02,6.016103982925415095e-02,0.000000000000000000e+00,1.000000000000000000e+00,2.166565458448743153e-01
3.884000000000000341e+01,2.501951158046722412e-02,6.016826391220092551e-02,0.000000000000000000e+00,1.000000000000000000e+00,2.178517794151984821e-01
3.885999999999999943e+01,2.501763105392456124e-02,6.015200614929198941e-02,0.000000000000000000e+00,1.000000000000000000e+00,2.201255658092269030e-01
3.888000000000000256e+01,2.501666247844696114e-02,6.013659238815307478e-02,0.000000000000000000e+00,1.000000000000000000e+00,2.233878671097456470e-01
3.889999999999999858e+01,2.501655817031860421e-02,6.012837409973144365e-02,0.000000000000000000e+00,1.000000000000000000e+00,2.271890707616745497e-01
3.892000000000000171e+01,2.501592338085174838e-02,6.014624118804931530e-02,0.000000000000000000e+00,1.000000000000000000e+00,2.308418273746347116e-01
3.893999999999999773e+01,2.501708567142486850e-02,6.013217926025390264e-02,0.000000000000000000e+00,1.000000000000000000e+00,2.337658985110008802e-01
3.896000000000000085e+01,2.501564025878906528e-02,6.014333009719848716e-02,0.000000000000000000e+00,1.000000000000000000e+00,2.357696435988221040e-01
3.898000000000000398e+01,2.501466274261474748e-02,6.014892339706420787e-02,0.000000000000000000e+00,1.000000000000000000e+00,2.369856882093427930e-01
3.900000000000000000e+01,2.501677870750427385e-02,6.013896703720092440e-02,0.000000000000000000e+00,1.000000000000000000e+00,2.376312065963357700e-01
3.902000000000000313e+01,2.501809000968933244e-02,6.013323783874511413e-02,0.000000000000000000e+00,1.000000000000000000e+00,2.379219940188815607e-01
3.903999999999999915e+01,2.501862049102783481e-02,6.013072013854980219e-02,0.000000000000000000e+00,1.000000000000000000e+00,2.380537625519675848e-01
3.906000000000000227e+01,2.501881718635559290e-02,6.012964010238647239e-02,0.000000000000000000e+00,1.000000000000000000e+00,2.381200822843610732e-01
3.907999999999999829e+01,2.501941025257110873e-02,6.012742280960083063e-02,0.000000000000000000e+00,1.000000000000000000e+00,2.381487686198486831e-01
3.910000000000000142e+01,2.501969635486602991e-02,6.012718677520751537e-02,0.000000000000000000e+00,1.000000000000000000e+00,2.378908901689377187e-01
3.911999999999999744e+01,2.502085268497467041e-02,6.012825965881347240e-02,0.000000000000000000e+00,1.000000000000000000e+00,2.366655880961046898e-01
3.914000000000000057e+01,2.501802146434783936e-02,6.012221574783324640e-02,0.000000000000000000e+00,1.000000000000000000e+00,2.337459809377923081e-01
3.916000000000000369e+01,2.501243948936462611e-02,6.010376930236815962e-02,0.000000000000000000e+00,1.000000000000000000e+00,2.291312586079779778e-01
3.917999999999999972e+01,2.501199245452881068e-02,6.010163784027099110e-02,0.000000000000000000e+00,1.000000000000000000e+00,2.239017918717220723e-01
3.920000000000000284e+01,2.501108944416046212e-02,6.009529352188110185e-02,0.000000000000000000e+00,1.000000000000000000e+00,2.194539179601393275e-01
3.921999999999999886e+01,2.500905990600586076e-02,6.007188320159911887e-02,0.000000000000000000e+00,1.000000000000000000e+00,2.166263699462311898e-01
3.924000000000000199e+01,2.500973641872406006e-02,6.008993625640868946e-02,0.000000000000000000e+00,1.000000000000000000e+00,2.155931826645607619e-01
3.925999999999999801e+01,2.500990331172943393e-02,6.007040262222290011e-02,0.000000000000000000e+00,1.000000000000000000e+00,2.160285166526975664e-01
3.928000000000000114e+01,2.500887215137481689e-02,6.008976459503173606e-02,0.000000000000000000e+00,1.000000000000000000e+00,2.171504427229133949e-01
3.930000000000000426e+01,2.500506341457367152e-02,6.012868165969848661e-02,0.000000000000000000e+00,1.000000000000000000e+00,2.179524578579088157e-01
3.932000000000000028e+01,2.500629425048828125e-02,6.011994838714599526e-02,0.000000000000000000e+00,1.000000000000000000e+00,2.177519640685962876e-01
3.934000000000000341e+01,2.500666379928588937e-02,6.011783838272094505e-02,0.000000000000000000e+00,1.000000000000000000e+00,2.164807948105368640e-01
3.935999999999999943e+01,2.500749230384826868e-02,6.011311054229736411e-02,0.000000000000000000e+00,1.000000000000000000e+00,2.144585681804187238e-01
3.938000000000000256e+01,2.500909268856048653e-02,6.009665966033935630e-02,0.000000000000000000e+00,1.000000000000000000e+00,2.121025765522216999e-01
3.939999999999999858e+01,2.500894665718078613e-02,6.009346246719360352e-02,0.000000000000000000e+00,1.000000000000000000e+00,2.098638785564395370e-01
3.942000000000000171e+01,2.500803172588348527e-02,6.008706808090209794e-02,0.000000000000000000e+00,1.000000000000000000e+00,2.082487808219817826e-01
3.943999999999999773e+01,2.500694096088409632e-02,6.008015155792235940e-02,0.000000000000000000e+00,1.000000000000000000e+00,2.077388928922632438e-01
3.946000000000000085e+01,2.500541210174560616e-02,6.006829261779784990e-02,0.000000000000000000e+00,1.000000000000000000e+00,2.086455415132299762e-01
3.948000000000000398e+01,2.500427663326263567e-02,6.005533933639525812e-02,0.000000000000000000e+00,1.000000000000000000e+00,2.110133882449472809e-01
3.950000000000000000e+01,2.500504553318023959e-02,6.007224082946777122e-02,0.000000000000000000e+00,1.000000000000000000e+00,2.145729009377017327e-01
3.952000000000000313e+01,2.500500082969665805e-02,6.006506681442260603e-02,0.000000000000000000e+00,1.000000000000000000e+00,2.187616296865581567e-01
3.953999999999999915e+01,2.500613629817962855e-02,6.002376079559326033e-02,0.000000000000000000e+00,1.000000000000000000e+00,2.229212530082134991e-01
3.956000000000000227e+01,2.500526607036590576e-02,6.004013299942016074e-02,0.000000000000000000e+00,1.000000000000000000e+00,2.265862156295376240e-01
3.957999999999999829e+01,2.500438988208771030e-02,6.005338668823242271e-02,0.000000000000000000e+00,1.000000000000000000e+00,2.295740761755520609e-01
3.960000000000000142e+01,2.500323951244354248e-02,6.007214784622191828e-02,0.000000000000000000e+00,1.000000000000000000e+00,2.318458361651957178e-01
3.961999999999999744e+01,2.500317990779876709e-02,6.007370710372924444e-02,0.000000000000000000e+00,1.000000000000000000e+00,2.334055028220372863e-01
3.964000000000000057e+01,2.500318884849548479e-02,6.007222652435302568e-02,0.000000000000000000e+00,1.000000000000000000e+00,2.343835346371769823e-01
3.966000000000000369e+01,2.500334382057189941e-02,6.008230447769164623e-02,0.000000000000000000e+00,1.000000000000000000e+00,2.351326876949100253e-01
3.967999999999999972e+01,2.500347197055816789e-02,6.009176731109618780e-02,0.000000000000000000e+00,1.000000000000000000e+00,2.360960604563794585e-01
3.970000000000000284e+01,2.500350177288055559e-02,6.008970737457275391e-02,0.000000000000000000e+00,1.000000000000000000e+00,2.375080832015201426e-01
3.971999999999999886e+01,2.500297725200653284e-02,6.009701728820800865e-02,0.000000000000000000e+00,1.000000000000000000e+00,2.391446220903573061e-01
3.974000000000000199e+01,2.500130534172058383e-02,6.010660171508788729e-02,0.000000000000000000e+00,1.000000000000000000e+00,2.402424821221397222e-01
3.975999999999999801e+01,2.499503344297409127e-02,6.012163639068603127e-02,0.000000000000000000e+00,1.000000000000000000e+00,2.398408797865747011e-01
3.978000000000000114e+01,2.499380111694336076e-02,6.012204408645629994e-02,0.000000000000000000e+00,1.000000000000000000e+00,2.376489373632676150e-01
3.980000000000000426e+01,2.499151378870010515e-02,6.011877536773681252e-02,0.000000000000000000e+00,1.000000000000000000e+00,2.344902341656241729e-01
3.982000000000000028e+01,2.499669790267944336e-02,6.013668537139892079e-02,0.000000000000000000e+00,1.000000000000000000e+00,2.315866642599471170e-01
3.984000000000000341e+01,2.499773353338241577e-02,6.014359474182128656e-02,0.000000000000000000e+00,1.000000000000000000e+00,2.297211241768560286e-01
3.985999999999999943e+01,2.499874830245971818e-02,6.015860080718993946e-02,0.000000000000000000e+00,1.000000000000000000e+00,2.290453893666448137e-01
3.988000000000000256e+01,2.499888539314270089e-02,6.018190383911132396e-02,0.000000000000000000e+00,1.000000000000000000e+00,2.291571949325166835e-01
3.989999999999999858e+01,2.499703615903854648e-02,6.022142887115478072e-02,0.000000000000000000e+00,1.000000000000000000e+00,2.292338012084204901e-01
3.992000000000000171e+01,2.499948889017105172e-02,6.019538640975952148e-02,0.000000000000000000e+00,1.000000000000000000e+00,2.283912487843941796e-01
3.993999999999999773e+01,2.500238120555877894e-02,6.017387866973876454e-02,0.000000000000000000e+00,1.000000000000000000e+00,2.261292601106899558e-01
3.996000000000000085e+01,2.500293850898742745e-02,6.017030954360961387e-02,0.000000000000000000e+00,1.000000000000000000e+00,2.224611185789252543e-01
3.998000000000000398e+01,2.500232458114624162e-02,6.017500877380371066e-02,0.000000000000000000e+00,1.000000000000000000e+00,2.177675126949688567e-01
4.000000000000000000e+01,2.500225901603699008e-02,6.017680406570434515e-02,0.000000000000000000e+00,1.000000000000000000e+00,2.126770177995432609e-01
4.002000000000000313e+01,2.500178515911102503e-02,6.017075300216674638e-02,0.000000000000000000e+00,1.000000000000000000e+00,2.079835848079941429e-01
4.003999999999999915e+01,2.500182092189788888e-02,6.017101049423217302e-02,0.000000000000000000e+00,1.000000000000000000e+00,2.044510217132639585e-01
4.006000000000000227e+01,2.500380277633667062e-02,6.018624544143676841e-02,0.000000000000000000e+00,1.000000000000000000e+00,2.025795993947059892e-01
4.007999999999999829e+01,2.500410974025726527e-02,6.018933534622192272e-02,0.000000000000000000e+00,1.000000000000000000e+00,2.025192096894560256e-01
4.010000000000000142e+01,2.500503361225128382e-02,6.020426273345946822e-02,0.000000000000000000e+00,1.000000000000000000e+00,2.040953770706786241e-01
4.011999999999999744e+01,2.500503063201904574e-02,6.020411252975463312e-02,0.000000000000000000e+00,1.000000000000000000e+00,2.068380159422509024e-01
4.014000000000000057e+01,2.500501871109008997e-02,6.020580768585204884e-02,0.000000000000000000e+00,1.000000000000000000e+00,2.100929163296605118e-01
4.016000000000000369e+01,2.500540018081665039e-02,6.019217491149902316e-02,0.000000000000000000e+00,1.000000000000000000e+00,2.132882268640529932e-01
4.017999999999999972e+01,2.500580251216888428e-02,6.018056631088256753e-02,0.000000000000000000e+00,1.000000000000000000e+00,2.161247058911715535e-01
4.020000000000000284e+01,2.500561773777008195e-02,6.018915653228759655e-02,0.000000000000000000e+00,1.000000000000000000e+00,2.184951205636644911e-01
4.021999999999999886e+01,2.500559389591217041e-02,6.018632411956786887e-02,0.000000000000000000e+00,1.000000000000000000e+00,2.203310976395245480e-01
4.024000000000000199e+01,2.500578761100769043e-02,6.019096612930297657e-02,0.000000000000000000e+00,1.000000000000000000e+00,2.216446245507690538e-01
4.025999999999999801e+01,2.500402927398681641e-02,6.016278505325316911e-02,0.000000000000000000e+00,1.000000000000000000e+00,2.227194827236652908e-01
4.028000000000000114e+01,2.500292360782623360e-02,6.014508247375487809e-02,0.000000000000000000e+00,1.000000000000000000e+00,2.241245684440392461e-01
4.030000000000000426e+01,2.500254213809967319e-02,6.013641357421874861e-02,0.000000000000000000e+00,1.000000000000000000e+00,2.264316600309554117e-01
4.032000000000000028e+01,2.500250041484832972e-02,6.013287305831908902e-02,0.000000000000000000e+00,1.000000000000000000e+00,2.299150833303702790e-01
4.034000000000000341e+01,2.500184774398803850e-02,6.015271425247192133e-02,0.000000000000000000e+00,1.000000000000000000e+00,2.343454950210328847e-01
4.035999999999999943e+01,2.500073313713073800e-02,6.016493082046508317e-02,0.000000000000000000e+00,1.000000000000000000e+00,2.388256380786976107e-01
4.038000000000000256e+01,2.499720752239227572e-02,6.018508672714233121e-02,0.000000000000000000e+00,1.000000000000000000e+00,2.420431613418459471e-01
4.039999999999999858e+01,2.500239312648773471e-02,6.016923666000365684e-02,0.000000000000000000e+00,1.000000000000000000e+00,2.432432399126940314e-01
4.042000000000000171e+01,2.500776946544647217e-02,6.016290664672851313e-02,0.000000000000000000e+00,1.000000000000000000e+00,2.428715304657448615e-01
4.043999999999999773e+01,2.501142323017120639e-02,6.016503095626830888e-02,0.000000000000000000e+00,1.000000000000000000e+00,2.419811762972377545e-01
4.046000000000000085e+01,2.501009702682495395e-02,6.016128301620483204e-02,0.000000000000000000e+00,1.000000000000000000e+00,2.413682912873469644e-01
4.048000000000000398e+01,2.500695288181305209e-02,6.013853073120117160e-02,0.000000000000000000e+00,1.000000000000000000e+00,2.412593409439591219e-01
4.050000000000000000e+01,2.500748932361603061e-02,6.015540361404418668e-02,0.000000000000000000e+00,1.000000000000000000e+00,2.413606788397092417e-01
4.052000000000000313e+01,2.500730156898498674e-02,6.015983819961547713e-02,0.000000000000000000e+00,1.000000000000000000e+00,2.410470161753290042e-01
4.053999999999999915e+01,2.500754594802856445e-02,6.015742063522338395e-02,0.000000000000000000e+00,1.000000000000000000e+00,2.396383261106326268e-01
4.056000000000000227e+01,2.500810623168945451e-02,6.015350103378295371e-02,0.000000000000000000e+00,1.000000000000000000e+00,2.366419671564359284e-01
4.057999999999999829e+01,2.500715255737304826e-02,6.016013860702514732e-02,0.000000000000000000e+00,1.000000000000000000e+00,2.318916417481360348e-01
4.060000000000000142e+01,2.500718533992767403e-02,6.015965938568115096e-02,0.000000000000000000e+00,1.000000000000000000e+00,2.256786368586593539e-01
4.061999999999999744e+01,2.500739097595214983e-02,6.016323566436767439e-02,0.000000000000000000e+00,1.000000000000000000e+00,2.188306630514174067e-01
4.064000000000000057e+01,2.500535845756531039e-02,6.014848709106444813e-02,0.000000000000000000e+00,1.000000000000000000e+00,2.124799207877367813e-01
4.066000000000000369e+01,2.500566244125366350e-02,6.015058994293212558e-02,0.000000000000000000e+00,1.000000000000000000e+00,2.075679798405813958e-01
4.067999999999999972e+01,2.500470280647278110e-02,6.014222145080565934e-02,0.000000000000000000e+00,1.000000000000000000e+00,2.045383040221062931e-01
4.070000000000000284e+01,2.500502169132232805e-02,6.014662742614745872e-02,0.000000000000000000e+00,1.000000000000000000e+00,2.033738703547477711e-01
4.071999999999999886e+01,2.500538527965545654e-02,6.015867948532103993e-02,0.000000000000000000e+00,1.000000000000000000e+00,2.037224999039715656e-01
4.074000000000000199e+01,2.500522434711456576e-02,6.018070936203002985e-02,0.000000000000000000e+00,1.000000000000000000e+00,2.049900991937181061e-01
4.075999999999999801e+01,2.500541210174560616e-02,6.017530918121337391e-02,0.000000000000000000e+00,1.000000000000000000e+00,2.065381154078369808e-01
4.078000000000000114e+01,2.500531673431396693e-02,6.017754077911376814e-02,0.000000000000000000e+00,1.000000000000000000e+00,2.079419148627149327e-01
4.080000000000000426e+01,2.500504851341247767e-02,6.018904209136962530e-02,0.000000000000000000e+00,1.000000000000000000e+00,2.090287756789780405e-01
4.082000000000000028e+01,2.500488460063934534e-02,6.018255472183227373e-02,0.000000000000000000e+00,1.000000000000000000e+00,2.097120985888911993e-01
4.084000000000000341e+01,2.500521540641784807e-02,6.018673896789550337e-02,0.000000000000000000e+00,1.000000000000000000e+00,2.099394554771823740e-01
4.085999999999999943e+01,2.500411272048950334e-02,6.017686128616332730e-02,0.000000000000000000e+00,1.000000000000000000e+00,2.098864417520871495e-01
4.088000000000000256e+01,2.500161230564117501e-02,6.015502452850341603e-02,0.000000000000000000e+00,1.000000000000000000e+00,2.101195357103108341e-01
4.089999999999999858e+01,2.500435709953308105e-02,6.018365621566772183e-02,0.000000000000000000e+00,1.000000000000000000e+00,2.113950204815180367e-01
4.092000000000000171e+01,2.500343322753906250e-02,6.016945838928222656e-02,0.000000000000000000e+00,1.000000000000000000e+00,2.143077295981166974e-01
4.093999999999999773e+01,2.500311136245727747e-02,6.015797138214110801e-02,0.000000000000000000e+00,1.000000000000000000e+00,2.191206109884515363e-01
4.096000000000000085e+01,2.500295639038085938e-02,6.016990184783935214e-02,0.000000000000000000e+00,1.000000000000000000e+00,2.255966991973090141e-01
4.098000000000000398e+01,2.500316202640533517e-02,6.016636848449706532e-02,0.000000000000000000e+00,1.000000000000000000e+00,2.327168809277886663e-01
4.100000000000000000e+01,2.500526309013366769e-02,6.014713525772094616e-02,0.000000000000000000e+00,1.000000000000000000e+00,2.388586955770203024e-01
4.102000000000000313e+01,2.500526309013366769e-02,6.014713525772094616e-02,4.000000000000000000e+00,1.000000000000000000e+00,2.384932023684864510e-01
4.103999999999999915e+01,2.500526309013366769e-02,6.014713525772094616e-02,6.000000000000000000e+00,1.000000000000000000e+00,2.383277846670807387e-01
4.106000000000000227e+01,2.500526309013366769e-02,6.014713525772094616e-02,7.000000000000000000e+00,1.000000000000000000e+00,2.382463214412629815e-01
4.107999999999999829e+01,2.500381171703338831e-02,6.014886617660522572e-02,0.000000000000000000e+00,1.000000000000000000e+00,2.383638124859871477e-01
4.110000000000000142e+01,2.500623762607574740e-02,6.014982461929321150e-02,0.000000000000000000e+00,1.000000000000000000e+00,2.383503344670117874e-01
4.111999999999999744e+01,2.500697970390319824e-02,6.015327215194701815e-02,0.000000000000000000e+00,1.000000000000000000e+00,2.383960158452683997e-01
4.114000000000000057e+01,2.500719428062439173e-02,6.015032529830932617e-02,0.000000000000000000e+00,1.000000000000000000e+00,2.383811674475290743e-01
4.116000000000000369e+01,2.500766515731811523e-02,6.014850854873657338e-02,0.000000000000000000e+00,1.000000000000000000e+00,2.379423501282227071e-01
4.117999999999999972e+01,2.500784993171692103e-02,6.014806509017944086e-02,0.000000000000000000e+00,1.000000000000000000e+00,2.365063124172900877e-01
4.120000000000000284e+01,2.500784993171692103e-02,6.014806509017944086e-02,0.000000000000000000e+00,1.000000000000000000e+00,2.334444137836624023e-01
4.121999999999999886e+01,2.500762641429901331e-02,6.014767169952392467e-02,0.000000000000000000e+00,1.000000000000000000e+00,2.285103969804349044e-01
4.124000000000000199e+01,2.500783801078796525e-02,6.014810800552367748e-02,0.000000000000000000e+00,1.000000000000000000e+00,2.222753176507188122e-01
4.125999999999999801e+01,2.500672638416290283e-02,6.014468193054198913e-02,0.000000000000000000e+00,1.000000000000000000e+00,2.159119976689266585e-01
4.128000000000000114e+01,2.500523924827575961e-02,6.013741493225097101e-02,0.000000000000000000e+00,1.000000000000000000e+00,2.104767331897273164e-01
4.130000000000000426e+01,2.500575482845306466e-02,6.014194965362548717e-02,0.000000000000000000e+00,1.000000000000000000e+00,2.065184767727641924e-01
4.132000000000000028e+01,2.500540316104889194e-02,6.013293743133544395e-02,0.000000000000000000e+00,1.000000000000000000e+00,2.041395429366567593e-01
4.134000000000000341e+01,2.500541508197784424e-02,6.013247251510620006e-02,0.000000000000000000e+00,1.000000000000000000e+00,2.030996494470730107e-01
4.135999999999999943e+01,2.500531375408172885e-02,6.013365983963012140e-02,0.000000000000000000e+00,1.000000000000000000e+00,2.028845750988538532e-01
4.138000000000000256e+01,2.500492930412292689e-02,6.013664960861205694e-02,0.000000000000000000e+00,1.000000000000000000e+00,2.029322554074590723e-01
4.139999999999999858e+01,2.500546872615814348e-02,6.013242959976196345e-02,0.000000000000000000e+00,1.000000000000000000e+00,2.028886479028449430e-01
4.142000000000000171e+01,2.500543892383575578e-02,6.013345241546630415e-02,0.000000000000000000e+00,1.000000000000000000e+00,2.025832866176069114e-01
4.143999999999999773e+01,2.500520348548889230e-02,6.013174295425414984e-02,0.000000000000000000e+00,1.000000000000000000e+00,2.018479307861923144e-01
4.146000000000000085e+01,2.500500679016113420e-02,6.013089895248412836e-02,0.000000000000000000e+00,1.000000000000000000e+00,2.005388098129681496e-01
4.148000000000000398e+01,2.500821352005004952e-02,6.014473915100097129e-02,0.000000000000000000e+00,1.000000000000000000e+00,1.988354703887905695e-01
4.150000000000000000e+01,2.501224875450134416e-02,6.016600370407104020e-02,0.000000000000000000e+00,1.000000000000000000e+00,1.973968857813800382e-01
4.152000000000000313e+01,2.500825822353363106e-02,6.013732194900512501e-02,0.000000000000000000e+00,1.000000000000000000e+00,1.970753252966702118e-01
4.153999999999999915e+01,2.500888109207153459e-02,6.014427423477172741e-02,0.000000000000000000e+00,1.000000000000000000e+00,1.986059064388780437e-01
4.156000000000000227e+01,2.500780820846557756e-02,6.011976242065429632e-02,0.000000000000000000e+00,1.000000000000000000e+00,2.025084019188656270e-01
4.157999999999999829e+01,2.500781416893005371e-02,6.012471914291381281e-02,0.000000000000000000e+00,1.000000000000000000e+00,2.088385175806000138e-01
4.160000000000000142e+01,2.500877082347870151e-02,6.009987115859985463e-02,0.000000000000000000e+00,1.000000000000000000e+00,2.167055955329176831e-01
4.161999999999999744e+01,2.500876188278198381e-02,6.009997129440307340e-02,0.000000000000000000e+00,1.000000000000000000e+00,2.242923649283921628e-01
4.164000000000000057e+01,2.501003742218017856e-02,6.008851289749145286e-02,0.000000000000000000e+00,1.000000000000000000e+00,2.298887918166179767e-01
4.166000000000000369e+01,2.501124739646911829e-02,6.007994413375854215e-02,0.000000000000000000e+00,1.000000000000000000e+00,2.328927521164999292e-01
4.167999999999999972e+01,2.501378357410431047e-02,6.006405115127563116e-02,0.000000000000000000e+00,1.000000000000000000e+00,2.337429822330066853e-01
4.170000000000000284e+01,2.501599490642547607e-02,6.004965305328369141e-02,0.000000000000000000e+00,1.000000000000000000e+00,2.333021170411943290e-01
4.171999999999999886e+01,2.501785159111023088e-02,6.003311634063720342e-02,0.000000000000000000e+00,1.000000000000000000e+00,2.324216380130599002e-01
4.174000000000000199e+01,2.501735389232635776e-02,6.004327297210693137e-02,0.000000000000000000e+00,1.000000000000000000e+00,2.317563455754207691e-01
4.175999999999999801e+01,2.501738369464874545e-02,6.003532648086547935e-02,0.000000000000000000e+00,1.000000000000000000e+00,2.316681201192783979e-01
4.178000000000000114e+01,2.501735687255859583e-02,6.004487514495849415e-02,0.000000000000000000e+00,1.000000000000000000e+00,2.321356376939381905e-01
4.180000000000000426e+01,2.501723170280456543e-02,6.004767179489135798e-02,0.000000000000000000e+00,1.000000000000000000e+00,2.326587829366690008e-01
4.182000000000000028e+01,2.501685917377471924e-02,6.005054712295532227e-02,0.000000000000000000e+00,1.000000000000000000e+00,2.323138984266843454e-01
4.184000000000000341e+01,2.501787543296814242e-02,6.004700660705566267e-02,0.000000000000000000e+00,1.000000000000000000e+00,2.302871127445798582e-01
4.185999999999999943e+01,2.502007186412811418e-02,6.004419565200805331e-02,0.000000000000000000e+00,1.000000000000000000e+00,2.266494660826940954e-01
4.188000000000000256e+01,2.502017319202423304e-02,6.004423856735228993e-02,0.000000000000000000e+00,1.000000000000000000e+00,2.223459125331919417e-01
4.189999999999999858e+01,2.502177059650421281e-02,6.004837274551391713e-02,0.000000000000000000e+00,1.000000000000000000e+00,2.183967085165372801e-01
4.192000000000000171e+01,2.502186894416809360e-02,6.004916667938232228e-02,0.000000000000000000e+00,1.000000000000000000e+00,2.153786496497824277e-01
4.193999999999999773e+01,2.502175867557525704e-02,6.005326509475707869e-02,0.000000000000000000e+00,1.000000000000000000e+00,2.134083033084533676e-01
4.196000000000000085e+01,2.502220869064331055e-02,6.005081892013549444e-02,0.000000000000000000e+00,1.000000000000000000e+00,2.122646117702770840e-01
4.198000000000000398e+01,2.502167224884033203e-02,6.005197763442993164e-02,0.000000000000000000e+00,1.000000000000000000e+00,2.115759145605978775e-01
4.200000000000000000e+01,2.502183914184570590e-02,6.005192041397094255e-02,0.000000000000000000e+00,1.000000000000000000e+00,2.110587055546518376e-01
4.202000000000000313e+01,2.502383887767791956e-02,6.005536794662475614e-02,0.000000000000000000e+00,1.000000000000000000e+00,2.105737919945822600e-01
4.203999999999999915e+01,2.502374351024627686e-02,6.005325794219970592e-02,0.000000000000000000e+00,1.000000000000000000e+00,2.099465177713531749e-01
4.206000000000000227e+01,2.502479553222656389e-02,6.005089044570922907e-02,0.000000000000000000e+00,1.000000000000000000e+00,2.088336804488079845e-01
4.207999999999999829e+01,2.502001821994781494e-02,6.005006790161132590e-02,0.000000000000000000e+00,1.000000000000000000e+00,2.069301667051076377e-01
4.210000000000000142e+01,2.502052187919616769e-02,6.005086898803710382e-02,0.000000000000000000e+00,1.000000000000000000e+00,2.044299471921098843e-01
4.211999999999999744e+01,2.502225339412689209e-02,6.005612611770629744e-02,0.000000000000000000e+00,1.000000000000000000e+00,2.021192468114986762e-01
4.214000000000000057e+01,2.502697706222534180e-02,6.007958650588988980e-02,0.000000000000000000e+00,1.000000000000000000e+00,2.009256354152447466e-01
4.216000000000000369e+01,2.502555549144745012e-02,6.006794929504394309e-02,0.000000000000000000e+00,1.000000000000000000e+00,2.015537863382496908e-01
4.217999999999999972e+01,2.502774596214294572e-02,6.010201692581176869e-02,0.000000000000000000e+00,1.000000000000000000e+00,2.043785368677275838e-01
4.220000000000000284e+01,2.502808272838592807e-02,6.011996269226074080e-02,0.000000000000000000e+00,1.000000000000000000e+00,2.092546556694671878e-01
4.221999999999999886e+01,2.502714693546295374e-02,6.017166137695312278e-02,0.000000000000000000e+00,1.000000000000000000e+00,2.152743539333004386e-01
4.224000000000000199e+01,2.502724230289459298e-02,6.016963720321655273e-02,0.000000000000000000e+00,1.000000000000000000e+00,2.209423524198662614e-01
4.225999999999999801e+01,2.502889931201934814e-02,6.014486074447631531e-02,0.000000000000000000e+00,1.000000000000000000e+00,2.248595509554622840e-01
4.228000000000000114e+01,2.502821087837219308e-02,6.015416622161864901e-02,0.000000000000000000e+00,1.000000000000000000e+00,2.263270328766745498e-01
4.230000000000000426e+01,2.502804398536682268e-02,6.015672683715819757e-02,0.000000000000000000e+00,1.000000000000000000e+00,2.254944447129941243e-01
4.232000000000000028e+01,2.502892613410949776e-02,6.013617038726806752e-02,0.000000000000000000e+00,1.000000000000000000e+00,2.231937625439424366e-01
4.234000000000000341e+01,2.502915859222412318e-02,6.012200117111205638e-02,0.000000000000000000e+00,1.000000000000000000e+00,2.205769599198923459e-01
4.235999999999999943e+01,2.502915561199188510e-02,6.013025522232055137e-02,0.000000000000000000e+00,1.000000000000000000e+00,2.186640405202863180e-01
4.238000000000000256e+01,2.502914965152740548e-02,6.013228654861450112e-02,0.000000000000000000e+00,1.000000000000000000e+00,2.180674481968560008e-01
4.239999999999999858e+01,2.502886950969696045e-02,6.014320135116577037e-02,0.000000000000000000e+00,1.000000000000000000e+00,2.189470615308187207e-01
4.242000000000000171e+01,2.502754330635070801e-02,6.016353607177734458e-02,0.000000000000000000e+00,1.000000000000000000e+00,2.209462116543653432e-01
4.243999999999999773e+01,2.502807080745697230e-02,6.015923738479614369e-02,0.000000000000000000e+00,1.000000000000000000e+00,2.230970219483084105e-01
4.246000000000000085e+01,2.503028810024261752e-02,6.014847993850707536e-02,0.000000000000000000e+00,1.000000000000000000e+00,2.242150969858147658e-01
4.248000000000000398e+01,2.503296434879303048e-02,6.014071941375732228e-02,0.000000000000000000e+00,1.000000000000000000e+00,2.238233439825006443e-01
4.250000000000000000e+01,2.503233850002288888e-02,6.014162778854369867e-02,0.000000000000000000e+00,1.000000000000000000e+00,2.224217565497910720e-01
4.252000000000000313e+01,2.503125965595245569e-02,6.014160633087158037e-02,0.000000000000000000e+00,1.000000000000000000e+00,2.208108079033389293e-01
4.253999999999999915e+01,2.503131628036499301e-02,6.014183521270751592e-02,0.000000000000000000e+00,1.000000000000000000e+00,2.195082326718786614e-01
4.256000000000000227e+01,2.503132224082946916e-02,6.014182090759277038e-02,0.000000000000000000e+00,1.000000000000000000e+00,2.186435945574516648e-01
4.257999999999999829e+01,2.502985894680023402e-02,6.014155626296997098e-02,0.000000000000000000e+00,1.000000000000000000e+00,2.181146353087349554e-01
4.260000000000000142e+01,2.502504885196685930e-02,6.013353824615478432e-02,0.000000000000000000e+00,1.000000000000000000e+00,2.178324084793179238e-01
4.261999999999999744e+01,2.502286136150360177e-02,6.012579202651976984e-02,0.000000000000000000e+00,1.000000000000000000e+00,2.178392752429298418e-01
4.264000000000000057e+01,2.502368092536926339e-02,6.013200759887694924e-02,0.000000000000000000e+00,1.000000000000000000e+00,2.181740902359167733e-01
4.266000000000000369e+01,2.502381503582000802e-02,6.013942480087280246e-02,0.000000000000000000e+00,1.000000000000000000e+00,2.186362676700199514e-01
4.267999999999999972e+01,2.502421736717224190e-02,6.013550519943237221e-02,0.000000000000000000e+00,1.000000000000000000e+00,2.187029818437953854e-01
4.270000000000000284e+01,2.502225637435913363e-02,6.014205694198607871e-02,0.000000000000000000e+00,1.000000000000000000e+00,2.178394419994191256e-01
4.271999999999999886e+01,2.501556873321533411e-02,6.014815807342529380e-02,0.000000000000000000e+00,1.000000000000000000e+00,2.160602617345514509e-01
4.274000000000000199e+01,2.501103281974792480e-02,6.014425277709960910e-02,0.000000000000000000e+00,1.000000000000000000e+00,2.140413645658799935e-01
4.275999999999999801e+01,2.500816881656646798e-02,6.013641357421874861e-02,0.000000000000000000e+00,1.000000000000000000e+00,2.126419312570353715e-01
4.278000000000000114e+01,2.500024139881134103e-02,6.009376287460326677e-02,0.000000000000000000e+00,1.000000000000000000e+00,2.124786969848566631e-01
4.280000000000000426e+01,2.500093877315521379e-02,6.010094404220581166e-02,0.000000000000000000e+00,1.000000000000000000e+00,2.137756251830195686e-01
4.282000000000000028e+01,2.500068247318268030e-02,6.009472846984863226e-02,0.000000000000000000e+00,1.000000000000000000e+00,2.162968374660645676e-01
4.284000000000000341e+01,2.500059306621551722e-02,6.007069587707519059e-02,0.000000000000000000e+00,1.000000000000000000e+00,2.193494299579116236e-01
4.285999999999999943e+01,2.499979138374328752e-02,6.011509180068969754e-02,0.000000000000000000e+00,1.000000000000000000e+00,2.219523864327359042e-01
4.288000000000000256e+01,2.499920278787613054e-02,6.013931751251220398e-02,0.000000000000000000e+00,1.000000000000000000e+00,2.231109744587195243e-01
4.289999999999999858e+01,2.499927133321762363e-02,6.013475418090820368e-02,0.000000000000000000e+00,1.000000000000000000e+00,2.221248822282466673e-01
4.292000000000000171e+01,2.499908804893493861e-02,6.009060144424438477e-02,0.000000000000000000e+00,1.000000000000000000e+00,2.189687718697450880e-01
4.293999999999999773e+01,2.499866336584091395e-02,6.007231235504149891e-02,0.000000000000000000e+00,1.000000000000000000e+00,2.145152373797382939e-01
4.296000000000000085e+01,2.499853521585464547e-02,6.006827831268310436e-02,0.000000000000000000e+00,1.000000000000000000e+00,2.101426176633823528e-01
4.298000000000000398e+01,2.499814331531524658e-02,6.005295753479003573e-02,0.000000000000000000e+00,1.000000000000000000e+00,2.069941297322192286e-01
4.300000000000000000e+01,2.499817609786987582e-02,6.005909442901610773e-02,0.000000000000000000e+00,1.000000000000000000e+00,2.056707873385054952e-01
4.302000000000000313e+01,2.499791532754898349e-02,6.006922960281371737e-02,0.000000000000000000e+00,1.000000000000000000e+00,2.112489856603479432e-01
4.303999999999999915e+01,2.499703168869018763e-02,6.008260488510131642e-02,0.000000000000000000e+00,1.000000000000000000e+00,2.162922601755320473e-01
4.306000000000000227e+01,2.500090301036834994e-02,6.004905223846435103e-02,0.000000000000000000e+00,1.000000000000000000e+00,2.201208619600507344e-01
4.307999999999999829e+01,2.500105798244476457e-02,6.004816532135009294e-02,0.000000000000000000e+00,1.000000000000000000e+00,2.223585580562627562e-01
4.310000000000000142e+01,2.500220239162445277e-02,6.004361629486083818e-02,0.000000000000000000e+00,1.000000000000000000e+00,2.234624132190020929e-01
4.311999999999999744e+01,2.499931305646896362e-02,6.005211353302001426e-02,0.000000000000000000e+00,1.000000000000000000e+00,2.237871831434929959e-01
4.314000000000000057e+01,2.499870061874389857e-02,6.005373001098632257e-02,0.000000000000000000e+00,1.000000000000000000e+00,2.238172575400072528e-01
4.316000000000000369e+01,2.499859184026718278e-02,6.005526065826415766e-02,0.000000000000000000e+00,1.000000000000000000e+00,2.238171231248249071e-01
4.317999999999999972e+01,2.499822527170181274e-02,6.005422353744506447e-02,0.000000000000000000e+00,1.000000000000000000e+00,2.238782126857653820e-01
4.320000000000000284e+01,2.499725371599197457e-02,6.005147695541381697e-02,0.000000000000000000e+00,1.000000000000000000e+00,2.241257588304946258e-01
4.321999999999999886e+01,2.499835342168808122e-02,6.005579710006713617e-02,0.000000000000000000e+00,1.000000000000000000e+00,2.248038676518381851e-01
4.324000000000000199e+01,2.499798685312271118e-02,6.005355119705199640e-02,0.000000000000000000e+00,1.000000000000000000e+00,2.261366063500612755e-01
4.325999999999999801e+01,2.499787062406540195e-02,6.005219936370849443e-02,0.000000000000000000e+00,1.000000000000000000e+00,2.281132970980365993e-01
4.328000000000000114e+01,2.499817311763763428e-02,6.007227659225463506e-02,0.000000000000000000e+00,1.000000000000000000e+00,2.303578149948098952e-01
4.330000000000000426e+01,2.499764859676361153e-02,6.008159637451171431e-02,0.000000000000000000e+00,1.000000000000000000e+00,2.322089695103422835e-01
4.332000000000000028e+01,2.499837130308151315e-02,6.007645368576049888e-02,0.000000000000000000e+00,1.000000000000000000e+00,2.331100979408761154e-01
4.334000000000000341e+01,2.500222325325012276e-02,6.006209135055541604e-02,0.000000000000000000e+00,1.000000000000000000e+00,2.330332210402931703e-01
4.335999999999999943e+01,2.500087916851043840e-02,6.006440162658691073e-02,0.000000000000000000e+00,1.000000000000000000e+00,2.324459459433931563e-01
4.338000000000000256e+01,2.499844580888748238e-02,6.006438732147216519e-02,0.000000000000000000e+00,1.000000000000000000e+00,2.319067831717450678e-01
4.339999999999999858e+01,2.500039339065551758e-02,6.006832122802734097e-02,0.000000000000000000e+00,1.000000000000000000e+00,2.317591628488472610e-01
4.342000000000000171e+01,2.500048875808716028e-02,6.006881475448608287e-02,0.000000000000000000e+00,1.000000000000000000e+00,2.320684107613671665e-01
4.343999999999999773e+01,2.500180304050445695e-02,6.008379220962524470e-02,0.000000000000000000e+00,1.000000000000000000e+00,2.326745825550243507e-01
4.346000000000000085e+01,2.500163018703460693e-02,6.007964372634887196e-02,0.000000000000000000e+00,1.000000000000000000e+00,2.332342728495736817e-01
4.348000000000000398e+01,2.500216662883758545e-02,6.009686708450317355e-02,0.000000000000000000e+00,1.000000000000000000e+00,2.332040216745405181e-01
4.350000000000000000e+01,2.500265538692474435e-02,6.010726690292358260e-02,0.000000000000000000e+00,1.000000000000000000e+00,2.318584772952713979e-01
4.352000000000000313e+01,2.500191032886505196e-02,6.009706735610961803e-02,0.000000000000000000e+00,1.000000000000000000e+00,2.285795547958302254e-01
4.353999999999999915e+01,2.500291764736175745e-02,6.010801076889037836e-02,0.000000000000000000e+00,1.000000000000000000e+00,2.234783689249079108e-01
4.356000000000000227e+01,2.500325739383697787e-02,6.011163711547851118e-02,0.000000000000000000e+00,1.000000000000000000e+00,2.177114670399163676e-01
4.357999999999999829e+01,2.500360906124115060e-02,6.011612176895141102e-02,0.000000000000000000e+00,1.000000000000000000e+00,2.128109025497182116e-01
4.360000000000000142e+01,2.500540912151336809e-02,6.015069007873535128e-02,0.000000000000000000e+00,1.000000000000000000e+00,2.097665092284785038e-01
4.361999999999999744e+01,2.500436007976532260e-02,6.009364843368530246e-02,0.000000000000000000e+00,1.000000000000000000e+00,2.088519221201833309e-01
4.364000000000000057e+01,2.500503063201904574e-02,6.005982398986816490e-02,0.000000000000000000e+00,1.000000000000000000e+00,2.098532323133545097e-01
4.366000000000000369e+01,2.500504851341247767e-02,6.005950927734374917e-02,0.000000000000000000e+00,1.000000000000000000e+00,2.121111469328385291e-01
4.367999999999999972e+01,2.500769495964050293e-02,6.003487586975097406e-02,0.000000000000000000e+00,1.000000000000000000e+00,2.145815332222691385e-01
4.370000000000000284e+01,2.500783503055572718e-02,6.003398180007934321e-02,0.000000000000000000e+00,1.000000000000000000e+00,2.163489014308596359e-01
4.371999999999999886e+01,2.501024007797241280e-02,6.002229452133178711e-02,0.000000000000000000e+00,1.000000000000000000e+00,2.171512004197713452e-01
4.374000000000000199e+01,2.500819861888885567e-02,6.003100633621215321e-02,0.000000000000000000e+00,1.000000000000000000e+00,2.172522296097547656e-01
4.375999999999999801e+01,2.500959336757660120e-02,6.002319574356079074e-02,0.000000000000000000e+00,1.000000000000000000e+00,2.170045018797159553e-01
4.378000000000000114e+01,2.500963509082794467e-02,6.002567052841186607e-02,0.000000000000000000e+00,1.000000000000000000e+00,2.166651173455852175e-01
4.380000000000000426e+01,2.501047253608703821e-02,6.003012657165526789e-02,0.000000000000000000e+00,1.000000000000000000e+00,2.164857429785387033e-01
4.382000000000000028e+01,2.501075863838195940e-02,6.003145694732665849e-02,0.000000000000000000e+00,1.000000000000000000e+00,2.168114515289553679e-01
4.384000000000000341e+01,2.501362562179565430e-02,6.004787921905517523e-02,0.000000000000000000e+00,1.000000000000000000e+00,2.180071951484567061e-01
4.385999999999999943e+01,2.501217126846313685e-02,6.003564119338988814e-02,0.000000000000000000e+00,1.000000000000000000e+00,2.202821413521845739e-01
4.388000000000000256e+01,2.501119375228881905e-02,6.002029180526732843e-02,0.000000000000000000e+00,1.000000000000000000e+00,2.235455516074465743e-01
4.389999999999999858e+01,2.501117587089538713e-02,6.001882553100585521e-02,0.000000000000000000e+00,1.000000000000000000e+00,2.273468589295296327e-01
4.392000000000000171e+01,2.501222789287567416e-02,5.999064803123473760e-02,0.000000000000000000e+00,1.000000000000000000e+00,2.309987033971805659e-01
4.393999999999999773e+01,2.500866651535034457e-02,6.003252267837524275e-02,0.000000000000000000e+00,1.000000000000000000e+00,2.339217101866225001e-01
4.396000000000000085e+01,2.500958144664764543e-02,6.002559185028075867e-02,0.000000000000000000e+00,1.000000000000000000e+00,2.359248164187682517e-01
4.398000000000000398e+01,2.500973343849182198e-02,6.002472639083861888e-02,0.000000000000000000e+00,1.000000000000000000e+00,2.371406128959105408e-01
4.400000000000000000e+01,2.501153945922851562e-02,6.001630783081054327e-02,0.000000000000000000e+00,1.000000000000000000e+00,2.377860777741815645e-01
4.402000000000000313e+01,2.501359879970550815e-02,6.000737428665160744e-02,0.000000000000000000e+00,1.000000000000000000e+00,2.380453204071063256e-01
4.403999999999999915e+01,2.501288354396820346e-02,6.001075029373168640e-02,0.000000000000000000e+00,1.000000000000000000e+00,2.380980038573111135e-01
4.406000000000000227e+01,2.501297891139984270e-02,6.001023530960082619e-02,0.000000000000000000e+00,1.000000000000000000e+00,2.381200822843614062e-01
4.407999999999999829e+01,2.501328885555267542e-02,6.000908374786376870e-02,0.000000000000000000e+00,1.000000000000000000e+00,2.381487686198490161e-01
4.410000000000000142e+01,2.501168549060821603e-02,6.001052141189575084e-02,0.000000000000000000e+00,1.000000000000000000e+00,2.378908901689380517e-01
4.411999999999999744e+01,2.501101195812225481e-02,6.000997066497802679e-02,0.000000000000000000e+00,1.000000000000000000e+00,2.366655880961049396e-01
4.414000000000000057e+01,2.500871419906616419e-02,6.000536441802978294e-02,0.000000000000000000e+00,1.000000000000000000e+00,2.337459809377944453e-01
4.416000000000000369e+01,2.501152753829956332e-02,6.001423358917236384e-02,0.000000000000000000e+00,1.000000000000000000e+00,2.291312586079803648e-01
4.417999999999999972e+01,2.500562369823455811e-02,5.998708963394164956e-02,0.000000000000000000e+00,1.000000000000000000e+00,2.239017918717243205e-01
4.420000000000000284e+01,2.500605285167694161e-02,5.999002575874328586e-02,0.000000000000000000e+00,1.000000000000000000e+00,2.194539179601381063e-01
4.421999999999999886e+01,2.500547170639038155e-02,5.998342394828796303e-02,0.000000000000000000e+00,1.000000000000000000e+00,2.166263699462293302e-01
4.424000000000000199e+01,2.500496208667755266e-02,5.996980547904968289e-02,0.000000000000000000e+00,1.000000000000000000e+00,2.155931826645590133e-01
4.425999999999999801e+01,2.500475645065307687e-02,5.999096989631652610e-02,0.000000000000000000e+00,1.000000000000000000e+00,2.160285166526970391e-01
4.428000000000000114e+01,2.500469386577606340e-02,5.999209642410278237e-02,0.000000000000000000e+00,1.000000000000000000e+00,2.171504427229129786e-01
4.430000000000000426e+01,2.500609755516052315e-02,5.997807025909423356e-02,0.000000000000000000e+00,1.000000000000000000e+00,2.179524578579078997e-01
4.432000000000000028e+01,2.500441074371338029e-02,5.998984336853026983e-02,0.000000000000000000e+00,1.000000000000000000e+00,2.177519640685984526e-01
4.434000000000000341e+01,2.500646412372589319e-02,5.997826337814330527e-02,0.000000000000000000e+00,1.000000000000000000e+00,2.164807948105392510e-01
4.435999999999999943e+01,2.500902116298675537e-02,5.996382951736450168e-02,0.000000000000000000e+00,1.000000000000000000e+00,2.144585681804198618e-01
4.438000000000000256e+01,2.500798106193542758e-02,5.997427225112914734e-02,0.000000000000000000e+00,1.000000000000000000e+00,2.121025765522208673e-01
4.439999999999999858e+01,2.500782907009124756e-02,5.997097492218017578e-02,0.000000000000000000e+00,1.000000000000000000e+00,2.098638785564387599e-01
4.442000000000000171e+01,2.500945627689361850e-02,5.998201847076415488e-02,0.000000000000000000e+00,1.000000000000000000e+00,2.082487808219815328e-01
4.443999999999999773e+01,2.500895261764526575e-02,5.997892141342162781e-02,0.000000000000000000e+00,1.000000000000000000e+00,2.077388928922636324e-01
4.446000000000000085e+01,2.500870823860168457e-02,5.997706532478332131e-02,0.000000000000000000e+00,1.000000000000000000e+00,2.086455415132303370e-01
4.448000000000000398e+01,2.500614225864410470e-02,5.994830489158629871e-02,0.000000000000000000e+00,1.000000000000000000e+00,2.110133882449481135e-01
4.450000000000000000e+01,2.500559687614441196e-02,5.993637800216674444e-02,0.000000000000000000e+00,1.000000000000000000e+00,2.145729009377024543e-01
4.452000000000000313e+01,2.500548958778381348e-02,5.991721987724304282e-02,0.000000000000000000e+00,1.000000000000000000e+00,2.187616296865565191e-01
4.453999999999999915e+01,2.500633299350738664e-02,5.988803029060363325e-02,0.000000000000000000e+00,1.000000000000000000e+00,2.229212530082120836e-01
4.456000000000000227e+01,2.500681877136230746e-02,5.987918257713317760e-02,0.000000000000000000e+00,1.000000000000000000e+00,2.265862156295360419e-01
4.457999999999999829e+01,2.500657439231872628e-02,5.988274812698363841e-02,0.000000000000000000e+00,1.000000000000000000e+00,2.295740761755523385e-01
4.460000000000000142e+01,2.500794231891632219e-02,5.986110091209411593e-02,0.000000000000000000e+00,1.000000000000000000e+00,2.318458361651956900e-01
4.461999999999999744e+01,2.500671446323395053e-02,5.989233255386352400e-02,0.000000000000000000e+00,1.000000000000000000e+00,2.334055028220377581e-01
4.464000000000000057e+01,2.500662803649902552e-02,5.990438103675842230e-02,0.000000000000000000e+00,1.000000000000000000e+00,2.343835346371773987e-01
4.466000000000000369e+01,2.500665187835693359e-02,5.990600824356078630e-02,0.000000000000000000e+00,1.000000000000000000e+00,2.351326876949102473e-01
4.467999999999999972e+01,2.500621676445007394e-02,5.987228751182555736e-02,0.000000000000000000e+00,1.000000000000000000e+00,2.360960604563794585e-01
4.470000000000000284e+01,2.500672936439514438e-02,5.984006166458129966e-02,0.000000000000000000e+00,1.000000000000000000e+00,2.375080832015193377e-01
4.471999999999999886e+01,2.500659525394439975e-02,5.984189987182617076e-02,0.000000000000000000e+00,1.000000000000000000e+00,2.391446220903566400e-01
4.474000000000000199e+01,2.500641644001007358e-02,5.984290480613708302e-02,0.000000000000000000e+00,1.000000000000000000e+00,2.402424821221391393e-01
4.475999999999999801e+01,2.500483691692352572e-02,5.984672784805297741e-02,0.000000000000000000e+00,1.000000000000000000e+00,2.398408797865743680e-01
4.478000000000000114e+01,2.500832378864288608e-02,5.984532952308654896e-02,0.000000000000000000e+00,1.000000000000000000e+00,2.376489373632668101e-01
4.480000000000000426e+01,2.500688433647155900e-02,5.984341979026794323e-02,0.000000000000000000e+00,1.000000000000000000e+00,2.344902341656234512e-01
4.482000000000000028e+01,2.500779628753662179e-02,5.984644532203674261e-02,0.000000000000000000e+00,1.000000000000000000e+00,2.315866642599491709e-01
4.484000000000000341e+01,2.500715553760528634e-02,5.984228610992431419e-02,0.000000000000000000e+00,1.000000000000000000e+00,2.297211241768584433e-01
4.485999999999999943e+01,2.500712573528289864e-02,5.984186053276061706e-02,0.000000000000000000e+00,1.000000000000000000e+00,2.290453893666466456e-01
4.488000000000000256e+01,2.500698864459991594e-02,5.981503844261169128e-02,0.000000000000000000e+00,1.000000000000000000e+00,2.291571949325161839e-01
4.489999999999999858e+01,2.500603199005127161e-02,5.983485817909240528e-02,0.000000000000000000e+00,1.000000000000000000e+00,2.292338012084191856e-01
4.492000000000000171e+01,2.500682473182678361e-02,5.982661843299865584e-02,0.000000000000000000e+00,1.000000000000000000e+00,2.283912487843942629e-01
4.493999999999999773e+01,2.500365674495697021e-02,5.984981417655944880e-02,0.000000000000000000e+00,1.000000000000000000e+00,2.261292601106902334e-01
4.496000000000000085e+01,2.500194907188415736e-02,5.986062526702880943e-02,0.000000000000000000e+00,1.000000000000000000e+00,2.224611185789255319e-01
4.498000000000000398e+01,2.499968260526657174e-02,5.987771272659301453e-02,0.000000000000000000e+00,1.000000000000000000e+00,2.177675126949690509e-01
4.500000000000000000e+01,2.499942332506180018e-02,5.988470077514648077e-02,0.000000000000000000e+00,1.000000000000000000e+00,2.126770177995467581e-01
4.502000000000000313e+01,2.499942332506180018e-02,5.988470077514648077e-02,4.000000000000000000e+00,1.000000000000000000e+00,2.073845794585115754e-01
4.503999999999999915e+01,2.499942332506180018e-02,5.988470077514648077e-02,6.000000000000000000e+00,1.000000000000000000e+00,2.029459330616861235e-01
4.506000000000000227e+01,2.499942332506180018e-02,5.988470077514648077e-02,7.000000000000000000e+00,1.000000000000000000e+00,1.997055143547925016e-01
4.507999999999999829e+01,2.499882876873016357e-02,5.987886071205138910e-02,0.000000000000000000e+00,1.000000000000000000e+00,1.998023206274713304e-01
4.510000000000000142e+01,2.499942928552627633e-02,5.988840937614440391e-02,0.000000000000000000e+00,1.000000000000000000e+00,2.014980318138734905e-01
4.511999999999999744e+01,2.499990016222000330e-02,5.990698099136352456e-02,0.000000000000000000e+00,1.000000000000000000e+00,2.043013127208026802e-01
4.514000000000000057e+01,2.499983906745910714e-02,5.991621851921081349e-02,0.000000000000000000e+00,1.000000000000000000e+00,2.075631751030437566e-01
4.516000000000000369e+01,2.499951273202896326e-02,5.992762684822082464e-02,0.000000000000000000e+00,1.000000000000000000e+00,2.107352193009879582e-01
4.517999999999999972e+01,2.500037550926208565e-02,5.990324378013610340e-02,0.000000000000000000e+00,1.000000000000000000e+00,2.135384460436574316e-01
4.520000000000000284e+01,2.500073313713073800e-02,5.988726854324340904e-02,0.000000000000000000e+00,1.000000000000000000e+00,2.158709363627032973e-01
4.521999999999999886e+01,2.500070929527282992e-02,5.988440752029419029e-02,0.000000000000000000e+00,1.000000000000000000e+00,2.176646146575523799e-01
4.524000000000000199e+01,2.500070333480835030e-02,5.988426089286803811e-02,0.000000000000000000e+00,1.000000000000000000e+00,2.189451831413208316e-01
4.525999999999999801e+01,2.500116825103759766e-02,5.989158511161803838e-02,0.000000000000000000e+00,1.000000000000000000e+00,2.200256391070654904e-01
4.528000000000000114e+01,2.500184178352356235e-02,5.990216016769409069e-02,0.000000000000000000e+00,1.000000000000000000e+00,2.214937838316748397e-01
4.530000000000000426e+01,2.500222921371460238e-02,5.991085052490233848e-02,0.000000000000000000e+00,1.000000000000000000e+00,2.239044358867858520e-01
4.532000000000000028e+01,2.500226795673370431e-02,5.991416573524474543e-02,0.000000000000000000e+00,1.000000000000000000e+00,2.274835150103606818e-01
4.534000000000000341e+01,2.500121295452117920e-02,5.994544386863707996e-02,0.000000000000000000e+00,1.000000000000000000e+00,2.319449409598635381e-01
4.535999999999999943e+01,2.499934881925583094e-02,5.996547460556030107e-02,0.000000000000000000e+00,1.000000000000000000e+00,2.363555361487857387e-01
4.538000000000000256e+01,2.500249743461609164e-02,5.994778275489806574e-02,0.000000000000000000e+00,1.000000000000000000e+00,2.394224115072093595e-01
4.539999999999999858e+01,2.501031756401062012e-02,5.992421507835388184e-02,0.000000000000000000e+00,1.000000000000000000e+00,2.404690205628225441e-01
4.542000000000000171e+01,2.500694096088409632e-02,5.992817401885985884e-02,0.000000000000000000e+00,1.000000000000000000e+00,2.400146930130705458e-01
4.543999999999999773e+01,2.501413822174072474e-02,5.993215799331665095e-02,0.000000000000000000e+00,1.000000000000000000e+00,2.391233803653323720e-01
4.546000000000000085e+01,2.501234412193298340e-02,5.992720484733581043e-02,0.000000000000000000e+00,1.000000000000000000e+00,2.385520061311959261e-01
4.548000000000000398e+01,2.501000761985779086e-02,5.991061449050903015e-02,0.000000000000000000e+00,1.000000000000000000e+00,2.384779808101000764e-01
4.550000000000000000e+01,2.500977516174316545e-02,5.990342259407042957e-02,0.000000000000000000e+00,1.000000000000000000e+00,2.385739236856876111e-01
4.552000000000000313e+01,2.500955760478973389e-02,5.990847229957580594e-02,0.000000000000000000e+00,1.000000000000000000e+00,2.382042414924155083e-01
4.553999999999999915e+01,2.500970959663391391e-02,5.990699172019958024e-02,0.000000000000000000e+00,1.000000000000000000e+00,2.366969104780985989e-01
4.556000000000000227e+01,2.501077353954315324e-02,5.989964246749877874e-02,0.000000000000000000e+00,1.000000000000000000e+00,2.335748322812588040e-01
4.557999999999999829e+01,2.501033544540405551e-02,5.990265011787414273e-02,0.000000000000000000e+00,1.000000000000000000e+00,2.286921432461310466e-01
4.560000000000000142e+01,2.501073777675628940e-02,5.989692091941833246e-02,0.000000000000000000e+00,1.000000000000000000e+00,2.223722315702632291e-01
4.561999999999999744e+01,2.501084506511688441e-02,5.989875912666320357e-02,0.000000000000000000e+00,1.000000000000000000e+00,2.154841326885994224e-01
4.564000000000000057e+01,2.501170039176940987e-02,5.990483880043029341e-02,0.000000000000000000e+00,1.000000000000000000e+00,2.091867346621824608e-01
4.566000000000000369e+01,2.501347661018371582e-02,5.991685509681701771e-02,0.000000000000000000e+00,1.000000000000000000e+00,2.044107028883202226e-01
4.567999999999999972e+01,2.501431107521057129e-02,5.992400407791137473e-02,0.000000000000000000e+00,1.000000000000000000e+00,2.015561125548609722e-01
4.570000000000000284e+01,2.501297593116760462e-02,5.990591883659362321e-02,0.000000000000000000e+00,1.000000000000000000e+00,2.005537346613830152e-01
4.571999999999999886e+01,2.501311600208282540e-02,5.991047859191894059e-02,0.000000000000000000e+00,1.000000000000000000e+00,2.010120711626309231e-01
4.574000000000000199e+01,2.501319050788879464e-02,5.990062952041625560e-02,0.000000000000000000e+00,1.000000000000000000e+00,2.023252114437769089e-01
4.575999999999999801e+01,2.501412928104400704e-02,5.987422943115234403e-02,0.000000000000000000e+00,1.000000000000000000e+00,2.038715959451829485e-01
4.578000000000000114e+01,2.501320242881775041e-02,5.989512562751769797e-02,0.000000000000000000e+00,1.000000000000000000e+00,2.052530264540330385e-01
4.580000000000000426e+01,2.501300573348999232e-02,5.990333676338195634e-02,0.000000000000000000e+00,1.000000000000000000e+00,2.063100970325566497e-01
4.582000000000000028e+01,2.501309216022491733e-02,5.990678787231445285e-02,0.000000000000000000e+00,1.000000000000000000e+00,2.069564150952407089e-01
4.584000000000000341e+01,2.501265406608581612e-02,5.990135550498962291e-02,0.000000000000000000e+00,1.000000000000000000e+00,2.071472078572417497e-01
4.585999999999999943e+01,2.501112818717956751e-02,5.988794445991516002e-02,0.000000000000000000e+00,1.000000000000000000e+00,2.070889373047390958e-01
4.588000000000000256e+01,2.501432597637176514e-02,5.991537809371948187e-02,0.000000000000000000e+00,1.000000000000000000e+00,2.073854127521933266e-01
4.589999999999999858e+01,2.501340508460998813e-02,5.990594029426574152e-02,0.000000000000000000e+00,1.000000000000000000e+00,2.087978794262899951e-01
4.592000000000000171e+01,2.501527667045593331e-02,5.993423223495483038e-02,0.000000000000000000e+00,1.000000000000000000e+00,2.118820074653736674e-01
4.593999999999999773e+01,2.501503229141235560e-02,5.992567062377929243e-02,0.000000000000000000e+00,1.000000000000000000e+00,2.168396281566458139e-01
4.596000000000000085e+01,2.501436173915863245e-02,5.997621774673461692e-02,0.000000000000000000e+00,1.000000000000000000e+00,2.233760627290232170e-01
4.598000000000000398e+01,2.501270473003387729e-02,6.000429153442382590e-02,0.000000000000000000e+00,1.000000000000000000e+00,2.304417985940274693e-01
4.600000000000000000e+01,2.501496672630310059e-02,5.998392820358276062e-02,0.000000000000000000e+00,1.000000000000000000e+00,2.364367243709867283e-01
4.602000000000000313e+01,2.501428127288818359e-02,5.998783349990844532e-02,0.000000000000000000e+00,1.000000000000000000e+00,2.402431056138031040e-01
4.603999999999999915e+01,2.501451075077057093e-02,5.998696804046630554e-02,0.000000000000000000e+00,1.000000000000000000e+00,2.419559170802876302e-01
4.606000000000000227e+01,2.501181662082672258e-02,5.999323725700378418e-02,0.000000000000000000e+00,1.000000000000000000e+00,2.424215857471332669e-01
4.607999999999999829e+01,2.501544356346130371e-02,5.998949289321899025e-02,0.000000000000000000e+00,1.000000000000000000e+00,2.424451571200450795e-01
4.610000000000000142e+01,2.501463592052459786e-02,5.998901367187500083e-02,0.000000000000000000e+00,1.000000000000000000e+00,2.424507162214991352e-01
4.611999999999999744e+01,2.501411736011505127e-02,5.998648166656493641e-02,0.000000000000000000e+00,1.000000000000000000e+00,2.424961548132964773e-01
4.614000000000000057e+01,2.501406669616699358e-02,5.998721837997436634e-02,0.000000000000000000e+00,1.000000000000000000e+00,2.423654611047959262e-01
4.616000000000000369e+01,2.501306235790252963e-02,5.999100923538207980e-02,0.000000000000000000e+00,1.000000000000000000e+00,2.416187413379274340e-01
4.617999999999999972e+01,2.501328885555267542e-02,5.999049425125121959e-02,0.000000000000000000e+00,1.000000000000000000e+00,2.396432422717880151e-01
4.620000000000000284e+01,2.501331269741058350e-02,5.999034404754638450e-02,0.000000000000000000e+00,1.000000000000000000e+00,2.358787236440826052e-01
4.621999999999999886e+01,2.501258552074432651e-02,5.998890638351440235e-02,0.000000000000000000e+00,1.000000000000000000e+00,2.302993304375224870e-01
4.624000000000000199e+01,2.501208484172821184e-02,5.998776912689209040e-02,0.000000000000000000e+00,1.000000000000000000e+00,2.237456496198564349e-01
4.625999999999999801e+01,2.501307725906372348e-02,5.999106287956237904e-02,0.000000000000000000e+00,1.000000000000000000e+00,2.175280337685225329e-01
4.628000000000000114e+01,2.501086294651031633e-02,5.997969746589660450e-02,0.000000000000000000e+00,1.000000000000000000e+00,2.126437197538700863e-01
4.630000000000000426e+01,2.501311302185058733e-02,5.999995350837707131e-02,0.000000000000000000e+00,1.000000000000000000e+00,2.094441234680528563e-01
4.632000000000000028e+01,2.501360476016998430e-02,6.001228094100952148e-02,0.000000000000000000e+00,1.000000000000000000e+00,2.077789689858760003e-01
4.634000000000000341e+01,2.501384317874908586e-02,6.000243186950683649e-02,0.000000000000000000e+00,1.000000000000000000e+00,2.072015034193841199e-01
4.635999999999999943e+01,2.501404285430908203e-02,6.000003576278686163e-02,0.000000000000000000e+00,1.000000000000000000e+00,2.071487107242392101e-01
4.638000000000000256e+01,2.501335740089416504e-02,6.000543594360351063e-02,0.000000000000000000e+00,1.000000000000000000e+00,2.071651866217376070e-01
4.639999999999999858e+01,2.501324713230133195e-02,6.000631570816039595e-02,0.000000000000000000e+00,1.000000000000000000e+00,2.070090774514395660e-01
4.642000000000000171e+01,2.501313090324401925e-02,6.001057863235473300e-02,0.000000000000000000e+00,1.000000000000000000e+00,2.065273007645767600e-01
4.643999999999999773e+01,2.501307427883148193e-02,6.001014947891235296e-02,0.000000000000000000e+00,1.000000000000000000e+00,2.055405634522438074e-01
4.646000000000000085e+01,2.501070797443390170e-02,5.999942064285278265e-02,0.000000000000000000e+00,1.000000000000000000e+00,2.040038611835011118e-01
4.648000000000000398e+01,2.501127421855926791e-02,6.000200271606444952e-02,0.000000000000000000e+00,1.000000000000000000e+00,2.023320344692114137e-01
4.650000000000000000e+01,2.501308023929596155e-02,6.001197338104247853e-02,0.000000000000000000e+00,1.000000000000000000e+00,2.013869277657319712e-01
4.652000000000000313e+01,2.501338124275207658e-02,6.001420497894286582e-02,0.000000000000000000e+00,1.000000000000000000e+00,2.020164675855518899e-01
4.653999999999999915e+01,2.501393556594848702e-02,6.002047777175903431e-02,0.000000000000000000e+00,1.000000000000000000e+00,2.047305093831668088e-01
4.656000000000000227e+01,2.501582205295562952e-02,6.006284952163695734e-02,0.000000000000000000e+00,1.000000000000000000e+00,2.096736335095753245e-01
4.657999999999999829e+01,2.501586377620697299e-02,6.007585287094115850e-02,0.000000000000000000e+00,1.000000000000000000e+00,2.164917391016558668e-01
4.660000000000000142e+01,2.501637637615203996e-02,6.006159067153930137e-02,0.000000000000000000e+00,1.000000000000000000e+00,2.240739383102490767e-01
4.661999999999999744e+01,2.501376569271087855e-02,6.009709596633910911e-02,0.000000000000000000e+00,1.000000000000000000e+00,2.307731778109779752e-01
4.664000000000000057e+01,2.500991225242614815e-02,6.013242244720459068e-02,0.000000000000000000e+00,1.000000000000000000e+00,2.353106425430668280e-01
4.666000000000000369e+01,2.500717341899871826e-02,6.015202045440673495e-02,0.000000000000000000e+00,1.000000000000000000e+00,2.374368445385888204e-01
4.667999999999999972e+01,2.501106262207031250e-02,6.012749433517455833e-02,0.000000000000000000e+00,1.000000000000000000e+00,2.377276856043823439e-01
4.670000000000000284e+01,2.501363754272461007e-02,6.011059999465942494e-02,0.000000000000000000e+00,1.000000000000000000e+00,2.370487700231450057e-01
4.671999999999999886e+01,2.501274645328521729e-02,6.011868953704833929e-02,0.000000000000000000e+00,1.000000000000000000e+00,2.362056787348332243e-01
4.674000000000000199e+01,2.501307725906372348e-02,6.011154413223266518e-02,0.000000000000000000e+00,1.000000000000000000e+00,2.357689778089527843e-01
4.675999999999999801e+01,2.501306533813476771e-02,6.011974096298217801e-02,0.000000000000000000e+00,1.000000000000000000e+00,2.359541979605785378e-01
4.678000000000000114e+01,2.501306831836700578e-02,6.011672973632812417e-02,0.000000000000000000e+00,1.000000000000000000e+00,2.365325187469921875e-01
4.680000000000000426e+01,2.501244246959686418e-02,6.013142824172973411e-02,0.000000000000000000e+00,1.000000000000000000e+00,2.368087667711664679e-01
4.682000000000000028e+01,2.501269876956939767e-02,6.012941837310790960e-02,0.000000000000000000e+00,1.000000000000000000e+00,2.358390061993681230e-01
4.684000000000000341e+01,2.501308619976043771e-02,6.012809514999389177e-02,0.000000000000000000e+00,1.000000000000000000e+00,2.330762556262936658e-01
4.685999999999999943e+01,2.501405179500579973e-02,6.012699365615844366e-02,0.000000000000000000e+00,1.000000000000000000e+00,2.289718135245909503e-01
4.688000000000000256e+01,2.501447796821594516e-02,6.012725830078125000e-02,0.000000000000000000e+00,1.000000000000000000e+00,2.246560793880580109e-01
4.689999999999999858e+01,2.501504123210906982e-02,6.012883186340331476e-02,0.000000000000000000e+00,1.000000000000000000e+00,2.210706589167921454e-01
4.692000000000000171e+01,2.501484453678131173e-02,6.012722253799437921e-02,0.000000000000000000e+00,1.000000000000000000e+00,2.185739104021324208e-01
4.693999999999999773e+01,2.501488029956817905e-02,6.012581348419189509e-02,0.000000000000000000e+00,1.000000000000000000e+00,2.170556659938276123e-01
4.696000000000000085e+01,2.501479089260101596e-02,6.012629985809325728e-02,0.000000000000000000e+00,1.000000000000000000e+00,2.161713195725713244e-01
4.698000000000000398e+01,2.501573264598846644e-02,6.012438297271728571e-02,0.000000000000000000e+00,1.000000000000000000e+00,2.155774828223657735e-01
4.700000000000000000e+01,2.501669228076934884e-02,6.012420415878295954e-02,0.000000000000000000e+00,1.000000000000000000e+00,2.150778597887534893e-01
4.702000000000000313e+01,2.501778602600097934e-02,6.012629985809325728e-02,0.000000000000000000e+00,1.000000000000000000e+00,2.151178971932031780e-01
4.703999999999999915e+01,2.501791715621948242e-02,6.012911081314086664e-02,0.000000000000000000e+00,1.000000000000000000e+00,2.151981538608370992e-01
4.706000000000000227e+01,2.501697242259979387e-02,6.013113498687743669e-02,0.000000000000000000e+00,1.000000000000000000e+00,2.152340201652816198e-01
4.707999999999999829e+01,2.501808106899261475e-02,6.013151407241820734e-02,0.000000000000000000e+00,1.000000000000000000e+00,2.130623165746547976e-01
4.710000000000000142e+01,2.501810491085052629e-02,6.013155698776245089e-02,0.000000000000000000e+00,1.000000000000000000e+00,2.105215856651740658e-01
4.711999999999999744e+01,2.502363622188568185e-02,6.014949560165405024e-02,0.000000000000000000e+00,1.000000000000000000e+00,2.085417857157091104e-01
4.714000000000000057e+01,2.502345144748687952e-02,6.014854431152343722e-02,0.000000000000000000e+00,1.000000000000000000e+00,2.080162145733606416e-01
4.716000000000000369e+01,2.502325177192687988e-02,6.014687061309813981e-02,0.000000000000000000e+00,1.000000000000000000e+00,2.094658392538970570e-01
4.717999999999999972e+01,2.502116262912750314e-02,6.011431217193603099e-02,0.000000000000000000e+00,1.000000000000000000e+00,2.129957560845130715e-01
4.720000000000000284e+01,2.502124607563019007e-02,6.011841058731078741e-02,0.000000000000000000e+00,1.000000000000000000e+00,2.181992887822527816e-01
4.721999999999999886e+01,2.502106428146362582e-02,6.012965440750121793e-02,0.000000000000000000e+00,1.000000000000000000e+00,2.240513518541669413e-01
4.724000000000000199e+01,2.502095997333526889e-02,6.013197183609008539e-02,0.000000000000000000e+00,1.000000000000000000e+00,2.291537846860738636e-01
4.725999999999999801e+01,2.502021789550781458e-02,6.014343738555907870e-02,0.000000000000000000e+00,1.000000000000000000e+00,2.323298985926832427e-01
4.728000000000000114e+01,2.501912713050842563e-02,6.015862226486205777e-02,0.000000000000000000e+00,1.000000000000000000e+00,2.330930815903759223e-01
4.730000000000000426e+01,2.501696646213531772e-02,6.019280433654784768e-02,0.000000000000000000e+00,1.000000000000000000e+00,2.317485676519812909e-01
4.732000000000000028e+01,2.501673698425293038e-02,6.019842624664306641e-02,0.000000000000000000e+00,1.000000000000000000e+00,2.292349694760708878e-01
4.734000000000000341e+01,2.501714825630188196e-02,6.017021656036376787e-02,0.000000000000000000e+00,1.000000000000000000e+00,2.267510800689957751e-01
4.735999999999999943e+01,2.501713633537292619e-02,6.015986680984496821e-02,0.000000000000000000e+00,1.000000000000000000e+00,2.252762986243628807e-01
4.738000000000000256e+01,2.501710951328277657e-02,6.017764091491698691e-02,0.000000000000000000e+00,1.000000000000000000e+00,2.252774829358495379e-01
4.739999999999999858e+01,2.501789629459381242e-02,6.014404535293579185e-02,0.000000000000000000e+00,1.000000000000000000e+00,2.266698397381413932e-01
4.742000000000000171e+01,2.501764297485351701e-02,6.014805078506469532e-02,0.000000000000000000e+00,1.000000000000000000e+00,2.288244697846146813e-01
4.743999999999999773e+01,2.501717209815979004e-02,6.015192747116088895e-02,0.000000000000000000e+00,1.000000000000000000e+00,2.306658082229463558e-01
4.746000000000000085e+01,2.501730322837829659e-02,6.015129089355468472e-02,0.000000000000000000e+00,1.000000000000000000e+00,2.312270160237047401e-01
4.748000000000000398e+01,2.501976191997528146e-02,6.014435291290282787e-02,0.000000000000000000e+00,1.000000000000000000e+00,2.303925449629616318e-01
4.750000000000000000e+01,2.501820027828216553e-02,6.014643430709838701e-02,0.000000000000000000e+00,1.000000000000000000e+00,2.288415438024330173e-01
4.752000000000000313e+01,2.502059042453766077e-02,6.014682769775390320e-02,0.000000000000000000e+00,1.000000000000000000e+00,2.273208483643803235e-01
4.753999999999999915e+01,2.502111494541168352e-02,6.014906644821167020e-02,0.000000000000000000e+00,1.000000000000000000e+00,2.261969902471732130e-01
4.756000000000000227e+01,2.502218782901764055e-02,6.014661312103271318e-02,0.000000000000000000e+00,1.000000000000000000e+00,2.254783191534798503e-01
4.757999999999999829e+01,2.502214908599853516e-02,6.014659881591796764e-02,0.000000000000000000e+00,1.000000000000000000e+00,2.250437491690462644e-01
4.760000000000000142e+01,2.502037286758422921e-02,6.014333724975585993e-02,0.000000000000000000e+00,1.000000000000000000e+00,2.248579553533011643e-01
4.761999999999999744e+01,2.501607835292816301e-02,6.012733697891235046e-02,0.000000000000000000e+00,1.000000000000000000e+00,2.249810582228812528e-01
4.764000000000000057e+01,2.501509785652160714e-02,6.011971235275268000e-02,0.000000000000000000e+00,1.000000000000000000e+00,2.253759525009025044e-01
4.766000000000000369e+01,2.501524090766906946e-02,6.012707233428955106e-02,0.000000000000000000e+00,1.000000000000000000e+00,2.257260727120606880e-01
4.767999999999999972e+01,2.501357495784759660e-02,6.014358043670654103e-02,0.000000000000000000e+00,1.000000000000000000e+00,2.254814133537966225e-01
4.770000000000000284e+01,2.500952482223510812e-02,6.015684127807616882e-02,0.000000000000000000e+00,1.000000000000000000e+00,2.242576472643676433e-01
4.771999999999999886e+01,2.501532137393951485e-02,6.015228509902954129e-02,0.000000000000000000e+00,1.000000000000000000e+00,2.223016086156564264e-01
4.774000000000000199e+01,2.500964999198913852e-02,6.014651298522948747e-02,0.000000000000000000e+00,1.000000000000000000e+00,2.204128707290222700e-01
4.775999999999999801e+01,2.501043379306793282e-02,6.014879465103149109e-02,0.000000000000000000e+00,1.000000000000000000e+00,2.194052754747875256e-01
4.778000000000000114e+01,2.501089870929718018e-02,6.015137672424316490e-02,0.000000000000000000e+00,1.000000000000000000e+00,2.197402746839039467e-01
4.780000000000000426e+01,2.501242160797119418e-02,6.016731262207031250e-02,0.000000000000000000e+00,1.000000000000000000e+00,2.214523287663954787e-01
4.782000000000000028e+01,2.501201629638671875e-02,6.015757083892821905e-02,0.000000000000000000e+00,1.000000000000000000e+00,2.241533080745806428e-01
4.784000000000000341e+01,2.501201331615448067e-02,6.015676975250244113e-02,0.000000000000000000e+00,1.000000000000000000e+00,2.270869283042393494e-01
4.785999999999999943e+01,2.501234412193298340e-02,6.013650655746459461e-02,0.000000000000000000e+00,1.000000000000000000e+00,2.292959922179609589e-01
4.788000000000000256e+01,2.501310110092163155e-02,6.010271787643432090e-02,0.000000000000000000e+00,1.000000000000000000e+00,2.298663513744644560e-01
4.789999999999999858e+01,2.501329779624938965e-02,6.008800506591796542e-02,0.000000000000000000e+00,1.000000000000000000e+00,2.282336035331489765e-01
4.792000000000000171e+01,2.501314580440521310e-02,6.006063222885131558e-02,0.000000000000000000e+00,1.000000000000000000e+00,2.245688872934155922e-01
4.793999999999999773e+01,2.501365244388580392e-02,6.008143186569213368e-02,0.000000000000000000e+00,1.000000000000000000e+00,2.199408648791340293e-01
4.796000000000000085e+01,2.501403987407684396e-02,6.009327650070190457e-02,0.000000000000000000e+00,1.000000000000000000e+00,2.158260818306027840e-01
4.798000000000000398e+01,2.501300573348999232e-02,6.005445241928100697e-02,0.000000000000000000e+00,1.000000000000000000e+00,2.133255244698888387e-01
4.800000000000000000e+01,2.501294910907745500e-02,6.004629135131835799e-02,0.000000000000000000e+00,1.000000000000000000e+00,2.128627496185021284e-01
4.802000000000000313e+01,2.501243352890014648e-02,6.006784915924071738e-02,0.000000000000000000e+00,1.000000000000000000e+00,2.143185415811905969e-01
4.803999999999999915e+01,2.501342296600342005e-02,6.005239963531493891e-02,0.000000000000000000e+00,1.000000000000000000e+00,2.170918002678369485e-01
4.806000000000000227e+01,2.501767575740814278e-02,6.001502037048339622e-02,0.000000000000000000e+00,1.000000000000000000e+00,2.201208619600530381e-01
4.807999999999999829e+01,2.501815259456634591e-02,6.001230239868163979e-02,0.000000000000000000e+00,1.000000000000000000e+00,2.223585580562648101e-01
4.810000000000000142e+01,2.501836121082305978e-02,6.001147270202636386e-02,0.000000000000000000e+00,1.000000000000000000e+00,2.234624132190028978e-01
4.812000000000000455e+01,2.501908242702484408e-02,6.000939846038818443e-02,0.000000000000000000e+00,1.000000000000000000e+00,2.237871831434941616e-01
4.814000000000000057e+01,2.501844167709350863e-02,6.001103639602661105e-02,0.000000000000000000e+00,1.000000000000000000e+00,2.238172575400082243e-01
4.816000000000000369e+01,2.501845955848694056e-02,6.001079320907592302e-02,0.000000000000000000e+00,1.000000000000000000e+00,2.238171231248261006e-01
4.817999999999999972e+01,2.501831650733947823e-02,6.001036405563354298e-02,0.000000000000000000e+00,1.000000000000000000e+00,2.238782126857666588e-01
4.820000000000000284e+01,2.501675784587860385e-02,6.000571489334106251e-02,0.000000000000000000e+00,1.000000000000000000e+00,2.241257588304958193e-01
4.821999999999999886e+01,2.501720786094665736e-02,6.000756025314330638e-02,0.000000000000000000e+00,1.000000000000000000e+00,2.248038676518392676e-01
4.824000000000000199e+01,2.501900196075439523e-02,6.001884698867797352e-02,0.000000000000000000e+00,1.000000000000000000e+00,2.261366063500621915e-01
4.825999999999999801e+01,2.501968741416931222e-02,6.002693653106689481e-02,0.000000000000000000e+00,1.000000000000000000e+00,2.281132970980367380e-01
4.828000000000000114e+01,2.501998543739318917e-02,6.004531145095824696e-02,0.000000000000000000e+00,1.000000000000000000e+00,2.303578149948099230e-01
4.830000000000000426e+01,2.502001821994781494e-02,6.004468917846679521e-02,0.000000000000000000e+00,1.000000000000000000e+00,2.322089695103426721e-01
4.832000000000000028e+01,2.502031028270721574e-02,6.004260778427123607e-02,0.000000000000000000e+00,1.000000000000000000e+00,2.331100979408765872e-01
4.834000000000000341e+01,2.502293586730957101e-02,6.003294467926025002e-02,0.000000000000000000e+00,1.000000000000000000e+00,2.330332210402936421e-01
4.835999999999999943e+01,2.502019703388214111e-02,6.003739356994628601e-02,0.000000000000000000e+00,1.000000000000000000e+00,2.324459459433934894e-01
4.838000000000000256e+01,2.502107918262481967e-02,6.003750801086425726e-02,0.000000000000000000e+00,1.000000000000000000e+00,2.319067831717453732e-01
4.839999999999999858e+01,2.501937747001647949e-02,6.003381729125976257e-02,0.000000000000000000e+00,1.000000000000000000e+00,2.317591628488483435e-01
4.842000000000000171e+01,2.502015233039855957e-02,6.003793716430663729e-02,0.000000000000000000e+00,1.000000000000000000e+00,2.320684107613682212e-01
4.843999999999999773e+01,2.501960992813110490e-02,6.003168582916259405e-02,0.000000000000000000e+00,1.000000000000000000e+00,2.326745825550250446e-01
4.846000000000000085e+01,2.501990199089050571e-02,6.003863811492919644e-02,0.000000000000000000e+00,1.000000000000000000e+00,2.332342728495732931e-01
4.848000000000000398e+01,2.501999437808990687e-02,6.004152774810790627e-02,0.000000000000000000e+00,1.000000000000000000e+00,2.332040216745401573e-01
4.850000000000000000e+01,2.502025663852691650e-02,6.004707813262939037e-02,0.000000000000000000e+00,1.000000000000000000e+00,2.318584772952709538e-01
4.852000000000000313e+01,2.502112686634063929e-02,6.005903005599975281e-02,0.000000000000000000e+00,1.000000000000000000e+00,2.285795547958294205e-01
4.853999999999999915e+01,2.502179741859436243e-02,6.006639003753661693e-02,0.000000000000000000e+00,1.000000000000000000e+00,2.234783689249073557e-01
4.856000000000000227e+01,2.502268552780151367e-02,6.007598876953124806e-02,0.000000000000000000e+00,1.000000000000000000e+00,2.177114670399208363e-01
4.857999999999999829e+01,2.502048015594482422e-02,6.004775047302245844e-02,0.000000000000000000e+00,1.000000000000000000e+00,2.128109025497227913e-01
4.860000000000000142e+01,2.502096593379974504e-02,6.005704164505004661e-02,0.000000000000000000e+00,1.000000000000000000e+00,2.097665092284791977e-01
4.862000000000000455e+01,2.502115964889526506e-02,6.006706237792968500e-02,0.000000000000000000e+00,1.000000000000000000e+00,2.088519221201857179e-01
4.864000000000000057e+01,2.502105832099914620e-02,6.007261991500854187e-02,0.000000000000000000e+00,1.000000000000000000e+00,2.098532323133515676e-01
4.866000000000000369e+01,2.502167522907257358e-02,6.006232023239135853e-02,0.000000000000000000e+00,1.000000000000000000e+00,2.121111469328354759e-01
4.867999999999999972e+01,2.501886487007141252e-02,6.008885622024535966e-02,0.000000000000000000e+00,1.000000000000000000e+00,2.145815332222688332e-01
4.870000000000000284e+01,2.501974999904632568e-02,6.008318424224853155e-02,0.000000000000000000e+00,1.000000000000000000e+00,2.163489014308595804e-01
4.871999999999999886e+01,2.501880526542663713e-02,6.008776187896728432e-02,0.000000000000000000e+00,1.000000000000000000e+00,2.171512004197710399e-01
4.874000000000000199e+01,2.502228319644927979e-02,6.007303476333617637e-02,0.000000000000000000e+00,1.000000000000000000e+00,2.172522296097556815e-01
4.875999999999999801e+01,2.502193152904510706e-02,6.007499456405639149e-02,0.000000000000000000e+00,1.000000000000000000e+00,2.170045018797168712e-01
4.878000000000000114e+01,2.502196133136749476e-02,6.007674694061278936e-02,0.000000000000000000e+00,1.000000000000000000e+00,2.166651173455855783e-01
4.880000000000000426e+01,2.502363622188568185e-02,6.008592367172241322e-02,0.000000000000000000e+00,1.000000000000000000e+00,2.164857429785385645e-01
4.882000000000000028e+01,2.502234578132629672e-02,6.007974386215209767e-02,0.000000000000000000e+00,1.000000000000000000e+00,2.168114515289548405e-01
4.884000000000000341e+01,2.502388954162597726e-02,6.008881330490112305e-02,0.000000000000000000e+00,1.000000000000000000e+00,2.180071951484574000e-01
4.885999999999999943e+01,2.502591013908386439e-02,6.010610103607177263e-02,0.000000000000000000e+00,1.000000000000000000e+00,2.202821413521856841e-01
4.888000000000000256e+01,2.502792477607727190e-02,6.013780832290649414e-02,0.000000000000000000e+00,1.000000000000000000e+00,2.235455516074477123e-01
4.889999999999999858e+01,2.502821385860443115e-02,6.016016721725463839e-02,0.000000000000000000e+00,1.000000000000000000e+00,2.273468589295305209e-01
4.892000000000000171e+01,2.502829134464264194e-02,6.015802145004272433e-02,0.000000000000000000e+00,1.000000000000000000e+00,2.309987033971811210e-01
4.893999999999999773e+01,2.502703368663787911e-02,6.017309188842773215e-02,0.000000000000000000e+00,1.000000000000000000e+00,2.339217101866217230e-01
4.896000000000000085e+01,2.502881586551666468e-02,6.015948057174682478e-02,0.000000000000000000e+00,1.000000000000000000e+00,2.359248164187676411e-01
4.898000000000000398e+01,2.503102421760559221e-02,6.014700651168822937e-02,0.000000000000000000e+00,1.000000000000000000e+00,2.371406128959096526e-01
4.900000000000000000e+01,2.502958774566650668e-02,6.015367984771727988e-02,0.000000000000000000e+00,1.000000000000000000e+00,2.377860777741811205e-01
4.902000000000000313e+01,2.502958774566650668e-02,6.015367984771727988e-02,4.000000000000000000e+00,1.000000000000000000e+00,2.377554184996119868e-01
4.903999999999999915e+01,2.502958774566650668e-02,6.015367984771727988e-02,6.000000000000000000e+00,1.000000000000000000e+00,2.376769676339454684e-01
4.906000000000000227e+01,2.502958774566650668e-02,6.015367984771727988e-02,7.000000000000000000e+00,1.000000000000000000e+00,2.376312065963358255e-01
4.907999999999999829e+01,2.502995431423187325e-02,6.015232801437377791e-02,0.000000000000000000e+00,1.000000000000000000e+00,2.376615496071211031e-01
4.910000000000000142e+01,2.503085136413574219e-02,6.015159130096435491e-02,0.000000000000000000e+00,1.000000000000000000e+00,2.374170715044634783e-01
4.912000000000000455e+01,2.502758204936981340e-02,6.014858722686767384e-02,0.000000000000000000e+00,1.000000000000000000e+00,2.362232552501558336e-01
4.914000000000000057e+01,2.502434551715851038e-02,6.014175653457641546e-02,0.000000000000000000e+00,1.000000000000000000e+00,2.333465564400633574e-01
4.916000000000000369e+01,2.502343356609344760e-02,6.013878107070922546e-02,0.000000000000000000e+00,1.000000000000000000e+00,2.287655959222893165e-01
4.917999999999999972e+01,2.502101957798004428e-02,6.012740135192870539e-02,0.000000000000000000e+00,1.000000000000000000e+00,2.235418447080325111e-01
4.920000000000000284e+01,2.501960396766662875e-02,6.011755943298339316e-02,0.000000000000000000e+00,1.000000000000000000e+00,2.190680345173018628e-01
4.921999999999999886e+01,2.502024173736572266e-02,6.012484073638915683e-02,0.000000000000000000e+00,1.000000000000000000e+00,2.161934927330374512e-01
4.924000000000000199e+01,2.501970827579498569e-02,6.011077165603637140e-02,0.000000000000000000e+00,1.000000000000000000e+00,2.151109461613049945e-01
4.925999999999999801e+01,2.501960098743438721e-02,6.012303829193114957e-02,0.000000000000000000e+00,1.000000000000000000e+00,2.155146508569898145e-01
4.928000000000000114e+01,2.501795589923858781e-02,6.015356540679931557e-02,0.000000000000000000e+00,1.000000000000000000e+00,2.166337317100984483e-01
4.930000000000000426e+01,2.501774728298187395e-02,6.015566110610962025e-02,0.000000000000000000e+00,1.000000000000000000e+00,2.174556452489198322e-01
4.932000000000000028e+01,2.501932382583618372e-02,6.014461755752563421e-02,0.000000000000000000e+00,1.000000000000000000e+00,2.172816584574007170e-01
4.934000000000000341e+01,2.502198815345764438e-02,6.012958288192749023e-02,0.000000000000000000e+00,1.000000000000000000e+00,2.160317956605944667e-01
4.935999999999999943e+01,2.502267956733703752e-02,6.012567758560180553e-02,0.000000000000000000e+00,1.000000000000000000e+00,2.140222679056957289e-01
4.938000000000000256e+01,2.502240538597107211e-02,6.012845993041991688e-02,0.000000000000000000e+00,1.000000000000000000e+00,2.116701392750934829e-01
4.939999999999999858e+01,2.502234280109405518e-02,6.012711524963378767e-02,0.000000000000000000e+00,1.000000000000000000e+00,2.094247732247471738e-01
4.942000000000000171e+01,2.502395212650299072e-02,6.013820886611938310e-02,0.000000000000000000e+00,1.000000000000000000e+00,2.077897148304000963e-01
4.943999999999999773e+01,2.501965761184692452e-02,6.011127233505248607e-02,0.000000000000000000e+00,1.000000000000000000e+00,2.072466289364448544e-01
4.946000000000000085e+01,2.501761615276336739e-02,6.009562253952026312e-02,0.000000000000000000e+00,1.000000000000000000e+00,2.081126271529530336e-01
4.948000000000000398e+01,2.501926124095917026e-02,6.011416912078856867e-02,0.000000000000000000e+00,1.000000000000000000e+00,2.104430993486506030e-01
4.950000000000000000e+01,2.501814365386963168e-02,6.008990049362182562e-02,0.000000000000000000e+00,1.000000000000000000e+00,2.139795825337173218e-01
4.952000000000000313e+01,2.501795589923858781e-02,6.006065368652343389e-02,0.000000000000000000e+00,1.000000000000000000e+00,2.181644135691423458e-01
4.953999999999999915e+01,2.501824200153350899e-02,6.005038261413574163e-02,0.000000000000000000e+00,1.000000000000000000e+00,2.223347951834974412e-01
4.956000000000000227e+01,2.501818239688873360e-02,6.005147695541381697e-02,0.000000000000000000e+00,1.000000000000000000e+00,2.260165868099460740e-01
4.957999999999999829e+01,2.501839399337768555e-02,6.004832983016967357e-02,0.000000000000000000e+00,1.000000000000000000e+00,2.290220390724883037e-01
4.960000000000000142e+01,2.501876950263977328e-02,6.004229307174682728e-02,0.000000000000000000e+00,1.000000000000000000e+00,2.313112292629352640e-01
4.962000000000000455e+01,2.501969933509826799e-02,6.001786708831786943e-02,0.000000000000000000e+00,1.000000000000000000e+00,2.328870952229919189e-01
4.964000000000000057e+01,2.501956522464752336e-02,6.004013299942016074e-02,0.000000000000000000e+00,1.000000000000000000e+00,2.338754982284114992e-01
4.966000000000000369e+01,2.501986622810363839e-02,6.005950927734374917e-02,0.000000000000000000e+00,1.000000000000000000e+00,2.346239590408102926e-01
4.967999999999999972e+01,2.501963973045349260e-02,6.004291534423827903e-02,0.000000000000000000e+00,1.000000000000000000e+00,2.355762538553135554e-01
4.970000000000000284e+01,2.501952648162841797e-02,6.005046844482421486e-02,0.000000000000000000e+00,1.000000000000000000e+00,2.369764909592725621e-01
4.971999999999999886e+01,2.501964271068573067e-02,6.004886627197265209e-02,0.000000000000000000e+00,1.000000000000000000e+00,2.386158192282711032e-01
4.974000000000000199e+01,2.502059638500213692e-02,6.004345893859863031e-02,0.000000000000000000e+00,1.000000000000000000e+00,2.397415970211052294e-01
4.975999999999999801e+01,2.501798570156097551e-02,6.004963874816894587e-02,0.000000000000000000e+00,1.000000000000000000e+00,2.393853916409876548e-01
4.978000000000000114e+01,2.502077519893646310e-02,6.004873037338256947e-02,0.000000000000000000e+00,1.000000000000000000e+00,2.372316400481817300e-01
4.980000000000000426e+01,2.502176761627197474e-02,6.005013227462768083e-02,0.000000000000000000e+00,1.000000000000000000e+00,2.340841453856409293e-01
4.982000000000000028e+01,2.501786947250366280e-02,6.003680706024169811e-02,0.000000000000000000e+00,1.000000000000000000e+00,2.311638617449333910e-01
4.984000000000000341e+01,2.501614689826965610e-02,6.002545595169066911e-02,0.000000000000000000e+00,1.000000000000000000e+00,2.292665447499035447e-01
4.985999999999999943e+01,2.501688301563263078e-02,6.003620624542235773e-02,0.000000000000000000e+00,1.000000000000000000e+00,2.285619082716832118e-01
4.988000000000000256e+01,2.501679360866546770e-02,6.002151489257812056e-02,0.000000000000000000e+00,1.000000000000000000e+00,2.286629837803901000e-01
4.989999999999999858e+01,2.501915097236633370e-02,5.997160077095031738e-02,0.000000000000000000e+00,1.000000000000000000e+00,2.287517411715382643e-01
4.992000000000000171e+01,2.501826584339142054e-02,5.998091340065002386e-02,0.000000000000000000e+00,1.000000000000000000e+00,2.279365359168695482e-01
4.993999999999999773e+01,2.501765787601471086e-02,5.998538374900817816e-02,0.000000000000000000e+00,1.000000000000000000e+00,2.257052306183970347e-01
4.996000000000000085e+01,2.501887679100036829e-02,5.997765541076659906e-02,0.000000000000000000e+00,1.000000000000000000e+00,2.220631388027727582e-01
4.998000000000000398e+01,2.501880228519439905e-02,5.997822761535644143e-02,0.000000000000000000e+00,1.000000000000000000e+00,2.173868091718899886e-01
5.000000000000000000e+01,2.501894831657409946e-02,5.997418999671935702e-02,0.000000000000000000e+00,1.000000000000000000e+00,2.123010158181423135e-01
5.002000000000000313e+01,2.501967847347259799e-02,5.998343467712401872e-02,0.000000000000000000e+00,1.000000000000000000e+00,2.075956545372555917e-01
5.003999999999999915e+01,2.501902878284454484e-02,5.997861742973327470e-02,0.000000000000000000e+00,1.000000000000000000e+00,2.040330718422825873e-01
5.006000000000000227e+01,2.501956522464752336e-02,5.998269081115722295e-02,0.000000000000000000e+00,1.000000000000000000e+00,2.021175897680758671e-01
5.007999999999999829e+01,2.502080202102661272e-02,5.999496459960937389e-02,0.000000000000000000e+00,1.000000000000000000e+00,2.020090405965681013e-01
5.010000000000000142e+01,2.501965761184692452e-02,5.997664332389831404e-02,0.000000000000000000e+00,1.000000000000000000e+00,2.035458491136870052e-01
5.012000000000000455e+01,2.501994073390960763e-02,5.998787283897399902e-02,0.000000000000000000e+00,1.000000000000000000e+00,2.062674853980850931e-01
5.014000000000000057e+01,2.502014935016632149e-02,5.995453476905822365e-02,0.000000000000000000e+00,1.000000000000000000e+00,2.095198282866326811e-01
5.016000000000000369e+01,2.502030134201049805e-02,5.994915604591369296e-02,0.000000000000000000e+00,1.000000000000000000e+00,2.127231619980382293e-01
5.017999999999999972e+01,2.501974403858184953e-02,5.996510267257690319e-02,0.000000000000000000e+00,1.000000000000000000e+00,2.155708895285199656e-01
5.020000000000000284e+01,2.501956820487976144e-02,5.997317433357238214e-02,0.000000000000000000e+00,1.000000000000000000e+00,2.179537191340489288e-01
5.021999999999999886e+01,2.501965165138244837e-02,5.998298406600952037e-02,0.000000000000000000e+00,1.000000000000000000e+00,2.198031680127907339e-01
5.024000000000000199e+01,2.501978278160095492e-02,5.998605966567992914e-02,0.000000000000000000e+00,1.000000000000000000e+00,2.211270062922396362e-01
5.025999999999999801e+01,2.501925528049469064e-02,5.997768759727478000e-02,0.000000000000000000e+00,1.000000000000000000e+00,2.222000382804367735e-01
5.028000000000000114e+01,2.501897513866424561e-02,5.997323870658874401e-02,0.000000000000000000e+00,1.000000000000000000e+00,2.235847478042039815e-01
5.030000000000000426e+01,2.501814067363739014e-02,5.995451688766479520e-02,0.000000000000000000e+00,1.000000000000000000e+00,2.258567610511613699e-01
5.032000000000000028e+01,2.501837611198425362e-02,5.997489094734191617e-02,0.000000000000000000e+00,1.000000000000000000e+00,2.293057840356890753e-01
5.034000000000000341e+01,2.501888573169708252e-02,5.995955228805541909e-02,0.000000000000000000e+00,1.000000000000000000e+00,2.337241428002519161e-01
5.035999999999999943e+01,2.501915395259857178e-02,5.995663046836852833e-02,0.000000000000000000e+00,1.000000000000000000e+00,2.382290755455429010e-01
5.038000000000000256e+01,2.502222061157226632e-02,5.993926763534545427e-02,0.000000000000000000e+00,1.000000000000000000e+00,2.414986640853699629e-01
5.039999999999999858e+01,2.502405047416687150e-02,5.993372797966003279e-02,0.000000000000000000e+00,1.000000000000000000e+00,2.427486699001056847e-01
5.042000000000000171e+01,2.503075897693634103e-02,5.992591381072998047e-02,0.000000000000000000e+00,1.000000000000000000e+00,2.424029852934456997e-01
5.043999999999999773e+01,2.502887547016144007e-02,5.992482662200927790e-02,0.000000000000000000e+00,1.000000000000000000e+00,2.415138083082663534e-01
5.046000000000000085e+01,2.503258585929870814e-02,5.993522644042968694e-02,0.000000000000000000e+00,1.000000000000000000e+00,2.408890478262136481e-01
5.048000000000000398e+01,2.503213584423065463e-02,5.993200778961181585e-02,0.000000000000000000e+00,1.000000000000000000e+00,2.407696520043593746e-01
5.050000000000000000e+01,2.503260970115661621e-02,5.994674205780028964e-02,0.000000000000000000e+00,1.000000000000000000e+00,2.408726274407305967e-01
5.052000000000000313e+01,2.503221929073333810e-02,5.995587229728698703e-02,0.000000000000000000e+00,1.000000000000000000e+00,2.405758045628325903e-01
5.053999999999999915e+01,2.503376007080078403e-02,5.994079828262328935e-02,0.000000000000000000e+00,1.000000000000000000e+00,2.391957124468221119e-01
5.056000000000000227e+01,2.503125667572021762e-02,5.995820760726928295e-02,0.000000000000000000e+00,1.000000000000000000e+00,2.362338592383726177e-01
5.057999999999999829e+01,2.503020465373993059e-02,5.996548175811767384e-02,0.000000000000000000e+00,1.000000000000000000e+00,2.315176401767263803e-01
5.060000000000000142e+01,2.503052949905395716e-02,5.996081471443175798e-02,0.000000000000000000e+00,1.000000000000000000e+00,2.253306440053324533e-01
5.062000000000000455e+01,2.503022849559784213e-02,5.995564341545104453e-02,0.000000000000000000e+00,1.000000000000000000e+00,2.184921359070762792e-01
5.064000000000000057e+01,2.502807974815368652e-02,5.994019031524658314e-02,0.000000000000000000e+00,1.000000000000000000e+00,2.121288692596454695e-01
5.066000000000000369e+01,2.503005564212799211e-02,5.995369434356689203e-02,0.000000000000000000e+00,1.000000000000000000e+00,2.071833099552234936e-01
5.067999999999999972e+01,2.502935528755188127e-02,5.994763612747192050e-02,0.000000000000000000e+00,1.000000000000000000e+00,2.041067136632157830e-01
5.070000000000000284e+01,2.502958476543426514e-02,5.995077252388000127e-02,0.000000000000000000e+00,1.000000000000000000e+00,2.028949158797750951e-01
5.071999999999999886e+01,2.502895295619964738e-02,5.993006587028502918e-02,0.000000000000000000e+00,1.000000000000000000e+00,2.032090899022268582e-01
5.074000000000000199e+01,2.502889931201934814e-02,5.993742585182190025e-02,0.000000000000000000e+00,1.000000000000000000e+00,2.044617059960433525e-01
5.075999999999999801e+01,2.502830624580383578e-02,5.995436310768127025e-02,0.000000000000000000e+00,1.000000000000000000e+00,2.060101660851055561e-01
5.078000000000000114e+01,2.502757906913757532e-02,5.997094988822936762e-02,0.000000000000000000e+00,1.000000000000000000e+00,2.074212047817781956e-01
5.080000000000000426e+01,2.502748966217041224e-02,5.997473359107970831e-02,0.000000000000000000e+00,1.000000000000000000e+00,2.085174471921090733e-01
5.082000000000000028e+01,2.502733170986175606e-02,5.996849656105041060e-02,0.000000000000000000e+00,1.000000000000000000e+00,2.092120695902675298e-01
5.084000000000000341e+01,2.502741813659668108e-02,5.996959090232848594e-02,0.000000000000000000e+00,1.000000000000000000e+00,2.094503845348656412e-01
5.085999999999999943e+01,2.502596378326416016e-02,5.995666980743408203e-02,0.000000000000000000e+00,1.000000000000000000e+00,2.093989449474476239e-01
5.088000000000000256e+01,2.502198517322540283e-02,5.992220878601074024e-02,0.000000000000000000e+00,1.000000000000000000e+00,2.096127609901622391e-01
5.089999999999999858e+01,2.501756846904754777e-02,5.987652182579040333e-02,0.000000000000000000e+00,1.000000000000000000e+00,2.108442162455403668e-01
5.092000000000000171e+01,2.501809597015380859e-02,5.988456130027770830e-02,0.000000000000000000e+00,1.000000000000000000e+00,2.136971224138816960e-01
5.093999999999999773e+01,2.501934468746185372e-02,5.992862462997436412e-02,0.000000000000000000e+00,1.000000000000000000e+00,2.184549968668015318e-01
5.096000000000000085e+01,2.501923739910125871e-02,5.993692874908446849e-02,0.000000000000000000e+00,1.000000000000000000e+00,2.249065954726874594e-01
5.098000000000000398e+01,2.501828074455261439e-02,5.995331525802612138e-02,0.000000000000000000e+00,1.000000000000000000e+00,2.320483366560938676e-01
5.100000000000000000e+01,2.501760721206665317e-02,5.995942711830139216e-02,0.000000000000000000e+00,1.000000000000000000e+00,2.382463214412620101e-01
5.102000000000000313e+01,2.502118945121765275e-02,5.993888854980468361e-02,0.000000000000000000e+00,1.000000000000000000e+00,2.426120130423408960e-01
5.103999999999999915e+01,2.501593828201294223e-02,5.995869040489196222e-02,0.000000000000000000e+00,1.000000000000000000e+00,2.446018382437256944e-01
5.106000000000000227e+01,2.501826882362365861e-02,5.995325803756713923e-02,0.000000000000000000e+00,1.000000000000000000e+00,2.451960024391414417e-01
5.107999999999999829e+01,2.501446902751922746e-02,5.995714902877807145e-02,0.000000000000000000e+00,1.000000000000000000e+00,2.452328417956186057e-01
5.110000000000000142e+01,2.501526176929473946e-02,5.995763540267944058e-02,0.000000000000000000e+00,1.000000000000000000e+00,2.452338156843324735e-01
5.112000000000000455e+01,2.501613199710846225e-02,5.996193766593933133e-02,0.000000000000000000e+00,1.000000000000000000e+00,2.452805098775088788e-01
5.114000000000000057e+01,2.501619756221771379e-02,5.996099352836608415e-02,0.000000000000000000e+00,1.000000000000000000e+00,2.451745339200560314e-01
5.116000000000000369e+01,2.501569092273712297e-02,5.996291399002075251e-02,0.000000000000000000e+00,1.000000000000000000e+00,2.444911800001202673e-01
5.117999999999999972e+01,2.501649558544159074e-02,5.996107935905456432e-02,0.000000000000000000e+00,1.000000000000000000e+00,2.426277105056446060e-01
5.120000000000000284e+01,2.501648664474487305e-02,5.996112942695617370e-02,0.000000000000000000e+00,1.000000000000000000e+00,2.390138590387829443e-01
5.121999999999999886e+01,2.501673400402069231e-02,5.996162652969359852e-02,0.000000000000000000e+00,1.000000000000000000e+00,2.335785397534932695e-01
5.124000000000000199e+01,2.501615285873413225e-02,5.996028542518615223e-02,0.000000000000000000e+00,1.000000000000000000e+00,2.270973060213925809e-01
5.125999999999999801e+01,2.501444518566131592e-02,5.995454192161559642e-02,0.000000000000000000e+00,1.000000000000000000e+00,2.208443836177150787e-01
5.128000000000000114e+01,2.501550614833832065e-02,5.996003866195678822e-02,0.000000000000000000e+00,1.000000000000000000e+00,2.158368205824400532e-01
5.130000000000000426e+01,2.501490116119384904e-02,5.995455265045165905e-02,0.000000000000000000e+00,1.000000000000000000e+00,2.124804470434542014e-01
5.132000000000000028e+01,2.501513957977295061e-02,5.996051788330077764e-02,0.000000000000000000e+00,1.000000000000000000e+00,2.106797660581795351e-01
5.134000000000000341e+01,2.501519024372100830e-02,5.995844006538390836e-02,0.000000000000000000e+00,1.000000000000000000e+00,2.100205749491826923e-01
5.135999999999999943e+01,2.501479983329773019e-02,5.996320366859436007e-02,0.000000000000000000e+00,1.000000000000000000e+00,2.099403826110775029e-01
5.138000000000000256e+01,2.501402795314788818e-02,5.996933341026305930e-02,0.000000000000000000e+00,1.000000000000000000e+00,2.099621625344936238e-01
5.139999999999999858e+01,2.501395642757416049e-02,5.996989846229552890e-02,0.000000000000000000e+00,1.000000000000000000e+00,2.098262218331504447e-01
5.142000000000000171e+01,2.501400709152221818e-02,5.996805667877196794e-02,0.000000000000000000e+00,1.000000000000000000e+00,2.093787154924297567e-01
5.143999999999999773e+01,2.501458525657654017e-02,5.997242689132690346e-02,0.000000000000000000e+00,1.000000000000000000e+00,2.084421307525178846e-01
5.146000000000000085e+01,2.501505017280578752e-02,5.997456192970275490e-02,0.000000000000000000e+00,1.000000000000000000e+00,2.069497233132193137e-01
5.148000000000000398e+01,2.501699924468994349e-02,5.998354196548461720e-02,0.000000000000000000e+00,1.000000000000000000e+00,2.052673658832681047e-01
5.150000000000000000e+01,2.501977384090423723e-02,5.999899864196776844e-02,0.000000000000000000e+00,1.000000000000000000e+00,2.042200358329314125e-01
5.152000000000000313e+01,2.502651512622833252e-02,6.004950284957885631e-02,0.000000000000000000e+00,1.000000000000000000e+00,2.046698768620287268e-01
5.153999999999999915e+01,2.502914965152740548e-02,6.007952928543090765e-02,0.000000000000000000e+00,1.000000000000000000e+00,2.071818380681922367e-01
5.156000000000000227e+01,2.502736449241638184e-02,6.003925323486328236e-02,0.000000000000000000e+00,1.000000000000000000e+00,2.119640123307578727e-01
5.157999999999999829e+01,2.502728700637817452e-02,6.001633644104003434e-02,0.000000000000000000e+00,1.000000000000000000e+00,2.187123650846083400e-01
5.160000000000000142e+01,2.502934038639068742e-02,5.995855808258056252e-02,0.000000000000000000e+00,1.000000000000000000e+00,2.263363101795850540e-01
5.162000000000000455e+01,2.502740919589996338e-02,5.998504042625427135e-02,0.000000000000000000e+00,1.000000000000000000e+00,2.331666527201167738e-01
5.164000000000000057e+01,2.502854466438293735e-02,5.997456908226012767e-02,0.000000000000000000e+00,1.000000000000000000e+00,2.378698614993779159e-01
5.166000000000000369e+01,2.502766847610473841e-02,5.998087763786316001e-02,0.000000000000000000e+00,1.000000000000000000e+00,2.401428064176640009e-01
5.167999999999999972e+01,2.502882480621337891e-02,5.997353553771972434e-02,0.000000000000000000e+00,1.000000000000000000e+00,2.405321784775684979e-01
5.170000000000000284e+01,2.502786219120025843e-02,5.997988700866699330e-02,0.000000000000000000e+00,1.000000000000000000e+00,2.398962292473781899e-01
5.171999999999999886e+01,2.502909302711486816e-02,5.996864676475524569e-02,0.000000000000000000e+00,1.000000000000000000e+00,2.390458481716450090e-01
5.174000000000000199e+01,2.502956688404083321e-02,5.995837569236755343e-02,0.000000000000000000e+00,1.000000000000000000e+00,2.385681730048194449e-01
5.175999999999999801e+01,2.502954006195068359e-02,5.997716546058654702e-02,0.000000000000000000e+00,1.000000000000000000e+00,2.387081958544058080e-01
5.178000000000000114e+01,2.502954900264740129e-02,5.996253490447997492e-02,0.000000000000000000e+00,1.000000000000000000e+00,2.392753529066097840e-01
5.180000000000000426e+01,2.503011822700500558e-02,5.994907736778259250e-02,0.000000000000000000e+00,1.000000000000000000e+00,2.396079345129492888e-01
5.182000000000000028e+01,2.502893805503845354e-02,5.995842218399047296e-02,0.000000000000000000e+00,1.000000000000000000e+00,2.387658472314035385e-01
5.184000000000000341e+01,2.502920627593994279e-02,5.995750308036804088e-02,0.000000000000000000e+00,1.000000000000000000e+00,2.361541533622739386e-01
5.185999999999999943e+01,2.502734363079071184e-02,5.995962381362914678e-02,0.000000000000000000e+00,1.000000000000000000e+00,2.321465052325219769e-01
5.188000000000000256e+01,2.502702772617340296e-02,5.995941996574401939e-02,0.000000000000000000e+00,1.000000000000000000e+00,2.278304640916565815e-01
5.189999999999999858e+01,2.502795159816742152e-02,5.996203064918517733e-02,0.000000000000000000e+00,1.000000000000000000e+00,2.241673155972563614e-01
5.192000000000000171e+01,2.502803504467010498e-02,5.996271014213561817e-02,0.000000000000000000e+00,1.000000000000000000e+00,2.215670048860926278e-01
5.193999999999999773e+01,2.502808272838592807e-02,5.996071457862853921e-02,0.000000000000000000e+00,1.000000000000000000e+00,2.199646103420553889e-01
5.196000000000000085e+01,2.502796649932861536e-02,5.996134400367736372e-02,0.000000000000000000e+00,1.000000000000000000e+00,2.190336406602015895e-01
5.198000000000000398e+01,2.502537369728088587e-02,5.996662616729735856e-02,0.000000000000000000e+00,1.000000000000000000e+00,2.184214679855534524e-01
5.200000000000000000e+01,2.502681314945220947e-02,5.996637582778930470e-02,0.000000000000000000e+00,1.000000000000000000e+00,2.179165019629009103e-01
5.202000000000000313e+01,2.502784430980682651e-02,5.996837854385375643e-02,0.000000000000000000e+00,1.000000000000000000e+00,2.173918408637810495e-01
5.203999999999999915e+01,2.502775788307190150e-02,5.996649384498595886e-02,0.000000000000000000e+00,1.000000000000000000e+00,2.166178440464464894e-01
5.206000000000000227e+01,2.502824068069458077e-02,5.996546030044555553e-02,0.000000000000000000e+00,1.000000000000000000e+00,2.152340201652806762e-01
5.207999999999999829e+01,2.502848803997040003e-02,5.996554970741271862e-02,0.000000000000000000e+00,1.000000000000000000e+00,2.130623165746537984e-01
5.210000000000000142e+01,2.503162026405334611e-02,5.997121095657348411e-02,0.000000000000000000e+00,1.000000000000000000e+00,2.105215856651731499e-01
5.212000000000000455e+01,2.503072917461395333e-02,5.996829271316528320e-02,0.000000000000000000e+00,1.000000000000000000e+00,2.085417857157071675e-01
5.214000000000000057e+01,2.502595782279968400e-02,5.994335174560546514e-02,0.000000000000000000e+00,1.000000000000000000e+00,2.080162145733618906e-01
5.216000000000000369e+01,2.502178847789764474e-02,5.990811467170715360e-02,0.000000000000000000e+00,1.000000000000000000e+00,2.094658392538987779e-01
5.217999999999999972e+01,2.502265870571136752e-02,5.992172598838806097e-02,0.000000000000000000e+00,1.000000000000000000e+00,2.129957560845120168e-01
5.220000000000000284e+01,2.502273619174957484e-02,5.992557048797607366e-02,0.000000000000000000e+00,1.000000000000000000e+00,2.181992887822495342e-01
5.221999999999999886e+01,2.502311468124389718e-02,5.990172743797302080e-02,0.000000000000000000e+00,1.000000000000000000e+00,2.240513518541623339e-01
5.224000000000000199e+01,2.502310276031494141e-02,5.990197420120239175e-02,0.000000000000000000e+00,1.000000000000000000e+00,2.291537846860729755e-01
5.225999999999999801e+01,2.502215206623077670e-02,5.991680145263671847e-02,0.000000000000000000e+00,1.000000000000000000e+00,2.323298985926828264e-01
5.228000000000000114e+01,2.502113282680511544e-02,5.993111371994018499e-02,0.000000000000000000e+00,1.000000000000000000e+00,2.330930815903760611e-01
5.230000000000000426e+01,2.502252459526062289e-02,5.990891933441162137e-02,0.000000000000000000e+00,1.000000000000000000e+00,2.317485676519818183e-01
5.232000000000000028e+01,2.502324283123016566e-02,5.989107370376586803e-02,0.000000000000000000e+00,1.000000000000000000e+00,2.292349694760734413e-01
5.234000000000000341e+01,2.502323389053344796e-02,5.989176750183105441e-02,0.000000000000000000e+00,1.000000000000000000e+00,2.267510800689981898e-01
5.235999999999999943e+01,2.502323687076568604e-02,5.989421725273132158e-02,0.000000000000000000e+00,1.000000000000000000e+00,2.252762986243630750e-01
5.238000000000000256e+01,2.502321004867553988e-02,5.991528153419494601e-02,0.000000000000000000e+00,1.000000000000000000e+00,2.252774829358485109e-01
5.239999999999999858e+01,2.502322494983673373e-02,5.991457700729369701e-02,0.000000000000000000e+00,1.000000000000000000e+00,2.266698397381401719e-01
5.242000000000000171e+01,2.502369582653045724e-02,5.990705251693725225e-02,0.000000000000000000e+00,1.000000000000000000e+00,2.288244697846150144e-01
5.243999999999999773e+01,2.502347826957702914e-02,5.990886926651000505e-02,0.000000000000000000e+00,1.000000000000000000e+00,2.306658082229472440e-01
5.246000000000000085e+01,2.502404749393463343e-02,5.990610480308532215e-02,0.000000000000000000e+00,1.000000000000000000e+00,2.312270160237050454e-01
5.248000000000000398e+01,2.502156496047973702e-02,5.991312861442565918e-02,0.000000000000000000e+00,1.000000000000000000e+00,2.303925449629613820e-01
5.250000000000000000e+01,2.502219080924987862e-02,5.991229534149170033e-02,0.000000000000000000e+00,1.000000000000000000e+00,2.288415438024336557e-01
5.252000000000000313e+01,2.502115070819854736e-02,5.991210937499999445e-02,0.000000000000000000e+00,1.000000000000000000e+00,2.273208483643812117e-01
5.253999999999999915e+01,2.502079904079437464e-02,5.991058945655822199e-02,0.000000000000000000e+00,1.000000000000000000e+00,2.261969902471739347e-01
5.256000000000000227e+01,2.502011656761169572e-02,5.991215586662292092e-02,0.000000000000000000e+00,1.000000000000000000e+00,2.254783191534806275e-01
5.257999999999999829e+01,2.502124905586242815e-02,5.991254568099975419e-02,0.000000000000000000e+00,1.000000000000000000e+00,2.250437491690467362e-01
5.260000000000000142e+01,2.502138614654541085e-02,5.991280317306518083e-02,0.000000000000000000e+00,1.000000000000000000e+00,2.248579553533014419e-01
5.262000000000000455e+01,2.502103447914123813e-02,5.991148352622985285e-02,0.000000000000000000e+00,1.000000000000000000e+00,2.249810582228817524e-01
5.264000000000000057e+01,2.502318620681762834e-02,5.992830991744994840e-02,0.000000000000000000e+00,1.000000000000000000e+00,2.253759525009029485e-01
5.266000000000000369e+01,2.502312660217285295e-02,5.992519497871398593e-02,0.000000000000000000e+00,1.000000000000000000e+00,2.257260727120620480e-01
5.267999999999999972e+01,2.502296566963195870e-02,5.992681145668029424e-02,0.000000000000000000e+00,1.000000000000000000e+00,2.254814133537972887e-01
5.270000000000000284e+01,2.502594888210296631e-02,5.991701602935790849e-02,0.000000000000000000e+00,1.000000000000000000e+00,2.242576472643686425e-01
5.271999999999999886e+01,2.502309978008270333e-02,5.991923332214355025e-02,0.000000000000000000e+00,1.000000000000000000e+00,2.223016086156569537e-01
5.274000000000000199e+01,2.502332627773284912e-02,5.991946935653686551e-02,0.000000000000000000e+00,1.000000000000000000e+00,2.204128707290217148e-01
5.275999999999999801e+01,2.502474188804626465e-02,5.992363572120665977e-02,0.000000000000000000e+00,1.000000000000000000e+00,2.194052754747873313e-01
5.278000000000000114e+01,2.502239942550659249e-02,5.991050720214843861e-02,0.000000000000000000e+00,1.000000000000000000e+00,2.197402746839038912e-01
5.280000000000000426e+01,2.501920759677887102e-02,5.987693309783935491e-02,0.000000000000000000e+00,1.000000000000000000e+00,2.214523287663949513e-01
5.282000000000000028e+01,2.501916885375976562e-02,5.987602829933166143e-02,0.000000000000000000e+00,1.000000000000000000e+00,2.241533080745816142e-01
5.284000000000000341e+01,2.501890361309051791e-02,5.982653617858886552e-02,0.000000000000000000e+00,1.000000000000000000e+00,2.270869283042405429e-01
5.285999999999999943e+01,2.501908838748932024e-02,5.981510639190673606e-02,0.000000000000000000e+00,1.000000000000000000e+00,2.292959922179607091e-01
5.288000000000000256e+01,2.501891851425171176e-02,5.982275962829589760e-02,0.000000000000000000e+00,1.000000000000000000e+00,2.298663513744620968e-01
5.289999999999999858e+01,2.501921355724334717e-02,5.980044722557067982e-02,0.000000000000000000e+00,1.000000000000000000e+00,2.282336035331453961e-01
5.292000000000000171e+01,2.501925826072692871e-02,5.980847954750060508e-02,0.000000000000000000e+00,1.000000000000000000e+00,2.245688872934143432e-01
5.293999999999999773e+01,2.501854598522186557e-02,5.977911829948424904e-02,0.000000000000000000e+00,1.000000000000000000e+00,2.199408648791328635e-01
5.296000000000000085e+01,2.501828968524932861e-02,5.977125048637389748e-02,0.000000000000000000e+00,1.000000000000000000e+00,2.158260818306019235e-01
5.298000000000000398e+01,2.501861751079559326e-02,5.978357076644897489e-02,0.000000000000000000e+00,1.000000000000000000e+00,2.133255244698884501e-01
5.300000000000000000e+01,2.501866817474365443e-02,5.979084491729735884e-02,0.000000000000000000e+00,1.000000000000000000e+00,2.128627496185052370e-01
5.302000000000000313e+01,2.501866817474365443e-02,5.979084491729735884e-02,4.000000000000000000e+00,1.000000000000000000e+00,2.088241350236050564e-01
5.303999999999999915e+01,2.501866817474365443e-02,5.979084491729735884e-02,6.000000000000000000e+00,1.000000000000000000e+00,2.065787257098497809e-01
5.306000000000000227e+01,2.501866817474365443e-02,5.979084491729735884e-02,7.000000000000000000e+00,1.000000000000000000e+00,2.056707873385087149e-01
5.307999999999999829e+01,2.502036988735199113e-02,5.978084564208983875e-02,0.000000000000000000e+00,1.000000000000000000e+00,2.081366494463885719e-01
5.310000000000000142e+01,2.502100765705108851e-02,5.977823138236999095e-02,0.000000000000000000e+00,1.000000000000000000e+00,2.094463173356981012e-01
5.312000000000000455e+01,2.502066195011139194e-02,5.977927565574645691e-02,0.000000000000000000e+00,1.000000000000000000e+00,2.098765143144806500e-01
5.314000000000000057e+01,2.502202987670898438e-02,5.977557063102721668e-02,0.000000000000000000e+00,1.000000000000000000e+00,2.099320752354398856e-01
5.316000000000000369e+01,2.502200901508331438e-02,5.977587461471557673e-02,0.000000000000000000e+00,1.000000000000000000e+00,2.099260969681310540e-01
5.317999999999999972e+01,2.502129077911377161e-02,5.977376103401183666e-02,0.000000000000000000e+00,1.000000000000000000e+00,2.099669675682678815e-01
5.320000000000000284e+01,2.502160072326660434e-02,5.977466940879821305e-02,0.000000000000000000e+00,1.000000000000000000e+00,2.101576379509587367e-01
5.321999999999999886e+01,2.502067685127258578e-02,5.977090358734130776e-02,0.000000000000000000e+00,1.000000000000000000e+00,2.107243356714621207e-01
5.324000000000000199e+01,2.502272725105285714e-02,5.978393554687500000e-02,0.000000000000000000e+00,1.000000000000000000e+00,2.119196473664517744e-01
5.325999999999999801e+01,2.502315640449524065e-02,5.978912830352783175e-02,0.000000000000000000e+00,1.000000000000000000e+00,2.138037383968705574e-01
5.328000000000000114e+01,2.502313256263732910e-02,5.978760123252868652e-02,0.000000000000000000e+00,1.000000000000000000e+00,2.160701822780067838e-01
5.330000000000000426e+01,2.502299249172210832e-02,5.979019403457641602e-02,0.000000000000000000e+00,1.000000000000000000e+00,2.180687505117253622e-01
5.332000000000000028e+01,2.501998245716095109e-02,5.981230974197387223e-02,0.000000000000000000e+00,1.000000000000000000e+00,2.191704140428488434e-01
5.334000000000000341e+01,2.501782476902008126e-02,5.982059597969054815e-02,0.000000000000000000e+00,1.000000000000000000e+00,2.192441176873725361e-01
5.335999999999999943e+01,2.501754760742187778e-02,5.982108235359191728e-02,0.000000000000000000e+00,1.000000000000000000e+00,2.187033168480192746e-01
5.338000000000000256e+01,2.501560449600219796e-02,5.982103586196899081e-02,0.000000000000000000e+00,1.000000000000000000e+00,2.181217101527884727e-01
5.339999999999999858e+01,2.501606047153473109e-02,5.982199430465698353e-02,0.000000000000000000e+00,1.000000000000000000e+00,2.178933807301847714e-01
5.342000000000000171e+01,2.501325309276580811e-02,5.980697393417358509e-02,0.000000000000000000e+00,1.000000000000000000e+00,2.181328958581552901e-01
5.343999999999999773e+01,2.501299679279327462e-02,5.980394124984741294e-02,0.000000000000000000e+00,1.000000000000000000e+00,2.187143089164251264e-01
5.346000000000000085e+01,2.501335740089416504e-02,5.981293201446533092e-02,0.000000000000000000e+00,1.000000000000000000e+00,2.193213413909380072e-01
5.348000000000000398e+01,2.501341104507446428e-02,5.981472730636596541e-02,0.000000000000000000e+00,1.000000000000000000e+00,2.194405489944570020e-01
5.350000000000000000e+01,2.501394748687744279e-02,5.982650399208068459e-02,0.000000000000000000e+00,1.000000000000000000e+00,2.183631284502507985e-01
5.352000000000000313e+01,2.501279115676879883e-02,5.981018185615539356e-02,0.000000000000000000e+00,1.000000000000000000e+00,2.154266817125021771e-01
5.353999999999999915e+01,2.501226067543029993e-02,5.980422735214233065e-02,0.000000000000000000e+00,1.000000000000000000e+00,2.106091043236335281e-01
5.356000000000000227e+01,2.501132190227508753e-02,5.979386329650878545e-02,0.000000000000000000e+00,1.000000000000000000e+00,2.049110299518736578e-01
5.357999999999999829e+01,2.501130402088165561e-02,5.979362010955810436e-02,0.000000000000000000e+00,1.000000000000000000e+00,1.998031373568642521e-01
5.360000000000000142e+01,2.500969767570495814e-02,5.976180911064147422e-02,0.000000000000000000e+00,1.000000000000000000e+00,1.963430916829039807e-01
5.362000000000000455e+01,2.500976026058197160e-02,5.976523876190185242e-02,0.000000000000000000e+00,1.000000000000000000e+00,1.949513808205669829e-01
5.364000000000000057e+01,2.500919997692108154e-02,5.979457139968871737e-02,0.000000000000000000e+00,1.000000000000000000e+00,1.955820061763142437e-01
5.366000000000000369e+01,2.500680387020111362e-02,5.983469009399414174e-02,0.000000000000000000e+00,1.000000000000000000e+00,1.976997148786224512e-01
5.367999999999999972e+01,2.500223219394684046e-02,5.987860321998596247e-02,0.000000000000000000e+00,1.000000000000000000e+00,2.002607702352229846e-01
5.370000000000000284e+01,2.500537335872650424e-02,5.985795736312866239e-02,0.000000000000000000e+00,1.000000000000000000e+00,2.022254382598459022e-01
5.371999999999999886e+01,2.500683367252350131e-02,5.985066533088683610e-02,0.000000000000000000e+00,1.000000000000000000e+00,2.032005838384892404e-01
5.374000000000000199e+01,2.500893771648407191e-02,5.984143853187560980e-02,0.000000000000000000e+00,1.000000000000000000e+00,2.034015194948065042e-01
5.375999999999999801e+01,2.500998675823211739e-02,5.983539462089538380e-02,0.000000000000000000e+00,1.000000000000000000e+00,2.031943290828745474e-01
5.378000000000000114e+01,2.501000463962554932e-02,5.983649253845214899e-02,0.000000000000000000e+00,1.000000000000000000e+00,2.028516922844863790e-01
5.380000000000000426e+01,2.501184940338134835e-02,5.984665274620055986e-02,0.000000000000000000e+00,1.000000000000000000e+00,2.026126474426033219e-01
5.382000000000000028e+01,2.501230537891388148e-02,5.984883427619933777e-02,0.000000000000000000e+00,1.000000000000000000e+00,2.028009924474724335e-01
5.384000000000000341e+01,2.501296699047088692e-02,5.985275387763976801e-02,0.000000000000000000e+00,1.000000000000000000e+00,2.037924516661706598e-01
5.385999999999999943e+01,2.501388788223266740e-02,5.986075401306151927e-02,0.000000000000000000e+00,1.000000000000000000e+00,2.058534185966449659e-01
5.388000000000000256e+01,2.501421272754669398e-02,5.986601471900939581e-02,0.000000000000000000e+00,1.000000000000000000e+00,2.089735866156364474e-01
5.389999999999999858e+01,2.501422166824340820e-02,5.986670851707458219e-02,0.000000000000000000e+00,1.000000000000000000e+00,2.127610835402260758e-01
5.392000000000000171e+01,2.501462101936340401e-02,5.985562562942504938e-02,0.000000000000000000e+00,1.000000000000000000e+00,2.165239931374115523e-01
5.393999999999999773e+01,2.501481175422668596e-02,5.985330820083618192e-02,0.000000000000000000e+00,1.000000000000000000e+00,2.196182644204256740e-01
5.396000000000000085e+01,2.501665651798248499e-02,5.983893871307372631e-02,0.000000000000000000e+00,1.000000000000000000e+00,2.217827269079352404e-01
5.398000000000000398e+01,2.501777410507202357e-02,5.983245134353637473e-02,0.000000000000000000e+00,1.000000000000000000e+00,2.231196478783623038e-01
5.400000000000000000e+01,2.501624226570129533e-02,5.983978629112243763e-02,0.000000000000000000e+00,1.000000000000000000e+00,2.238493995506880829e-01
5.402000000000000313e+01,2.501722276210785120e-02,5.983541965484619196e-02,0.000000000000000000e+00,1.000000000000000000e+00,2.241624640755479902e-01
5.403999999999999915e+01,2.501818835735321322e-02,5.983074188232421348e-02,0.000000000000000000e+00,1.000000000000000000e+00,2.242356463496573971e-01
5.406000000000000227e+01,2.501790821552276819e-02,5.983229398727416687e-02,0.000000000000000000e+00,1.000000000000000000e+00,2.242519089382664921e-01
5.407999999999999829e+01,2.501824200153350899e-02,5.983101725578307550e-02,0.000000000000000000e+00,1.000000000000000000e+00,2.242894847444852902e-01
5.410000000000000142e+01,2.501803338527679513e-02,5.983120679855346430e-02,0.000000000000000000e+00,1.000000000000000000e+00,2.241259414253958804e-01
5.412000000000000455e+01,2.501856982707977364e-02,5.983166813850402527e-02,0.000000000000000000e+00,1.000000000000000000e+00,2.231345680661545872e-01
5.414000000000000057e+01,2.501836121082305978e-02,5.983123183250427246e-02,0.000000000000000000e+00,1.000000000000000000e+00,2.205499949295558482e-01
5.416000000000000369e+01,2.502036094665527344e-02,5.983774781227111511e-02,0.000000000000000000e+00,1.000000000000000000e+00,2.162132469195105489e-01
5.417999999999999972e+01,2.502292692661285678e-02,5.984991431236266757e-02,0.000000000000000000e+00,1.000000000000000000e+00,2.110371775057658106e-01
5.420000000000000284e+01,2.502380013465881417e-02,5.985606551170349204e-02,0.000000000000000000e+00,1.000000000000000000e+00,2.063802862378961989e-01
5.421999999999999886e+01,2.502116858959198276e-02,5.982538461685180109e-02,0.000000000000000000e+00,1.000000000000000000e+00,2.031785131594797122e-01
5.424000000000000199e+01,2.502073049545288155e-02,5.981332540512084711e-02,0.000000000000000000e+00,1.000000000000000000e+00,2.017631319712088200e-01
5.425999999999999801e+01,2.502056658267974923e-02,5.983088493347167580e-02,0.000000000000000000e+00,1.000000000000000000e+00,2.019583487898756746e-01
5.428000000000000114e+01,2.502072155475616733e-02,5.982799887657165583e-02,0.000000000000000000e+00,1.000000000000000000e+00,2.030582577636590724e-01
5.430000000000000426e+01,2.502059042453766077e-02,5.982934355735778503e-02,0.000000000000000000e+00,1.000000000000000000e+00,2.040118342078194869e-01
5.432000000000000028e+01,2.501801550388336320e-02,5.984777212142944336e-02,0.000000000000000000e+00,1.000000000000000000e+00,2.040179321774665266e-01
5.434000000000000341e+01,2.501765787601471086e-02,5.984984993934631264e-02,0.000000000000000000e+00,1.000000000000000000e+00,2.029161672906283909e-01
5.435999999999999943e+01,2.501886487007141252e-02,5.984285831451415655e-02,0.000000000000000000e+00,1.000000000000000000e+00,2.009958329089518436e-01
5.438000000000000256e+01,2.501828670501709054e-02,5.984882712364196500e-02,0.000000000000000000e+00,1.000000000000000000e+00,1.986708452339952524e-01
5.439999999999999858e+01,2.501853108406067172e-02,5.985426306724547785e-02,0.000000000000000000e+00,1.000000000000000000e+00,1.963798359790825121e-01
5.442000000000000171e+01,2.502012550830841342e-02,5.986539959907531683e-02,0.000000000000000000e+00,1.000000000000000000e+00,1.946100651254497882e-01
5.443999999999999773e+01,2.502336204051971644e-02,5.988593459129333552e-02,0.000000000000000000e+00,1.000000000000000000e+00,1.938476803746530253e-01
5.446000000000000085e+01,2.502504885196685930e-02,5.989904522895812822e-02,0.000000000000000000e+00,1.000000000000000000e+00,1.944517127570131454e-01
5.448000000000000398e+01,2.502644062042236328e-02,5.991504192352294783e-02,0.000000000000000000e+00,1.000000000000000000e+00,1.965464669370949324e-01
5.450000000000000000e+01,2.502723634243011683e-02,5.993288040161132840e-02,0.000000000000000000e+00,1.000000000000000000e+00,1.999391472788754065e-01
5.452000000000000313e+01,2.502736151218414376e-02,5.995561838150024331e-02,0.000000000000000000e+00,1.000000000000000000e+00,2.040984908301063661e-01
5.453999999999999915e+01,2.502792477607727190e-02,5.993556976318359375e-02,0.000000000000000000e+00,1.000000000000000000e+00,2.083341178704747332e-01
5.456000000000000227e+01,2.502770721912384033e-02,5.993963241577147938e-02,0.000000000000000000e+00,1.000000000000000000e+00,2.121195177875641602e-01
5.457999999999999829e+01,2.502728998661041260e-02,5.994594454765319463e-02,0.000000000000000000e+00,1.000000000000000000e+00,2.152333407770878337e-01
5.460000000000000142e+01,2.502704560756683488e-02,5.994993209838866965e-02,0.000000000000000000e+00,1.000000000000000000e+00,2.176296317493026655e-01
5.462000000000000455e+01,2.502753436565399378e-02,5.993712544441223006e-02,0.000000000000000000e+00,1.000000000000000000e+00,2.193058424785530591e-01
5.464000000000000057e+01,2.502758204936981340e-02,5.993024110794067244e-02,0.000000000000000000e+00,1.000000000000000000e+00,2.203595608775044401e-01
5.466000000000000369e+01,2.502777874469757149e-02,5.994383454322814442e-02,0.000000000000000000e+00,1.000000000000000000e+00,2.211034988871477258e-01
5.467999999999999972e+01,2.502761781215667725e-02,5.993118882179260254e-02,0.000000000000000000e+00,1.000000000000000000e+00,2.219835851936598492e-01
5.470000000000000284e+01,2.502742409706115723e-02,5.994380593299865334e-02,0.000000000000000000e+00,1.000000000000000000e+00,2.233041144069501105e-01
5.471999999999999886e+01,2.502793371677398959e-02,5.993668556213378740e-02,0.000000000000000000e+00,1.000000000000000000e+00,2.249525858209846796e-01
5.474000000000000199e+01,2.502857744693756312e-02,5.993295192718505610e-02,0.000000000000000000e+00,1.000000000000000000e+00,2.262489009212928781e-01
5.475999999999999801e+01,2.502337098121643066e-02,5.994581222534179493e-02,0.000000000000000000e+00,1.000000000000000000e+00,2.261900621184232407e-01
5.478000000000000114e+01,2.501878142356872559e-02,5.994764328002929327e-02,0.000000000000000000e+00,1.000000000000000000e+00,2.243038611075559019e-01
5.480000000000000426e+01,2.502305805683135986e-02,5.995351552963256586e-02,0.000000000000000000e+00,1.000000000000000000e+00,2.212455082042050214e-01
5.482000000000000028e+01,2.502348124980926722e-02,5.995496034622192078e-02,0.000000000000000000e+00,1.000000000000000000e+00,2.182179643763560717e-01
5.484000000000000341e+01,2.502308785915374756e-02,5.995232820510863758e-02,0.000000000000000000e+00,1.000000000000000000e+00,2.161089232226458268e-01
5.485999999999999943e+01,2.502437531948089808e-02,5.997156143188476368e-02,0.000000000000000000e+00,1.000000000000000000e+00,2.152133243350818070e-01
5.488000000000000256e+01,2.502448558807373116e-02,5.999289393424987737e-02,0.000000000000000000e+00,1.000000000000000000e+00,2.152438753144222117e-01
5.489999999999999858e+01,2.502470910549163888e-02,5.998811602592468012e-02,0.000000000000000000e+00,1.000000000000000000e+00,2.154131168529247742e-01
5.492000000000000171e+01,2.502244412899017403e-02,6.001224517822265070e-02,0.000000000000000000e+00,1.000000000000000000e+00,2.147829570752311512e-01
5.493999999999999773e+01,2.502168715000152588e-02,6.001793146133422435e-02,0.000000000000000000e+00,1.000000000000000000e+00,2.127648680715835683e-01
5.496000000000000085e+01,2.502423226833343575e-02,6.000144481658935269e-02,0.000000000000000000e+00,1.000000000000000000e+00,2.093081433454246076e-01
5.498000000000000398e+01,2.502297759056091447e-02,6.001112222671508428e-02,0.000000000000000000e+00,1.000000000000000000e+00,2.047568348332463595e-01
5.500000000000000000e+01,2.502329051494598527e-02,6.000244617462158203e-02,0.000000000000000000e+00,1.000000000000000000e+00,1.997055143547922795e-01
5.502000000000000313e+01,2.502275109291076868e-02,5.999547958374023410e-02,0.000000000000000000e+00,1.000000000000000000e+00,2.002812456114826944e-01
5.503999999999999915e+01,2.502372562885284493e-02,6.000278949737548884e-02,0.000000000000000000e+00,1.000000000000000000e+00,2.011627015277313579e-01
5.506000000000000227e+01,2.502141296863556047e-02,5.998495817184448103e-02,0.000000000000000000e+00,1.000000000000000000e+00,2.025795993947068219e-01
5.507999999999999829e+01,2.502142190933227817e-02,5.998504042625427135e-02,0.000000000000000000e+00,1.000000000000000000e+00,2.025192096894540550e-01
5.510000000000000142e+01,2.502208650112152169e-02,5.999594092369079507e-02,0.000000000000000000e+00,1.000000000000000000e+00,2.040953770706794290e-01
5.512000000000000455e+01,2.502191364765167514e-02,5.998885631561279297e-02,0.000000000000000000e+00,1.000000000000000000e+00,2.068380159422537057e-01
5.514000000000000057e+01,2.502184510231018205e-02,5.999893784523010337e-02,0.000000000000000000e+00,1.000000000000000000e+00,2.100929163296610391e-01
5.516000000000000369e+01,2.502213418483734131e-02,5.998874187469482172e-02,0.000000000000000000e+00,1.000000000000000000e+00,2.132882268640534928e-01
5.517999999999999972e+01,2.502172291278839319e-02,6.000047922134399414e-02,0.000000000000000000e+00,1.000000000000000000e+00,2.161247058911720531e-01
5.520000000000000284e+01,2.502134442329406738e-02,6.001748085021972601e-02,0.000000000000000000e+00,1.000000000000000000e+00,2.184951205636654625e-01
5.521999999999999886e+01,2.502143383026123047e-02,6.002941846847534291e-02,0.000000000000000000e+00,1.000000000000000000e+00,2.203310976395249365e-01
5.524000000000000199e+01,2.502143979072571009e-02,6.002953290939330722e-02,0.000000000000000000e+00,1.000000000000000000e+00,2.216446245507678048e-01
5.525999999999999801e+01,2.502013742923736572e-02,6.000837564468383678e-02,0.000000000000000000e+00,1.000000000000000000e+00,2.227194827236657071e-01
5.528000000000000114e+01,2.501952946186065951e-02,5.999854445457458024e-02,0.000000000000000000e+00,1.000000000000000000e+00,2.241245684440395236e-01
5.530000000000000426e+01,2.501826584339142054e-02,5.996935129165649470e-02,0.000000000000000000e+00,1.000000000000000000e+00,2.264316600309567995e-01
5.532000000000000028e+01,2.501798570156097551e-02,5.994323015213012806e-02,0.000000000000000000e+00,1.000000000000000000e+00,2.299150833303703623e-01
5.534000000000000341e+01,2.501857876777649134e-02,5.992551684379577442e-02,0.000000000000000000e+00,1.000000000000000000e+00,2.343454950210341614e-01
5.535999999999999943e+01,2.501761317253112932e-02,5.993613839149474626e-02,0.000000000000000000e+00,1.000000000000000000e+00,2.388256380786976663e-01
5.538000000000000256e+01,2.501606047153473109e-02,5.994510412216186301e-02,0.000000000000000000e+00,1.000000000000000000e+00,2.420431613418463079e-01
5.539999999999999858e+01,2.502363324165344377e-02,5.992147922515869002e-02,0.000000000000000000e+00,1.000000000000000000e+00,2.432432399126946698e-01
5.542000000000000171e+01,2.502095401287078927e-02,5.992479443550109697e-02,0.000000000000000000e+00,1.000000000000000000e+00,2.428715304657454999e-01
5.543999999999999773e+01,2.502099573612213274e-02,5.992481589317321528e-02,0.000000000000000000e+00,1.000000000000000000e+00,2.419811762972381430e-01
5.546000000000000085e+01,2.502142488956451624e-02,5.992601037025451632e-02,0.000000000000000000e+00,1.000000000000000000e+00,2.413682912873472974e-01
5.548000000000000398e+01,2.502193748950958321e-02,5.992972612380981223e-02,0.000000000000000000e+00,1.000000000000000000e+00,2.412593409439595382e-01
5.550000000000000000e+01,2.502175569534301897e-02,5.992390751838683888e-02,0.000000000000000000e+00,1.000000000000000000e+00,2.413606788397094915e-01
5.552000000000000313e+01,2.502107918262481967e-02,5.993976831436156893e-02,0.000000000000000000e+00,1.000000000000000000e+00,2.410470161753294760e-01
5.553999999999999915e+01,2.502180933952331821e-02,5.993252992630004883e-02,0.000000000000000000e+00,1.000000000000000000e+00,2.396383261106344309e-01
5.556000000000000227e+01,2.502320408821106026e-02,5.992265224456786582e-02,0.000000000000000000e+00,1.000000000000000000e+00,2.366419671564369553e-01
5.557999999999999829e+01,2.502228915691375941e-02,5.992909312248229786e-02,0.000000000000000000e+00,1.000000000000000000e+00,2.318916417481371450e-01
5.560000000000000142e+01,2.502218484878540247e-02,5.993060946464538047e-02,0.000000000000000000e+00,1.000000000000000000e+00,2.256786368586602143e-01
5.562000000000000455e+01,2.502242028713226596e-02,5.993474721908569058e-02,0.000000000000000000e+00,1.000000000000000000e+00,2.188306630514145201e-01
5.564000000000000057e+01,2.502286434173583984e-02,5.993796586990356168e-02,0.000000000000000000e+00,1.000000000000000000e+00,2.124799207877383911e-01
5.566000000000000369e+01,2.502491474151611467e-02,5.995212793350219310e-02,0.000000000000000000e+00,1.000000000000000000e+00,2.075679798405823950e-01
5.567999999999999972e+01,2.502402961254120151e-02,5.994437456130981279e-02,0.000000000000000000e+00,1.000000000000000000e+00,2.045383040221065429e-01
5.570000000000000284e+01,2.502284049987793177e-02,5.992786288261413297e-02,0.000000000000000000e+00,1.000000000000000000e+00,2.033738703547480486e-01
5.571999999999999886e+01,2.502331435680389682e-02,5.994389891624450628e-02,0.000000000000000000e+00,1.000000000000000000e+00,2.037224999039731199e-01
5.574000000000000199e+01,2.502344846725464145e-02,5.992700457572936595e-02,0.000000000000000000e+00,1.000000000000000000e+00,2.049900991937190498e-01
5.575999999999999801e+01,2.502265274524688790e-02,5.994968891143798856e-02,0.000000000000000000e+00,1.000000000000000000e+00,2.065381154078363701e-01
5.578000000000000114e+01,2.502158582210541049e-02,5.997408628463744840e-02,0.000000000000000000e+00,1.000000000000000000e+00,2.079419148627155711e-01
5.580000000000000426e+01,2.502192258834838937e-02,5.995995640754699790e-02,0.000000000000000000e+00,1.000000000000000000e+00,2.090287756789787899e-01
5.582000000000000028e+01,2.502164840698242396e-02,5.994873404502868569e-02,0.000000000000000000e+00,1.000000000000000000e+00,2.097120985888919209e-01
5.584000000000000341e+01,2.502262592315673828e-02,5.996114730834960910e-02,0.000000000000000000e+00,1.000000000000000000e+00,2.099394554771836507e-01
5.585999999999999943e+01,2.502196431159973283e-02,5.995520353317260187e-02,0.000000000000000000e+00,1.000000000000000000e+00,2.098864417520878434e-01
5.588000000000000256e+01,2.502433657646179269e-02,5.997601032257079967e-02,0.000000000000000000e+00,1.000000000000000000e+00,2.101195357103130823e-01
5.589999999999999858e+01,2.502344846725464145e-02,5.996670126914977611e-02,0.000000000000000000e+00,1.000000000000000000e+00,2.113950204815192024e-01
5.592000000000000171e+01,2.502043843269348422e-02,5.991998076438903587e-02,0.000000000000000000e+00,1.000000000000000000e+00,2.143077295981137276e-01
5.593999999999999773e+01,2.502078413963318079e-02,5.993265509605407576e-02,0.000000000000000000e+00,1.000000000000000000e+00,2.191206109884517861e-01
5.596000000000000085e+01,2.502073943614959925e-02,5.993598103523253839e-02,0.000000000000000000e+00,1.000000000000000000e+00,2.255966991973099300e-01
5.598000000000000398e+01,2.502200901508331438e-02,5.991412997245788158e-02,0.000000000000000000e+00,1.000000000000000000e+00,2.327168809277885553e-01
5.600000000000000000e+01,2.501921951770782679e-02,5.993976116180419617e-02,0.000000000000000000e+00,1.000000000000000000e+00,2.388586955770202469e-01
5.602000000000000313e+01,2.501864731311798096e-02,5.994310498237609419e-02,0.000000000000000000e+00,1.000000000000000000e+00,2.428337610882411179e-01
5.603999999999999915e+01,2.501518726348877023e-02,5.995645523071288507e-02,0.000000000000000000e+00,1.000000000000000000e+00,2.446706674024655137e-01
5.606000000000000227e+01,2.501716315746307581e-02,5.995169878005981307e-02,0.000000000000000000e+00,1.000000000000000000e+00,2.451960024391426907e-01
5.607999999999999829e+01,2.501780688762664934e-02,5.995099782943725392e-02,0.000000000000000000e+00,1.000000000000000000e+00,2.452328417956197437e-01
5.610000000000000142e+01,2.501779496669769356e-02,5.995099067687988115e-02,0.000000000000000000e+00,1.000000000000000000e+00,2.452338156843336392e-01
5.612000000000000455e+01,2.501828670501709054e-02,5.995342612266540278e-02,0.000000000000000000e+00,1.000000000000000000e+00,2.452805098775099890e-01
5.614000000000000057e+01,2.501837015151977747e-02,5.995220661163330050e-02,0.000000000000000000e+00,1.000000000000000000e+00,2.451745339200573082e-01
5.616000000000000369e+01,2.501802444458008090e-02,5.995355129241942971e-02,0.000000000000000000e+00,1.000000000000000000e+00,2.444911800001213220e-01
5.617999999999999972e+01,2.501834034919738978e-02,5.995280385017395103e-02,0.000000000000000000e+00,1.000000000000000000e+00,2.426277105056454109e-01
5.620000000000000284e+01,2.501835823059082170e-02,5.995267510414123424e-02,0.000000000000000000e+00,1.000000000000000000e+00,2.390138590387833883e-01
5.621999999999999886e+01,2.501875162124633789e-02,5.995345473289489385e-02,0.000000000000000000e+00,1.000000000000000000e+00,2.335785397534962948e-01
5.624000000000000199e+01,2.501999139785766879e-02,5.995630145072936706e-02,0.000000000000000000e+00,1.000000000000000000e+00,2.270973060213959116e-01
5.625999999999999801e+01,2.502053081989288538e-02,5.995811820030211986e-02,0.000000000000000000e+00,1.000000000000000000e+00,2.208443836177182706e-01
5.628000000000000114e+01,2.502197325229645053e-02,5.996563911437988170e-02,0.000000000000000000e+00,1.000000000000000000e+00,2.158368205824404973e-01
5.630000000000000426e+01,2.502152323722839355e-02,5.996149420738219882e-02,0.000000000000000000e+00,1.000000000000000000e+00,2.124804470434543124e-01
5.632000000000000028e+01,2.502115070819854736e-02,5.995192050933837585e-02,0.000000000000000000e+00,1.000000000000000000e+00,2.106797660581799236e-01
5.634000000000000341e+01,2.502121925354004045e-02,5.994907021522521973e-02,0.000000000000000000e+00,1.000000000000000000e+00,2.100205749491830254e-01
5.635999999999999943e+01,2.502100169658660889e-02,5.995174169540404968e-02,0.000000000000000000e+00,1.000000000000000000e+00,2.099403826110778359e-01
5.638000000000000256e+01,2.502045929431915422e-02,5.995610833168029535e-02,0.000000000000000000e+00,1.000000000000000000e+00,2.099621625344940123e-01
5.639999999999999858e+01,2.501952052116394182e-02,5.996372222900390320e-02,0.000000000000000000e+00,1.000000000000000000e+00,2.098262218331518048e-01
5.642000000000000171e+01,2.501975595951080530e-02,5.995504975318908386e-02,0.000000000000000000e+00,1.000000000000000000e+00,2.093787154924312000e-01
5.643999999999999773e+01,2.501952052116394182e-02,5.995325446128844937e-02,0.000000000000000000e+00,1.000000000000000000e+00,2.084421307525188838e-01
5.646000000000000085e+01,2.501692771911621233e-02,5.994133472442626787e-02,0.000000000000000000e+00,1.000000000000000000e+00,2.069497233132186753e-01
5.648000000000000398e+01,2.501484453678131173e-02,5.993169307708740012e-02,0.000000000000000000e+00,1.000000000000000000e+00,2.052673658832674386e-01
5.650000000000000000e+01,2.501737773418426583e-02,5.994588732719421248e-02,0.000000000000000000e+00,1.000000000000000000e+00,2.042200358329316345e-01
5.652000000000000313e+01,2.501812577247619629e-02,5.995153784751891535e-02,0.000000000000000000e+00,1.000000000000000000e+00,2.046698768620287823e-01
5.653999999999999915e+01,2.501801848411560128e-02,5.995030045509338462e-02,0.000000000000000000e+00,1.000000000000000000e+00,2.071818380681930971e-01
5.656000000000000227e+01,2.501794099807739397e-02,5.994850158691406028e-02,0.000000000000000000e+00,1.000000000000000000e+00,2.119640123307611757e-01
5.657999999999999829e+01,2.501785457134246896e-02,5.991738796234130637e-02,0.000000000000000000e+00,1.000000000000000000e+00,2.187123650846118650e-01
5.660000000000000142e+01,2.501637041568756381e-02,5.995899796485900518e-02,0.000000000000000000e+00,1.000000000000000000e+00,2.263363101795846932e-01
5.662000000000000455e+01,2.501611411571502686e-02,5.996253132820129200e-02,0.000000000000000000e+00,1.000000000000000000e+00,2.331666527201161354e-01
5.664000000000000057e+01,2.501392066478729317e-02,5.998300552368163868e-02,0.000000000000000000e+00,1.000000000000000000e+00,2.378698614993753901e-01
5.666000000000000369e+01,2.501792013645172397e-02,5.995382666587829174e-02,0.000000000000000000e+00,1.000000000000000000e+00,2.401428064176618360e-01
5.667999999999999972e+01,2.501611709594726840e-02,5.996542811393737460e-02,0.000000000000000000e+00,1.000000000000000000e+00,2.405321784775685534e-01
5.670000000000000284e+01,2.501516938209533830e-02,5.997177243232727079e-02,0.000000000000000000e+00,1.000000000000000000e+00,2.398962292473783842e-01
5.671999999999999886e+01,2.501541674137115756e-02,5.996947646141052163e-02,0.000000000000000000e+00,1.000000000000000000e+00,2.390458481716452865e-01
5.674000000000000199e+01,2.501515150070190638e-02,5.997526645660400391e-02,0.000000000000000000e+00,1.000000000000000000e+00,2.385681730048198890e-01
5.675999999999999801e+01,2.501516342163086215e-02,5.996876835823058971e-02,0.000000000000000000e+00,1.000000000000000000e+00,2.387081958544060856e-01
5.678000000000000114e+01,2.501516044139862061e-02,5.997274160385131919e-02,0.000000000000000000e+00,1.000000000000000000e+00,2.392753529066093954e-01
5.680000000000000426e+01,2.501488029956817905e-02,5.997941493988036971e-02,0.000000000000000000e+00,1.000000000000000000e+00,2.396079345129489002e-01
5.682000000000000028e+01,2.501486539840698520e-02,5.997954010963439664e-02,0.000000000000000000e+00,1.000000000000000000e+00,2.387658472314032887e-01
5.684000000000000341e+01,2.501547038555145333e-02,5.997741937637329074e-02,0.000000000000000000e+00,1.000000000000000000e+00,2.361541533622727174e-01
5.685999999999999943e+01,2.501390278339386125e-02,5.997928977012634277e-02,0.000000000000000000e+00,1.000000000000000000e+00,2.321465052325219491e-01
5.688000000000000256e+01,2.501366734504699776e-02,5.997914671897888045e-02,0.000000000000000000e+00,1.000000000000000000e+00,2.278304640916563872e-01
5.689999999999999858e+01,2.501330673694610734e-02,5.997813463211059543e-02,0.000000000000000000e+00,1.000000000000000000e+00,2.241673155972561948e-01
5.692000000000000171e+01,2.501264512538910190e-02,5.997263431549072071e-02,0.000000000000000000e+00,1.000000000000000000e+00,2.215670048860932939e-01
5.693999999999999773e+01,2.501278519630432268e-02,5.996696591377258245e-02,0.000000000000000000e+00,1.000000000000000000e+00,2.199646103420566101e-01
5.696000000000000085e+01,2.501139640808105677e-02,5.997467637062072615e-02,0.000000000000000000e+00,1.000000000000000000e+00,2.190336406602017838e-01
5.698000000000000398e+01,2.501125633716583252e-02,5.997497320175170649e-02,0.000000000000000000e+00,1.000000000000000000e+00,2.184214679855536190e-01
5.700000000000000000e+01,2.501104772090911865e-02,5.997501969337463296e-02,0.000000000000000000e+00,1.000000000000000000e+00,2.179165019629010491e-01
5.702000000000000313e+01,2.501104772090911865e-02,5.997501969337463296e-02,4.000000000000000000e+00,1.000000000000000000e+00,2.173569122380956398e-01
5.703999999999999915e+01,2.501104772090911865e-02,5.997501969337463296e-02,6.000000000000000000e+00,1.000000000000000000e+00,2.165013615668657798e-01
5.706000000000000227e+01,2.501104772090911865e-02,5.997501969337463296e-02,7.000000000000000000e+00,1.000000000000000000e+00,2.150778597887525179e-01
5.707999999999999829e+01,2.501004040241241663e-02,5.997470140457153431e-02,0.000000000000000000e+00,1.000000000000000000e+00,2.129051447837394528e-01
5.710000000000000142e+01,2.500872910022735804e-02,5.997236609458923146e-02,0.000000000000000000e+00,1.000000000000000000e+00,2.103643715394413749e-01
5.712000000000000455e+01,2.501114308834076136e-02,5.998024463653564564e-02,0.000000000000000000e+00,1.000000000000000000e+00,2.083859640874318186e-01
5.714000000000000057e+01,2.501921653747558871e-02,6.002253055572509544e-02,0.000000000000000000e+00,1.000000000000000000e+00,2.078613419667859896e-01
5.716000000000000369e+01,2.501760721206665317e-02,6.000883340835570789e-02,0.000000000000000000e+00,1.000000000000000000e+00,2.093095551964024581e-01
5.717999999999999972e+01,2.501809000968933244e-02,6.001649379730224221e-02,0.000000000000000000e+00,1.000000000000000000e+00,2.128364307160868774e-01
5.720000000000000284e+01,2.501855790615081787e-02,6.004038333892822155e-02,0.000000000000000000e+00,1.000000000000000000e+00,2.180380743010754130e-01
5.721999999999999886e+01,2.501876652240753174e-02,6.002743005752562977e-02,0.000000000000000000e+00,1.000000000000000000e+00,2.238911497888403379e-01
5.724000000000000199e+01,2.501560747623443604e-02,6.009838342666625616e-02,0.000000000000000000e+00,1.000000000000000000e+00,2.289963733475761098e-01
5.725999999999999801e+01,2.501615881919860840e-02,6.008974313735961775e-02,0.000000000000000000e+00,1.000000000000000000e+00,2.321746467740839759e-01
5.728000000000000114e+01,2.501543462276458948e-02,6.009994983673095509e-02,0.000000000000000000e+00,1.000000000000000000e+00,2.329380794375381925e-01
5.730000000000000426e+01,2.501418292522430628e-02,6.011994838714599526e-02,0.000000000000000000e+00,1.000000000000000000e+00,2.315924668911116258e-01
5.732000000000000028e+01,2.501444816589355746e-02,6.011336088180541798e-02,0.000000000000000000e+00,1.000000000000000000e+00,2.290780594904318068e-01
5.734000000000000341e+01,2.501434981822967668e-02,6.012001276016235018e-02,0.000000000000000000e+00,1.000000000000000000e+00,2.265947020982498616e-01
5.735999999999999943e+01,2.501435577869415283e-02,6.012652873992919977e-02,0.000000000000000000e+00,1.000000000000000000e+00,2.251210737247217319e-01
5.738000000000000256e+01,2.501435577869415283e-02,6.012621402740478405e-02,0.000000000000000000e+00,1.000000000000000000e+00,2.251225675104966129e-01
5.739999999999999858e+01,2.501369416713714738e-02,6.015452384948730136e-02,0.000000000000000000e+00,1.000000000000000000e+00,2.265142734812227721e-01
5.742000000000000171e+01,2.501382231712341586e-02,6.015246391296386747e-02,0.000000000000000000e+00,1.000000000000000000e+00,2.286686919374467664e-01
5.743999999999999773e+01,2.501471638679504672e-02,6.014497518539428655e-02,0.000000000000000000e+00,1.000000000000000000e+00,2.305107100180233959e-01
5.746000000000000085e+01,2.501582801342010567e-02,6.013951063156127569e-02,0.000000000000000000e+00,1.000000000000000000e+00,2.310720543935458060e-01
5.748000000000000398e+01,2.501782774925231934e-02,6.013374567031860157e-02,0.000000000000000000e+00,1.000000000000000000e+00,2.302368483011215661e-01
5.750000000000000000e+01,2.501850128173828403e-02,6.013281583786010687e-02,0.000000000000000000e+00,1.000000000000000000e+00,2.286854616524973960e-01
5.752000000000000313e+01,2.501873075962066789e-02,6.013285160064697071e-02,0.000000000000000000e+00,1.000000000000000000e+00,2.271650553417045582e-01
5.753999999999999915e+01,2.501835227012634555e-02,6.013122797012328963e-02,0.000000000000000000e+00,1.000000000000000000e+00,2.260416138351946658e-01
5.756000000000000227e+01,2.501852214336395402e-02,6.013082742691040067e-02,0.000000000000000000e+00,1.000000000000000000e+00,2.253231853393275752e-01
5.757999999999999829e+01,2.502101063728332658e-02,6.013159990310668751e-02,0.000000000000000000e+00,1.000000000000000000e+00,2.248887384972211301e-01
5.760000000000000142e+01,2.501962184906006068e-02,6.012904644012451172e-02,0.000000000000000000e+00,1.000000000000000000e+00,2.247030365959067633e-01
5.762000000000000455e+01,2.502008080482483188e-02,6.013077020645141157e-02,0.000000000000000000e+00,1.000000000000000000e+00,2.248261856335533604e-01
5.764000000000000057e+01,2.502031624317169189e-02,6.013261556625366239e-02,0.000000000000000000e+00,1.000000000000000000e+00,2.252210791558248715e-01
5.766000000000000369e+01,2.502044439315796037e-02,6.013947486877441184e-02,0.000000000000000000e+00,1.000000000000000000e+00,2.255711877836869828e-01
5.767999999999999972e+01,2.502000331878662109e-02,6.014388799667358398e-02,0.000000000000000000e+00,1.000000000000000000e+00,2.253262315618210221e-01
5.770000000000000284e+01,2.501845657825470248e-02,6.014905214309692466e-02,0.000000000000000000e+00,1.000000000000000000e+00,2.241016671581333164e-01
5.771999999999999886e+01,2.501659095287322998e-02,6.015058279037475281e-02,0.000000000000000000e+00,1.000000000000000000e+00,2.221451392559366522e-01
5.774000000000000199e+01,2.501719892024993966e-02,6.015119075775146595e-02,0.000000000000000000e+00,1.000000000000000000e+00,2.202569749911609531e-01
5.775999999999999801e+01,2.501824200153350899e-02,6.015425205230712918e-02,0.000000000000000000e+00,1.000000000000000000e+00,2.192502502749881232e-01
5.778000000000000114e+01,2.501948475837707797e-02,6.016122579574584989e-02,0.000000000000000000e+00,1.000000000000000000e+00,2.195852879304866778e-01
5.780000000000000426e+01,2.502198517322540283e-02,6.018770456314086886e-02,0.000000000000000000e+00,1.000000000000000000e+00,2.212966118858107067e-01
5.782000000000000028e+01,2.502206563949585169e-02,6.018964290618896568e-02,0.000000000000000000e+00,1.000000000000000000e+00,2.239970870182899643e-01
5.784000000000000341e+01,2.502196729183197091e-02,6.016978025436400812e-02,0.000000000000000000e+00,1.000000000000000000e+00,2.269310624922495356e-01
5.785999999999999943e+01,2.502181828022003243e-02,6.017890691757202259e-02,0.000000000000000000e+00,1.000000000000000000e+00,2.291409194474134658e-01
5.788000000000000256e+01,2.502147257328033586e-02,6.019433498382568276e-02,0.000000000000000000e+00,1.000000000000000000e+00,2.297113215310075118e-01
5.789999999999999858e+01,2.502159178256988664e-02,6.018555879592895480e-02,0.000000000000000000e+00,1.000000000000000000e+00,2.280768466144006135e-01
5.792000000000000171e+01,2.502161562442779819e-02,6.019007205963134571e-02,0.000000000000000000e+00,1.000000000000000000e+00,2.244092894861137721e-01
5.793999999999999773e+01,2.502170503139496127e-02,6.019385576248168640e-02,0.000000000000000000e+00,1.000000000000000000e+00,2.197799717745105852e-01
5.796000000000000085e+01,2.502162754535675049e-02,6.019146680831909124e-02,0.000000000000000000e+00,1.000000000000000000e+00,2.156670489249300493e-01
5.798000000000000398e+01,2.502098679542541504e-02,6.016690492630004383e-02,0.000000000000000000e+00,1.000000000000000000e+00,2.131695285314459676e-01
5.800000000000000000e+01,2.502112090587615967e-02,6.018731832504272544e-02,0.000000000000000000e+00,1.000000000000000000e+00,2.127078608636038815e-01
5.802000000000000313e+01,2.502157688140869279e-02,6.016823530197143444e-02,0.000000000000000000e+00,1.000000000000000000e+00,2.141624372929943065e-01
5.803999999999999915e+01,2.501969933509826799e-02,6.019781112670898049e-02,0.000000000000000000e+00,1.000000000000000000e+00,2.169346336373082218e-01
5.806000000000000227e+01,2.501945793628692835e-02,6.019995689392089455e-02,0.000000000000000000e+00,1.000000000000000000e+00,2.199643850220093233e-01
5.807999999999999829e+01,2.502152621746063510e-02,6.018800497055053211e-02,0.000000000000000000e+00,1.000000000000000000e+00,2.222032433238818883e-01
5.810000000000000142e+01,2.502052187919616769e-02,6.019201755523681530e-02,0.000000000000000000e+00,1.000000000000000000e+00,2.233075244385774594e-01
5.812000000000000455e+01,2.502071261405944963e-02,6.019145965576171847e-02,0.000000000000000000e+00,1.000000000000000000e+00,2.236322935385494648e-01
5.814000000000000057e+01,2.502019703388214111e-02,6.019280433654784768e-02,0.000000000000000000e+00,1.000000000000000000e+00,2.236623465481440143e-01
5.816000000000000369e+01,2.502012550830841342e-02,6.019386291503905917e-02,0.000000000000000000e+00,1.000000000000000000e+00,2.236622178398063876e-01
5.817999999999999972e+01,2.502041459083557268e-02,6.019472837448119895e-02,0.000000000000000000e+00,1.000000000000000000e+00,2.237233250625658698e-01
5.820000000000000284e+01,2.501854300498962402e-02,6.018911361694335993e-02,0.000000000000000000e+00,1.000000000000000000e+00,2.239708865836377294e-01
5.821999999999999886e+01,2.501686513423919886e-02,6.018219709396362138e-02,0.000000000000000000e+00,1.000000000000000000e+00,2.246488778780683093e-01
5.824000000000000199e+01,2.501713633537292619e-02,6.018392801284790095e-02,0.000000000000000000e+00,1.000000000000000000e+00,2.259812193031119354e-01
5.825999999999999801e+01,2.501916289329528947e-02,6.020815372467040738e-02,0.000000000000000000e+00,1.000000000000000000e+00,2.279574987184188883e-01
5.828000000000000114e+01,2.501858770847320557e-02,6.017168998718261386e-02,0.000000000000000000e+00,1.000000000000000000e+00,2.302021347933306261e-01
5.830000000000000426e+01,2.501852810382843018e-02,6.017278432846068920e-02,0.000000000000000000e+00,1.000000000000000000e+00,2.320538411347181362e-01
5.832000000000000028e+01,2.501988708972931186e-02,6.016292095184325867e-02,0.000000000000000000e+00,1.000000000000000000e+00,2.329552264760187397e-01
5.834000000000000341e+01,2.501718699932098389e-02,6.017302036285400446e-02,0.000000000000000000e+00,1.000000000000000000e+00,2.328781859196903392e-01
5.835999999999999943e+01,2.501551508903503487e-02,6.017580270767211581e-02,0.000000000000000000e+00,1.000000000000000000e+00,2.322908147412049151e-01
5.838000000000000256e+01,2.501602768898010531e-02,6.017585992813109796e-02,0.000000000000000000e+00,1.000000000000000000e+00,2.317517683499527581e-01
5.839999999999999858e+01,2.501975595951080530e-02,6.018395662307739202e-02,0.000000000000000000e+00,1.000000000000000000e+00,2.316042688797572413e-01
5.842000000000000171e+01,2.501718401908874581e-02,6.017014503479004017e-02,0.000000000000000000e+00,1.000000000000000000e+00,2.319135379121553542e-01
5.843999999999999773e+01,2.501655220985412806e-02,6.016277074813842357e-02,0.000000000000000000e+00,1.000000000000000000e+00,2.325196996801396077e-01
5.846000000000000085e+01,2.501642405986785958e-02,6.015964508056640542e-02,0.000000000000000000e+00,1.000000000000000000e+00,2.330794010770111946e-01
5.848000000000000398e+01,2.501640319824218958e-02,6.015902996063231950e-02,0.000000000000000000e+00,1.000000000000000000e+00,2.330489525414408958e-01
5.850000000000000000e+01,2.501699328422546387e-02,6.017168998718261386e-02,0.000000000000000000e+00,1.000000000000000000e+00,2.317021721459879002e-01
5.852000000000000313e+01,2.501732707023620814e-02,6.017631053924560325e-02,0.000000000000000000e+00,1.000000000000000000e+00,2.284200070185040121e-01
5.853999999999999915e+01,2.501607537269592493e-02,6.016239166259765292e-02,0.000000000000000000e+00,1.000000000000000000e+00,2.233147115209264677e-01
5.856000000000000227e+01,2.501879036426544328e-02,6.019208908081054299e-02,0.000000000000000000e+00,1.000000000000000000e+00,2.175466516961605812e-01
5.857999999999999829e+01,2.501853108406067172e-02,6.018872737884520957e-02,0.000000000000000000e+00,1.000000000000000000e+00,2.126494663017080289e-01
5.860000000000000142e+01,2.501942515373230258e-02,6.020607233047484824e-02,0.000000000000000000e+00,1.000000000000000000e+00,2.096096508053266472e-01
5.862000000000000455e+01,2.501952648162841797e-02,6.021138668060302401e-02,0.000000000000000000e+00,1.000000000000000000e+00,2.086970352264886919e-01
5.864000000000000057e+01,2.501952350139617989e-02,6.021157979965209572e-02,0.000000000000000000e+00,1.000000000000000000e+00,2.096976517222946257e-01
5.866000000000000369e+01,2.502060234546661655e-02,6.019344806671142467e-02,0.000000000000000000e+00,1.000000000000000000e+00,2.119548490272566144e-01
5.867999999999999972e+01,2.502501904964447160e-02,6.015127658843993919e-02,0.000000000000000000e+00,1.000000000000000000e+00,2.144257542345630041e-01
5.870000000000000284e+01,2.502018511295318881e-02,6.018263339996337419e-02,0.000000000000000000e+00,1.000000000000000000e+00,2.161938341850463963e-01
5.871999999999999886e+01,2.501683235168457309e-02,6.019908428192138200e-02,0.000000000000000000e+00,1.000000000000000000e+00,2.169963293044833430e-01
5.874000000000000199e+01,2.501851916313171595e-02,6.019183874130248912e-02,0.000000000000000000e+00,1.000000000000000000e+00,2.170972920686947416e-01
5.875999999999999801e+01,2.501795887947082589e-02,6.019502162933349637e-02,0.000000000000000000e+00,1.000000000000000000e+00,2.168494984866942143e-01
5.878000000000000114e+01,2.501793801784515589e-02,6.019381284713744978e-02,0.000000000000000000e+00,1.000000000000000000e+00,2.165101203252692841e-01
5.880000000000000426e+01,2.501660883426666537e-02,6.018648147583007674e-02,0.000000000000000000e+00,1.000000000000000000e+00,2.163308355266128635e-01
5.882000000000000028e+01,2.501862347126007288e-02,6.019618749618529940e-02,0.000000000000000000e+00,1.000000000000000000e+00,2.166565458448772852e-01
5.884000000000000341e+01,2.501851022243499825e-02,6.019551515579223133e-02,0.000000000000000000e+00,1.000000000000000000e+00,2.178517794151998144e-01
5.885999999999999943e+01,2.501251995563507149e-02,6.014372348785400335e-02,0.000000000000000000e+00,1.000000000000000000e+00,2.201255658092281520e-01
5.888000000000000256e+01,2.501176893711090296e-02,6.013173580169677707e-02,0.000000000000000000e+00,1.000000000000000000e+00,2.233878671097481450e-01
5.889999999999999858e+01,2.501131892204284946e-02,6.009599447250366100e-02,0.000000000000000000e+00,1.000000000000000000e+00,2.271890707616752159e-01
5.892000000000000171e+01,2.501178383827209681e-02,6.008292675018310491e-02,0.000000000000000000e+00,1.000000000000000000e+00,2.308418273746365157e-01
5.893999999999999773e+01,2.501114904880523751e-02,6.009058713912963923e-02,0.000000000000000000e+00,1.000000000000000000e+00,2.337658985110026288e-01
5.896000000000000085e+01,2.501151263713836947e-02,6.008776903152465709e-02,0.000000000000000000e+00,1.000000000000000000e+00,2.357696435988234918e-01
5.898000000000000398e+01,2.500969171524047852e-02,6.009818315505981168e-02,0.000000000000000000e+00,1.000000000000000000e+00,2.369856882093440975e-01
5.900000000000000000e+01,2.500711381435394287e-02,6.011032104492187306e-02,0.000000000000000000e+00,1.000000000000000000e+00,2.376312065963368247e-01
5.902000000000000313e+01,2.500588297843933314e-02,6.011568546295165821e-02,0.000000000000000000e+00,1.000000000000000000e+00,2.379219940188825877e-01
5.903999999999999915e+01,2.500622868537902971e-02,6.011404037475585882e-02,0.000000000000000000e+00,1.000000000000000000e+00,2.380537625519685285e-01
5.906000000000000227e+01,2.500611543655395508e-02,6.011466264724731057e-02,0.000000000000000000e+00,1.000000000000000000e+00,2.381200822843619891e-01
5.907999999999999829e+01,2.500645518302917550e-02,6.011338949203490906e-02,0.000000000000000000e+00,1.000000000000000000e+00,2.381487686198496267e-01
5.910000000000000142e+01,2.500687241554260323e-02,6.011303901672362948e-02,0.000000000000000000e+00,1.000000000000000000e+00,2.378908901689384403e-01
5.912000000000000455e+01,2.500594854354858468e-02,6.011218070983886247e-02,0.000000000000000000e+00,1.000000000000000000e+00,2.366655880961055225e-01
5.914000000000000057e+01,2.500905096530914307e-02,6.011880397796630360e-02,0.000000000000000000e+00,1.000000000000000000e+00,2.337459809377951392e-01
5.916000000000000369e+01,2.501038312911987513e-02,6.012320995330810297e-02,0.000000000000000000e+00,1.000000000000000000e+00,2.291312586079814195e-01
5.917999999999999972e+01,2.501093149185180942e-02,6.012582778930664062e-02,0.000000000000000000e+00,1.000000000000000000e+00,2.239017918717266520e-01
5.920000000000000284e+01,2.501362860202789584e-02,6.014479637145996038e-02,0.000000000000000000e+00,1.000000000000000000e+00,2.194539179601391610e-01
5.921999999999999886e+01,2.501296103000641077e-02,6.013709306716918945e-02,0.000000000000000000e+00,1.000000000000000000e+00,2.166263699462304404e-01
5.924000000000000199e+01,2.501303553581238001e-02,6.013910293579101396e-02,0.000000000000000000e+00,1.000000000000000000e+00,2.155931826645579863e-01
5.925999999999999801e+01,2.501270771026611536e-02,6.017717599868774303e-02,0.000000000000000000e+00,1.000000000000000000e+00,2.160285166526957346e-01
5.928000000000000114e+01,2.501204609870910645e-02,6.018957138061523104e-02,0.000000000000000000e+00,1.000000000000000000e+00,2.171504427229171696e-01
5.930000000000000426e+01,2.501628398895263880e-02,6.014627695083617914e-02,0.000000000000000000e+00,1.000000000000000000e+00,2.179524578579101479e-01
5.932000000000000028e+01,2.501670420169830461e-02,6.014329433441161638e-02,0.000000000000000000e+00,1.000000000000000000e+00,2.177519640685994518e-01
5.934000000000000341e+01,2.501956224441528528e-02,6.012697935104369812e-02,0.000000000000000000e+00,1.000000000000000000e+00,2.164807948105411106e-01
5.935999999999999943e+01,2.502184808254242013e-02,6.011393308639526034e-02,0.000000000000000000e+00,1.000000000000000000e+00,2.144585681804228317e-01
5.938000000000000256e+01,2.502130270004272738e-02,6.011954069137573353e-02,0.000000000000000000e+00,1.000000000000000000e+00,2.121025765522226991e-01
5.939999999999999858e+01,2.502164840698242396e-02,6.012704372406005304e-02,0.000000000000000000e+00,1.000000000000000000e+00,2.098638785564409248e-01
5.942000000000000171e+01,2.502224147319793979e-02,6.013118505477905301e-02,0.000000000000000000e+00,1.000000000000000000e+00,2.082487808219833925e-01
5.943999999999999773e+01,2.501841187477112094e-02,6.010687351226806641e-02,0.000000000000000000e+00,1.000000000000000000e+00,2.077388928922647982e-01
5.946000000000000085e+01,2.501886188983917444e-02,6.011034965515136413e-02,0.000000000000000000e+00,1.000000000000000000e+00,2.086455415132340285e-01
5.948000000000000398e+01,2.501611113548278878e-02,6.007899284362792913e-02,0.000000000000000000e+00,1.000000000000000000e+00,2.110133882449488629e-01
5.950000000000000000e+01,2.501561343669891566e-02,6.006805658340454157e-02,0.000000000000000000e+00,1.000000000000000000e+00,2.145729009377037311e-01
5.952000000000000313e+01,2.501591145992279261e-02,6.011518478393554354e-02,0.000000000000000000e+00,1.000000000000000000e+00,2.187616296865622090e-01
5.953999999999999915e+01,2.501636743545532227e-02,6.009863376617431696e-02,0.000000000000000000e+00,1.000000000000000000e+00,2.229212530082174126e-01
5.956000000000000227e+01,2.501759231090545932e-02,6.007561683654785017e-02,0.000000000000000000e+00,1.000000000000000000e+00,2.265862156295391228e-01
5.957999999999999829e+01,2.501715123653412004e-02,6.008226871490478238e-02,0.000000000000000000e+00,1.000000000000000000e+00,2.295740761755552528e-01
5.960000000000000142e+01,2.501584589481353760e-02,6.010358333587646068e-02,0.000000000000000000e+00,1.000000000000000000e+00,2.318458361651979105e-01
5.962000000000000455e+01,2.501619160175323764e-02,6.009440660476684376e-02,0.000000000000000000e+00,1.000000000000000000e+00,2.334055028220412276e-01
5.964000000000000057e+01,2.501632571220398227e-02,6.007228374481200783e-02,0.000000000000000000e+00,1.000000000000000000e+00,2.343835346371801742e-01
5.966000000000000369e+01,2.501641213893890381e-02,6.007794857025146318e-02,0.000000000000000000e+00,1.000000000000000000e+00,2.351326876949123845e-01
5.967999999999999972e+01,2.501633167266845842e-02,6.007190465927123718e-02,0.000000000000000000e+00,1.000000000000000000e+00,2.360960604563813459e-01
5.970000000000000284e+01,2.501623332500457764e-02,6.007850646972656000e-02,0.000000000000000000e+00,1.000000000000000000e+00,2.375080832015223631e-01
5.971999999999999886e+01,2.501600682735443185e-02,6.008165359497070340e-02,0.000000000000000000e+00,1.000000000000000000e+00,2.391446220903594433e-01
5.974000000000000199e+01,2.501470744609832902e-02,6.008910655975341353e-02,0.000000000000000000e+00,1.000000000000000000e+00,2.402424821221411100e-01
5.975999999999999801e+01,2.501076757907867709e-02,6.009854793548583679e-02,0.000000000000000000e+00,1.000000000000000000e+00,2.398408797865763109e-01
5.978000000000000114e+01,2.501054406166076938e-02,6.009861946105957142e-02,0.000000000000000000e+00,1.000000000000000000e+00,2.376489373632688640e-01
5.980000000000000426e+01,2.500564754009246965e-02,6.009163141250609824e-02,0.000000000000000000e+00,1.000000000000000000e+00,2.344902341656269762e-01
5.982000000000000028e+01,2.500105202198028842e-02,6.007575273513793973e-02,0.000000000000000000e+00,1.000000000000000000e+00,2.315866642599508918e-01
5.984000000000000341e+01,2.500193715095520158e-02,6.008165359497070340e-02,0.000000000000000000e+00,1.000000000000000000e+00,2.297211241768598033e-01
5.985999999999999943e+01,2.500268220901489397e-02,6.009264707565307312e-02,0.000000000000000000e+00,1.000000000000000000e+00,2.290453893666485885e-01
5.988000000000000256e+01,2.500260472297668665e-02,6.007935762405395425e-02,0.000000000000000000e+00,1.000000000000000000e+00,2.291571949325195978e-01
5.989999999999999858e+01,2.500168085098266810e-02,6.009912014007567915e-02,0.000000000000000000e+00,1.000000000000000000e+00,2.292338012084228216e-01
5.992000000000000171e+01,2.500147223472595423e-02,6.010133743286132785e-02,0.000000000000000000e+00,1.000000000000000000e+00,2.283912487843974271e-01
5.993999999999999773e+01,2.500039935111999720e-02,6.010930538177489818e-02,0.000000000000000000e+00,1.000000000000000000e+00,2.261292601106936195e-01
5.996000000000000085e+01,2.500092387199401994e-02,6.010593652725219199e-02,0.000000000000000000e+00,1.000000000000000000e+00,2.224611185789299728e-01
5.998000000000000398e+01,2.500046491622924874e-02,6.010946273803710604e-02,0.000000000000000000e+00,1.000000000000000000e+00,2.177675126949751294e-01
6.000000000000000000e+01,2.499987632036209176e-02,6.012594223022460493e-02,0.000000000000000000e+00,1.000000000000000000e+00,2.126770177995499223e-01
