time_s,J_kg_m2,b_Nms_rad,status,excitation_ok,gram_min_eigenvalue
2.000000000000000042e-02,1.500000059604644775e-02,9.600000143051147516e-02,5.000000000000000000e+00,0.000000000000000000e+00,3.469446951953614189e-18
4.000000000000000083e-02,1.500000059604644775e-02,9.600000143051147516e-02,5.000000000000000000e+00,0.000000000000000000e+00,2.108371563367478566e-02
5.999999999999999778e-02,1.500000059604644775e-02,9.600000143051147516e-02,5.000000000000000000e+00,0.000000000000000000e+00,1.934519922163131095e-02
8.000000000000000167e-02,1.500000059604644775e-02,9.600000143051147516e-02,5.000000000000000000e+00,0.000000000000000000e+00,1.469741487227909510e-02
1.000000000000000056e-01,1.500000059604644775e-02,9.600000143051147516e-02,5.000000000000000000e+00,0.000000000000000000e+00,1.237624670972469615e-02
1.199999999999999956e-01,1.500000059604644775e-02,9.600000143051147516e-02,5.000000000000000000e+00,0.000000000000000000e+00,1.373657346332188278e-02
1.400000000000000133e-01,1.500000059604644775e-02,9.600000143051147516e-02,5.000000000000000000e+00,0.000000000000000000e+00,2.386853876128497420e-02
1.600000000000000033e-01,1.500000059604644775e-02,9.600000143051147516e-02,5.000000000000000000e+00,0.000000000000000000e+00,5.332611417044072488e-02
1.799999999999999933e-01,1.500000059604644775e-02,9.600000143051147516e-02,5.000000000000000000e+00,0.000000000000000000e+00,1.172774695175842485e-01
2.000000000000000111e-01,1.500000059604644775e-02,9.600000143051147516e-02,5.000000000000000000e+00,0.000000000000000000e+00,2.219054581577387664e-01
2.200000000000000011e-01,1.500000059604644775e-02,9.600000143051147516e-02,5.000000000000000000e+00,0.000000000000000000e+00,3.393595829563950117e-01
2.399999999999999911e-01,1.500000059604644775e-02,9.600000143051147516e-02,5.000000000000000000e+00,0.000000000000000000e+00,4.212007274367001175e-01
2.600000000000000089e-01,1.500000059604644775e-02,9.600000143051147516e-02,5.000000000000000000e+00,0.000000000000000000e+00,4.524136388609095172e-01
2.800000000000000266e-01,1.500000059604644775e-02,9.600000143051147516e-02,5.000000000000000000e+00,0.000000000000000000e+00,4.509936241470672846e-01
2.999999999999999889e-01,1.500000059604644775e-02,9.600000143051147516e-02,5.000000000000000000e+00,0.000000000000000000e+00,4.356510489583216295e-01
3.200000000000000067e-01,1.500000059604644775e-02,9.600000143051147516e-02,5.000000000000000000e+00,0.000000000000000000e+00,4.162549264262885296e-01
3.400000000000000244e-01,1.500000059604644775e-02,9.600000143051147516e-02,5.000000000000000000e+00,0.000000000000000000e+00,3.968684981140206958e-01
3.599999999999999867e-01,1.500000059604644775e-02,9.600000143051147516e-02,5.000000000000000000e+00,0.000000000000000000e+00,3.789105914582987511e-01
3.800000000000000044e-01,1.500000059604644775e-02,9.600000143051147516e-02,5.000000000000000000e+00,0.000000000000000000e+00,3.626447092647028247e-01
4.000000000000000222e-01,1.500000059604644775e-02,9.600000143051147516e-02,5.000000000000000000e+00,0.000000000000000000e+00,3.477224058154214648e-01
4.199999999999999845e-01,1.500000059604644775e-02,9.600000143051147516e-02,5.000000000000000000e+00,0.000000000000000000e+00,3.334845627717859529e-01
4.400000000000000022e-01,1.500000059604644775e-02,9.600000143051147516e-02,5.000000000000000000e+00,0.000000000000000000e+00,3.194347313448478443e-01
4.600000000000000200e-01,1.500000059604644775e-02,9.600000143051147516e-02,5.000000000000000000e+00,0.000000000000000000e+00,3.057262595415246587e-01
4.799999999999999822e-01,1.500000059604644775e-02,9.600000143051147516e-02,5.000000000000000000e+00,0.000000000000000000e+00,2.930434105202853190e-01
5.000000000000000000e-01,1.500000059604644775e-02,9.600000143051147516e-02,5.000000000000000000e+00,0.000000000000000000e+00,2.819644699797568266e-01
5.200000000000000178e-01,1.500000059604644775e-02,9.600000143051147516e-02,5.000000000000000000e+00,0.000000000000000000e+00,2.725348743083774727e-01
5.400000000000000355e-01,1.500000059604644775e-02,9.600000143051147516e-02,5.000000000000000000e+00,0.000000000000000000e+00,2.642356094857961080e-01
5.600000000000000533e-01,1.500000059604644775e-02,9.600000143051147516e-02,5.000000000000000000e+00,0.000000000000000000e+00,2.562599719930986342e-01
5.799999999999999600e-01,1.500000059604644775e-02,9.600000143051147516e-02,5.000000000000000000e+00,0.000000000000000000e+00,2.481008534993450476e-01
5.999999999999999778e-01,1.500000059604644775e-02,9.600000143051147516e-02,5.000000000000000000e+00,0.000000000000000000e+00,2.399273804631290030e-01
6.199999999999999956e-01,1.500000059604644775e-02,9.600000143051147516e-02,5.000000000000000000e+00,0.000000000000000000e+00,2.322125050708244987e-01
6.400000000000000133e-01,1.500000059604644775e-02,9.600000143051147516e-02,5.000000000000000000e+00,0.000000000000000000e+00,2.251511545361905009e-01
6.600000000000000311e-01,1.500000059604644775e-02,9.600000143051147516e-02,5.000000000000000000e+00,0.000000000000000000e+00,2.185248433573324378e-01
6.800000000000000488e-01,1.500000059604644775e-02,9.600000143051147516e-02,5.000000000000000000e+00,0.000000000000000000e+00,2.121086481711970395e-01
7.000000000000000666e-01,1.500000059604644775e-02,9.600000143051147516e-02,5.000000000000000000e+00,0.000000000000000000e+00,2.063229897981529726e-01
7.199999999999999734e-01,1.500000059604644775e-02,9.600000143051147516e-02,5.000000000000000000e+00,0.000000000000000000e+00,2.022421209051604996e-01
7.399999999999999911e-01,1.500000059604644775e-02,9.600000143051147516e-02,5.000000000000000000e+00,0.000000000000000000e+00,2.009305956658232195e-01
7.600000000000000089e-01,1.500000059604644775e-02,9.600000143051147516e-02,5.000000000000000000e+00,0.000000000000000000e+00,2.031900437320207087e-01
7.800000000000000266e-01,1.500000059604644775e-02,9.600000143051147516e-02,5.000000000000000000e+00,0.000000000000000000e+00,2.096307311809692542e-01
8.000000000000000444e-01,1.500000059604644775e-02,9.600000143051147516e-02,5.000000000000000000e+00,0.000000000000000000e+00,2.203240058698638093e-01
8.200000000000000622e-01,1.500000059604644775e-02,9.600000143051147516e-02,5.000000000000000000e+00,0.000000000000000000e+00,2.340368581713547780e-01
8.399999999999999689e-01,1.500000059604644775e-02,9.600000143051147516e-02,5.000000000000000000e+00,0.000000000000000000e+00,2.480741025966768376e-01
8.599999999999999867e-01,1.500000059604644775e-02,9.600000143051147516e-02,5.000000000000000000e+00,0.000000000000000000e+00,2.596298890111206070e-01
8.800000000000000044e-01,1.500000059604644775e-02,9.600000143051147516e-02,5.000000000000000000e+00,0.000000000000000000e+00,2.674427774973829885e-01
9.000000000000000222e-01,1.500000059604644775e-02,9.600000143051147516e-02,5.000000000000000000e+00,0.000000000000000000e+00,2.719380372331152707e-01
9.200000000000000400e-01,1.500000059604644775e-02,9.600000143051147516e-02,5.000000000000000000e+00,0.000000000000000000e+00,2.742636055954461582e-01
9.400000000000000577e-01,1.500000059604644775e-02,9.600000143051147516e-02,5.000000000000000000e+00,0.000000000000000000e+00,2.755073507486764939e-01
9.599999999999999645e-01,1.500000059604644775e-02,9.600000143051147516e-02,5.000000000000000000e+00,0.000000000000000000e+00,2.764166613770320802e-01
9.799999999999999822e-01,1.500000059604644775e-02,9.600000143051147516e-02,5.000000000000000000e+00,0.000000000000000000e+00,2.773484837356818833e-01
1.000000000000000000e+00,1.500000059604644775e-02,9.600000143051147516e-02,5.000000000000000000e+00,0.000000000000000000e+00,2.782390222332653540e-01
1.020000000000000018e+00,1.500000059604644775e-02,9.600000143051147516e-02,5.000000000000000000e+00,0.000000000000000000e+00,2.785949302959500606e-01
1.040000000000000036e+00,1.500000059604644775e-02,9.600000143051147516e-02,5.000000000000000000e+00,0.000000000000000000e+00,2.776935827327086659e-01
1.060000000000000053e+00,1.500000059604644775e-02,9.600000143051147516e-02,5.000000000000000000e+00,0.000000000000000000e+00,2.750962290363846430e-01
1.080000000000000071e+00,1.500000059604644775e-02,9.600000143051147516e-02,5.000000000000000000e+00,0.000000000000000000e+00,2.710590483147833907e-01
1.100000000000000089e+00,1.500000059604644775e-02,9.600000143051147516e-02,5.000000000000000000e+00,0.000000000000000000e+00,2.663258864701858464e-01
1.120000000000000107e+00,1.500000059604644775e-02,9.600000143051147516e-02,5.000000000000000000e+00,0.000000000000000000e+00,2.615707143035823634e-01
1.140000000000000124e+00,1.500000059604644775e-02,9.600000143051147516e-02,5.000000000000000000e+00,0.000000000000000000e+00,2.570740406539402390e-01
1.159999999999999920e+00,1.500000059604644775e-02,9.600000143051147516e-02,5.000000000000000000e+00,0.000000000000000000e+00,2.527682277659201726e-01
1.179999999999999938e+00,1.500000059604644775e-02,9.600000143051147516e-02,5.000000000000000000e+00,0.000000000000000000e+00,2.485169379131088041e-01
1.199999999999999956e+00,1.500000059604644775e-02,9.600000143051147516e-02,5.000000000000000000e+00,0.000000000000000000e+00,2.444012961830908104e-01
1.219999999999999973e+00,1.500000059604644775e-02,9.600000143051147516e-02,5.000000000000000000e+00,0.000000000000000000e+00,2.407220018657109106e-01
1.239999999999999991e+00,1.500000059604644775e-02,9.600000143051147516e-02,5.000000000000000000e+00,0.000000000000000000e+00,2.377232400960120062e-01
1.260000000000000009e+00,1.500000059604644775e-02,9.600000143051147516e-02,5.000000000000000000e+00,0.000000000000000000e+00,2.353347144288957804e-01
1.280000000000000027e+00,1.500000059604644775e-02,9.600000143051147516e-02,5.000000000000000000e+00,0.000000000000000000e+00,2.331111646428623285e-01
1.300000000000000044e+00,1.500000059604644775e-02,9.600000143051147516e-02,5.000000000000000000e+00,0.000000000000000000e+00,2.304719481302165141e-01
1.320000000000000062e+00,1.500000059604644775e-02,9.600000143051147516e-02,5.000000000000000000e+00,0.000000000000000000e+00,2.272231946518735168e-01
1.340000000000000080e+00,1.500000059604644775e-02,9.600000143051147516e-02,5.000000000000000000e+00,0.000000000000000000e+00,2.238501216582186037e-01
1.360000000000000098e+00,1.500000059604644775e-02,9.600000143051147516e-02,5.000000000000000000e+00,0.000000000000000000e+00,2.211756201294911572e-01
1.380000000000000115e+00,1.500000059604644775e-02,9.600000143051147516e-02,5.000000000000000000e+00,0.000000000000000000e+00,2.198481247959218621e-01
1.400000000000000133e+00,1.500000059604644775e-02,9.600000143051147516e-02,5.000000000000000000e+00,0.000000000000000000e+00,2.201151761047502042e-01
1.419999999999999929e+00,1.500000059604644775e-02,9.600000143051147516e-02,5.000000000000000000e+00,0.000000000000000000e+00,2.217963460374703100e-01
1.439999999999999947e+00,1.500000059604644775e-02,9.600000143051147516e-02,5.000000000000000000e+00,0.000000000000000000e+00,2.243555315032858544e-01
1.459999999999999964e+00,1.500000059604644775e-02,9.600000143051147516e-02,5.000000000000000000e+00,0.000000000000000000e+00,2.271322697546982183e-01
1.479999999999999982e+00,1.500000059604644775e-02,9.600000143051147516e-02,5.000000000000000000e+00,0.000000000000000000e+00,2.296615362059699073e-01
1.500000000000000000e+00,1.500000059604644775e-02,9.600000143051147516e-02,5.000000000000000000e+00,0.000000000000000000e+00,2.318435172554059731e-01
1.520000000000000018e+00,1.500000059604644775e-02,9.600000143051147516e-02,5.000000000000000000e+00,0.000000000000000000e+00,2.338783456561732144e-01
1.540000000000000036e+00,1.500000059604644775e-02,9.600000143051147516e-02,5.000000000000000000e+00,0.000000000000000000e+00,2.361020867987875804e-01
1.560000000000000053e+00,1.500000059604644775e-02,9.600000143051147516e-02,5.000000000000000000e+00,0.000000000000000000e+00,2.388451555658349934e-01
1.580000000000000071e+00,1.500000059604644775e-02,9.600000143051147516e-02,5.000000000000000000e+00,0.000000000000000000e+00,2.423232960481063736e-01
1.600000000000000089e+00,1.500000059604644775e-02,9.600000143051147516e-02,5.000000000000000000e+00,0.000000000000000000e+00,2.465228043996965379e-01
1.620000000000000107e+00,1.500000059604644775e-02,9.600000143051147516e-02,5.000000000000000000e+00,0.000000000000000000e+00,2.510616127152378585e-01
1.640000000000000124e+00,1.500000059604644775e-02,9.600000143051147516e-02,5.000000000000000000e+00,0.000000000000000000e+00,2.551264113827026447e-01
1.660000000000000142e+00,1.500000059604644775e-02,9.600000143051147516e-02,5.000000000000000000e+00,0.000000000000000000e+00,2.577293994143670108e-01
1.679999999999999938e+00,1.500000059604644775e-02,9.600000143051147516e-02,5.000000000000000000e+00,0.000000000000000000e+00,2.583008556292040181e-01
1.699999999999999956e+00,1.500000059604644775e-02,9.600000143051147516e-02,5.000000000000000000e+00,0.000000000000000000e+00,2.570564700913051115e-01
1.719999999999999973e+00,1.500000059604644775e-02,9.600000143051147516e-02,5.000000000000000000e+00,0.000000000000000000e+00,2.547116540621302549e-01
1.739999999999999991e+00,1.500000059604644775e-02,9.600000143051147516e-02,5.000000000000000000e+00,0.000000000000000000e+00,2.519411196039302858e-01
1.760000000000000009e+00,1.500000059604644775e-02,9.600000143051147516e-02,5.000000000000000000e+00,0.000000000000000000e+00,2.491101353266858831e-01
1.780000000000000027e+00,1.500000059604644775e-02,9.600000143051147516e-02,5.000000000000000000e+00,0.000000000000000000e+00,2.463401175495358031e-01
1.800000000000000044e+00,1.500000059604644775e-02,9.600000143051147516e-02,5.000000000000000000e+00,0.000000000000000000e+00,2.437263343111155944e-01
1.820000000000000062e+00,1.500000059604644775e-02,9.600000143051147516e-02,5.000000000000000000e+00,0.000000000000000000e+00,2.414839084352911891e-01
1.840000000000000080e+00,1.500000059604644775e-02,9.600000143051147516e-02,5.000000000000000000e+00,0.000000000000000000e+00,2.398834866906819074e-01
1.860000000000000098e+00,1.500000059604644775e-02,9.600000143051147516e-02,5.000000000000000000e+00,0.000000000000000000e+00,2.390608698275406285e-01
1.880000000000000115e+00,1.500000059604644775e-02,9.600000143051147516e-02,5.000000000000000000e+00,0.000000000000000000e+00,2.388641578489220929e-01
1.900000000000000133e+00,1.500000059604644775e-02,9.600000143051147516e-02,5.000000000000000000e+00,0.000000000000000000e+00,2.388256773705153546e-01
1.919999999999999929e+00,1.500000059604644775e-02,9.600000143051147516e-02,5.000000000000000000e+00,0.000000000000000000e+00,2.383406730334091117e-01
1.939999999999999947e+00,1.500000059604644775e-02,9.600000143051147516e-02,5.000000000000000000e+00,0.000000000000000000e+00,2.370326606460495811e-01
1.959999999999999964e+00,1.500000059604644775e-02,9.600000143051147516e-02,5.000000000000000000e+00,0.000000000000000000e+00,2.349933931715346702e-01
1.979999999999999982e+00,1.500000059604644775e-02,9.600000143051147516e-02,5.000000000000000000e+00,0.000000000000000000e+00,2.326399121809776260e-01
2.000000000000000000e+00,2.450954318046569963e-02,9.678040981292723721e-02,0.000000000000000000e+00,1.000000000000000000e+00,2.303887773108053982e-01
2.020000000000000018e+00,2.456505447626114100e-02,8.507587194442749190e-02,0.000000000000000000e+00,1.000000000000000000e+00,2.305075049638904416e-01
2.040000000000000036e+00,2.498407661914825439e-02,6.315160989761352262e-02,0.000000000000000000e+00,1.000000000000000000e+00,2.309529918838608975e-01
2.060000000000000053e+00,2.490329742431640625e-02,6.609375715255737249e-02,0.000000000000000000e+00,1.000000000000000000e+00,2.314756466393851908e-01
2.080000000000000071e+00,2.492892742156982422e-02,6.527244329452513982e-02,0.000000000000000000e+00,1.000000000000000000e+00,2.316609596165308538e-01
2.100000000000000089e+00,2.500293850898742745e-02,6.241142749786376953e-02,0.000000000000000000e+00,1.000000000000000000e+00,2.308878790745702847e-01
2.120000000000000107e+00,2.498913258314132760e-02,6.457973241806029552e-02,0.000000000000000000e+00,1.000000000000000000e+00,2.284785009267627232e-01
2.140000000000000124e+00,2.495734095573425362e-02,6.323470115661621038e-02,0.000000000000000000e+00,1.000000000000000000e+00,2.242270776473536398e-01
2.160000000000000142e+00,2.495033144950866907e-02,6.302101135253905528e-02,0.000000000000000000e+00,1.000000000000000000e+00,2.189277556660883528e-01
2.180000000000000160e+00,2.495515793561935494e-02,6.214804887771606390e-02,0.000000000000000000e+00,1.000000000000000000e+00,2.140468154848554627e-01
2.200000000000000178e+00,2.499447315931320468e-02,6.137447834014892606e-02,0.000000000000000000e+00,1.000000000000000000e+00,2.107663773272259733e-01
2.220000000000000195e+00,2.507342100143432687e-02,6.041083574295044029e-02,0.000000000000000000e+00,1.000000000000000000e+00,2.095593046274003002e-01
2.240000000000000213e+00,2.516300678253173898e-02,5.956352233886718500e-02,0.000000000000000000e+00,1.000000000000000000e+00,2.103577349324307066e-01
2.260000000000000231e+00,2.505473196506500383e-02,6.039984226226806363e-02,0.000000000000000000e+00,1.000000000000000000e+00,2.126408009404585908e-01
2.280000000000000249e+00,2.515409588813781808e-02,5.976964116096496193e-02,0.000000000000000000e+00,1.000000000000000000e+00,2.154150318642955031e-01
2.300000000000000266e+00,2.515487372875213623e-02,5.976561784744262307e-02,0.000000000000000000e+00,1.000000000000000000e+00,2.176085649859763604e-01
2.319999999999999840e+00,2.516012489795685023e-02,5.974347710609435869e-02,0.000000000000000000e+00,1.000000000000000000e+00,2.187279430605983954e-01
2.339999999999999858e+00,2.517710328102111886e-02,5.968259453773498008e-02,0.000000000000000000e+00,1.000000000000000000e+00,2.189496340816264319e-01
2.359999999999999876e+00,2.518358826637268066e-02,5.965849757194519043e-02,0.000000000000000000e+00,1.000000000000000000e+00,2.186804353578578330e-01
2.379999999999999893e+00,2.518730163574219028e-02,5.962248086929321234e-02,0.000000000000000000e+00,1.000000000000000000e+00,2.182470208800304512e-01
2.399999999999999911e+00,2.518537342548370431e-02,5.961031794548034279e-02,0.000000000000000000e+00,1.000000000000000000e+00,2.179072021551995142e-01
2.419999999999999929e+00,2.520397305488586426e-02,5.967932581901549960e-02,0.000000000000000000e+00,1.000000000000000000e+00,2.179629532150906268e-01
2.439999999999999947e+00,2.519512474536896030e-02,5.964254379272460743e-02,0.000000000000000000e+00,1.000000000000000000e+00,2.187489201602891564e-01
2.459999999999999964e+00,2.520043849945068429e-02,5.967460870742797435e-02,0.000000000000000000e+00,1.000000000000000000e+00,2.204888039123520382e-01
2.479999999999999982e+00,2.521337568759918213e-02,5.982223033905029186e-02,0.000000000000000000e+00,1.000000000000000000e+00,2.231489717748091628e-01
2.500000000000000000e+00,2.521227300167083740e-02,5.976349353790282731e-02,0.000000000000000000e+00,1.000000000000000000e+00,2.263696900080306440e-01
2.520000000000000018e+00,2.520741522312164307e-02,5.988426804542541088e-02,0.000000000000000000e+00,1.000000000000000000e+00,2.295555487604864775e-01
2.540000000000000036e+00,2.518807351589202881e-02,6.009374141693114846e-02,0.000000000000000000e+00,1.000000000000000000e+00,2.321719924595131157e-01
2.560000000000000053e+00,2.516252696514129777e-02,6.027547359466552818e-02,0.000000000000000000e+00,1.000000000000000000e+00,2.340223793127435836e-01
2.580000000000000071e+00,2.516030371189117640e-02,6.028748989105224554e-02,0.000000000000000000e+00,1.000000000000000000e+00,2.352167191310516603e-01
2.600000000000000089e+00,2.516033947467804024e-02,6.028732538223266491e-02,0.000000000000000000e+00,1.000000000000000000e+00,2.359392759970736220e-01
2.620000000000000107e+00,2.517128288745880405e-02,6.023910284042358065e-02,0.000000000000000000e+00,1.000000000000000000e+00,2.363157072850318452e-01
2.640000000000000124e+00,2.517012953758239815e-02,6.024515390396117942e-02,0.000000000000000000e+00,1.000000000000000000e+00,2.364556925740785298e-01
2.660000000000000142e+00,2.517341077327728271e-02,6.022077798843383789e-02,0.000000000000000000e+00,1.000000000000000000e+00,2.365114830673471225e-01
2.680000000000000160e+00,2.517745792865753313e-02,6.019304752349853571e-02,0.000000000000000000e+00,1.000000000000000000e+00,2.365887511269670895e-01
2.700000000000000178e+00,2.518287897109985560e-02,6.017839193344116239e-02,0.000000000000000000e+00,1.000000000000000000e+00,2.365417538910346285e-01
2.720000000000000195e+00,2.515530884265899936e-02,6.018721103668212696e-02,0.000000000000000000e+00,1.000000000000000000e+00,2.358343575982310147e-01
2.740000000000000213e+00,2.516697049140930245e-02,6.019929885864257896e-02,0.000000000000000000e+00,1.000000000000000000e+00,2.337146776911196155e-01
2.760000000000000231e+00,2.516041100025177141e-02,6.018507242202758567e-02,0.000000000000000000e+00,1.000000000000000000e+00,2.298775887714461230e-01
2.780000000000000249e+00,2.515367269515991419e-02,6.016145467758178544e-02,0.000000000000000000e+00,1.000000000000000000e+00,2.250690661405036763e-01
2.800000000000000266e+00,2.514736056327819894e-02,6.012632131576537559e-02,0.000000000000000000e+00,1.000000000000000000e+00,2.206584761000595918e-01
2.819999999999999840e+00,2.514470219612121790e-02,6.010044336318969699e-02,0.000000000000000000e+00,1.000000000000000000e+00,2.176764537051931458e-01
2.839999999999999858e+00,2.514434158802032748e-02,6.009193897247314120e-02,0.000000000000000000e+00,1.000000000000000000e+00,2.164850807827598256e-01
2.859999999999999876e+00,2.514488697052002023e-02,6.002024173736571905e-02,0.000000000000000000e+00,1.000000000000000000e+00,2.169092153400712375e-01
2.879999999999999893e+00,2.515780627727508614e-02,5.976624727249145452e-02,0.000000000000000000e+00,1.000000000000000000e+00,2.182791681523079952e-01
2.899999999999999911e+00,2.515261173248291293e-02,5.982348561286925798e-02,0.000000000000000000e+00,1.000000000000000000e+00,2.195516441111758366e-01
2.919999999999999929e+00,2.515495121479034701e-02,5.980531454086303322e-02,0.000000000000000000e+00,1.000000000000000000e+00,2.198257368327626582e-01
2.939999999999999947e+00,2.513333261013031214e-02,5.993893861770629994e-02,0.000000000000000000e+00,1.000000000000000000e+00,2.188233900834709311e-01
2.959999999999999964e+00,2.513203918933868547e-02,5.994631290435790960e-02,0.000000000000000000e+00,1.000000000000000000e+00,2.168113197335757858e-01
2.979999999999999982e+00,2.513025104999542375e-02,5.995958089828491017e-02,0.000000000000000000e+00,1.000000000000000000e+00,2.142630005726470777e-01
3.000000000000000000e+00,2.513077557086944649e-02,5.993090629577636774e-02,0.000000000000000000e+00,1.000000000000000000e+00,2.116950471440698367e-01
3.020000000000000018e+00,2.512820959091186662e-02,5.990617632865905678e-02,0.000000000000000000e+00,1.000000000000000000e+00,2.096515440051808787e-01
3.040000000000000036e+00,2.512623369693756104e-02,5.989311933517455638e-02,0.000000000000000000e+00,1.000000000000000000e+00,2.086396544523181074e-01
3.060000000000000053e+00,2.511239647865295618e-02,5.979206800460815097e-02,0.000000000000000000e+00,1.000000000000000000e+00,2.089978061775084606e-01
3.080000000000000071e+00,2.511298060417175432e-02,5.979808688163756880e-02,0.000000000000000000e+00,1.000000000000000000e+00,2.108000479382396153e-01
3.100000000000000089e+00,2.511212229728698730e-02,5.978130698204039972e-02,0.000000000000000000e+00,1.000000000000000000e+00,2.138125894295714313e-01
3.120000000000000107e+00,2.511137127876281877e-02,5.968634963035582969e-02,0.000000000000000000e+00,1.000000000000000000e+00,2.175087529015294063e-01
3.140000000000000124e+00,2.511669099330902238e-02,5.950609445571899275e-02,0.000000000000000000e+00,1.000000000000000000e+00,2.212473954104710039e-01
3.160000000000000142e+00,2.511304318904876778e-02,5.956860065460204551e-02,0.000000000000000000e+00,1.000000000000000000e+00,2.245728829658822090e-01
3.180000000000000160e+00,2.511299252510071009e-02,5.956928372383117620e-02,0.000000000000000000e+00,1.000000000000000000e+00,2.273381121944507144e-01
3.200000000000000178e+00,2.511408627033233712e-02,5.955384492874145341e-02,0.000000000000000000e+00,1.000000000000000000e+00,2.295528780876716080e-01
3.220000000000000195e+00,2.511419057846069405e-02,5.955151319503784041e-02,0.000000000000000000e+00,1.000000000000000000e+00,2.312224021237501426e-01
3.240000000000000213e+00,2.511367797851562708e-02,5.964682817459106279e-02,0.000000000000000000e+00,1.000000000000000000e+00,2.323892661187380027e-01
3.260000000000000231e+00,2.511364221572875977e-02,5.964545488357543557e-02,0.000000000000000000e+00,1.000000000000000000e+00,2.332831890159639820e-01
3.280000000000000249e+00,2.511379718780517786e-02,5.965064764022826732e-02,0.000000000000000000e+00,1.000000000000000000e+00,2.343014063008142800e-01
3.300000000000000266e+00,2.511356472969055245e-02,5.957542419433593806e-02,0.000000000000000000e+00,1.000000000000000000e+00,2.357526757279002350e-01
3.320000000000000284e+00,2.510850727558136194e-02,5.967146158218383789e-02,0.000000000000000000e+00,1.000000000000000000e+00,2.375726675061246573e-01
3.339999999999999858e+00,2.510040998458862305e-02,5.972764134407042985e-02,0.000000000000000000e+00,1.000000000000000000e+00,2.391640614178849045e-01
3.359999999999999876e+00,2.508521080017089844e-02,5.977582454681396040e-02,0.000000000000000000e+00,1.000000000000000000e+00,2.395578556720227015e-01
3.379999999999999893e+00,2.507905364036560128e-02,5.978256583213806263e-02,0.000000000000000000e+00,1.000000000000000000e+00,2.381554494872509531e-01
3.399999999999999911e+00,2.506130337715149065e-02,5.977273106575012318e-02,0.000000000000000000e+00,1.000000000000000000e+00,2.354486841249430473e-01
3.419999999999999929e+00,2.505330443382263253e-02,5.975398063659667636e-02,0.000000000000000000e+00,1.000000000000000000e+00,2.326337965242410710e-01
3.439999999999999947e+00,2.504597008228302141e-02,5.971749186515808161e-02,0.000000000000000000e+00,1.000000000000000000e+00,2.306786245471130481e-01
3.459999999999999964e+00,2.504657804965973109e-02,5.972395062446594211e-02,0.000000000000000000e+00,1.000000000000000000e+00,2.299368790992941947e-01
3.479999999999999982e+00,2.504911720752716134e-02,5.982822060585021862e-02,0.000000000000000000e+00,1.000000000000000000e+00,2.301754900620843480e-01
3.500000000000000000e+00,2.505100667476654192e-02,5.976401567459106029e-02,0.000000000000000000e+00,1.000000000000000000e+00,2.306605464732661703e-01
3.520000000000000018e+00,2.504096329212188859e-02,5.989880919456481989e-02,0.000000000000000000e+00,1.000000000000000000e+00,2.304234960972543489e-01
3.540000000000000036e+00,2.503865063190460413e-02,5.991944432258605735e-02,0.000000000000000000e+00,1.000000000000000000e+00,2.287351719034303454e-01
3.560000000000000053e+00,2.503676712512969971e-02,5.993330597877502552e-02,0.000000000000000000e+00,1.000000000000000000e+00,2.254011074449571439e-01
3.580000000000000071e+00,2.503215670585632463e-02,5.996942639350891224e-02,0.000000000000000000e+00,1.000000000000000000e+00,2.207122605381292291e-01
3.600000000000000089e+00,2.503316104412078857e-02,5.995422363281249778e-02,0.000000000000000000e+00,1.000000000000000000e+00,2.153066139134957591e-01
3.620000000000000107e+00,2.503331303596496860e-02,5.995904803276061457e-02,0.000000000000000000e+00,1.000000000000000000e+00,2.100517080405257253e-01
3.640000000000000124e+00,2.503443360328674525e-02,5.997006297111510953e-02,0.000000000000000000e+00,1.000000000000000000e+00,2.058252180616427784e-01
3.660000000000000142e+00,2.503210902214050501e-02,5.995013236999511413e-02,0.000000000000000000e+00,1.000000000000000000e+00,2.032394672007572234e-01
3.680000000000000160e+00,2.503373324871063441e-02,5.996708393096923662e-02,0.000000000000000000e+00,1.000000000000000000e+00,2.025201634711319976e-01
3.700000000000000178e+00,2.502968013286590784e-02,5.990046858787536482e-02,0.000000000000000000e+00,1.000000000000000000e+00,2.035403963647433312e-01
3.720000000000000195e+00,2.502927482128143588e-02,5.988322734832763478e-02,0.000000000000000000e+00,1.000000000000000000e+00,2.058602342625408532e-01
3.740000000000000213e+00,2.502901256084442277e-02,5.990953803062439020e-02,0.000000000000000000e+00,1.000000000000000000e+00,2.088115775141284602e-01
3.760000000000000231e+00,2.502559721469879359e-02,6.000743865966796931e-02,0.000000000000000000e+00,1.000000000000000000e+00,2.117619503726071717e-01
3.780000000000000249e+00,2.502286136150360177e-02,6.006805658340454157e-02,0.000000000000000000e+00,1.000000000000000000e+00,2.143765225590902879e-01
3.800000000000000266e+00,2.502441406250000000e-02,6.002246618270874051e-02,0.000000000000000000e+00,1.000000000000000000e+00,2.165849326361463933e-01
3.820000000000000284e+00,2.502441406250000000e-02,6.002426147460937500e-02,0.000000000000000000e+00,1.000000000000000000e+00,2.183772362478997309e-01
3.839999999999999858e+00,2.502484619617462158e-02,6.003452539443969449e-02,0.000000000000000000e+00,1.000000000000000000e+00,2.197535713551755365e-01
3.859999999999999876e+00,2.501941621303558488e-02,5.996007442474365207e-02,0.000000000000000000e+00,1.000000000000000000e+00,2.208915136206687224e-01
3.879999999999999893e+00,2.502421438694000383e-02,6.002071380615234264e-02,0.000000000000000000e+00,1.000000000000000000e+00,2.222580125411090513e-01
3.899999999999999911e+00,2.502595484256744593e-02,6.004893779754638672e-02,0.000000000000000000e+00,1.000000000000000000e+00,2.244250386651113482e-01
3.919999999999999929e+00,2.502661347389221330e-02,6.007327795028686440e-02,0.000000000000000000e+00,1.000000000000000000e+00,2.277643253053496797e-01
3.939999999999999947e+00,2.502731084823608607e-02,6.003714323043823214e-02,0.000000000000000000e+00,1.000000000000000000e+00,2.322203399906699606e-01
3.959999999999999964e+00,2.502428591251373499e-02,6.007672548294067105e-02,0.000000000000000000e+00,1.000000000000000000e+00,2.371043941528224175e-01
3.979999999999999982e+00,2.501944303512573450e-02,6.010889053344726368e-02,0.000000000000000000e+00,1.000000000000000000e+00,2.411388720338120684e-01
4.000000000000000000e+00,2.500449717044830530e-02,6.016523838043212613e-02,0.000000000000000000e+00,1.000000000000000000e+00,2.432471667515690716e-01
4.020000000000000462e+00,2.501123845577240060e-02,6.015249252319335854e-02,0.000000000000000000e+00,1.000000000000000000e+00,2.434830767748578373e-01
4.040000000000000036e+00,2.501760423183441162e-02,6.015087604522705023e-02,0.000000000000000000e+00,1.000000000000000000e+00,2.428103892400743369e-01
4.060000000000000497e+00,2.501366138458252161e-02,6.014442443847656250e-02,0.000000000000000000e+00,1.000000000000000000e+00,2.421818472965110436e-01
4.080000000000000071e+00,2.501409053802490512e-02,6.014645576477050531e-02,0.000000000000000000e+00,1.000000000000000000e+00,2.420339102195889769e-01
4.099999999999999645e+00,2.501146197319030831e-02,6.010967731475829606e-02,0.000000000000000000e+00,1.000000000000000000e+00,2.422493101681475469e-01
4.120000000000000107e+00,2.501162588596344064e-02,6.009538650512694785e-02,0.000000000000000000e+00,1.000000000000000000e+00,2.422953721833577545e-01
4.139999999999999680e+00,2.500898540019989152e-02,6.013257265090941883e-02,0.000000000000000000e+00,1.000000000000000000e+00,2.414569822754381867e-01
4.160000000000000142e+00,2.500865161418915072e-02,6.013557672500609991e-02,0.000000000000000000e+00,1.000000000000000000e+00,2.390933163407571449e-01
4.179999999999999716e+00,2.500363290309906214e-02,6.017789840698242049e-02,0.000000000000000000e+00,1.000000000000000000e+00,2.348363382587368153e-01
4.200000000000000178e+00,2.500450611114501953e-02,6.016563892364501509e-02,0.000000000000000000e+00,1.000000000000000000e+00,2.287834668160847462e-01
4.219999999999999751e+00,2.500470280647278110e-02,6.017376422882080023e-02,0.000000000000000000e+00,1.000000000000000000e+00,2.216618267552240840e-01
4.240000000000000213e+00,2.500432431697845528e-02,6.017010927200316939e-02,0.000000000000000000e+00,1.000000000000000000e+00,2.146749016348948880e-01
4.259999999999999787e+00,2.500564455986023157e-02,6.018063783645629522e-02,0.000000000000000000e+00,1.000000000000000000e+00,2.089590668111130645e-01
4.280000000000000249e+00,2.500550150871276925e-02,6.017928600311279325e-02,0.000000000000000000e+00,1.000000000000000000e+00,2.051374444095226124e-01
4.299999999999999822e+00,2.500430047512054721e-02,6.016186237335204717e-02,0.000000000000000000e+00,1.000000000000000000e+00,2.032984142887256374e-01
4.320000000000000284e+00,2.500352859497070521e-02,6.013352394104003878e-02,0.000000000000000000e+00,1.000000000000000000e+00,2.031528794588488285e-01
4.339999999999999858e+00,2.500233650207519739e-02,6.022939682006835799e-02,0.000000000000000000e+00,1.000000000000000000e+00,2.041330652541457347e-01
4.360000000000000320e+00,2.500250935554504395e-02,6.022554159164428267e-02,0.000000000000000000e+00,1.000000000000000000e+00,2.055493112808916556e-01
4.379999999999999893e+00,2.500592768192291468e-02,6.016940832138061024e-02,0.000000000000000000e+00,1.000000000000000000e+00,2.068789183188941005e-01
4.400000000000000355e+00,2.500672638416290283e-02,6.015287876129150196e-02,0.000000000000000000e+00,1.000000000000000000e+00,2.079042395490965922e-01
4.419999999999999929e+00,2.500674426555633822e-02,6.016799211502074640e-02,0.000000000000000000e+00,1.000000000000000000e+00,2.085664753381437087e-01
4.440000000000000391e+00,2.500582039356231967e-02,6.015478134155273493e-02,0.000000000000000000e+00,1.000000000000000000e+00,2.088289804839827124e-01
4.459999999999999964e+00,2.501024007797241280e-02,6.019167423248290849e-02,0.000000000000000000e+00,1.000000000000000000e+00,2.087918350783626031e-01
4.480000000000000426e+00,2.501435279846191476e-02,6.022268772125243669e-02,0.000000000000000000e+00,1.000000000000000000e+00,2.089013912572320608e-01
4.500000000000000000e+00,2.501295208930969308e-02,6.021061420440673717e-02,0.000000000000000000e+00,1.000000000000000000e+00,2.098750472774960907e-01
4.520000000000000462e+00,2.501049339771270821e-02,6.018109560012817327e-02,0.000000000000000000e+00,1.000000000000000000e+00,2.123674043640283449e-01
4.540000000000000036e+00,2.500788867473602295e-02,6.012081384658813504e-02,0.000000000000000000e+00,1.000000000000000000e+00,2.167516330870197239e-01
4.560000000000000497e+00,2.500788867473602295e-02,6.007729053497314065e-02,0.000000000000000000e+00,1.000000000000000000e+00,2.229799333268042139e-01
4.580000000000000071e+00,2.501165568828582833e-02,5.999408125877379871e-02,0.000000000000000000e+00,1.000000000000000000e+00,2.303003106020653779e-01
4.600000000000000533e+00,2.500582337379455775e-02,6.005616903305053406e-02,0.000000000000000000e+00,1.000000000000000000e+00,2.371955754648332193e-01
4.620000000000000107e+00,2.499615252017975062e-02,6.012062072753906333e-02,0.000000000000000000e+00,1.000000000000000000e+00,2.421815516229339771e-01
4.639999999999999680e+00,2.500456869602203647e-02,6.008271217346191490e-02,0.000000000000000000e+00,1.000000000000000000e+00,2.448425707561308340e-01
4.660000000000000142e+00,2.501151859760284563e-02,6.006171226501464538e-02,0.000000000000000000e+00,1.000000000000000000e+00,2.458069376503970171e-01
4.679999999999999716e+00,2.501971721649169991e-02,6.004701375961303544e-02,0.000000000000000000e+00,1.000000000000000000e+00,2.459637479684395334e-01
4.700000000000000178e+00,2.502260506153106828e-02,6.004555463790893499e-02,0.000000000000000000e+00,1.000000000000000000e+00,2.459300181451168632e-01
4.719999999999999751e+00,2.502737343311309953e-02,6.005318641662597129e-02,0.000000000000000000e+00,1.000000000000000000e+00,2.459481077123764348e-01
4.740000000000000213e+00,2.502762973308563302e-02,6.005769968032836914e-02,0.000000000000000000e+00,1.000000000000000000e+00,2.459455767386377889e-01
4.759999999999999787e+00,2.502830326557159424e-02,6.005306482315063421e-02,0.000000000000000000e+00,1.000000000000000000e+00,2.455777238387638894e-01
4.780000000000000249e+00,2.502808868885040422e-02,6.005398035049438338e-02,0.000000000000000000e+00,1.000000000000000000e+00,2.442467286652388325e-01
4.799999999999999822e+00,2.502814829349517961e-02,6.005237817764282060e-02,0.000000000000000000e+00,1.000000000000000000e+00,2.412504392475596227e-01
4.820000000000000284e+00,2.502852380275726388e-02,6.005354404449462363e-02,0.000000000000000000e+00,1.000000000000000000e+00,2.362364178119659153e-01
4.839999999999999858e+00,2.502546012401581088e-02,6.004508972167968417e-02,0.000000000000000000e+00,1.000000000000000000e+00,2.297282296884018138e-01
4.860000000000000320e+00,2.502487599849700928e-02,6.004299402236937949e-02,0.000000000000000000e+00,1.000000000000000000e+00,2.230091378741786978e-01
4.879999999999999893e+00,2.502562701702118128e-02,6.004694223403930775e-02,0.000000000000000000e+00,1.000000000000000000e+00,2.173149253494842115e-01
4.900000000000000355e+00,2.502094805240631312e-02,6.000552892684936357e-02,0.000000000000000000e+00,1.000000000000000000e+00,2.132625547972800406e-01
4.919999999999999929e+00,2.502119839191437045e-02,6.001113653182982982e-02,0.000000000000000000e+00,1.000000000000000000e+00,2.108817406801376526e-01
4.940000000000000391e+00,2.502075433731079310e-02,6.003413200378417830e-02,0.000000000000000000e+00,1.000000000000000000e+00,2.098270537866060437e-01
4.959999999999999964e+00,2.502100467681885043e-02,6.003102064132689875e-02,0.000000000000000000e+00,1.000000000000000000e+00,2.095432016814935683e-01
4.980000000000000426e+00,2.502086460590362618e-02,6.003206491470336470e-02,0.000000000000000000e+00,1.000000000000000000e+00,2.094856291275312699e-01
5.000000000000000000e+00,2.502269744873046944e-02,6.002088546752929604e-02,0.000000000000000000e+00,1.000000000000000000e+00,2.093226090082791480e-01
5.020000000000000462e+00,2.502185404300689975e-02,6.002874612808227484e-02,0.000000000000000000e+00,1.000000000000000000e+00,2.088961019328538504e-01
5.040000000000000036e+00,2.502139210700989047e-02,6.002224445343017079e-02,0.000000000000000000e+00,1.000000000000000000e+00,2.080556691759508636e-01
5.060000000000000497e+00,2.501932978630065987e-02,6.001291036605834600e-02,0.000000000000000000e+00,1.000000000000000000e+00,2.066872336656875586e-01
5.080000000000000071e+00,2.502161562442779819e-02,6.002217292785644309e-02,0.000000000000000000e+00,1.000000000000000000e+00,2.050018811247806549e-01
5.100000000000000533e+00,2.502032518386840959e-02,6.001604318618774386e-02,0.000000000000000000e+00,1.000000000000000000e+00,2.036990671265973829e-01
5.120000000000000107e+00,2.502385973930358956e-02,6.003828763961791687e-02,0.000000000000000000e+00,1.000000000000000000e+00,2.036604395026883341e-01
5.139999999999999680e+00,2.501367926597595354e-02,5.994365215301513533e-02,0.000000000000000000e+00,1.000000000000000000e+00,2.055472610581942083e-01
5.160000000000000142e+00,2.501552402973175257e-02,5.997434735298156488e-02,0.000000000000000000e+00,1.000000000000000000e+00,2.096830937601210920e-01
5.179999999999999716e+00,2.501588463783264299e-02,5.999593019485473244e-02,0.000000000000000000e+00,1.000000000000000000e+00,2.159602607542246422e-01
5.200000000000000178e+00,2.501467168331146518e-02,6.004836559295653742e-02,0.000000000000000000e+00,1.000000000000000000e+00,2.235702630855340156e-01
5.219999999999999751e+00,2.501369118690490931e-02,6.006465911865234431e-02,0.000000000000000000e+00,1.000000000000000000e+00,2.309885615888914445e-01
5.240000000000000213e+00,2.501358389854431430e-02,6.006578922271728349e-02,0.000000000000000000e+00,1.000000000000000000e+00,2.366751906643385361e-01
5.259999999999999787e+00,2.501651644706726074e-02,6.004206418991088479e-02,0.000000000000000000e+00,1.000000000000000000e+00,2.399265829357226931e-01
5.280000000000000249e+00,2.501412332057953089e-02,6.005876541137695340e-02,0.000000000000000000e+00,1.000000000000000000e+00,2.409984726577917014e-01
5.299999999999999822e+00,2.501352727413177698e-02,6.006292819976806474e-02,0.000000000000000000e+00,1.000000000000000000e+00,2.406642657448306577e-01
5.320000000000000284e+00,2.501099705696106096e-02,6.008493661880492942e-02,0.000000000000000000e+00,1.000000000000000000e+00,2.397982696616203779e-01
5.339999999999999858e+00,2.501029968261718819e-02,6.009572267532348189e-02,0.000000000000000000e+00,1.000000000000000000e+00,2.391287147861821949e-01
5.360000000000000320e+00,2.501104474067688058e-02,6.006191968917846263e-02,0.000000000000000000e+00,1.000000000000000000e+00,2.390700672008952699e-01
5.379999999999999893e+00,2.501122951507568637e-02,6.004943132400512168e-02,0.000000000000000000e+00,1.000000000000000000e+00,2.396015228926398621e-01
5.400000000000000355e+00,2.501079738140106479e-02,6.005825757980346596e-02,0.000000000000000000e+00,1.000000000000000000e+00,2.401977823097804776e-01
5.419999999999999929e+00,2.500912249088287423e-02,6.007148265838622991e-02,0.000000000000000000e+00,1.000000000000000000e+00,2.399169265292156183e-01
5.440000000000000391e+00,2.500714361667633057e-02,6.007847785949706892e-02,0.000000000000000000e+00,1.000000000000000000e+00,2.379093285941207836e-01
5.459999999999999964e+00,2.500704228878021518e-02,6.007860660552978571e-02,0.000000000000000000e+00,1.000000000000000000e+00,2.341965552765198910e-01
5.480000000000000426e+00,2.500706911087036133e-02,6.007862091064453125e-02,0.000000000000000000e+00,1.000000000000000000e+00,2.297579256522165603e-01
5.500000000000000000e+00,2.500538229942321847e-02,6.007436513900756697e-02,0.000000000000000000e+00,1.000000000000000000e+00,2.257096457902963982e-01
5.520000000000000462e+00,2.500369846820831368e-02,6.006314992904662753e-02,0.000000000000000000e+00,1.000000000000000000e+00,2.226568034302371379e-01
5.540000000000000036e+00,2.500385344028473178e-02,6.007709026336669617e-02,0.000000000000000000e+00,1.000000000000000000e+00,2.206609440990687232e-01
5.560000000000000497e+00,2.500337064266204903e-02,6.008114576339721596e-02,0.000000000000000000e+00,1.000000000000000000e+00,2.194454394399510400e-01
5.580000000000000071e+00,2.500408887863159180e-02,6.007879257202148465e-02,0.000000000000000000e+00,1.000000000000000000e+00,2.186319606607540489e-01
5.600000000000000533e+00,2.500455677509308069e-02,6.007824182510376060e-02,0.000000000000000000e+00,1.000000000000000000e+00,2.179544448868173112e-01
5.620000000000000107e+00,2.500550746917724887e-02,6.007877826690673911e-02,0.000000000000000000e+00,1.000000000000000000e+00,2.172840786551965830e-01
5.639999999999999680e+00,2.500790953636169642e-02,6.008889198303222351e-02,0.000000000000000000e+00,1.000000000000000000e+00,2.164565586944335873e-01
5.660000000000000142e+00,2.500798404216766566e-02,6.008846998214721624e-02,0.000000000000000000e+00,1.000000000000000000e+00,2.151638577760236759e-01
5.679999999999999716e+00,2.500552535057068079e-02,6.008965730667113758e-02,0.000000000000000000e+00,1.000000000000000000e+00,2.131497859825688124e-01
5.700000000000000178e+00,2.500180304050445695e-02,6.008541584014892578e-02,0.000000000000000000e+00,1.000000000000000000e+00,2.106270129772770949e-01
5.719999999999999751e+00,2.499888986349105974e-02,6.007799863815307256e-02,0.000000000000000000e+00,1.000000000000000000e+00,2.083845224927983741e-01
5.740000000000000213e+00,2.500205338001251429e-02,6.009148836135864286e-02,0.000000000000000000e+00,1.000000000000000000e+00,2.073452413681534101e-01
5.759999999999999787e+00,2.499744147062301844e-02,6.005967378616332980e-02,0.000000000000000000e+00,1.000000000000000000e+00,2.081359900348953851e-01
5.780000000000000249e+00,2.499358952045440882e-02,6.001301050186157171e-02,0.000000000000000000e+00,1.000000000000000000e+00,2.109863010737367817e-01
5.799999999999999822e+00,2.499438971281051775e-02,6.003614902496337558e-02,0.000000000000000000e+00,1.000000000000000000e+00,2.156732096156918910e-01
5.820000000000000284e+00,2.499428838491439889e-02,6.006360769271850558e-02,0.000000000000000000e+00,1.000000000000000000e+00,2.214021967967133853e-01
5.839999999999999858e+00,2.499550133943558017e-02,6.002778053283690934e-02,0.000000000000000000e+00,1.000000000000000000e+00,2.269101358103762234e-01
5.860000000000000320e+00,2.499450892210006853e-02,6.004581212997436163e-02,0.000000000000000000e+00,1.000000000000000000e+00,2.309334133968747871e-01
5.879999999999999893e+00,2.499511837959289551e-02,6.003638505935668390e-02,0.000000000000000000e+00,1.000000000000000000e+00,2.327108332595818618e-01
5.900000000000000355e+00,2.499468028545379777e-02,6.004374504089355497e-02,0.000000000000000000e+00,1.000000000000000000e+00,2.322178977239087450e-01
5.919999999999999929e+00,2.499592751264572213e-02,6.001334667205810575e-02,0.000000000000000000e+00,1.000000000000000000e+00,2.301533300708408503e-01
5.940000000000000391e+00,2.499561011791229248e-02,6.003182888031005637e-02,0.000000000000000000e+00,1.000000000000000000e+00,2.276767892249702274e-01
5.959999999999999964e+00,2.499558776617050171e-02,6.005797147750854131e-02,0.000000000000000000e+00,1.000000000000000000e+00,2.259130974816316584e-01
5.980000000000000426e+00,2.499557137489319056e-02,6.007146120071411161e-02,0.000000000000000000e+00,1.000000000000000000e+00,2.255341522789512387e-01
6.000000000000000000e+00,2.499533742666244784e-02,6.008291959762573214e-02,0.000000000000000000e+00,1.000000000000000000e+00,2.266451593565534384e-01
6.020000000000000462e+00,2.499972730875015328e-02,6.000581502914428822e-02,0.000000000000000000e+00,1.000000000000000000e+00,2.287955796040871681e-01
6.040000000000000036e+00,2.499921768903732439e-02,6.001039266586303406e-02,0.000000000000000000e+00,1.000000000000000000e+00,2.310049161300494480e-01
6.060000000000000497e+00,2.499929070472717285e-02,6.001001358032226340e-02,0.000000000000000000e+00,1.000000000000000000e+00,2.321497116742164413e-01
6.080000000000000071e+00,2.499972134828567713e-02,6.000870466232299805e-02,0.000000000000000000e+00,1.000000000000000000e+00,2.317778873125215799e-01
6.100000000000000533e+00,2.500142753124237269e-02,6.000619411468505887e-02,0.000000000000000000e+00,1.000000000000000000e+00,2.303897205006006366e-01
6.120000000000000107e+00,2.500130236148834229e-02,6.000618696212768610e-02,0.000000000000000000e+00,1.000000000000000000e+00,2.287980497001085300e-01
6.140000000000000568e+00,2.500091195106506417e-02,6.000507116317748552e-02,0.000000000000000000e+00,1.000000000000000000e+00,2.275090176769777317e-01
6.160000000000000142e+00,2.500083148479461878e-02,6.000592947006225253e-02,0.000000000000000000e+00,1.000000000000000000e+00,2.266179129139606618e-01
6.179999999999999716e+00,2.500017285346985141e-02,6.000673770904541016e-02,0.000000000000000000e+00,1.000000000000000000e+00,2.260018710661646224e-01
6.200000000000000178e+00,2.500278055667877475e-02,6.000843286514281893e-02,0.000000000000000000e+00,1.000000000000000000e+00,2.255694799450093102e-01
6.219999999999999751e+00,2.500025033950805872e-02,6.000256061553954634e-02,0.000000000000000000e+00,1.000000000000000000e+00,2.253574494124554739e-01
6.240000000000000213e+00,2.500207424163818429e-02,6.001161575317382618e-02,0.000000000000000000e+00,1.000000000000000000e+00,2.253891713169778044e-01
6.259999999999999787e+00,2.500220537185669084e-02,6.001351118087768638e-02,0.000000000000000000e+00,1.000000000000000000e+00,2.254692837836999586e-01
6.280000000000000249e+00,2.500265836715698242e-02,6.000432014465331698e-02,0.000000000000000000e+00,1.000000000000000000e+00,2.251469972713348588e-01
6.299999999999999822e+00,2.500320076942444056e-02,6.000170946121215904e-02,0.000000000000000000e+00,1.000000000000000000e+00,2.239971977608280762e-01
6.320000000000000284e+00,2.500592172145843506e-02,5.999736428260803167e-02,0.000000000000000000e+00,1.000000000000000000e+00,2.220800325225650296e-01
6.339999999999999858e+00,2.500338256359100481e-02,5.999655246734619113e-02,0.000000000000000000e+00,1.000000000000000000e+00,2.200393249665698603e-01
6.360000000000000320e+00,2.500205934047699044e-02,5.999374866485595453e-02,0.000000000000000000e+00,1.000000000000000000e+00,2.186760653307900926e-01
6.379999999999999893e+00,2.500375211238861292e-02,6.000121593475341714e-02,0.000000000000000000e+00,1.000000000000000000e+00,2.185273985394237117e-01
6.400000000000000355e+00,2.500620484352111816e-02,6.002142906188964733e-02,0.000000000000000000e+00,1.000000000000000000e+00,2.197360896592576995e-01
6.419999999999999929e+00,2.500579655170440813e-02,6.001443386077880832e-02,0.000000000000000000e+00,1.000000000000000000e+00,2.220512364569529329e-01
6.440000000000000391e+00,2.500540614128113001e-02,5.999181032180785772e-02,0.000000000000000000e+00,1.000000000000000000e+00,2.248690925966863874e-01
6.459999999999999964e+00,2.500538527965545654e-02,5.999465703964233093e-02,0.000000000000000000e+00,1.000000000000000000e+00,2.273526672727492481e-01
6.480000000000000426e+00,2.500554323196411272e-02,5.998519062995910645e-02,0.000000000000000000e+00,1.000000000000000000e+00,2.286121304298167622e-01
6.500000000000000000e+00,2.500545680522918771e-02,5.999376296997070007e-02,0.000000000000000000e+00,1.000000000000000000e+00,2.279391072291009068e-01
6.520000000000000462e+00,2.500544488430023193e-02,5.999229311943053700e-02,0.000000000000000000e+00,1.000000000000000000e+00,2.251749039722828194e-01
6.540000000000000036e+00,2.500561773777008195e-02,5.999879479408264105e-02,0.000000000000000000e+00,1.000000000000000000e+00,2.210476219973666889e-01
6.560000000000000497e+00,2.500535547733306885e-02,5.999160289764404047e-02,0.000000000000000000e+00,1.000000000000000000e+00,2.169485888685433739e-01
6.580000000000000071e+00,2.500658035278320590e-02,6.002932548522948997e-02,0.000000000000000000e+00,1.000000000000000000e+00,2.141512926149456153e-01
6.600000000000000533e+00,2.500633001327514857e-02,6.001198053359985130e-02,0.000000000000000000e+00,1.000000000000000000e+00,2.132944619835888955e-01
6.620000000000000107e+00,2.500624358654022356e-02,6.001790285110473328e-02,0.000000000000000000e+00,1.000000000000000000e+00,2.144256230720346379e-01
6.640000000000000568e+00,2.500671148300170898e-02,6.000906944274902316e-02,0.000000000000000000e+00,1.000000000000000000e+00,2.171060589381567096e-01
6.660000000000000142e+00,2.500592470169067660e-02,6.001692295074462918e-02,0.000000000000000000e+00,1.000000000000000000e+00,2.203814921903979596e-01
6.679999999999999716e+00,2.500675320625305245e-02,6.001168727874755388e-02,0.000000000000000000e+00,1.000000000000000000e+00,2.230908228097511770e-01
6.700000000000000178e+00,2.500354051589966098e-02,6.002543449401855080e-02,0.000000000000000000e+00,1.000000000000000000e+00,2.246178086636915761e-01
6.719999999999999751e+00,2.500654160976410051e-02,6.001645088195800559e-02,0.000000000000000000e+00,1.000000000000000000e+00,2.251651682016825862e-01
6.740000000000000213e+00,2.500352561473846713e-02,6.002310276031493780e-02,0.000000000000000000e+00,1.000000000000000000e+00,2.252546576981929727e-01
6.759999999999999787e+00,2.500284314155578821e-02,6.002493381500243613e-02,0.000000000000000000e+00,1.000000000000000000e+00,2.252411151355376284e-01
6.780000000000000249e+00,2.500272095203399936e-02,6.002454042434691994e-02,0.000000000000000000e+00,1.000000000000000000e+00,2.252454508490929208e-01
6.799999999999999822e+00,2.500053048133850375e-02,6.001952648162841436e-02,0.000000000000000000e+00,1.000000000000000000e+00,2.253416587475554067e-01
6.820000000000000284e+00,2.499994635581970215e-02,6.001767396926879772e-02,0.000000000000000000e+00,1.000000000000000000e+00,2.257109353360225723e-01
6.839999999999999858e+00,2.500044405460357874e-02,6.002009868621825672e-02,0.000000000000000000e+00,1.000000000000000000e+00,2.265784505854841480e-01
6.860000000000000320e+00,2.500265836715698242e-02,6.003890275955200279e-02,0.000000000000000000e+00,1.000000000000000000e+00,2.280108862636220646e-01
6.879999999999999893e+00,2.500277459621429513e-02,6.004159927368164090e-02,0.000000000000000000e+00,1.000000000000000000e+00,2.297610452529088576e-01
6.900000000000000355e+00,2.500276863574981898e-02,6.004176378250122154e-02,0.000000000000000000e+00,1.000000000000000000e+00,2.312911595166043666e-01
6.919999999999999929e+00,2.500528693199157923e-02,6.001817464828491239e-02,0.000000000000000000e+00,1.000000000000000000e+00,2.320685457571810550e-01
6.940000000000000391e+00,2.500665485858917514e-02,6.001178026199340682e-02,0.000000000000000000e+00,1.000000000000000000e+00,2.319681496277287980e-01
6.959999999999999964e+00,2.500256299972534318e-02,6.002139329910278348e-02,0.000000000000000000e+00,1.000000000000000000e+00,2.313425954032827525e-01
6.980000000000000426e+00,2.500771284103393832e-02,6.001836776733398410e-02,0.000000000000000000e+00,1.000000000000000000e+00,2.306998712672754248e-01
7.000000000000000000e+00,2.500680685043335169e-02,6.001721620559691966e-02,0.000000000000000000e+00,1.000000000000000000e+00,2.303887773108054537e-01
7.020000000000000462e+00,2.500542402267456193e-02,6.001181602478027066e-02,0.000000000000000000e+00,1.000000000000000000e+00,2.305075049638904972e-01
7.040000000000000036e+00,2.500680685043335169e-02,6.002388954162597712e-02,0.000000000000000000e+00,1.000000000000000000e+00,2.309529918838608975e-01
7.060000000000000497e+00,2.500677704811096400e-02,6.002334594726562583e-02,0.000000000000000000e+00,1.000000000000000000e+00,2.314756466393852741e-01
7.080000000000000071e+00,2.500662803649902552e-02,6.001950502395629605e-02,0.000000000000000000e+00,1.000000000000000000e+00,2.316609596165307428e-01
7.100000000000000533e+00,2.500675022602081438e-02,6.002185106277465459e-02,0.000000000000000000e+00,1.000000000000000000e+00,2.308878790745702847e-01
7.120000000000000107e+00,2.500757575035095215e-02,6.003217935562133595e-02,0.000000000000000000e+00,1.000000000000000000e+00,2.284785009267627787e-01
7.140000000000000568e+00,2.500899732112884730e-02,6.004622697830200306e-02,0.000000000000000000e+00,1.000000000000000000e+00,2.242270776473540006e-01
7.160000000000000142e+00,2.500642240047454973e-02,6.002165079116821012e-02,0.000000000000000000e+00,1.000000000000000000e+00,2.189277556660886304e-01
7.179999999999999716e+00,2.501009106636047433e-02,6.006192684173583540e-02,0.000000000000000000e+00,1.000000000000000000e+00,2.140468154848557958e-01
7.200000000000000178e+00,2.501145601272583216e-02,6.008279085159301536e-02,0.000000000000000000e+00,1.000000000000000000e+00,2.107663773272263619e-01
7.219999999999999751e+00,2.501109242439270020e-02,6.007159709930419422e-02,0.000000000000000000e+00,1.000000000000000000e+00,2.095593046274000504e-01
7.240000000000000213e+00,2.501119971275329867e-02,6.004909515380859458e-02,0.000000000000000000e+00,1.000000000000000000e+00,2.103577349324306789e-01
7.259999999999999787e+00,2.501232028007507532e-02,6.002444028854370117e-02,0.000000000000000000e+00,1.000000000000000000e+00,2.126408009404586186e-01
7.280000000000000249e+00,2.501200735569000452e-02,6.002793788909911721e-02,0.000000000000000000e+00,1.000000000000000000e+00,2.154150318642948092e-01
7.299999999999999822e+00,2.501354217529297083e-02,6.001676559448242132e-02,0.000000000000000000e+00,1.000000000000000000e+00,2.176085649859761106e-01
7.320000000000000284e+00,2.501537501811981409e-02,6.000698804855346402e-02,0.000000000000000000e+00,1.000000000000000000e+00,2.187279430605983122e-01
7.339999999999999858e+00,2.501347959041595737e-02,6.001524925231933177e-02,0.000000000000000000e+00,1.000000000000000000e+00,2.189496340816263764e-01
7.360000000000000320e+00,2.501292824745178500e-02,6.001774549484252541e-02,0.000000000000000000e+00,1.000000000000000000e+00,2.186804353578578608e-01
7.379999999999999893e+00,2.501307725906372348e-02,6.001591444015502708e-02,0.000000000000000000e+00,1.000000000000000000e+00,2.182470208800303679e-01
7.400000000000000355e+00,2.501352131366729736e-02,6.001945495605468667e-02,0.000000000000000000e+00,1.000000000000000000e+00,2.179072021551994587e-01
7.419999999999999929e+00,2.501537501811981409e-02,6.002835988998413141e-02,0.000000000000000000e+00,1.000000000000000000e+00,2.179629532150905991e-01
7.440000000000000391e+00,2.501333355903625696e-02,6.001748085021972601e-02,0.000000000000000000e+00,1.000000000000000000e+00,2.187489201602891287e-01
7.459999999999999964e+00,2.501222789287567416e-02,6.000934839248656810e-02,0.000000000000000000e+00,1.000000000000000000e+00,2.204888039123518439e-01
7.480000000000000426e+00,2.501334547996521274e-02,6.002311706542968334e-02,0.000000000000000000e+00,1.000000000000000000e+00,2.231489717748089685e-01
7.500000000000000000e+00,2.501367926597595354e-02,6.003476858139037559e-02,0.000000000000000000e+00,1.000000000000000000e+00,2.263696900080305885e-01
7.520000000000000462e+00,2.501359879970550815e-02,6.003853082656859796e-02,0.000000000000000000e+00,1.000000000000000000e+00,2.295555487604863665e-01
7.540000000000000036e+00,2.501233816146850725e-02,6.005689859390258428e-02,0.000000000000000000e+00,1.000000000000000000e+00,2.321719924595128659e-01
7.560000000000000497e+00,2.501396238803863664e-02,6.004270076751708901e-02,0.000000000000000000e+00,1.000000000000000000e+00,2.340223793127434171e-01
7.580000000000000071e+00,2.501632869243622034e-02,6.002758741378783763e-02,0.000000000000000000e+00,1.000000000000000000e+00,2.352167191310514938e-01
7.600000000000000533e+00,2.501752674579620431e-02,6.002121448516845731e-02,0.000000000000000000e+00,1.000000000000000000e+00,2.359392759970734832e-01
7.620000000000000107e+00,2.501736283302307198e-02,6.002205133438109907e-02,0.000000000000000000e+00,1.000000000000000000e+00,2.363157072850317064e-01
7.640000000000000568e+00,2.501786649227142473e-02,6.001895427703857200e-02,0.000000000000000000e+00,1.000000000000000000e+00,2.364556925740783910e-01
7.660000000000000142e+00,2.501803934574127475e-02,6.001745939254760770e-02,0.000000000000000000e+00,1.000000000000000000e+00,2.365114830673469837e-01
7.679999999999999716e+00,2.501834928989410400e-02,6.001497030258178683e-02,0.000000000000000000e+00,1.000000000000000000e+00,2.365887511269669230e-01
7.700000000000000178e+00,2.501870095729828020e-02,6.001386165618896595e-02,0.000000000000000000e+00,1.000000000000000000e+00,2.365417538910344897e-01
7.719999999999999751e+00,2.501975893974304338e-02,6.001347541809081559e-02,0.000000000000000000e+00,1.000000000000000000e+00,2.358343575982309315e-01
7.740000000000000213e+00,2.501902580261230677e-02,6.001260280609130304e-02,0.000000000000000000e+00,1.000000000000000000e+00,2.337146776911194768e-01
7.759999999999999787e+00,2.501704394817352503e-02,6.000776767730712363e-02,0.000000000000000000e+00,1.000000000000000000e+00,2.298775887714462340e-01
7.780000000000000249e+00,2.501806616783142090e-02,6.001164436340331726e-02,0.000000000000000000e+00,1.000000000000000000e+00,2.250690661405036486e-01
7.799999999999999822e+00,2.501836121082305978e-02,6.001332521438598744e-02,0.000000000000000000e+00,1.000000000000000000e+00,2.206584761000593975e-01
7.820000000000000284e+00,2.501938045024872104e-02,6.002248764038085882e-02,0.000000000000000000e+00,1.000000000000000000e+00,2.176764537051932014e-01
7.839999999999999858e+00,2.501866519451141635e-02,6.001004219055175448e-02,0.000000000000000000e+00,1.000000000000000000e+00,2.164850807827599644e-01
7.860000000000000320e+00,2.501864433288574288e-02,6.000769615173339594e-02,0.000000000000000000e+00,1.000000000000000000e+00,2.169092153400711542e-01
7.879999999999999893e+00,2.501989603042602608e-02,5.997284889221191073e-02,0.000000000000000000e+00,1.000000000000000000e+00,2.182791681523077454e-01
7.900000000000000355e+00,2.501803040504455705e-02,5.999621987342834001e-02,0.000000000000000000e+00,1.000000000000000000e+00,2.195516441111755035e-01
7.919999999999999929e+00,2.501862347126007288e-02,5.999137401580810491e-02,0.000000000000000000e+00,1.000000000000000000e+00,2.198257368327625472e-01
7.940000000000000391e+00,2.501937448978424142e-02,5.998663187026977150e-02,0.000000000000000000e+00,1.000000000000000000e+00,2.188233900834708201e-01
7.959999999999999964e+00,2.501867413520813058e-02,5.999068021774291853e-02,0.000000000000000000e+00,1.000000000000000000e+00,2.168113197335755915e-01
7.980000000000000426e+00,2.501918971538543909e-02,5.998676061630248829e-02,0.000000000000000000e+00,1.000000000000000000e+00,2.142630005726467446e-01
8.000000000000000000e+00,2.501904070377350062e-02,5.999572277069091519e-02,0.000000000000000000e+00,1.000000000000000000e+00,2.116950471440698089e-01
8.019999999999999574e+00,2.501759529113769739e-02,5.998133540153503113e-02,0.000000000000000000e+00,1.000000000000000000e+00,2.096515440051808232e-01
8.040000000000000924e+00,2.501917481422424525e-02,5.999224662780761747e-02,0.000000000000000000e+00,1.000000000000000000e+00,2.086396544523180241e-01
8.060000000000000497e+00,2.501780390739441126e-02,5.998184680938720148e-02,0.000000000000000000e+00,1.000000000000000000e+00,2.089978061775085161e-01
8.080000000000000071e+00,2.501915097236633370e-02,5.999594807624816784e-02,0.000000000000000000e+00,1.000000000000000000e+00,2.108000479382393377e-01
8.099999999999999645e+00,2.501820325851440707e-02,5.997836709022522084e-02,0.000000000000000000e+00,1.000000000000000000e+00,2.138125894295710983e-01
8.120000000000000995e+00,2.501828670501709054e-02,5.998443961143493097e-02,0.000000000000000000e+00,1.000000000000000000e+00,2.175087529015292398e-01
8.140000000000000568e+00,2.501833438873291016e-02,5.998222231864928922e-02,0.000000000000000000e+00,1.000000000000000000e+00,2.212473954104708929e-01
8.160000000000000142e+00,2.501834928989410400e-02,5.998191833496093611e-02,0.000000000000000000e+00,1.000000000000000000e+00,2.245728829658817371e-01
8.179999999999999716e+00,2.501926422119140833e-02,5.996774911880493192e-02,0.000000000000000000e+00,1.000000000000000000e+00,2.273381121944503258e-01
8.199999999999999289e+00,2.501900494098663330e-02,5.997199773788451649e-02,0.000000000000000000e+00,1.000000000000000000e+00,2.295528780876710806e-01
8.220000000000000639e+00,2.501779794692993164e-02,6.000437021255492637e-02,0.000000000000000000e+00,1.000000000000000000e+00,2.312224021237499205e-01
8.240000000000000213e+00,2.501778006553649972e-02,6.001228809356689425e-02,0.000000000000000000e+00,1.000000000000000000e+00,2.323892661187376973e-01
8.259999999999999787e+00,2.501772940158844202e-02,6.001018524169921681e-02,0.000000000000000000e+00,1.000000000000000000e+00,2.332831890159637322e-01
8.279999999999999361e+00,2.501786351203918665e-02,6.001491308212279774e-02,0.000000000000000000e+00,1.000000000000000000e+00,2.343014063008136971e-01
8.300000000000000711e+00,2.501781284809112549e-02,6.000592947006225253e-02,0.000000000000000000e+00,1.000000000000000000e+00,2.357526757279001239e-01
8.320000000000000284e+00,2.501828968524932861e-02,5.999466061592102079e-02,0.000000000000000000e+00,1.000000000000000000e+00,2.375726675061242965e-01
8.339999999999999858e+00,2.501806020736694475e-02,5.999652743339538297e-02,0.000000000000000000e+00,1.000000000000000000e+00,2.391640614178847657e-01
8.359999999999999432e+00,2.501498460769653598e-02,6.000752449035644254e-02,0.000000000000000000e+00,1.000000000000000000e+00,2.395578556720224517e-01
8.380000000000000782e+00,2.501834034919738978e-02,6.000351905822753906e-02,0.000000000000000000e+00,1.000000000000000000e+00,2.381554494872509253e-01
8.400000000000000355e+00,2.502111196517944544e-02,6.000518560409545676e-02,0.000000000000000000e+00,1.000000000000000000e+00,2.354486841249429641e-01
8.419999999999999929e+00,2.501997351646423340e-02,6.000241756439209095e-02,0.000000000000000000e+00,1.000000000000000000e+00,2.326337965242409045e-01
8.439999999999999503e+00,2.502443492412567347e-02,6.002458333969115656e-02,0.000000000000000000e+00,1.000000000000000000e+00,2.306786245471126595e-01
8.460000000000000853e+00,2.502382397651672571e-02,6.001842498779296625e-02,0.000000000000000000e+00,1.000000000000000000e+00,2.299368790992943890e-01
8.480000000000000426e+00,2.502325475215912143e-02,5.999959230422973605e-02,0.000000000000000000e+00,1.000000000000000000e+00,2.301754900620843480e-01
8.500000000000000000e+00,2.502330839633941720e-02,5.999738216400146013e-02,0.000000000000000000e+00,1.000000000000000000e+00,2.306605464732658928e-01
8.519999999999999574e+00,2.502208352088928361e-02,6.001425504684448214e-02,0.000000000000000000e+00,1.000000000000000000e+00,2.304234960972535995e-01
8.540000000000000924e+00,2.502332031726837297e-02,6.000325441360473272e-02,0.000000000000000000e+00,1.000000000000000000e+00,2.287351719034300679e-01
8.560000000000000497e+00,2.502054572105407923e-02,6.002343177795409906e-02,0.000000000000000000e+00,1.000000000000000000e+00,2.254011074449566721e-01
8.580000000000000071e+00,2.502140700817108432e-02,6.001676559448242132e-02,0.000000000000000000e+00,1.000000000000000000e+00,2.207122605381288960e-01
8.599999999999999645e+00,2.502099275588989466e-02,6.002304553985595564e-02,0.000000000000000000e+00,1.000000000000000000e+00,2.153066139134951207e-01
8.620000000000000995e+00,2.502110004425048967e-02,6.002637147903441828e-02,0.000000000000000000e+00,1.000000000000000000e+00,2.100517080405251424e-01
8.640000000000000568e+00,2.502095997333526889e-02,6.002501249313354353e-02,0.000000000000000000e+00,1.000000000000000000e+00,2.058252180616422511e-01
8.660000000000000142e+00,2.502199709415435860e-02,6.003389596939086997e-02,0.000000000000000000e+00,1.000000000000000000e+00,2.032394672007565573e-01
8.679999999999999716e+00,2.502042651176452845e-02,6.001763105392456110e-02,0.000000000000000000e+00,1.000000000000000000e+00,2.025201634711312204e-01
8.700000000000001066e+00,2.502142190933227817e-02,6.003349542617797407e-02,0.000000000000000000e+00,1.000000000000000000e+00,2.035403963647432479e-01
8.720000000000000639e+00,2.502139210700989047e-02,6.003232240676879827e-02,0.000000000000000000e+00,1.000000000000000000e+00,2.058602342625402704e-01
8.740000000000000213e+00,2.502143979072571009e-02,6.002504825592040738e-02,0.000000000000000000e+00,1.000000000000000000e+00,2.088115775141282104e-01
8.759999999999999787e+00,2.502113580703735352e-02,6.003480434417724637e-02,0.000000000000000000e+00,1.000000000000000000e+00,2.117619503726063113e-01
8.779999999999999361e+00,2.502060532569885462e-02,6.004767179489135798e-02,0.000000000000000000e+00,1.000000000000000000e+00,2.143765225590897328e-01
8.800000000000000711e+00,2.502034306526184151e-02,6.005632638931274192e-02,0.000000000000000000e+00,1.000000000000000000e+00,2.165849326361457550e-01
8.820000000000000284e+00,2.502037584781646729e-02,6.007784843444823747e-02,0.000000000000000000e+00,1.000000000000000000e+00,2.183772362478993978e-01
8.839999999999999858e+00,2.502086162567138811e-02,6.008949279785155695e-02,0.000000000000000000e+00,1.000000000000000000e+00,2.197535713551747316e-01
8.859999999999999432e+00,2.502190470695495744e-02,6.010447025299071877e-02,0.000000000000000000e+00,1.000000000000000000e+00,2.208915136206681673e-01
8.880000000000000782e+00,2.502124905586242815e-02,6.009575128555297296e-02,0.000000000000000000e+00,1.000000000000000000e+00,2.222580125411087459e-01
8.900000000000000355e+00,2.502126991748809814e-02,6.009612321853637779e-02,0.000000000000000000e+00,1.000000000000000000e+00,2.244250386651110707e-01
8.919999999999999929e+00,2.502151727676391740e-02,6.010450601577758262e-02,0.000000000000000000e+00,1.000000000000000000e+00,2.277643253053488748e-01
8.939999999999999503e+00,2.502152919769287318e-02,6.010354042053222406e-02,0.000000000000000000e+00,1.000000000000000000e+00,2.322203399906694332e-01
8.960000000000000853e+00,2.502120435237884660e-02,6.010851144790649303e-02,0.000000000000000000e+00,1.000000000000000000e+00,2.371043941528223897e-01
8.980000000000000426e+00,2.502032220363617152e-02,6.011500597000121737e-02,0.000000000000000000e+00,1.000000000000000000e+00,2.411388720338120129e-01
9.000000000000000000e+00,2.501806020736694475e-02,6.012416839599608875e-02,0.000000000000000000e+00,1.000000000000000000e+00,2.432471667515687941e-01
9.019999999999999574e+00,2.501808404922485629e-02,6.012412548065185214e-02,0.000000000000000000e+00,1.000000000000000000e+00,2.434830767748575597e-01
9.040000000000000924e+00,2.501871287822723597e-02,6.012396097183227150e-02,0.000000000000000000e+00,1.000000000000000000e+00,2.428103892400741426e-01
9.060000000000000497e+00,2.502023577690124650e-02,6.012650012969970176e-02,0.000000000000000000e+00,1.000000000000000000e+00,2.421818472965107938e-01
9.080000000000000071e+00,2.502136230468750278e-02,6.013183593749999584e-02,0.000000000000000000e+00,1.000000000000000000e+00,2.420339102195887826e-01
9.099999999999999645e+00,2.502060532569885462e-02,6.012146472930907787e-02,0.000000000000000000e+00,1.000000000000000000e+00,2.422493101681474637e-01
9.120000000000000995e+00,2.502059936523437500e-02,6.012202978134154746e-02,0.000000000000000000e+00,1.000000000000000000e+00,2.422953721833578655e-01
9.140000000000000568e+00,2.502105534076690813e-02,6.011556386947631420e-02,0.000000000000000000e+00,1.000000000000000000e+00,2.414569822754382700e-01
9.160000000000000142e+00,2.502002716064453264e-02,6.012478351593017467e-02,0.000000000000000000e+00,1.000000000000000000e+00,2.390933163407570616e-01
9.179999999999999716e+00,2.501870989799499789e-02,6.013581991195678794e-02,0.000000000000000000e+00,1.000000000000000000e+00,2.348363382587368153e-01
9.200000000000001066e+00,2.501835525035858362e-02,6.014076232910155889e-02,0.000000000000000000e+00,1.000000000000000000e+00,2.287834668160842744e-01
9.220000000000000639e+00,2.501822710037231515e-02,6.013551235198974498e-02,0.000000000000000000e+00,1.000000000000000000e+00,2.216618267552242505e-01
9.240000000000000213e+00,2.501764595508575509e-02,6.012989044189452625e-02,0.000000000000000000e+00,1.000000000000000000e+00,2.146749016348946937e-01
9.259999999999999787e+00,2.501734197139740198e-02,6.012748003005981279e-02,0.000000000000000000e+00,1.000000000000000000e+00,2.089590668111127314e-01
9.279999999999999361e+00,2.501794993877411166e-02,6.013319492340087752e-02,0.000000000000000000e+00,1.000000000000000000e+00,2.051374444095228622e-01
9.300000000000000711e+00,2.501799464225769321e-02,6.013385295867920005e-02,0.000000000000000000e+00,1.000000000000000000e+00,2.032984142887257761e-01
9.320000000000000284e+00,2.501806616783142090e-02,6.013633489608764121e-02,0.000000000000000000e+00,1.000000000000000000e+00,2.031528794588486342e-01
9.339999999999999858e+00,2.501803338527679513e-02,6.013948917388915738e-02,0.000000000000000000e+00,1.000000000000000000e+00,2.041330652541458734e-01
9.359999999999999432e+00,2.501701414585113734e-02,6.016322135925292885e-02,0.000000000000000000e+00,1.000000000000000000e+00,2.055493112808912393e-01
9.380000000000000782e+00,2.501657903194427768e-02,6.017053842544555636e-02,0.000000000000000000e+00,1.000000000000000000e+00,2.068789183188942393e-01
9.400000000000000355e+00,2.501651644706726074e-02,6.017189025878905834e-02,0.000000000000000000e+00,1.000000000000000000e+00,2.079042395490964257e-01
9.419999999999999929e+00,2.501649260520935267e-02,6.016031026840210072e-02,0.000000000000000000e+00,1.000000000000000000e+00,2.085664753381437642e-01
9.439999999999999503e+00,2.501637637615203996e-02,6.015861511230468500e-02,0.000000000000000000e+00,1.000000000000000000e+00,2.088289804839824348e-01
9.460000000000000853e+00,2.501476407051086634e-02,6.014481067657470592e-02,0.000000000000000000e+00,1.000000000000000000e+00,2.087918350783630472e-01
9.480000000000000426e+00,2.501520514488220215e-02,6.014822959899902149e-02,0.000000000000000000e+00,1.000000000000000000e+00,2.089013912572321163e-01
9.500000000000000000e+00,2.501542568206787179e-02,6.015016794204711831e-02,0.000000000000000000e+00,1.000000000000000000e+00,2.098750472774963682e-01
9.519999999999999574e+00,2.502069771289825578e-02,6.021342515945434654e-02,0.000000000000000000e+00,1.000000000000000000e+00,2.123674043640272069e-01
9.540000000000000924e+00,2.502016127109527727e-02,6.020184516906738198e-02,0.000000000000000000e+00,1.000000000000000000e+00,2.167516330870206676e-01
9.560000000000000497e+00,2.502008676528930803e-02,6.018877029418945312e-02,0.000000000000000000e+00,1.000000000000000000e+00,2.229799333268036865e-01
9.580000000000000071e+00,2.502142786979675432e-02,6.015347957611083540e-02,0.000000000000000000e+00,1.000000000000000000e+00,2.303003106020651836e-01
9.599999999999999645e+00,2.502069473266601771e-02,6.016199827194213673e-02,0.000000000000000000e+00,1.000000000000000000e+00,2.371955754648323034e-01
9.620000000000000995e+00,2.502080798149108887e-02,6.016121149063110435e-02,0.000000000000000000e+00,1.000000000000000000e+00,2.421815516229341436e-01
9.640000000000000568e+00,2.501908242702484408e-02,6.016926527023315485e-02,0.000000000000000000e+00,1.000000000000000000e+00,2.448425707561307785e-01
9.660000000000000142e+00,2.501646280288696497e-02,6.017739057540893305e-02,0.000000000000000000e+00,1.000000000000000000e+00,2.458069376503969616e-01
9.679999999999999716e+00,2.501515150070190638e-02,6.017978668212890098e-02,0.000000000000000000e+00,1.000000000000000000e+00,2.459637479684395334e-01
9.700000000000001066e+00,2.501471042633056710e-02,6.018001556396484347e-02,0.000000000000000000e+00,1.000000000000000000e+00,2.459300181451169187e-01
9.720000000000000639e+00,2.501545548439025948e-02,6.018123149871826283e-02,0.000000000000000000e+00,1.000000000000000000e+00,2.459481077123764070e-01
9.740000000000000213e+00,2.501545548439025948e-02,6.018122434616088312e-02,0.000000000000000000e+00,1.000000000000000000e+00,2.459455767386377889e-01
9.759999999999999787e+00,2.501560449600219796e-02,6.018018007278442411e-02,0.000000000000000000e+00,1.000000000000000000e+00,2.455777238387638894e-01
9.779999999999999361e+00,2.501557171344757219e-02,6.018031597137450672e-02,0.000000000000000000e+00,1.000000000000000000e+00,2.442467286652388325e-01
9.800000000000000711e+00,2.501556575298309604e-02,6.018046617507934182e-02,0.000000000000000000e+00,1.000000000000000000e+00,2.412504392475600945e-01
9.820000000000000284e+00,2.501536607742309640e-02,6.017983675003051730e-02,0.000000000000000000e+00,1.000000000000000000e+00,2.362364178119660263e-01
9.839999999999999858e+00,2.501604855060577531e-02,6.018174648284911610e-02,0.000000000000000000e+00,1.000000000000000000e+00,2.297282296884015640e-01
9.859999999999999432e+00,2.501444518566131592e-02,6.017590999603271429e-02,0.000000000000000000e+00,1.000000000000000000e+00,2.230091378741783092e-01
9.880000000000000782e+00,2.501421868801117013e-02,6.017470121383666770e-02,0.000000000000000000e+00,1.000000000000000000e+00,2.173149253494843225e-01
9.900000000000000355e+00,2.501462101936340401e-02,6.017829895019530945e-02,0.000000000000000000e+00,1.000000000000000000e+00,2.132625547972799573e-01
9.919999999999999929e+00,2.501420378684997628e-02,6.016895055770873912e-02,0.000000000000000000e+00,1.000000000000000000e+00,2.108817406801376804e-01
9.939999999999999503e+00,2.501416206359863281e-02,6.017126083374023382e-02,0.000000000000000000e+00,1.000000000000000000e+00,2.098270537866056551e-01
9.960000000000000853e+00,2.501351833343505929e-02,6.017940759658813032e-02,0.000000000000000000e+00,1.000000000000000000e+00,2.095432016814937071e-01
9.980000000000000426e+00,2.501319944858551234e-02,6.018178939819335965e-02,0.000000000000000000e+00,1.000000000000000000e+00,2.094856291275312143e-01
1.000000000000000000e+01,2.501429617404937744e-02,6.017503738403320174e-02,0.000000000000000000e+00,1.000000000000000000e+00,2.093226090082790924e-01
1.001999999999999957e+01,2.501453757286072055e-02,6.017278432846068920e-02,0.000000000000000000e+00,1.000000000000000000e+00,2.088961019328536561e-01
1.004000000000000092e+01,2.501479089260101596e-02,6.017637491226195817e-02,0.000000000000000000e+00,1.000000000000000000e+00,2.080556691759507248e-01
1.006000000000000050e+01,2.501500248908996790e-02,6.017734050750732366e-02,0.000000000000000000e+00,1.000000000000000000e+00,2.066872336656874198e-01
1.008000000000000007e+01,2.501486837863922327e-02,6.017678976058959961e-02,0.000000000000000000e+00,1.000000000000000000e+00,2.050018811247806827e-01
1.009999999999999964e+01,2.501546144485473910e-02,6.017964363098144559e-02,0.000000000000000000e+00,1.000000000000000000e+00,2.036990671265975217e-01
1.012000000000000099e+01,2.501656413078308383e-02,6.018660306930542075e-02,0.000000000000000000e+00,1.000000000000000000e+00,2.036604395026883618e-01
1.014000000000000057e+01,2.501514256000518868e-02,6.017359972000121959e-02,0.000000000000000000e+00,1.000000000000000000e+00,2.055472610581945969e-01
1.016000000000000014e+01,2.501466870307922363e-02,6.016613245010375699e-02,0.000000000000000000e+00,1.000000000000000000e+00,2.096830937601207034e-01
1.017999999999999972e+01,2.501468360424041748e-02,6.016678333282470675e-02,0.000000000000000000e+00,1.000000000000000000e+00,2.159602607542243646e-01
1.020000000000000107e+01,2.501490414142608712e-02,6.015485286712646262e-02,0.000000000000000000e+00,1.000000000000000000e+00,2.235702630855343487e-01
1.022000000000000064e+01,2.501507997512817522e-02,6.015171289443969199e-02,0.000000000000000000e+00,1.000000000000000000e+00,2.309885615888919719e-01
1.024000000000000021e+01,2.501325011253357003e-02,6.017198324203491128e-02,0.000000000000000000e+00,1.000000000000000000e+00,2.366751906643380643e-01
1.025999999999999979e+01,2.501477897167206019e-02,6.015925884246826200e-02,0.000000000000000000e+00,1.000000000000000000e+00,2.399265829357228597e-01
1.027999999999999936e+01,2.501199245452881068e-02,6.017918586730956754e-02,0.000000000000000000e+00,1.000000000000000000e+00,2.409984726577916458e-01
1.030000000000000071e+01,2.500989735126495431e-02,6.019414901733398382e-02,0.000000000000000000e+00,1.000000000000000000e+00,2.406642657448306299e-01
1.032000000000000028e+01,2.501112818717956751e-02,6.018314123153686163e-02,0.000000000000000000e+00,1.000000000000000000e+00,2.397982696616203779e-01
1.033999999999999986e+01,2.501118481159210483e-02,6.018225431442260354e-02,0.000000000000000000e+00,1.000000000000000000e+00,2.391287147861820006e-01
1.035999999999999943e+01,2.501115202903747559e-02,6.018385648727416631e-02,0.000000000000000000e+00,1.000000000000000000e+00,2.390700672008951588e-01
1.038000000000000078e+01,2.501120567321777483e-02,6.017995834350585438e-02,0.000000000000000000e+00,1.000000000000000000e+00,2.396015228926396401e-01
1.040000000000000036e+01,2.501137554645538330e-02,6.017636775970458540e-02,0.000000000000000000e+00,1.000000000000000000e+00,2.401977823097803666e-01
1.041999999999999993e+01,2.501149773597717563e-02,6.017536640167236300e-02,0.000000000000000000e+00,1.000000000000000000e+00,2.399169265292155628e-01
1.043999999999999950e+01,2.501088976860046595e-02,6.017756938934325922e-02,0.000000000000000000e+00,1.000000000000000000e+00,2.379093285941208114e-01
1.046000000000000085e+01,2.501139044761657715e-02,6.017693281173705500e-02,0.000000000000000000e+00,1.000000000000000000e+00,2.341965552765195857e-01
1.048000000000000043e+01,2.500939071178436349e-02,6.017589569091796875e-02,0.000000000000000000e+00,1.000000000000000000e+00,2.297579256522162272e-01
1.050000000000000000e+01,2.500909566879272461e-02,6.017513751983642051e-02,0.000000000000000000e+00,1.000000000000000000e+00,2.257096457902963982e-01
1.051999999999999957e+01,2.500913143157959193e-02,6.017538785934448131e-02,0.000000000000000000e+00,1.000000000000000000e+00,2.226568034302370824e-01
1.054000000000000092e+01,2.500906586647033691e-02,6.016932249069213701e-02,0.000000000000000000e+00,1.000000000000000000e+00,2.206609440990684179e-01
1.056000000000000050e+01,2.500934302806854387e-02,6.016694068908691462e-02,0.000000000000000000e+00,1.000000000000000000e+00,2.194454394399506791e-01
1.058000000000000007e+01,2.500962913036346505e-02,6.016598939895629466e-02,0.000000000000000000e+00,1.000000000000000000e+00,2.186319606607537991e-01
1.059999999999999964e+01,2.500930428504943848e-02,6.016637563705443809e-02,0.000000000000000000e+00,1.000000000000000000e+00,2.179544448868170059e-01
1.062000000000000099e+01,2.501066923141479631e-02,6.016715526580810464e-02,0.000000000000000000e+00,1.000000000000000000e+00,2.172840786551964165e-01
1.064000000000000057e+01,2.501093745231628557e-02,6.016829967498778936e-02,0.000000000000000000e+00,1.000000000000000000e+00,2.164565586944331710e-01
1.066000000000000014e+01,2.501099407672882288e-02,6.016798496246337363e-02,0.000000000000000000e+00,1.000000000000000000e+00,2.151638577760235649e-01
1.067999999999999972e+01,2.501244843006134033e-02,6.016727685928344171e-02,0.000000000000000000e+00,1.000000000000000000e+00,2.131497859825687846e-01
1.070000000000000107e+01,2.501179277896881104e-02,6.016652584075927318e-02,0.000000000000000000e+00,1.000000000000000000e+00,2.106270129772763733e-01
1.072000000000000064e+01,2.501375973224639893e-02,6.017153978347777876e-02,0.000000000000000000e+00,1.000000000000000000e+00,2.083845224927980966e-01
1.074000000000000021e+01,2.501681745052337924e-02,6.018449306488037054e-02,0.000000000000000000e+00,1.000000000000000000e+00,2.073452413681528272e-01
1.075999999999999979e+01,2.501704096794128696e-02,6.018601655960082591e-02,0.000000000000000000e+00,1.000000000000000000e+00,2.081359900348949687e-01
1.077999999999999936e+01,2.501654028892517229e-02,6.018018007278442411e-02,0.000000000000000000e+00,1.000000000000000000e+00,2.109863010737361155e-01
1.080000000000000071e+01,2.501571774482727259e-02,6.015843629837035883e-02,0.000000000000000000e+00,1.000000000000000000e+00,2.156732096156919187e-01
1.082000000000000028e+01,2.501572370529174874e-02,6.015262842178344810e-02,0.000000000000000000e+00,1.000000000000000000e+00,2.214021967967130522e-01
1.083999999999999986e+01,2.501614689826965610e-02,6.013920307159423273e-02,0.000000000000000000e+00,1.000000000000000000e+00,2.269101358103755850e-01
1.085999999999999943e+01,2.501522302627563754e-02,6.015659809112548773e-02,0.000000000000000000e+00,1.000000000000000000e+00,2.309334133968738711e-01
1.088000000000000078e+01,2.501522600650787562e-02,6.015654087066649863e-02,0.000000000000000000e+00,1.000000000000000000e+00,2.327108332595816675e-01
1.090000000000000036e+01,2.501532733440399447e-02,6.015478134155273493e-02,0.000000000000000000e+00,1.000000000000000000e+00,2.322178977239081066e-01
1.091999999999999993e+01,2.501569986343384067e-02,6.014526844024657704e-02,0.000000000000000000e+00,1.000000000000000000e+00,2.301533300708405727e-01
1.093999999999999950e+01,2.501572370529174874e-02,6.014368772506713950e-02,0.000000000000000000e+00,1.000000000000000000e+00,2.276767892249696168e-01
1.096000000000000085e+01,2.501572072505951067e-02,6.013522624969482033e-02,0.000000000000000000e+00,1.000000000000000000e+00,2.259130974816309090e-01
1.098000000000000043e+01,2.501572072505951067e-02,6.013978242874145480e-02,0.000000000000000000e+00,1.000000000000000000e+00,2.255341522789502673e-01
1.100000000000000000e+01,2.501579225063324183e-02,6.013589859008788840e-02,0.000000000000000000e+00,1.000000000000000000e+00,2.266451593565529665e-01
1.101999999999999957e+01,2.501600980758666992e-02,6.013188600540161216e-02,0.000000000000000000e+00,1.000000000000000000e+00,2.287955796040861689e-01
1.104000000000000092e+01,2.501492500305176059e-02,6.014198541641235102e-02,0.000000000000000000e+00,1.000000000000000000e+00,2.310049161300488929e-01
1.106000000000000050e+01,2.501510381698608676e-02,6.014102697372436523e-02,0.000000000000000000e+00,1.000000000000000000e+00,2.321497116742156641e-01
1.108000000000000007e+01,2.501463592052459786e-02,6.014249324798583846e-02,0.000000000000000000e+00,1.000000000000000000e+00,2.317778873125209693e-01
1.109999999999999964e+01,2.501226067543029993e-02,6.014606952667236189e-02,0.000000000000000000e+00,1.000000000000000000e+00,2.303897205005999149e-01
1.112000000000000099e+01,2.501309812068939348e-02,6.014611959457397128e-02,0.000000000000000000e+00,1.000000000000000000e+00,2.287980497001078084e-01
1.114000000000000057e+01,2.501293420791626115e-02,6.014564037322997492e-02,0.000000000000000000e+00,1.000000000000000000e+00,2.275090176769769268e-01
1.116000000000000014e+01,2.501305043697357386e-02,6.014436721801757341e-02,0.000000000000000000e+00,1.000000000000000000e+00,2.266179129139598569e-01
1.117999999999999972e+01,2.501327693462371965e-02,6.014408111572265569e-02,0.000000000000000000e+00,1.000000000000000000e+00,2.260018710661640118e-01
1.120000000000000107e+01,2.501310408115386963e-02,6.014396667480468445e-02,0.000000000000000000e+00,1.000000000000000000e+00,2.255694799450086163e-01
1.122000000000000064e+01,2.501149773597717563e-02,6.014018297195434376e-02,0.000000000000000000e+00,1.000000000000000000e+00,2.253574494124548355e-01
1.124000000000000021e+01,2.501159310340881486e-02,6.014066219329834012e-02,0.000000000000000000e+00,1.000000000000000000e+00,2.253891713169771105e-01
1.125999999999999979e+01,2.501141428947448869e-02,6.013803720474242970e-02,0.000000000000000000e+00,1.000000000000000000e+00,2.254692837836994035e-01
1.127999999999999936e+01,2.501176595687866488e-02,6.013074159622192050e-02,0.000000000000000000e+00,1.000000000000000000e+00,2.251469972713343037e-01
1.130000000000000071e+01,2.501222193241119454e-02,6.012853145599365151e-02,0.000000000000000000e+00,1.000000000000000000e+00,2.239971977608274656e-01
1.132000000000000028e+01,2.501364052295684814e-02,6.012625694274902066e-02,0.000000000000000000e+00,1.000000000000000000e+00,2.220800325225645855e-01
1.133999999999999986e+01,2.501272857189178536e-02,6.012596368789672324e-02,0.000000000000000000e+00,1.000000000000000000e+00,2.200393249665690554e-01
1.135999999999999943e+01,2.501389384269714355e-02,6.012841701507568026e-02,0.000000000000000000e+00,1.000000000000000000e+00,2.186760653307895652e-01
1.138000000000000078e+01,2.501367926597595354e-02,6.012747287750244002e-02,0.000000000000000000e+00,1.000000000000000000e+00,2.185273985394230734e-01
1.140000000000000036e+01,2.501474618911743442e-02,6.013612031936645119e-02,0.000000000000000000e+00,1.000000000000000000e+00,2.197360896592570889e-01
1.141999999999999993e+01,2.501408159732818742e-02,6.012509822845459040e-02,0.000000000000000000e+00,1.000000000000000000e+00,2.220512364569522390e-01
1.143999999999999950e+01,2.501390874385833740e-02,6.011595726013183039e-02,0.000000000000000000e+00,1.000000000000000000e+00,2.248690925966855825e-01
1.146000000000000085e+01,2.501382231712341586e-02,6.012962579727172685e-02,0.000000000000000000e+00,1.000000000000000000e+00,2.273526672727489428e-01
1.148000000000000043e+01,2.501386106014251778e-02,6.012710094451904214e-02,0.000000000000000000e+00,1.000000000000000000e+00,2.286121304298164847e-01
1.150000000000000000e+01,2.501389980316162318e-02,6.012290239334106001e-02,0.000000000000000000e+00,1.000000000000000000e+00,2.279391072291004905e-01
1.151999999999999957e+01,2.501390278339386125e-02,6.012323141098022128e-02,0.000000000000000000e+00,1.000000000000000000e+00,2.251749039722830137e-01
1.154000000000000092e+01,2.501367926597595354e-02,6.011514186859130693e-02,0.000000000000000000e+00,1.000000000000000000e+00,2.210476219973659395e-01
1.156000000000000050e+01,2.501422464847564975e-02,6.012964010238647239e-02,0.000000000000000000e+00,1.000000000000000000e+00,2.169485888685430408e-01
1.158000000000000007e+01,2.501368820667267123e-02,6.011355400085448969e-02,0.000000000000000000e+00,1.000000000000000000e+00,2.141512926149450879e-01
1.159999999999999964e+01,2.501364648342132777e-02,6.011087179183959711e-02,0.000000000000000000e+00,1.000000000000000000e+00,2.132944619835881184e-01
1.162000000000000099e+01,2.501359581947326660e-02,6.011474847793579074e-02,0.000000000000000000e+00,1.000000000000000000e+00,2.144256230720341661e-01
1.164000000000000057e+01,2.501367330551147738e-02,6.011319637298583735e-02,0.000000000000000000e+00,1.000000000000000000e+00,2.171060589381555439e-01
1.166000000000000014e+01,2.501450181007385323e-02,6.010464191436767217e-02,0.000000000000000000e+00,1.000000000000000000e+00,2.203814921903969326e-01
1.167999999999999972e+01,2.501561641693115373e-02,6.009743928909301591e-02,0.000000000000000000e+00,1.000000000000000000e+00,2.230908228097503720e-01
1.170000000000000107e+01,2.501494884490966866e-02,6.010035037994384405e-02,0.000000000000000000e+00,1.000000000000000000e+00,2.246178086636909932e-01
1.172000000000000064e+01,2.501616775989532609e-02,6.009663820266723105e-02,0.000000000000000000e+00,1.000000000000000000e+00,2.251651682016820588e-01
1.174000000000000021e+01,2.501558363437652796e-02,6.009794712066650335e-02,0.000000000000000000e+00,1.000000000000000000e+00,2.252546576981923898e-01
1.175999999999999979e+01,2.501606345176696916e-02,6.009663105010985829e-02,0.000000000000000000e+00,1.000000000000000000e+00,2.252411151355370733e-01
1.177999999999999936e+01,2.501592040061950684e-02,6.009616613388061440e-02,0.000000000000000000e+00,1.000000000000000000e+00,2.252454508490923657e-01
1.180000000000000071e+01,2.501591444015503068e-02,6.009615182876586886e-02,0.000000000000000000e+00,1.000000000000000000e+00,2.253416587475548516e-01
1.182000000000000028e+01,2.501460015773773402e-02,6.009190320968627735e-02,0.000000000000000000e+00,1.000000000000000000e+00,2.257109353360219339e-01
1.183999999999999986e+01,2.501519620418548792e-02,6.009485006332396934e-02,0.000000000000000000e+00,1.000000000000000000e+00,2.265784505854834541e-01
1.185999999999999943e+01,2.501513361930847446e-02,6.009432077407836359e-02,0.000000000000000000e+00,1.000000000000000000e+00,2.280108862636211764e-01
1.188000000000000078e+01,2.501477599143982211e-02,6.008608818054198691e-02,0.000000000000000000e+00,1.000000000000000000e+00,2.297610452529083302e-01
1.190000000000000036e+01,2.501509785652160714e-02,6.007418632507324080e-02,0.000000000000000000e+00,1.000000000000000000e+00,2.312911595166038392e-01
1.191999999999999993e+01,2.501623034477233956e-02,6.006345033645629772e-02,0.000000000000000000e+00,1.000000000000000000e+00,2.320685457571804167e-01
1.193999999999999950e+01,2.501612007617950648e-02,6.006396532058715793e-02,0.000000000000000000e+00,1.000000000000000000e+00,2.319681496277285482e-01
1.196000000000000085e+01,2.501755058765411585e-02,6.006058931350707897e-02,0.000000000000000000e+00,1.000000000000000000e+00,2.313425954032823362e-01
1.198000000000000043e+01,2.501920461654663294e-02,6.005961656570434071e-02,0.000000000000000000e+00,1.000000000000000000e+00,2.306998712672752028e-01
1.200000000000000000e+01,2.501938045024872104e-02,6.005983829498291043e-02,0.000000000000000000e+00,1.000000000000000000e+00,2.303887773108051207e-01
1.201999999999999957e+01,2.501757442951202393e-02,6.005280017852782787e-02,0.000000000000000000e+00,1.000000000000000000e+00,2.305075049638901918e-01
1.204000000000000092e+01,2.501742839813232699e-02,6.005151987075805359e-02,0.000000000000000000e+00,1.000000000000000000e+00,2.309529918838606755e-01
1.206000000000000050e+01,2.501721978187561313e-02,6.004777908325194952e-02,0.000000000000000000e+00,1.000000000000000000e+00,2.314756466393849688e-01
1.208000000000000007e+01,2.501717209815979004e-02,6.004659175872802818e-02,0.000000000000000000e+00,1.000000000000000000e+00,2.316609596165306872e-01
1.209999999999999964e+01,2.501693367958068848e-02,6.004209280014037586e-02,0.000000000000000000e+00,1.000000000000000000e+00,2.308878790745701182e-01
1.212000000000000099e+01,2.501759231090545932e-02,6.005029678344726146e-02,0.000000000000000000e+00,1.000000000000000000e+00,2.284785009267627509e-01
1.214000000000000057e+01,2.501787245273590088e-02,6.005306482315063421e-02,0.000000000000000000e+00,1.000000000000000000e+00,2.242270776473535565e-01
1.216000000000000014e+01,2.501756548881530970e-02,6.005013227462768083e-02,0.000000000000000000e+00,1.000000000000000000e+00,2.189277556660889634e-01
1.217999999999999972e+01,2.501751184463501046e-02,6.004953145980834739e-02,0.000000000000000000e+00,1.000000000000000000e+00,2.140468154848559068e-01
1.220000000000000107e+01,2.501761019229889124e-02,6.005100488662719338e-02,0.000000000000000000e+00,1.000000000000000000e+00,2.107663773272256402e-01
1.222000000000000064e+01,2.501788437366485665e-02,6.005908012390136219e-02,0.000000000000000000e+00,1.000000000000000000e+00,2.095593046273998006e-01
1.224000000000000021e+01,2.501787543296814242e-02,6.006219148635864175e-02,0.000000000000000000e+00,1.000000000000000000e+00,2.103577349324302626e-01
1.225999999999999979e+01,2.501743435859680315e-02,6.007234096527099693e-02,0.000000000000000000e+00,1.000000000000000000e+00,2.126408009404575639e-01
1.228000000000000114e+01,2.501493692398071289e-02,6.010092258453368641e-02,0.000000000000000000e+00,1.000000000000000000e+00,2.154150318642951145e-01
1.230000000000000071e+01,2.501334846019745081e-02,6.011265277862548606e-02,0.000000000000000000e+00,1.000000000000000000e+00,2.176085649859760274e-01
1.232000000000000028e+01,2.501394152641296664e-02,6.010946273803710604e-02,0.000000000000000000e+00,1.000000000000000000e+00,2.187279430605980068e-01
1.233999999999999986e+01,2.501566112041473527e-02,6.010190248489379744e-02,0.000000000000000000e+00,1.000000000000000000e+00,2.189496340816260711e-01
1.235999999999999943e+01,2.501695156097412387e-02,6.009600162506103377e-02,0.000000000000000000e+00,1.000000000000000000e+00,2.186804353578576943e-01
1.238000000000000078e+01,2.501696944236755579e-02,6.009576559066772544e-02,0.000000000000000000e+00,1.000000000000000000e+00,2.182470208800302569e-01
1.240000000000000036e+01,2.501667439937591692e-02,6.009338378906249611e-02,0.000000000000000000e+00,1.000000000000000000e+00,2.179072021551992921e-01
1.241999999999999993e+01,2.501597702503204415e-02,6.008999347686767162e-02,0.000000000000000000e+00,1.000000000000000000e+00,2.179629532150903215e-01
1.243999999999999950e+01,2.501655519008636613e-02,6.009311199188232394e-02,0.000000000000000000e+00,1.000000000000000000e+00,2.187489201602887956e-01
1.246000000000000085e+01,2.501800656318664551e-02,6.010385513305663979e-02,0.000000000000000000e+00,1.000000000000000000e+00,2.204888039123518162e-01
1.248000000000000043e+01,2.501794099807739397e-02,6.010303974151610940e-02,0.000000000000000000e+00,1.000000000000000000e+00,2.231489717748087187e-01
1.250000000000000000e+01,2.501837909221649170e-02,6.011814594268798800e-02,0.000000000000000000e+00,1.000000000000000000e+00,2.263696900080298946e-01
1.251999999999999957e+01,2.501832544803619593e-02,6.012074947357177318e-02,0.000000000000000000e+00,1.000000000000000000e+00,2.295555487604859224e-01
1.254000000000000092e+01,2.501866519451141635e-02,6.011571407318114929e-02,0.000000000000000000e+00,1.000000000000000000e+00,2.321719924595129492e-01
1.256000000000000050e+01,2.501752078533172816e-02,6.012585639953613170e-02,0.000000000000000000e+00,1.000000000000000000e+00,2.340223793127435281e-01
1.258000000000000007e+01,2.501752674579620431e-02,6.012582063674926786e-02,0.000000000000000000e+00,1.000000000000000000e+00,2.352167191310515215e-01
1.259999999999999964e+01,2.501845061779022286e-02,6.012085676193237166e-02,0.000000000000000000e+00,1.000000000000000000e+00,2.359392759970735665e-01
1.262000000000000099e+01,2.501864135265350481e-02,6.011986970901488786e-02,0.000000000000000000e+00,1.000000000000000000e+00,2.363157072850317619e-01
1.264000000000000057e+01,2.501881718635559290e-02,6.011878967285155806e-02,0.000000000000000000e+00,1.000000000000000000e+00,2.364556925740784465e-01
1.266000000000000014e+01,2.501898705959320138e-02,6.011728763580322099e-02,0.000000000000000000e+00,1.000000000000000000e+00,2.365114830673470114e-01
1.267999999999999972e+01,2.501927912235260218e-02,6.011492013931274414e-02,0.000000000000000000e+00,1.000000000000000000e+00,2.365887511269669508e-01
1.270000000000000107e+01,2.501932084560394565e-02,6.011478424072265458e-02,0.000000000000000000e+00,1.000000000000000000e+00,2.365417538910345452e-01
1.272000000000000064e+01,2.502000927925110071e-02,6.011453390121460072e-02,0.000000000000000000e+00,1.000000000000000000e+00,2.358343575982310425e-01
1.274000000000000021e+01,2.501989305019378801e-02,6.011439085006713839e-02,0.000000000000000000e+00,1.000000000000000000e+00,2.337146776911196155e-01
1.275999999999999979e+01,2.501912117004394601e-02,6.011249542236327820e-02,0.000000000000000000e+00,1.000000000000000000e+00,2.298775887714467336e-01
1.278000000000000114e+01,2.501939833164215296e-02,6.011355400085448969e-02,0.000000000000000000e+00,1.000000000000000000e+00,2.250690661405044257e-01
1.280000000000000071e+01,2.501841485500335902e-02,6.010796070098876898e-02,0.000000000000000000e+00,1.000000000000000000e+00,2.206584761000592310e-01
1.282000000000000028e+01,2.501765787601471086e-02,6.010120868682861106e-02,0.000000000000000000e+00,1.000000000000000000e+00,2.176764537051930348e-01
1.283999999999999986e+01,2.501718997955322543e-02,6.009324073791503379e-02,0.000000000000000000e+00,1.000000000000000000e+00,2.164850807827598256e-01
1.285999999999999943e+01,2.501688301563263078e-02,6.006453037261962752e-02,0.000000000000000000e+00,1.000000000000000000e+00,2.169092153400706824e-01
1.288000000000000078e+01,2.501684129238128731e-02,6.006573200225830134e-02,0.000000000000000000e+00,1.000000000000000000e+00,2.182791681523076621e-01
1.290000000000000036e+01,2.501790225505828857e-02,6.005226373672484935e-02,0.000000000000000000e+00,1.000000000000000000e+00,2.195516441111756700e-01
1.291999999999999993e+01,2.501796185970306396e-02,6.005176305770873468e-02,0.000000000000000000e+00,1.000000000000000000e+00,2.198257368327624639e-01
1.293999999999999950e+01,2.501628398895263880e-02,6.006237745285034069e-02,0.000000000000000000e+00,1.000000000000000000e+00,2.188233900834708756e-01
1.296000000000000085e+01,2.501671612262726038e-02,6.005987405776977428e-02,0.000000000000000000e+00,1.000000000000000000e+00,2.168113197335757025e-01
1.298000000000000043e+01,2.501698434352874964e-02,6.005783557891845176e-02,0.000000000000000000e+00,1.000000000000000000e+00,2.142630005726471332e-01
1.300000000000000000e+01,2.501690685749054233e-02,6.006246328353881392e-02,0.000000000000000000e+00,1.000000000000000000e+00,2.116950471440695591e-01
1.301999999999999957e+01,2.501709759235382080e-02,6.006435871124267412e-02,0.000000000000000000e+00,1.000000000000000000e+00,2.096515440051810175e-01
1.304000000000000092e+01,2.501771152019501010e-02,6.006862163543701116e-02,0.000000000000000000e+00,1.000000000000000000e+00,2.086396544523179686e-01
1.306000000000000050e+01,2.501738369464874545e-02,6.006613254547119030e-02,0.000000000000000000e+00,1.000000000000000000e+00,2.089978061775083218e-01
1.308000000000000007e+01,2.501785457134246896e-02,6.007108211517334095e-02,0.000000000000000000e+00,1.000000000000000000e+00,2.108000479382393655e-01
1.309999999999999964e+01,2.501752376556396623e-02,6.006499528884887140e-02,0.000000000000000000e+00,1.000000000000000000e+00,2.138125894295705431e-01
1.312000000000000099e+01,2.501743435859680315e-02,6.005880117416381725e-02,0.000000000000000000e+00,1.000000000000000000e+00,2.175087529015292676e-01
1.314000000000000057e+01,2.501732707023620814e-02,6.006392955780029408e-02,0.000000000000000000e+00,1.000000000000000000e+00,2.212473954104706153e-01
1.316000000000000014e+01,2.501756250858307162e-02,6.005907297134398942e-02,0.000000000000000000e+00,1.000000000000000000e+00,2.245728829658820702e-01
1.317999999999999972e+01,2.501719594001770158e-02,6.006485223770141602e-02,0.000000000000000000e+00,1.000000000000000000e+00,2.273381121944503258e-01
1.320000000000000107e+01,2.501623928546905726e-02,6.008070945739745622e-02,0.000000000000000000e+00,1.000000000000000000e+00,2.295528780876717745e-01
1.322000000000000064e+01,2.501661181449890345e-02,6.007048845291137334e-02,0.000000000000000000e+00,1.000000000000000000e+00,2.312224021237501426e-01
1.324000000000000021e+01,2.501662075519561768e-02,6.006601095199584628e-02,0.000000000000000000e+00,1.000000000000000000e+00,2.323892661187380304e-01
1.325999999999999979e+01,2.501678168773651192e-02,6.007251977920532310e-02,0.000000000000000000e+00,1.000000000000000000e+00,2.332831890159638433e-01
1.328000000000000114e+01,2.501675188541412423e-02,6.007141828536986805e-02,0.000000000000000000e+00,1.000000000000000000e+00,2.343014063008144743e-01
1.330000000000000071e+01,2.501679658889770577e-02,6.007877111434936634e-02,0.000000000000000000e+00,1.000000000000000000e+00,2.357526757278999296e-01
1.332000000000000028e+01,2.501706182956695695e-02,6.007236242294311523e-02,0.000000000000000000e+00,1.000000000000000000e+00,2.375726675061244075e-01
1.333999999999999986e+01,2.501682639122009347e-02,6.007430791854858482e-02,0.000000000000000000e+00,1.000000000000000000e+00,2.391640614178847102e-01
1.335999999999999943e+01,2.501693367958068848e-02,6.007392168045043446e-02,0.000000000000000000e+00,1.000000000000000000e+00,2.395578556720225349e-01
1.338000000000000078e+01,2.501661479473114152e-02,6.007430791854858482e-02,0.000000000000000000e+00,1.000000000000000000e+00,2.381554494872507588e-01
1.340000000000000036e+01,2.501592934131622453e-02,6.007389307022094338e-02,0.000000000000000000e+00,1.000000000000000000e+00,2.354486841249429918e-01
1.341999999999999993e+01,2.501764595508575509e-02,6.007809162139892550e-02,0.000000000000000000e+00,1.000000000000000000e+00,2.326337965242407380e-01
1.343999999999999950e+01,2.501886785030365060e-02,6.008416414260864258e-02,0.000000000000000000e+00,1.000000000000000000e+00,2.306786245471129371e-01
1.346000000000000085e+01,2.501766085624694894e-02,6.007211208343505443e-02,0.000000000000000000e+00,1.000000000000000000e+00,2.299368790992940004e-01
1.348000000000000043e+01,2.501756548881530970e-02,6.006902217864990012e-02,0.000000000000000000e+00,1.000000000000000000e+00,2.301754900620837929e-01
1.350000000000000000e+01,2.501759231090545932e-02,6.006794929504394309e-02,0.000000000000000000e+00,1.000000000000000000e+00,2.306605464732656152e-01
1.351999999999999957e+01,2.501755356788635393e-02,6.006847858428954884e-02,0.000000000000000000e+00,1.000000000000000000e+00,2.304234960972542656e-01
1.354000000000000092e+01,2.501781284809112549e-02,6.006618261337279968e-02,0.000000000000000000e+00,1.000000000000000000e+00,2.287351719034298181e-01
1.356000000000000050e+01,2.501687705516815463e-02,6.007297039031982144e-02,0.000000000000000000e+00,1.000000000000000000e+00,2.254011074449570329e-01
1.358000000000000007e+01,2.501628994941711495e-02,6.007751226425170343e-02,0.000000000000000000e+00,1.000000000000000000e+00,2.207122605381294511e-01
1.359999999999999964e+01,2.501660585403442383e-02,6.007271289825439481e-02,0.000000000000000000e+00,1.000000000000000000e+00,2.153066139134963419e-01
1.362000000000000099e+01,2.501658499240875383e-02,6.007210493087768166e-02,0.000000000000000000e+00,1.000000000000000000e+00,2.100517080405252812e-01
1.364000000000000057e+01,2.501621544361114571e-02,6.006850004196166715e-02,0.000000000000000000e+00,1.000000000000000000e+00,2.058252180616428617e-01
1.366000000000000014e+01,2.501653730869293421e-02,6.007124662399291465e-02,0.000000000000000000e+00,1.000000000000000000e+00,2.032394672007571679e-01
1.367999999999999972e+01,2.501570582389831682e-02,6.006266355514525840e-02,0.000000000000000000e+00,1.000000000000000000e+00,2.025201634711316367e-01
1.370000000000000107e+01,2.501553595066070834e-02,6.005996704101562028e-02,0.000000000000000000e+00,1.000000000000000000e+00,2.035403963647430259e-01
1.372000000000000064e+01,2.501543462276458948e-02,6.005613327026367021e-02,0.000000000000000000e+00,1.000000000000000000e+00,2.058602342625403536e-01
1.374000000000000021e+01,2.501546144485473910e-02,6.005184173583984208e-02,0.000000000000000000e+00,1.000000000000000000e+00,2.088115775141278774e-01
1.375999999999999979e+01,2.501528263092041293e-02,6.005771398544311468e-02,0.000000000000000000e+00,1.000000000000000000e+00,2.117619503726067554e-01
1.378000000000000114e+01,2.501476109027862826e-02,6.007060289382934459e-02,0.000000000000000000e+00,1.000000000000000000e+00,2.143765225590900936e-01
1.380000000000000071e+01,2.501455545425415247e-02,6.007749795913695789e-02,0.000000000000000000e+00,1.000000000000000000e+00,2.165849326361463101e-01
1.382000000000000028e+01,2.501453459262847900e-02,6.006715536117553794e-02,0.000000000000000000e+00,1.000000000000000000e+00,2.183772362478996754e-01
1.383999999999999986e+01,2.501417398452758858e-02,6.005849361419677429e-02,0.000000000000000000e+00,1.000000000000000000e+00,2.197535713551755088e-01
1.385999999999999943e+01,2.501432299613952706e-02,6.006065368652343389e-02,0.000000000000000000e+00,1.000000000000000000e+00,2.208915136206685559e-01
1.388000000000000078e+01,2.501447200775146554e-02,6.006264925003051286e-02,0.000000000000000000e+00,1.000000000000000000e+00,2.222580125411091068e-01
1.390000000000000036e+01,2.501387596130371163e-02,6.005267143249511802e-02,0.000000000000000000e+00,1.000000000000000000e+00,2.244250386651112650e-01
1.391999999999999993e+01,2.501391470432281702e-02,6.005393743515014676e-02,0.000000000000000000e+00,1.000000000000000000e+00,2.277643253053490413e-01
1.393999999999999950e+01,2.501377165317535470e-02,6.006684064865112221e-02,0.000000000000000000e+00,1.000000000000000000e+00,2.322203399906691834e-01
1.396000000000000085e+01,2.501453161239624093e-02,6.005486011505126870e-02,0.000000000000000000e+00,1.000000000000000000e+00,2.371043941528224730e-01
1.398000000000000043e+01,2.501499950885772983e-02,6.005134820938110018e-02,0.000000000000000000e+00,1.000000000000000000e+00,2.411388720338117075e-01
1.400000000000000000e+01,2.501133382320404330e-02,6.006637573242187139e-02,0.000000000000000000e+00,1.000000000000000000e+00,2.432471667515687663e-01
1.401999999999999957e+01,2.501074373722076555e-02,6.006754875183105413e-02,0.000000000000000000e+00,1.000000000000000000e+00,2.434830767748575597e-01
1.404000000000000092e+01,2.501086294651031633e-02,6.006752014160156306e-02,0.000000000000000000e+00,1.000000000000000000e+00,2.428103892400740593e-01
1.406000000000000050e+01,2.501138448715210100e-02,6.006839275360106867e-02,0.000000000000000000e+00,1.000000000000000000e+00,2.421818472965106273e-01
1.408000000000000007e+01,2.501147091388702601e-02,6.006880044937133734e-02,0.000000000000000000e+00,1.000000000000000000e+00,2.420339102195885883e-01
1.409999999999999964e+01,2.501122951507568637e-02,6.006548166275024053e-02,0.000000000000000000e+00,1.000000000000000000e+00,2.422493101681472139e-01
1.412000000000000099e+01,2.501123547554016252e-02,6.006481647491454523e-02,0.000000000000000000e+00,1.000000000000000000e+00,2.422953721833575325e-01
1.414000000000000057e+01,2.501113116741180559e-02,6.006627559661865262e-02,0.000000000000000000e+00,1.000000000000000000e+00,2.414569822754379924e-01
1.416000000000000014e+01,2.501125037670135637e-02,6.006521701812744113e-02,0.000000000000000000e+00,1.000000000000000000e+00,2.390933163407570894e-01
1.417999999999999972e+01,2.501139342784881869e-02,6.006400823593139454e-02,0.000000000000000000e+00,1.000000000000000000e+00,2.348363382587370374e-01
1.420000000000000107e+01,2.501114308834076136e-02,6.006750583648681752e-02,0.000000000000000000e+00,1.000000000000000000e+00,2.287834668160847462e-01
1.422000000000000064e+01,2.501108050346374789e-02,6.006495952606200756e-02,0.000000000000000000e+00,1.000000000000000000e+00,2.216618267552239729e-01
1.424000000000000021e+01,2.501096427440643519e-02,6.006384372711181391e-02,0.000000000000000000e+00,1.000000000000000000e+00,2.146749016348953043e-01
1.425999999999999979e+01,2.501000463962554932e-02,6.005619764328002513e-02,0.000000000000000000e+00,1.000000000000000000e+00,2.089590668111135641e-01
1.428000000000000114e+01,2.501025199890136858e-02,6.005852222442626537e-02,0.000000000000000000e+00,1.000000000000000000e+00,2.051374444095228622e-01
1.430000000000000071e+01,2.501055002212524553e-02,6.006279230117797518e-02,0.000000000000000000e+00,1.000000000000000000e+00,2.032984142887257484e-01
1.432000000000000028e+01,2.501063942909240861e-02,6.006586074829101118e-02,0.000000000000000000e+00,1.000000000000000000e+00,2.031528794588485787e-01
1.433999999999999986e+01,2.501058280467987130e-02,6.007123231887816911e-02,0.000000000000000000e+00,1.000000000000000000e+00,2.041330652541456792e-01
1.435999999999999943e+01,2.501047849655151437e-02,6.007369995117187167e-02,0.000000000000000000e+00,1.000000000000000000e+00,2.055493112808919054e-01
1.438000000000000078e+01,2.501037418842315743e-02,6.007545948028564231e-02,0.000000000000000000e+00,1.000000000000000000e+00,2.068789183188945169e-01
1.440000000000000036e+01,2.501027286052703857e-02,6.007765531539916576e-02,0.000000000000000000e+00,1.000000000000000000e+00,2.079042395490969808e-01
1.441999999999999993e+01,2.501026988029480050e-02,6.007640361785888256e-02,0.000000000000000000e+00,1.000000000000000000e+00,2.085664753381439585e-01
1.443999999999999950e+01,2.501064836978912631e-02,6.008189678192138450e-02,0.000000000000000000e+00,1.000000000000000000e+00,2.088289804839829900e-01
1.446000000000000085e+01,2.501039206981658936e-02,6.007968664169311551e-02,0.000000000000000000e+00,1.000000000000000000e+00,2.087918350783627974e-01
1.448000000000000043e+01,2.500903904438019076e-02,6.006913661956787137e-02,0.000000000000000000e+00,1.000000000000000000e+00,2.089013912572324771e-01
1.450000000000000000e+01,2.500979900360107699e-02,6.007585287094115850e-02,0.000000000000000000e+00,1.000000000000000000e+00,2.098750472774969789e-01
1.451999999999999957e+01,2.501130104064941406e-02,6.009389162063598355e-02,0.000000000000000000e+00,1.000000000000000000e+00,2.123674043640284836e-01
1.454000000000000092e+01,2.501074969768524170e-02,6.008213281631469282e-02,0.000000000000000000e+00,1.000000000000000000e+00,2.167516330870199737e-01
1.456000000000000050e+01,2.501073777675628940e-02,6.008033037185668557e-02,0.000000000000000000e+00,1.000000000000000000e+00,2.229799333268026595e-01
1.458000000000000007e+01,2.501104176044464250e-02,6.007203340530395397e-02,0.000000000000000000e+00,1.000000000000000000e+00,2.303003106020638513e-01
1.459999999999999964e+01,2.501137554645538330e-02,6.006808519363403265e-02,0.000000000000000000e+00,1.000000000000000000e+00,2.371955754648315817e-01
1.462000000000000099e+01,2.501128315925598214e-02,6.006875038146972101e-02,0.000000000000000000e+00,1.000000000000000000e+00,2.421815516229334220e-01
1.464000000000000057e+01,2.501289844512939731e-02,6.006114721298217579e-02,0.000000000000000000e+00,1.000000000000000000e+00,2.448425707561303899e-01
1.466000000000000014e+01,2.501317858695983887e-02,6.006026744842529047e-02,0.000000000000000000e+00,1.000000000000000000e+00,2.458069376503966563e-01
1.467999999999999972e+01,2.501465082168579171e-02,6.005756378173827958e-02,0.000000000000000000e+00,1.000000000000000000e+00,2.459637479684393113e-01
1.470000000000000107e+01,2.501502037048339983e-02,6.005737066268920787e-02,0.000000000000000000e+00,1.000000000000000000e+00,2.459300181451166412e-01
1.472000000000000064e+01,2.501541972160339564e-02,6.005802154541015070e-02,0.000000000000000000e+00,1.000000000000000000e+00,2.459481077123762405e-01
1.474000000000000021e+01,2.501547336578369141e-02,6.005895853042602511e-02,0.000000000000000000e+00,1.000000000000000000e+00,2.459455767386376224e-01
1.475999999999999979e+01,2.501527369022369524e-02,6.006036043167114341e-02,0.000000000000000000e+00,1.000000000000000000e+00,2.455777238387637784e-01
1.478000000000000114e+01,2.501543164253235141e-02,6.005967378616332980e-02,0.000000000000000000e+00,1.000000000000000000e+00,2.442467286652384439e-01
1.480000000000000071e+01,2.501544058322906564e-02,6.005945920944213978e-02,0.000000000000000000e+00,1.000000000000000000e+00,2.412504392475599002e-01
1.482000000000000028e+01,2.501578032970428606e-02,6.006052494049071711e-02,0.000000000000000000e+00,1.000000000000000000e+00,2.362364178119657765e-01
1.483999999999999986e+01,2.501599490642547607e-02,6.006112575531005748e-02,0.000000000000000000e+00,1.000000000000000000e+00,2.297282296884020636e-01
1.485999999999999943e+01,2.501631379127502650e-02,6.006229162216186052e-02,0.000000000000000000e+00,1.000000000000000000e+00,2.230091378741792529e-01
1.488000000000000078e+01,2.501665055751800537e-02,6.006408691406249500e-02,0.000000000000000000e+00,1.000000000000000000e+00,2.173149253494841282e-01
1.490000000000000036e+01,2.501721978187561313e-02,6.006916522979736245e-02,0.000000000000000000e+00,1.000000000000000000e+00,2.132625547972796798e-01
1.491999999999999993e+01,2.501707673072815080e-02,6.006592512130737305e-02,0.000000000000000000e+00,1.000000000000000000e+00,2.108817406801378191e-01
1.493999999999999950e+01,2.501704692840576311e-02,6.006757736206054521e-02,0.000000000000000000e+00,1.000000000000000000e+00,2.098270537866059604e-01
1.496000000000000085e+01,2.501718699932098389e-02,6.006579637527465626e-02,0.000000000000000000e+00,1.000000000000000000e+00,2.095432016814935128e-01
1.498000000000000043e+01,2.501740455627441545e-02,6.006417274475097517e-02,0.000000000000000000e+00,1.000000000000000000e+00,2.094856291275311588e-01
1.500000000000000000e+01,2.501794397830963204e-02,6.006085395812987837e-02,0.000000000000000000e+00,1.000000000000000000e+00,2.093226090082793422e-01
1.501999999999999957e+01,2.501757442951202393e-02,6.006432294845581027e-02,0.000000000000000000e+00,1.000000000000000000e+00,2.088961019328539337e-01
1.504000000000000092e+01,2.501735091209411621e-02,6.006114006042480302e-02,0.000000000000000000e+00,1.000000000000000000e+00,2.080556691759508636e-01
1.506000000000000050e+01,2.501667141914367884e-02,6.005801439285277793e-02,0.000000000000000000e+00,1.000000000000000000e+00,2.066872336656878639e-01
1.508000000000000007e+01,2.501610517501831263e-02,6.005568265914916493e-02,0.000000000000000000e+00,1.000000000000000000e+00,2.050018811247804884e-01
1.509999999999999964e+01,2.501333653926849504e-02,6.004235029220580944e-02,0.000000000000000000e+00,1.000000000000000000e+00,2.036990671265978270e-01
1.512000000000000099e+01,2.501299977302551270e-02,6.004021883010864091e-02,0.000000000000000000e+00,1.000000000000000000e+00,2.036604395026880843e-01
1.514000000000000057e+01,2.501207590103149414e-02,6.003179311752319253e-02,0.000000000000000000e+00,1.000000000000000000e+00,2.055472610581944304e-01
1.516000000000000014e+01,2.501255869865417689e-02,6.003927469253540067e-02,0.000000000000000000e+00,1.000000000000000000e+00,2.096830937601210088e-01
1.517999999999999972e+01,2.501225173473358224e-02,6.002540588378905972e-02,0.000000000000000000e+00,1.000000000000000000e+00,2.159602607542249475e-01
1.520000000000000107e+01,2.501228749752044955e-02,6.002336025238037137e-02,0.000000000000000000e+00,1.000000000000000000e+00,2.235702630855337936e-01
1.522000000000000064e+01,2.501199841499328683e-02,6.002864599227904913e-02,0.000000000000000000e+00,1.000000000000000000e+00,2.309885615888919996e-01
1.524000000000000021e+01,2.501383125782013009e-02,6.000811815261840321e-02,0.000000000000000000e+00,1.000000000000000000e+00,2.366751906643377590e-01
1.525999999999999979e+01,2.501347959041595737e-02,6.001105785369872936e-02,0.000000000000000000e+00,1.000000000000000000e+00,2.399265829357224711e-01
1.528000000000000114e+01,2.501344382762909005e-02,6.001131534576415599e-02,0.000000000000000000e+00,1.000000000000000000e+00,2.409984726577913128e-01
1.530000000000000071e+01,2.501327991485595773e-02,6.001249551773071150e-02,0.000000000000000000e+00,1.000000000000000000e+00,2.406642657448308797e-01
1.532000000000000028e+01,2.501293420791626115e-02,6.001560688018798412e-02,0.000000000000000000e+00,1.000000000000000000e+00,2.397982696616205445e-01
1.533999999999999986e+01,2.501304447650909424e-02,6.001381158828734963e-02,0.000000000000000000e+00,1.000000000000000000e+00,2.391287147861823614e-01
1.535999999999999943e+01,2.501309514045715540e-02,6.001144409179687278e-02,0.000000000000000000e+00,1.000000000000000000e+00,2.390700672008954641e-01
1.538000000000000078e+01,2.501311004161834925e-02,6.001033544540405190e-02,0.000000000000000000e+00,1.000000000000000000e+00,2.396015228926400009e-01
1.540000000000000036e+01,2.501278221607208460e-02,6.001737356185912753e-02,0.000000000000000000e+00,1.000000000000000000e+00,2.401977823097805331e-01
1.541999999999999993e+01,2.501309514045715540e-02,6.001480579376220620e-02,0.000000000000000000e+00,1.000000000000000000e+00,2.399169265292157849e-01
1.543999999999999950e+01,2.501290440559387346e-02,6.001550674438476535e-02,0.000000000000000000e+00,1.000000000000000000e+00,2.379093285941211722e-01
1.546000000000000085e+01,2.501209676265716761e-02,6.001654386520385853e-02,0.000000000000000000e+00,1.000000000000000000e+00,2.341965552765196135e-01
1.548000000000000043e+01,2.501247823238372803e-02,6.001674413681030301e-02,0.000000000000000000e+00,1.000000000000000000e+00,2.297579256522168656e-01
1.550000000000000000e+01,2.501277625560760498e-02,6.001751661300658985e-02,0.000000000000000000e+00,1.000000000000000000e+00,2.257096457902965370e-01
1.551999999999999957e+01,2.501242160797119418e-02,6.001509189605712391e-02,0.000000000000000000e+00,1.000000000000000000e+00,2.226568034302373322e-01
1.554000000000000092e+01,2.501249313354492188e-02,6.002151489257812056e-02,0.000000000000000000e+00,1.000000000000000000e+00,2.206609440990685289e-01
1.556000000000000050e+01,2.501282393932342807e-02,6.001866817474364735e-02,0.000000000000000000e+00,1.000000000000000000e+00,2.194454394399510400e-01
1.558000000000000007e+01,2.501367926597595354e-02,6.001581430435180137e-02,0.000000000000000000e+00,1.000000000000000000e+00,2.186319606607538546e-01
1.559999999999999964e+01,2.501432895660400668e-02,6.001504182815551453e-02,0.000000000000000000e+00,1.000000000000000000e+00,2.179544448868173112e-01
1.562000000000000099e+01,2.501362860202789584e-02,6.001464128494262557e-02,0.000000000000000000e+00,1.000000000000000000e+00,2.172840786551964998e-01
1.564000000000000057e+01,2.501366436481475969e-02,6.001478433609008789e-02,0.000000000000000000e+00,1.000000000000000000e+00,2.164565586944335318e-01
1.566000000000000014e+01,2.501359879970550815e-02,6.001514911651611300e-02,0.000000000000000000e+00,1.000000000000000000e+00,2.151638577760237314e-01
1.567999999999999972e+01,2.501354217529297083e-02,6.001517772674560408e-02,0.000000000000000000e+00,1.000000000000000000e+00,2.131497859825689789e-01
1.570000000000000107e+01,2.501291632652282923e-02,6.001446247100829939e-02,0.000000000000000000e+00,1.000000000000000000e+00,2.106270129772769839e-01
1.572000000000000064e+01,2.501201927661896030e-02,6.001217365264892301e-02,0.000000000000000000e+00,1.000000000000000000e+00,2.083845224927985129e-01
1.574000000000000021e+01,2.501115202903747559e-02,6.000850439071655357e-02,0.000000000000000000e+00,1.000000000000000000e+00,2.073452413681535211e-01
1.575999999999999979e+01,2.501184642314911027e-02,6.001319646835327065e-02,0.000000000000000000e+00,1.000000000000000000e+00,2.081359900348945247e-01
1.578000000000000114e+01,2.501259446144104073e-02,6.002183675765990906e-02,0.000000000000000000e+00,1.000000000000000000e+00,2.109863010737370315e-01
1.580000000000000071e+01,2.501217722892761300e-02,6.001102924346923828e-02,0.000000000000000000e+00,1.000000000000000000e+00,2.156732096156908918e-01
1.582000000000000028e+01,2.501217722892761300e-02,6.001343965530395175e-02,0.000000000000000000e+00,1.000000000000000000e+00,2.214021967967121640e-01
1.583999999999999986e+01,2.501192986965179721e-02,6.002145051956176564e-02,0.000000000000000000e+00,1.000000000000000000e+00,2.269101358103751964e-01
1.586000000000000121e+01,2.501244843006134033e-02,6.001157999038696234e-02,0.000000000000000000e+00,1.000000000000000000e+00,2.309334133968744263e-01
1.588000000000000078e+01,2.501269578933715959e-02,6.000759601593017023e-02,0.000000000000000000e+00,1.000000000000000000e+00,2.327108332595814177e-01
1.590000000000000036e+01,2.501313090324401925e-02,6.000000715255737055e-02,0.000000000000000000e+00,1.000000000000000000e+00,2.322178977239087450e-01
1.591999999999999993e+01,2.501346766948700159e-02,5.999128460884094183e-02,0.000000000000000000e+00,1.000000000000000000e+00,2.301533300708404617e-01
1.593999999999999950e+01,2.501345574855804582e-02,5.999199271202087375e-02,0.000000000000000000e+00,1.000000000000000000e+00,2.276767892249698666e-01
1.596000000000000085e+01,2.501345276832580775e-02,5.998726487159728588e-02,0.000000000000000000e+00,1.000000000000000000e+00,2.259130974816306869e-01
1.598000000000000043e+01,2.501345276832580775e-02,5.999133110046386830e-02,0.000000000000000000e+00,1.000000000000000000e+00,2.255341522789504616e-01
1.600000000000000000e+01,2.501345574855804582e-02,5.999118804931640597e-02,0.000000000000000000e+00,1.000000000000000000e+00,2.266451593565528555e-01
1.601999999999999957e+01,2.501331865787506312e-02,5.999377369880676270e-02,0.000000000000000000e+00,1.000000000000000000e+00,2.287955796040862522e-01
1.603999999999999915e+01,2.501346170902252197e-02,5.999242544174194364e-02,0.000000000000000000e+00,1.000000000000000000e+00,2.310049161300488096e-01
1.605999999999999872e+01,2.501390278339386125e-02,5.999004006385803139e-02,0.000000000000000000e+00,1.000000000000000000e+00,2.321497116742155253e-01
1.608000000000000185e+01,2.501393258571624895e-02,5.998994708061217845e-02,0.000000000000000000e+00,1.000000000000000000e+00,2.317778873125211359e-01
1.610000000000000142e+01,2.501389682292938510e-02,5.999000430107116755e-02,0.000000000000000000e+00,1.000000000000000000e+00,2.303897205006001370e-01
1.612000000000000099e+01,2.501428723335266321e-02,5.999002933502196877e-02,0.000000000000000000e+00,1.000000000000000000e+00,2.287980497001078084e-01
1.614000000000000057e+01,2.501416504383087436e-02,5.998967170715331643e-02,0.000000000000000000e+00,1.000000000000000000e+00,2.275090176769770378e-01
1.616000000000000014e+01,2.501423060894012590e-02,5.998895645141601174e-02,0.000000000000000000e+00,1.000000000000000000e+00,2.266179129139599679e-01
1.617999999999999972e+01,2.501428425312042514e-02,5.998888850212096696e-02,0.000000000000000000e+00,1.000000000000000000e+00,2.260018710661639285e-01
1.619999999999999929e+01,2.501532435417175293e-02,5.998958230018615334e-02,0.000000000000000000e+00,1.000000000000000000e+00,2.255694799450086441e-01
1.621999999999999886e+01,2.501487135887146135e-02,5.998850941658019631e-02,0.000000000000000000e+00,1.000000000000000000e+00,2.253574494124546967e-01
1.624000000000000199e+01,2.501512467861175676e-02,5.998979330062866044e-02,0.000000000000000000e+00,1.000000000000000000e+00,2.253891713169774713e-01
1.626000000000000156e+01,2.501502633094787598e-02,5.998837351799010675e-02,0.000000000000000000e+00,1.000000000000000000e+00,2.254692837836993757e-01
1.628000000000000114e+01,2.501498460769653598e-02,5.998921394348144531e-02,0.000000000000000000e+00,1.000000000000000000e+00,2.251469972713343592e-01
1.630000000000000071e+01,2.501543462276458948e-02,5.998703241348266046e-02,0.000000000000000000e+00,1.000000000000000000e+00,2.239971977608275766e-01
1.632000000000000028e+01,2.501437664031982630e-02,5.998873114585875910e-02,0.000000000000000000e+00,1.000000000000000000e+00,2.220800325225649463e-01
1.633999999999999986e+01,2.501410543918609897e-02,5.998864531517028587e-02,0.000000000000000000e+00,1.000000000000000000e+00,2.200393249665695272e-01
1.635999999999999943e+01,2.501271367073059151e-02,5.998571276664733942e-02,0.000000000000000000e+00,1.000000000000000000e+00,2.186760653307891489e-01
1.637999999999999901e+01,2.501387596130371163e-02,5.999077677726745439e-02,0.000000000000000000e+00,1.000000000000000000e+00,2.185273985394227125e-01
1.639999999999999858e+01,2.501419484615326205e-02,5.999333739280700295e-02,0.000000000000000000e+00,1.000000000000000000e+00,2.197360896592557844e-01
1.642000000000000171e+01,2.501454949378967285e-02,5.999914884567260354e-02,0.000000000000000000e+00,1.000000000000000000e+00,2.220512364569526831e-01
1.644000000000000128e+01,2.501462101936340401e-02,6.000291824340819868e-02,0.000000000000000000e+00,1.000000000000000000e+00,2.248690925966862764e-01
1.646000000000000085e+01,2.501459121704101632e-02,6.000796794891357505e-02,0.000000000000000000e+00,1.000000000000000000e+00,2.273526672727495812e-01
1.648000000000000043e+01,2.501457631587982247e-02,6.000886917114257868e-02,0.000000000000000000e+00,1.000000000000000000e+00,2.286121304298159018e-01
1.650000000000000000e+01,2.501457631587982247e-02,6.000900506973266130e-02,0.000000000000000000e+00,1.000000000000000000e+00,2.279391072291002129e-01
1.651999999999999957e+01,2.501457929611206055e-02,6.000924110412597656e-02,0.000000000000000000e+00,1.000000000000000000e+00,2.251749039722827916e-01
1.653999999999999915e+01,2.501468658447265903e-02,6.001306772232055387e-02,0.000000000000000000e+00,1.000000000000000000e+00,2.210476219973661338e-01
1.655999999999999872e+01,2.501462697982788363e-02,6.001145839691161832e-02,0.000000000000000000e+00,1.000000000000000000e+00,2.169485888685425967e-01
1.658000000000000185e+01,2.501438260078430245e-02,6.000422000885009821e-02,0.000000000000000000e+00,1.000000000000000000e+00,2.141512926149469198e-01
1.660000000000000142e+01,2.501450479030609131e-02,6.001168012619018111e-02,0.000000000000000000e+00,1.000000000000000000e+00,2.132944619835900057e-01
1.662000000000000099e+01,2.501450479030609131e-02,6.001166582107543557e-02,0.000000000000000000e+00,1.000000000000000000e+00,2.144256230720350542e-01
1.664000000000000057e+01,2.501446604728698939e-02,6.001242399215697687e-02,0.000000000000000000e+00,1.000000000000000000e+00,2.171060589381554329e-01
1.666000000000000014e+01,2.501475512981414864e-02,6.000939846038818443e-02,0.000000000000000000e+00,1.000000000000000000e+00,2.203814921903970714e-01
1.667999999999999972e+01,2.501464784145355363e-02,6.001009225845336387e-02,0.000000000000000000e+00,1.000000000000000000e+00,2.230908228097505108e-01
1.669999999999999929e+01,2.501457333564758440e-02,6.001041412353515236e-02,0.000000000000000000e+00,1.000000000000000000e+00,2.246178086636913263e-01
1.671999999999999886e+01,2.501371502876281738e-02,6.001303911209106279e-02,0.000000000000000000e+00,1.000000000000000000e+00,2.251651682016825862e-01
1.674000000000000199e+01,2.501370608806610316e-02,6.001306056976318110e-02,0.000000000000000000e+00,1.000000000000000000e+00,2.252546576981926951e-01
1.676000000000000156e+01,2.501350939273834506e-02,6.001360416412353238e-02,0.000000000000000000e+00,1.000000000000000000e+00,2.252411151355373786e-01
1.678000000000000114e+01,2.501342296600342005e-02,6.001331806182860773e-02,0.000000000000000000e+00,1.000000000000000000e+00,2.252454508490926433e-01
1.680000000000000071e+01,2.501345574855804582e-02,6.001339673995971513e-02,0.000000000000000000e+00,1.000000000000000000e+00,2.253416587475551291e-01
1.682000000000000028e+01,2.501339912414550851e-02,6.001321077346801619e-02,0.000000000000000000e+00,1.000000000000000000e+00,2.257109353360220450e-01
1.683999999999999986e+01,2.501396834850311279e-02,6.001603603363037109e-02,0.000000000000000000e+00,1.000000000000000000e+00,2.265784505854836206e-01
1.685999999999999943e+01,2.501353621482849121e-02,6.001230955123901256e-02,0.000000000000000000e+00,1.000000000000000000e+00,2.280108862636216205e-01
1.687999999999999901e+01,2.501337826251983851e-02,6.000869035720825251e-02,0.000000000000000000e+00,1.000000000000000000e+00,2.297610452529081915e-01
1.689999999999999858e+01,2.501349747180938929e-02,6.000427007675170760e-02,0.000000000000000000e+00,1.000000000000000000e+00,2.312911595166037282e-01
1.692000000000000171e+01,2.501456141471862862e-02,5.999413132667541504e-02,0.000000000000000000e+00,1.000000000000000000e+00,2.320685457571810273e-01
1.694000000000000128e+01,2.501448094844818323e-02,5.999450325965881292e-02,0.000000000000000000e+00,1.000000000000000000e+00,2.319681496277287425e-01
1.696000000000000085e+01,2.501547336578369141e-02,5.999216079711913729e-02,0.000000000000000000e+00,1.000000000000000000e+00,2.313425954032827803e-01
1.698000000000000043e+01,2.501531243324280063e-02,5.999225378036499023e-02,0.000000000000000000e+00,1.000000000000000000e+00,2.306998712672753693e-01
1.700000000000000000e+01,2.501555681228637834e-02,5.999256491661071611e-02,0.000000000000000000e+00,1.000000000000000000e+00,2.303887773108052595e-01
1.701999999999999957e+01,2.501572668552398682e-02,5.999322652816772156e-02,0.000000000000000000e+00,1.000000000000000000e+00,2.305075049638901918e-01
1.703999999999999915e+01,2.501580417156219760e-02,5.999389886856078963e-02,0.000000000000000000e+00,1.000000000000000000e+00,2.309529918838605922e-01
1.705999999999999872e+01,2.501592040061950684e-02,5.999596595764159629e-02,0.000000000000000000e+00,1.000000000000000000e+00,2.314756466393850243e-01
1.708000000000000185e+01,2.501587867736816684e-02,5.999489307403563926e-02,0.000000000000000000e+00,1.000000000000000000e+00,2.316609596165311868e-01
1.710000000000000142e+01,2.501588463783264299e-02,5.999500393867492759e-02,0.000000000000000000e+00,1.000000000000000000e+00,2.308878790745708121e-01
1.712000000000000099e+01,2.501605749130249301e-02,5.999715328216552457e-02,0.000000000000000000e+00,1.000000000000000000e+00,2.284785009267635558e-01
1.714000000000000057e+01,2.501691281795501848e-02,6.000557899475097295e-02,0.000000000000000000e+00,1.000000000000000000e+00,2.242270776473549165e-01
1.716000000000000014e+01,2.501635551452636996e-02,6.000027894973754966e-02,0.000000000000000000e+00,1.000000000000000000e+00,2.189277556660884083e-01
1.717999999999999972e+01,2.501515448093414445e-02,5.998718619346618541e-02,0.000000000000000000e+00,1.000000000000000000e+00,2.140468154848551297e-01
1.719999999999999929e+01,2.501487433910369942e-02,5.998296618461608498e-02,0.000000000000000000e+00,1.000000000000000000e+00,2.107663773272251684e-01
1.721999999999999886e+01,2.501489520072937289e-02,5.998361706733703475e-02,0.000000000000000000e+00,1.000000000000000000e+00,2.095593046273986071e-01
1.724000000000000199e+01,2.501489222049713135e-02,5.998528361320495245e-02,0.000000000000000000e+00,1.000000000000000000e+00,2.103577349324314560e-01
1.726000000000000156e+01,2.501484453678131173e-02,5.998638868331909041e-02,0.000000000000000000e+00,1.000000000000000000e+00,2.126408009404588684e-01
1.728000000000000114e+01,2.501400113105774203e-02,5.999612689018249401e-02,0.000000000000000000e+00,1.000000000000000000e+00,2.154150318642957251e-01
1.730000000000000071e+01,2.501309812068939348e-02,6.000283956527709822e-02,0.000000000000000000e+00,1.000000000000000000e+00,2.176085649859767490e-01
1.732000000000000028e+01,2.501308917999267578e-02,6.000288963317870761e-02,0.000000000000000000e+00,1.000000000000000000e+00,2.187279430605982011e-01
1.733999999999999986e+01,2.501340806484222620e-02,6.000148057937621654e-02,0.000000000000000000e+00,1.000000000000000000e+00,2.189496340816263764e-01
1.735999999999999943e+01,2.501356005668640275e-02,6.000077962875365739e-02,0.000000000000000000e+00,1.000000000000000000e+00,2.186804353578579441e-01
1.737999999999999901e+01,2.501360774040222237e-02,6.000020027160644226e-02,0.000000000000000000e+00,1.000000000000000000e+00,2.182470208800305900e-01
1.740000000000000213e+01,2.501355409622192660e-02,5.999977827072143499e-02,0.000000000000000000e+00,1.000000000000000000e+00,2.179072021551998473e-01
1.742000000000000171e+01,2.501276731491089075e-02,5.999593734741210521e-02,0.000000000000000000e+00,1.000000000000000000e+00,2.179629532150907378e-01
1.744000000000000128e+01,2.501245141029358188e-02,5.999423146247863381e-02,0.000000000000000000e+00,1.000000000000000000e+00,2.187489201602891842e-01
1.746000000000000085e+01,2.501217126846313685e-02,5.999214649200439176e-02,0.000000000000000000e+00,1.000000000000000000e+00,2.204888039123521215e-01
1.748000000000000043e+01,2.501207590103149414e-02,5.999097704887389887e-02,0.000000000000000000e+00,1.000000000000000000e+00,2.231489717748092738e-01
1.750000000000000000e+01,2.501203119754791260e-02,5.998939990997314425e-02,0.000000000000000000e+00,1.000000000000000000e+00,2.263696900080300611e-01
1.751999999999999957e+01,2.501195073127746721e-02,5.999353408813476451e-02,0.000000000000000000e+00,1.000000000000000000e+00,2.295555487604859224e-01
1.753999999999999915e+01,2.501214146614074915e-02,5.999069094657897422e-02,0.000000000000000000e+00,1.000000000000000000e+00,2.321719924595126161e-01
1.755999999999999872e+01,2.501235902309417725e-02,5.998876690864562988e-02,0.000000000000000000e+00,1.000000000000000000e+00,2.340223793127432506e-01
1.758000000000000185e+01,2.501201927661896030e-02,5.999096274375915333e-02,0.000000000000000000e+00,1.000000000000000000e+00,2.352167191310518268e-01
1.760000000000000142e+01,2.501212358474731723e-02,5.999040126800536665e-02,0.000000000000000000e+00,1.000000000000000000e+00,2.359392759970736497e-01
1.762000000000000099e+01,2.501203119754791260e-02,5.999087691307067316e-02,0.000000000000000000e+00,1.000000000000000000e+00,2.363157072850319007e-01
1.764000000000000057e+01,2.501187324523925989e-02,5.999186038970946711e-02,0.000000000000000000e+00,1.000000000000000000e+00,2.364556925740786686e-01
1.766000000000000014e+01,2.501181960105896065e-02,5.999234318733215332e-02,0.000000000000000000e+00,1.000000000000000000e+00,2.365114830673472057e-01
1.767999999999999972e+01,2.501178979873657296e-02,5.999257922172546165e-02,0.000000000000000000e+00,1.000000000000000000e+00,2.365887511269671450e-01
1.769999999999999929e+01,2.501182854175567835e-02,5.999245405197143471e-02,0.000000000000000000e+00,1.000000000000000000e+00,2.365417538910347117e-01
1.771999999999999886e+01,2.501155436038970947e-02,5.999255418777465348e-02,0.000000000000000000e+00,1.000000000000000000e+00,2.358343575982310425e-01
1.774000000000000199e+01,2.501142621040344446e-02,5.999239683151244562e-02,0.000000000000000000e+00,1.000000000000000000e+00,2.337146776911197821e-01
1.776000000000000156e+01,2.501180171966552873e-02,5.999332308769225741e-02,0.000000000000000000e+00,1.000000000000000000e+00,2.298775887714473720e-01
1.778000000000000114e+01,2.501189112663269182e-02,5.999366283416748130e-02,0.000000000000000000e+00,1.000000000000000000e+00,2.250690661405030935e-01
1.780000000000000071e+01,2.501296401023864885e-02,5.999976396560668945e-02,0.000000000000000000e+00,1.000000000000000000e+00,2.206584761000600914e-01
1.782000000000000028e+01,2.501365244388580392e-02,6.000590801239013422e-02,0.000000000000000000e+00,1.000000000000000000e+00,2.176764537051943116e-01
1.783999999999999986e+01,2.501450777053833285e-02,6.002042770385741799e-02,0.000000000000000000e+00,1.000000000000000000e+00,2.164850807827592982e-01
1.785999999999999943e+01,2.501457035541534632e-02,6.002598524093627486e-02,0.000000000000000000e+00,1.000000000000000000e+00,2.169092153400697109e-01
1.787999999999999901e+01,2.501494288444519251e-02,6.001506328582763283e-02,0.000000000000000000e+00,1.000000000000000000e+00,2.182791681523071903e-01
1.790000000000000213e+01,2.501459419727325439e-02,6.001950502395629605e-02,0.000000000000000000e+00,1.000000000000000000e+00,2.195516441111765027e-01
1.792000000000000171e+01,2.501515150070190638e-02,6.001492023468017051e-02,0.000000000000000000e+00,1.000000000000000000e+00,2.198257368327632688e-01
1.794000000000000128e+01,2.501510381698608676e-02,6.001521348953246793e-02,0.000000000000000000e+00,1.000000000000000000e+00,2.188233900834716250e-01
1.796000000000000085e+01,2.501464188098907748e-02,6.001788854598998774e-02,0.000000000000000000e+00,1.000000000000000000e+00,2.168113197335765907e-01
1.798000000000000043e+01,2.501510679721832484e-02,6.001434087753295538e-02,0.000000000000000000e+00,1.000000000000000000e+00,2.142630005726479658e-01
1.800000000000000000e+01,2.501512765884399483e-02,6.001297473907470786e-02,0.000000000000000000e+00,1.000000000000000000e+00,2.116950471440701975e-01
1.801999999999999957e+01,2.501556873321533411e-02,6.001737356185912753e-02,0.000000000000000000e+00,1.000000000000000000e+00,2.096515440051814616e-01
1.803999999999999915e+01,2.501507103443145752e-02,6.001391887664794811e-02,0.000000000000000000e+00,1.000000000000000000e+00,2.086396544523185237e-01
1.805999999999999872e+01,2.501561939716339181e-02,6.001811742782592329e-02,0.000000000000000000e+00,1.000000000000000000e+00,2.089978061775089879e-01
1.808000000000000185e+01,2.501568198204040527e-02,6.001878261566161860e-02,0.000000000000000000e+00,1.000000000000000000e+00,2.108000479382405590e-01
1.810000000000000142e+01,2.501546442508697718e-02,6.001479148864746066e-02,0.000000000000000000e+00,1.000000000000000000e+00,2.138125894295716256e-01
1.812000000000000099e+01,2.501549124717712680e-02,6.001653671264647882e-02,0.000000000000000000e+00,1.000000000000000000e+00,2.175087529015297949e-01
1.814000000000000057e+01,2.501562833786010950e-02,6.000982046127319169e-02,0.000000000000000000e+00,1.000000000000000000e+00,2.212473954104713092e-01
1.816000000000000014e+01,2.501583099365234375e-02,6.000562191009520957e-02,0.000000000000000000e+00,1.000000000000000000e+00,2.245728829658827641e-01
1.817999999999999972e+01,2.501531243324280063e-02,6.001383304595946794e-02,0.000000000000000000e+00,1.000000000000000000e+00,2.273381121944505479e-01
1.819999999999999929e+01,2.501517832279205600e-02,6.001608610153198048e-02,0.000000000000000000e+00,1.000000000000000000e+00,2.295528780876718855e-01
1.821999999999999886e+01,2.501522004604339600e-02,6.001494169235229575e-02,0.000000000000000000e+00,1.000000000000000000e+00,2.312224021237504479e-01
1.824000000000000199e+01,2.501521706581115792e-02,6.001725196838378351e-02,0.000000000000000000e+00,1.000000000000000000e+00,2.323892661187386965e-01
1.826000000000000156e+01,2.501523792743683139e-02,6.001808881759643222e-02,0.000000000000000000e+00,1.000000000000000000e+00,2.332831890159646204e-01
1.828000000000000114e+01,2.501513659954071253e-02,6.001454114913939986e-02,0.000000000000000000e+00,1.000000000000000000e+00,2.343014063008146131e-01
1.830000000000000071e+01,2.501512765884399483e-02,6.001307487487792663e-02,0.000000000000000000e+00,1.000000000000000000e+00,2.357526757279003737e-01
1.832000000000000028e+01,2.501496076583862443e-02,6.001713752746581920e-02,0.000000000000000000e+00,1.000000000000000000e+00,2.375726675061248794e-01
1.833999999999999986e+01,2.501502633094787598e-02,6.001658678054809515e-02,0.000000000000000000e+00,1.000000000000000000e+00,2.391640614178850710e-01
1.835999999999999943e+01,2.501452267169952670e-02,6.001842498779296625e-02,0.000000000000000000e+00,1.000000000000000000e+00,2.395578556720228680e-01
1.837999999999999901e+01,2.501324713230133195e-02,6.001996994018554688e-02,0.000000000000000000e+00,1.000000000000000000e+00,2.381554494872512584e-01
1.840000000000000213e+01,2.501190900802612374e-02,6.001915454864501648e-02,0.000000000000000000e+00,1.000000000000000000e+00,2.354486841249442131e-01
1.842000000000000171e+01,2.501213848590851108e-02,6.001971960067748607e-02,0.000000000000000000e+00,1.000000000000000000e+00,2.326337965242407380e-01
1.844000000000000128e+01,2.501205801963806222e-02,6.001931905746459711e-02,0.000000000000000000e+00,1.000000000000000000e+00,2.306786245471126040e-01
1.846000000000000085e+01,2.501203715801239222e-02,6.001910448074340709e-02,0.000000000000000000e+00,1.000000000000000000e+00,2.299368790992931955e-01
1.848000000000000043e+01,2.501180469989776681e-02,6.001167297363280834e-02,0.000000000000000000e+00,1.000000000000000000e+00,2.301754900620840982e-01
1.850000000000000000e+01,2.501183152198791643e-02,6.001053571701049638e-02,0.000000000000000000e+00,1.000000000000000000e+00,2.306605464732663091e-01
1.851999999999999957e+01,2.501226067543029993e-02,6.000457048416137779e-02,0.000000000000000000e+00,1.000000000000000000e+00,2.304234960972534052e-01
1.853999999999999915e+01,2.501275837421417306e-02,6.000014305114746010e-02,0.000000000000000000e+00,1.000000000000000000e+00,2.287351719034297626e-01
1.855999999999999872e+01,2.501282691955566614e-02,5.999964594841003529e-02,0.000000000000000000e+00,1.000000000000000000e+00,2.254011074449583374e-01
1.858000000000000185e+01,2.501336932182312081e-02,5.999544739723205317e-02,0.000000000000000000e+00,1.000000000000000000e+00,2.207122605381290625e-01
1.860000000000000142e+01,2.501325309276580811e-02,5.999720692634582381e-02,0.000000000000000000e+00,1.000000000000000000e+00,2.153066139134949819e-01
1.862000000000000099e+01,2.501345574855804582e-02,6.000341176986694058e-02,0.000000000000000000e+00,1.000000000000000000e+00,2.100517080405250037e-01
1.864000000000000057e+01,2.501358091831207275e-02,6.000464916229247825e-02,0.000000000000000000e+00,1.000000000000000000e+00,2.058252180616432780e-01
1.866000000000000014e+01,2.501314580440521310e-02,6.000091552734374695e-02,0.000000000000000000e+00,1.000000000000000000e+00,2.032394672007575009e-01
1.867999999999999972e+01,2.501302361488342424e-02,5.999964594841003529e-02,0.000000000000000000e+00,1.000000000000000000e+00,2.025201634711321086e-01
1.869999999999999929e+01,2.501254081726074496e-02,5.999199271202087375e-02,0.000000000000000000e+00,1.000000000000000000e+00,2.035403963647421099e-01
1.871999999999999886e+01,2.501248717308044572e-02,5.998996853828429676e-02,0.000000000000000000e+00,1.000000000000000000e+00,2.058602342625395487e-01
1.874000000000000199e+01,2.501247227191925188e-02,5.999271512031555120e-02,0.000000000000000000e+00,1.000000000000000000e+00,2.088115775141287656e-01
1.876000000000000156e+01,2.501237690448761264e-02,5.999584078788756936e-02,0.000000000000000000e+00,1.000000000000000000e+00,2.117619503726072550e-01
1.878000000000000114e+01,2.501257658004760881e-02,5.999091982841491671e-02,0.000000000000000000e+00,1.000000000000000000e+00,2.143765225590898438e-01
1.880000000000000071e+01,2.501253485679626534e-02,5.999233603477478055e-02,0.000000000000000000e+00,1.000000000000000000e+00,2.165849326361459770e-01
1.882000000000000028e+01,2.501254379749298304e-02,5.999744653701782199e-02,0.000000000000000000e+00,1.000000000000000000e+00,2.183772362478998141e-01
1.883999999999999986e+01,2.501287460327148576e-02,6.000542163848876509e-02,0.000000000000000000e+00,1.000000000000000000e+00,2.197535713551757031e-01
1.885999999999999943e+01,2.501262128353119035e-02,6.000175237655639565e-02,0.000000000000000000e+00,1.000000000000000000e+00,2.208915136206680008e-01
1.887999999999999901e+01,2.501223981380462646e-02,5.999662041664123591e-02,0.000000000000000000e+00,1.000000000000000000e+00,2.222580125411085517e-01
1.890000000000000213e+01,2.501225173473358224e-02,5.999679565429687222e-02,0.000000000000000000e+00,1.000000000000000000e+00,2.244250386651126528e-01
1.892000000000000171e+01,2.501163780689239641e-02,5.997622132301330677e-02,0.000000000000000000e+00,1.000000000000000000e+00,2.277643253053499017e-01
1.894000000000000128e+01,2.501167654991150180e-02,5.997252345085143932e-02,0.000000000000000000e+00,1.000000000000000000e+00,2.322203399906696275e-01
1.896000000000000085e+01,2.501177489757537911e-02,5.997094631195068470e-02,0.000000000000000000e+00,1.000000000000000000e+00,2.371043941528216681e-01
1.898000000000000043e+01,2.501207590103149414e-02,5.996866464614868109e-02,0.000000000000000000e+00,1.000000000000000000e+00,2.411388720338113190e-01
1.900000000000000000e+01,2.501358389854431430e-02,5.996245265007019154e-02,0.000000000000000000e+00,1.000000000000000000e+00,2.432471667515686276e-01
1.901999999999999957e+01,2.501375973224639893e-02,5.996210217475891197e-02,0.000000000000000000e+00,1.000000000000000000e+00,2.434830767748575597e-01
1.903999999999999915e+01,2.501449882984161516e-02,5.996191263198852317e-02,0.000000000000000000e+00,1.000000000000000000e+00,2.428103892400740038e-01
1.905999999999999872e+01,2.501377463340759277e-02,5.996070384979247658e-02,0.000000000000000000e+00,1.000000000000000000e+00,2.421818472965105162e-01
1.908000000000000185e+01,2.501429021358490129e-02,5.996315002441406083e-02,0.000000000000000000e+00,1.000000000000000000e+00,2.420339102195886161e-01
1.910000000000000142e+01,2.501436173915863245e-02,5.996410846710204662e-02,0.000000000000000000e+00,1.000000000000000000e+00,2.422493101681471583e-01
1.912000000000000099e+01,2.501435279846191476e-02,5.996502757072448564e-02,0.000000000000000000e+00,1.000000000000000000e+00,2.422953721833570051e-01
1.914000000000000057e+01,2.501448392868042131e-02,5.996316432952880637e-02,0.000000000000000000e+00,1.000000000000000000e+00,2.414569822754376316e-01
1.916000000000000014e+01,2.501364052295684814e-02,5.997073531150817760e-02,0.000000000000000000e+00,1.000000000000000000e+00,2.390933163407575057e-01
1.917999999999999972e+01,2.501353621482849121e-02,5.997160792350769015e-02,0.000000000000000000e+00,1.000000000000000000e+00,2.348363382587375647e-01
1.919999999999999929e+01,2.501364052295684814e-02,5.997013449668883722e-02,0.000000000000000000e+00,1.000000000000000000e+00,2.287834668160852458e-01
1.921999999999999886e+01,2.501365840435028354e-02,5.997081756591796792e-02,0.000000000000000000e+00,1.000000000000000000e+00,2.216618267552251109e-01
1.924000000000000199e+01,2.501399219036102434e-02,5.997404694557189470e-02,0.000000000000000000e+00,1.000000000000000000e+00,2.146749016348948047e-01
1.926000000000000156e+01,2.501387596130371163e-02,5.997312426567077276e-02,0.000000000000000000e+00,1.000000000000000000e+00,2.089590668111130645e-01
1.928000000000000114e+01,2.501375079154968470e-02,5.997195482254027987e-02,0.000000000000000000e+00,1.000000000000000000e+00,2.051374444095219463e-01
1.930000000000000071e+01,2.501381933689117432e-02,5.997292757034301813e-02,0.000000000000000000e+00,1.000000000000000000e+00,2.032984142887248602e-01
1.932000000000000028e+01,2.501395940780639857e-02,5.997773766517638938e-02,0.000000000000000000e+00,1.000000000000000000e+00,2.031528794588482456e-01
1.933999999999999986e+01,2.501392662525177280e-02,5.998090982437133400e-02,0.000000000000000000e+00,1.000000000000000000e+00,2.041330652541453738e-01
1.935999999999999943e+01,2.501387000083923548e-02,5.998225092887878029e-02,0.000000000000000000e+00,1.000000000000000000e+00,2.055493112808912670e-01
1.937999999999999901e+01,2.501367628574371546e-02,5.998554468154906893e-02,0.000000000000000000e+00,1.000000000000000000e+00,2.068789183188931013e-01
1.940000000000000213e+01,2.501337826251983851e-02,5.999197840690612821e-02,0.000000000000000000e+00,1.000000000000000000e+00,2.079042395490960649e-01
1.942000000000000171e+01,2.501338422298431466e-02,5.999443173408507829e-02,0.000000000000000000e+00,1.000000000000000000e+00,2.085664753381437087e-01
1.944000000000000128e+01,2.501339614391327043e-02,5.999458909034728615e-02,0.000000000000000000e+00,1.000000000000000000e+00,2.088289804839828234e-01
1.946000000000000085e+01,2.501361370086670199e-02,5.999647736549377358e-02,0.000000000000000000e+00,1.000000000000000000e+00,2.087918350783619925e-01
1.948000000000000043e+01,2.501363158226013392e-02,5.999661326408386314e-02,0.000000000000000000e+00,1.000000000000000000e+00,2.089013912572313392e-01
1.950000000000000000e+01,2.501353621482849121e-02,5.999577283859252458e-02,0.000000000000000000e+00,1.000000000000000000e+00,2.098750472774962850e-01
1.951999999999999957e+01,2.501296401023864885e-02,5.998892068862914789e-02,0.000000000000000000e+00,1.000000000000000000e+00,2.123674043640276510e-01
1.953999999999999915e+01,2.501210868358612338e-02,5.997074246406555037e-02,0.000000000000000000e+00,1.000000000000000000e+00,2.167516330870172814e-01
1.955999999999999872e+01,2.501206398010254184e-02,5.996454477310180636e-02,0.000000000000000000e+00,1.000000000000000000e+00,2.229799333268015771e-01
1.958000000000000185e+01,2.501162886619567871e-02,5.997663617134094127e-02,0.000000000000000000e+00,1.000000000000000000e+00,2.303003106020654334e-01
1.960000000000000142e+01,2.500991523265838623e-02,5.999712467193603349e-02,0.000000000000000000e+00,1.000000000000000000e+00,2.371955754648328030e-01
1.962000000000000099e+01,2.500979006290435930e-02,5.999802947044372003e-02,0.000000000000000000e+00,1.000000000000000000e+00,2.421815516229333942e-01
1.964000000000000057e+01,2.500980496406555315e-02,5.999796152114868220e-02,0.000000000000000000e+00,1.000000000000000000e+00,2.448425707561303621e-01
1.966000000000000014e+01,2.500869035720825265e-02,6.000144481658935269e-02,0.000000000000000000e+00,1.000000000000000000e+00,2.458069376503967118e-01
1.967999999999999972e+01,2.500886619091034074e-02,6.000112295150756420e-02,0.000000000000000000e+00,1.000000000000000000e+00,2.459637479684393946e-01
1.969999999999999929e+01,2.500846683979034493e-02,6.000133037567138145e-02,0.000000000000000000e+00,1.000000000000000000e+00,2.459300181451167244e-01
1.971999999999999886e+01,2.500856220722198764e-02,6.000148773193358931e-02,0.000000000000000000e+00,1.000000000000000000e+00,2.459481077123762960e-01
1.974000000000000199e+01,2.500855028629303187e-02,6.000128030776977206e-02,0.000000000000000000e+00,1.000000000000000000e+00,2.459455767386376224e-01
1.976000000000000156e+01,2.500851750373840610e-02,6.000151634216308039e-02,0.000000000000000000e+00,1.000000000000000000e+00,2.455777238387638894e-01
1.978000000000000114e+01,2.500868141651153842e-02,6.000080108642577570e-02,0.000000000000000000e+00,1.000000000000000000e+00,2.442467286652388603e-01
1.980000000000000071e+01,2.500868737697601457e-02,6.000066518783569308e-02,0.000000000000000000e+00,1.000000000000000000e+00,2.412504392475600945e-01
1.982000000000000028e+01,2.500866651535034457e-02,6.000060081481933122e-02,0.000000000000000000e+00,1.000000000000000000e+00,2.362364178119658875e-01
1.983999999999999986e+01,2.500827908515930453e-02,5.999950647354125588e-02,0.000000000000000000e+00,1.000000000000000000e+00,2.297282296884031461e-01
1.985999999999999943e+01,2.500895857810974190e-02,6.000198841094970398e-02,0.000000000000000000e+00,1.000000000000000000e+00,2.230091378741803909e-01
1.987999999999999901e+01,2.500874698162078996e-02,6.000086545944213756e-02,0.000000000000000000e+00,1.000000000000000000e+00,2.173149253494847943e-01
1.990000000000000213e+01,2.500914633274078577e-02,6.000444173812866100e-02,0.000000000000000000e+00,1.000000000000000000e+00,2.132625547972792357e-01
1.992000000000000171e+01,2.500905692577362269e-02,6.000243186950683649e-02,0.000000000000000000e+00,1.000000000000000000e+00,2.108817406801379579e-01
1.994000000000000128e+01,2.500906884670257846e-02,6.000173807144165011e-02,0.000000000000000000e+00,1.000000000000000000e+00,2.098270537866059604e-01
1.996000000000000085e+01,2.500880360603332728e-02,6.000509977340698353e-02,0.000000000000000000e+00,1.000000000000000000e+00,2.095432016814933740e-01
1.998000000000000043e+01,2.500870525836944649e-02,6.000584363937377930e-02,0.000000000000000000e+00,1.000000000000000000e+00,2.094856291275310201e-01
2.000000000000000000e+01,2.500864565372467110e-02,6.000621557235717718e-02,0.000000000000000000e+00,1.000000000000000000e+00,2.093226090082793978e-01
2.001999999999999957e+01,2.500860691070556918e-02,6.000659465789794783e-02,0.000000000000000000e+00,1.000000000000000000e+00,2.088961019328540170e-01
2.003999999999999915e+01,2.500848174095153878e-02,6.000479936599731334e-02,0.000000000000000000e+00,1.000000000000000000e+00,2.080556691759511134e-01
2.005999999999999872e+01,2.500832974910736223e-02,6.000409841537475419e-02,0.000000000000000000e+00,1.000000000000000000e+00,2.066872336656877251e-01
2.008000000000000185e+01,2.500770390033722063e-02,6.000150918960570762e-02,0.000000000000000000e+00,1.000000000000000000e+00,2.050018811247803219e-01
2.010000000000000142e+01,2.500783205032348910e-02,6.000213146209716630e-02,0.000000000000000000e+00,1.000000000000000000e+00,2.036990671265979103e-01
2.012000000000000099e+01,2.500733137130737443e-02,5.999897718429565013e-02,0.000000000000000000e+00,1.000000000000000000e+00,2.036604395026886116e-01
2.014000000000000057e+01,2.500727176666259904e-02,5.999844074249267162e-02,0.000000000000000000e+00,1.000000000000000000e+00,2.055472610581931814e-01
2.016000000000000014e+01,2.500722110271454135e-02,5.999763965606689370e-02,0.000000000000000000e+00,1.000000000000000000e+00,2.096830937601196210e-01
2.017999999999999972e+01,2.500721216201782365e-02,5.999725699424743319e-02,0.000000000000000000e+00,1.000000000000000000e+00,2.159602607542244201e-01
2.019999999999999929e+01,2.500721514225006173e-02,5.999702453613280778e-02,0.000000000000000000e+00,1.000000000000000000e+00,2.235702630855326001e-01
2.021999999999999886e+01,2.500749230384826868e-02,5.999188899993896512e-02,0.000000000000000000e+00,1.000000000000000000e+00,2.309885615888885302e-01
2.024000000000000199e+01,2.500814199447631836e-02,5.998457908630371038e-02,0.000000000000000000e+00,1.000000000000000000e+00,2.366751906643374537e-01
2.026000000000000156e+01,2.500858306884765764e-02,5.998087763786316001e-02,0.000000000000000000e+00,1.000000000000000000e+00,2.399265829357226654e-01
2.028000000000000114e+01,2.500785589218139718e-02,5.998611688613891130e-02,0.000000000000000000e+00,1.000000000000000000e+00,2.409984726577918679e-01
2.030000000000000071e+01,2.500765025615692139e-02,5.998759031295776423e-02,0.000000000000000000e+00,1.000000000000000000e+00,2.406642657448305189e-01
2.032000000000000028e+01,2.500745356082916329e-02,5.998935341835021778e-02,0.000000000000000000e+00,1.000000000000000000e+00,2.397982696616202669e-01
2.033999999999999986e+01,2.500723898410797327e-02,5.999282598495483260e-02,0.000000000000000000e+00,1.000000000000000000e+00,2.391287147861821671e-01
2.035999999999999943e+01,2.500729560852051059e-02,5.999007225036620539e-02,0.000000000000000000e+00,1.000000000000000000e+00,2.390700672008952976e-01
2.037999999999999901e+01,2.500728070735931674e-02,5.999123454093932550e-02,0.000000000000000000e+00,1.000000000000000000e+00,2.396015228926397789e-01
2.040000000000000213e+01,2.500738799571991175e-02,5.998890638351440235e-02,0.000000000000000000e+00,1.000000000000000000e+00,2.401977823097803666e-01
2.042000000000000171e+01,2.500746250152588099e-02,5.998829483985900629e-02,0.000000000000000000e+00,1.000000000000000000e+00,2.399169265292157016e-01
2.044000000000000128e+01,2.500727772712707520e-02,5.998897433280944713e-02,0.000000000000000000e+00,1.000000000000000000e+00,2.379093285941207558e-01
2.046000000000000085e+01,2.500650882720947474e-02,5.998996496200561385e-02,0.000000000000000000e+00,1.000000000000000000e+00,2.341965552765201963e-01
2.048000000000000043e+01,2.500688135623932093e-02,5.999016165733336847e-02,0.000000000000000000e+00,1.000000000000000000e+00,2.297579256522171431e-01
2.050000000000000000e+01,2.500691413879394670e-02,5.999024391174315879e-02,0.000000000000000000e+00,1.000000000000000000e+00,2.257096457902962872e-01
2.051999999999999957e+01,2.500663101673126359e-02,5.998830556869506891e-02,0.000000000000000000e+00,1.000000000000000000e+00,2.226568034302376653e-01
2.053999999999999915e+01,2.500666081905365129e-02,5.999114155769347950e-02,0.000000000000000000e+00,1.000000000000000000e+00,2.206609440990690840e-01
2.055999999999999872e+01,2.500673234462738245e-02,5.999053001403808344e-02,0.000000000000000000e+00,1.000000000000000000e+00,2.194454394399510955e-01
2.058000000000000185e+01,2.500661313533783167e-02,5.999093055725097240e-02,0.000000000000000000e+00,1.000000000000000000e+00,2.186319606607537991e-01
2.060000000000000142e+01,2.500623166561126778e-02,5.999138474464416060e-02,0.000000000000000000e+00,1.000000000000000000e+00,2.179544448868174777e-01
2.062000000000000099e+01,2.500627636909484933e-02,5.999140977859496876e-02,0.000000000000000000e+00,1.000000000000000000e+00,2.172840786551966663e-01
2.064000000000000057e+01,2.500636875629425049e-02,5.999180316925048495e-02,0.000000000000000000e+00,1.000000000000000000e+00,2.164565586944336983e-01
2.066000000000000014e+01,2.500648200511932512e-02,5.999116301536559781e-02,0.000000000000000000e+00,1.000000000000000000e+00,2.151638577760237314e-01
2.067999999999999972e+01,2.500630915164947510e-02,5.999124526977538813e-02,0.000000000000000000e+00,1.000000000000000000e+00,2.131497859825688401e-01
2.069999999999999929e+01,2.500616908073425432e-02,5.999108433723449735e-02,0.000000000000000000e+00,1.000000000000000000e+00,2.106270129772781219e-01
2.071999999999999886e+01,2.500721514225006173e-02,5.999375224113464439e-02,0.000000000000000000e+00,1.000000000000000000e+00,2.083845224927993733e-01
2.074000000000000199e+01,2.500578761100769043e-02,5.998771905899047407e-02,0.000000000000000000e+00,1.000000000000000000e+00,2.073452413681527440e-01
2.076000000000000156e+01,2.500490844249725342e-02,5.998180747032165472e-02,0.000000000000000000e+00,1.000000000000000000e+00,2.081359900348949410e-01
2.078000000000000114e+01,2.500539124011993616e-02,5.998734354972839328e-02,0.000000000000000000e+00,1.000000000000000000e+00,2.109863010737371147e-01
2.080000000000000071e+01,2.500555813312530656e-02,5.999159932136535756e-02,0.000000000000000000e+00,1.000000000000000000e+00,2.156732096156922518e-01
2.082000000000000028e+01,2.500555515289306849e-02,5.998580932617187528e-02,0.000000000000000000e+00,1.000000000000000000e+00,2.214021967967118587e-01
2.083999999999999986e+01,2.500543892383575578e-02,5.998957872390747043e-02,0.000000000000000000e+00,1.000000000000000000e+00,2.269101358103745303e-01
2.085999999999999943e+01,2.500477731227875033e-02,6.000226020812988309e-02,0.000000000000000000e+00,1.000000000000000000e+00,2.309334133968738711e-01
2.087999999999999901e+01,2.500517070293426652e-02,5.999589443206786860e-02,0.000000000000000000e+00,1.000000000000000000e+00,2.327108332595822227e-01
2.090000000000000213e+01,2.500517070293426652e-02,5.999591588973998690e-02,0.000000000000000000e+00,1.000000000000000000e+00,2.322178977239075237e-01
2.092000000000000171e+01,2.500554025173187464e-02,5.998634219169616394e-02,0.000000000000000000e+00,1.000000000000000000e+00,2.301533300708402396e-01
2.094000000000000128e+01,2.500556707382202426e-02,5.998465061187743808e-02,0.000000000000000000e+00,1.000000000000000000e+00,2.276767892249701442e-01
2.096000000000000085e+01,2.500556707382202426e-02,5.998375654220580722e-02,0.000000000000000000e+00,1.000000000000000000e+00,2.259130974816320192e-01
2.098000000000000043e+01,2.500556111335754464e-02,5.997009873390197338e-02,0.000000000000000000e+00,1.000000000000000000e+00,2.255341522789504616e-01
2.100000000000000000e+01,2.500554621219635079e-02,5.997094988822936762e-02,0.000000000000000000e+00,1.000000000000000000e+00,2.266451593565526890e-01
2.101999999999999957e+01,2.500531971454620500e-02,5.997522354125976035e-02,0.000000000000000000e+00,1.000000000000000000e+00,2.287955796040862244e-01
2.103999999999999915e+01,2.500540614128113001e-02,5.997441530227660966e-02,0.000000000000000000e+00,1.000000000000000000e+00,2.310049161300488374e-01
2.105999999999999872e+01,2.500602006912231584e-02,5.997107863426208441e-02,0.000000000000000000e+00,1.000000000000000000e+00,2.321497116742159139e-01
2.108000000000000185e+01,2.500528097152709961e-02,5.997341394424438032e-02,0.000000000000000000e+00,1.000000000000000000e+00,2.317778873125208028e-01
2.110000000000000142e+01,2.500474154949188302e-02,5.997423648834228349e-02,0.000000000000000000e+00,1.000000000000000000e+00,2.303897205006000815e-01
2.112000000000000099e+01,2.500492930412292689e-02,5.997424721717833918e-02,0.000000000000000000e+00,1.000000000000000000e+00,2.287980497001081137e-01
2.114000000000000057e+01,2.500428259372711182e-02,5.997234106063842329e-02,0.000000000000000000e+00,1.000000000000000000e+00,2.275090176769769268e-01
2.116000000000000014e+01,2.500435113906860490e-02,5.997156143188476368e-02,0.000000000000000000e+00,1.000000000000000000e+00,2.266179129139599402e-01
2.117999999999999972e+01,2.500410676002502719e-02,5.997186899185180664e-02,0.000000000000000000e+00,1.000000000000000000e+00,2.260018710661639840e-01
2.119999999999999929e+01,2.500436902046203683e-02,5.997204422950744296e-02,0.000000000000000000e+00,1.000000000000000000e+00,2.255694799450087551e-01
2.121999999999999886e+01,2.500516176223754883e-02,5.997392535209655762e-02,0.000000000000000000e+00,1.000000000000000000e+00,2.253574494124548078e-01
2.124000000000000199e+01,2.500440776348114222e-02,5.997011661529540877e-02,0.000000000000000000e+00,1.000000000000000000e+00,2.253891713169771382e-01
2.126000000000000156e+01,2.500464618206024378e-02,5.997360348701476912e-02,0.000000000000000000e+00,1.000000000000000000e+00,2.254692837836992925e-01
2.128000000000000114e+01,2.500458061695098877e-02,5.997494459152221541e-02,0.000000000000000000e+00,1.000000000000000000e+00,2.251469972713344703e-01
2.130000000000000071e+01,2.500441670417785645e-02,5.997573852539062056e-02,0.000000000000000000e+00,1.000000000000000000e+00,2.239971977608272713e-01
2.132000000000000028e+01,2.500445842742919991e-02,5.997567415237426564e-02,0.000000000000000000e+00,1.000000000000000000e+00,2.220800325225647520e-01
2.133999999999999986e+01,2.500414252281189104e-02,5.997557044029235701e-02,0.000000000000000000e+00,1.000000000000000000e+00,2.200393249665691942e-01
2.135999999999999943e+01,2.500405907630920410e-02,5.997539520263671375e-02,0.000000000000000000e+00,1.000000000000000000e+00,2.186760653307890934e-01
2.137999999999999901e+01,2.500408887863159180e-02,5.997552752494812039e-02,0.000000000000000000e+00,1.000000000000000000e+00,2.185273985394234342e-01
2.140000000000000213e+01,2.500403821468353410e-02,5.997513055801391435e-02,0.000000000000000000e+00,1.000000000000000000e+00,2.197360896592576440e-01
2.142000000000000171e+01,2.500406801700592180e-02,5.997559905052184809e-02,0.000000000000000000e+00,1.000000000000000000e+00,2.220512364569519059e-01
2.144000000000000128e+01,2.500382065773010254e-02,5.996296405792236189e-02,0.000000000000000000e+00,1.000000000000000000e+00,2.248690925966854715e-01
2.146000000000000085e+01,2.500380575656890869e-02,5.996542811393737460e-02,0.000000000000000000e+00,1.000000000000000000e+00,2.273526672727491926e-01
2.148000000000000043e+01,2.500391602516174525e-02,5.995811820030211986e-02,0.000000000000000000e+00,1.000000000000000000e+00,2.286121304298167900e-01
2.150000000000000000e+01,2.500400841236114641e-02,5.994706749916076105e-02,0.000000000000000000e+00,1.000000000000000000e+00,2.279391072291002962e-01
2.151999999999999957e+01,2.500407695770263949e-02,5.995424866676330594e-02,0.000000000000000000e+00,1.000000000000000000e+00,2.251749039722828472e-01
2.153999999999999915e+01,2.500388622283935755e-02,5.994750022888183094e-02,0.000000000000000000e+00,1.000000000000000000e+00,2.210476219973684375e-01
2.155999999999999872e+01,2.500392794609070102e-02,5.994858026504516074e-02,0.000000000000000000e+00,1.000000000000000000e+00,2.169485888685446229e-01
2.158000000000000185e+01,2.500377297401428292e-02,5.994403123855590598e-02,0.000000000000000000e+00,1.000000000000000000e+00,2.141512926149443108e-01
2.160000000000000142e+01,2.500370442867279330e-02,5.993989348411559587e-02,0.000000000000000000e+00,1.000000000000000000e+00,2.132944619835877853e-01
2.162000000000000099e+01,2.500366568565368791e-02,5.994310855865478405e-02,0.000000000000000000e+00,1.000000000000000000e+00,2.144256230720340550e-01
2.164000000000000057e+01,2.500396668910980294e-02,5.993700385093688604e-02,0.000000000000000000e+00,1.000000000000000000e+00,2.171060589381557937e-01
2.166000000000000014e+01,2.500376105308532715e-02,5.993916749954223550e-02,0.000000000000000000e+00,1.000000000000000000e+00,2.203814921903960167e-01
2.167999999999999972e+01,2.500348985195159981e-02,5.994093775749206182e-02,0.000000000000000000e+00,1.000000000000000000e+00,2.230908228097493451e-01
2.169999999999999929e+01,2.500266432762146204e-02,5.994457840919494712e-02,0.000000000000000000e+00,1.000000000000000000e+00,2.246178086636903271e-01
2.171999999999999886e+01,2.500285804271698206e-02,5.994398832321166937e-02,0.000000000000000000e+00,1.000000000000000000e+00,2.251651682016816980e-01
2.174000000000000199e+01,2.500241100788116663e-02,5.994499683380126454e-02,0.000000000000000000e+00,1.000000000000000000e+00,2.252546576981920845e-01
2.176000000000000156e+01,2.500213980674743930e-02,5.994574427604675015e-02,0.000000000000000000e+00,1.000000000000000000e+00,2.252411151355366292e-01
2.178000000000000114e+01,2.500233650207519739e-02,5.994638800621032715e-02,0.000000000000000000e+00,1.000000000000000000e+00,2.252454508490919771e-01
2.180000000000000071e+01,2.500254511833191126e-02,5.994687795639037919e-02,0.000000000000000000e+00,1.000000000000000000e+00,2.253416587475544075e-01
2.182000000000000028e+01,2.500276565551758090e-02,5.994759321212768388e-02,0.000000000000000000e+00,1.000000000000000000e+00,2.257109353360215176e-01
2.183999999999999986e+01,2.500419914722442835e-02,5.995473504066466813e-02,0.000000000000000000e+00,1.000000000000000000e+00,2.265784505854827324e-01
2.185999999999999943e+01,2.500505447387695382e-02,5.996211647987365750e-02,0.000000000000000000e+00,1.000000000000000000e+00,2.280108862636204825e-01
2.187999999999999901e+01,2.500492930412292689e-02,5.995920538902282243e-02,0.000000000000000000e+00,1.000000000000000000e+00,2.297610452529074698e-01
2.190000000000000213e+01,2.500483095645904610e-02,5.996283888816833496e-02,0.000000000000000000e+00,1.000000000000000000e+00,2.312911595166035061e-01
2.192000000000000171e+01,2.500460445880890031e-02,5.996499538421630471e-02,0.000000000000000000e+00,1.000000000000000000e+00,2.320685457571798616e-01
2.194000000000000128e+01,2.500455081462860107e-02,5.996525287628173828e-02,0.000000000000000000e+00,1.000000000000000000e+00,2.319681496277279931e-01
2.196000000000000085e+01,2.500443458557129184e-02,5.996552824974060031e-02,0.000000000000000000e+00,1.000000000000000000e+00,2.313425954032820586e-01
2.198000000000000043e+01,2.500410974025726527e-02,5.996572136878967202e-02,0.000000000000000000e+00,1.000000000000000000e+00,2.306998712672746199e-01
2.200000000000000000e+01,2.500359714031219482e-02,5.996507048606872226e-02,0.000000000000000000e+00,1.000000000000000000e+00,2.303887773108045378e-01
2.201999999999999957e+01,2.500351071357727328e-02,5.996473073959350530e-02,0.000000000000000000e+00,1.000000000000000000e+00,2.305075049638894147e-01
2.203999999999999915e+01,2.500343024730682442e-02,5.996402978897094616e-02,0.000000000000000000e+00,1.000000000000000000e+00,2.309529918838597318e-01
2.205999999999999872e+01,2.500324547290802210e-02,5.996071457862853921e-02,0.000000000000000000e+00,1.000000000000000000e+00,2.314756466393844414e-01
2.208000000000000185e+01,2.500321269035339633e-02,5.995990991592407143e-02,0.000000000000000000e+00,1.000000000000000000e+00,2.316609596165301599e-01
2.210000000000000142e+01,2.500313222408294747e-02,5.995840430259704451e-02,0.000000000000000000e+00,1.000000000000000000e+00,2.308878790745693688e-01
2.212000000000000099e+01,2.500288188457489014e-02,5.995530009269714466e-02,0.000000000000000000e+00,1.000000000000000000e+00,2.284785009267621680e-01
2.214000000000000057e+01,2.500226795673370431e-02,5.994926691055297435e-02,0.000000000000000000e+00,1.000000000000000000e+00,2.242270776473549443e-01
2.216000000000000014e+01,2.500169575214386194e-02,5.994383454322814442e-02,0.000000000000000000e+00,1.000000000000000000e+00,2.189277556660893242e-01
2.217999999999999972e+01,2.500151693820953577e-02,5.994189977645873746e-02,0.000000000000000000e+00,1.000000000000000000e+00,2.140468154848548243e-01
2.219999999999999929e+01,2.500143945217132846e-02,5.994073748588561734e-02,0.000000000000000000e+00,1.000000000000000000e+00,2.107663773272251961e-01
2.221999999999999886e+01,2.500172853469848772e-02,5.994907021522521973e-02,0.000000000000000000e+00,1.000000000000000000e+00,2.095593046274007998e-01
2.224000000000000199e+01,2.500173151493072579e-02,5.994721770286559615e-02,0.000000000000000000e+00,1.000000000000000000e+00,2.103577349324315948e-01
2.226000000000000156e+01,2.500143349170684884e-02,5.995429515838622547e-02,0.000000000000000000e+00,1.000000000000000000e+00,2.126408009404572308e-01
2.228000000000000114e+01,2.500089704990387032e-02,5.996052503585815041e-02,0.000000000000000000e+00,1.000000000000000000e+00,2.154150318642940876e-01
2.230000000000000071e+01,2.500130832195282191e-02,5.995745301246643150e-02,0.000000000000000000e+00,1.000000000000000000e+00,2.176085649859760829e-01
2.232000000000000028e+01,2.500122487545013497e-02,5.995790004730224693e-02,0.000000000000000000e+00,1.000000000000000000e+00,2.187279430605983677e-01
2.233999999999999986e+01,2.500148713588714808e-02,5.995674133300780972e-02,0.000000000000000000e+00,1.000000000000000000e+00,2.189496340816266540e-01
2.235999999999999943e+01,2.500125169754028459e-02,5.995781779289245661e-02,0.000000000000000000e+00,1.000000000000000000e+00,2.186804353578578608e-01
2.237999999999999901e+01,2.500137388706207345e-02,5.995630145072936706e-02,0.000000000000000000e+00,1.000000000000000000e+00,2.182470208800304234e-01
2.240000000000000213e+01,2.500135004520416537e-02,5.995611190795898521e-02,0.000000000000000000e+00,1.000000000000000000e+00,2.179072021551997362e-01
2.242000000000000171e+01,2.500090897083282609e-02,5.995396256446838129e-02,0.000000000000000000e+00,1.000000000000000000e+00,2.179629532150907378e-01
2.244000000000000128e+01,2.500059008598327914e-02,5.995223879814147450e-02,0.000000000000000000e+00,1.000000000000000000e+00,2.187489201602886291e-01
2.246000000000000085e+01,2.500051856040954798e-02,5.995169520378112321e-02,0.000000000000000000e+00,1.000000000000000000e+00,2.204888039123516497e-01
2.248000000000000043e+01,2.500068247318268030e-02,5.995370864868163757e-02,0.000000000000000000e+00,1.000000000000000000e+00,2.231489717748085522e-01
2.250000000000000000e+01,2.500067949295044223e-02,5.995362639427184726e-02,0.000000000000000000e+00,1.000000000000000000e+00,2.263696900080300889e-01
2.251999999999999957e+01,2.500075101852416992e-02,5.994990348815917858e-02,0.000000000000000000e+00,1.000000000000000000e+00,2.295555487604851730e-01
2.253999999999999915e+01,2.500094473361968994e-02,5.994701743125915167e-02,0.000000000000000000e+00,1.000000000000000000e+00,2.321719924595120610e-01
2.255999999999999872e+01,2.500045001506805489e-02,5.995142340660095104e-02,0.000000000000000000e+00,1.000000000000000000e+00,2.340223793127429175e-01
2.258000000000000185e+01,2.500089704990387032e-02,5.994853019714355136e-02,0.000000000000000000e+00,1.000000000000000000e+00,2.352167191310515215e-01
2.260000000000000142e+01,2.500080764293670724e-02,5.994900584220885786e-02,0.000000000000000000e+00,1.000000000000000000e+00,2.359392759970730391e-01
2.262000000000000099e+01,2.500104010105133265e-02,5.994779348373412836e-02,0.000000000000000000e+00,1.000000000000000000e+00,2.363157072850314289e-01
2.264000000000000057e+01,2.500091791152954379e-02,5.994855880737304243e-02,0.000000000000000000e+00,1.000000000000000000e+00,2.364556925740780580e-01
2.266000000000000014e+01,2.500098049640655726e-02,5.994801163673400823e-02,0.000000000000000000e+00,1.000000000000000000e+00,2.365114830673467061e-01
2.267999999999999972e+01,2.500091195106506417e-02,5.994857668876647783e-02,0.000000000000000000e+00,1.000000000000000000e+00,2.365887511269666177e-01
2.269999999999999929e+01,2.500093281269073764e-02,5.994851231575012290e-02,0.000000000000000000e+00,1.000000000000000000e+00,2.365417538910341844e-01
2.271999999999999886e+01,2.500084340572357455e-02,5.994854450225829690e-02,0.000000000000000000e+00,1.000000000000000000e+00,2.358343575982305984e-01
2.274000000000000199e+01,2.500070929527282992e-02,5.994838356971740612e-02,0.000000000000000000e+00,1.000000000000000000e+00,2.337146776911194768e-01
2.276000000000000156e+01,2.500035762786865373e-02,5.994751453399657648e-02,0.000000000000000000e+00,1.000000000000000000e+00,2.298775887714462896e-01
2.278000000000000114e+01,2.500025331974029680e-02,5.994711041450500461e-02,0.000000000000000000e+00,1.000000000000000000e+00,2.250690661405029547e-01
2.280000000000000071e+01,2.499904036521911899e-02,5.994020104408263883e-02,0.000000000000000000e+00,1.000000000000000000e+00,2.206584761000586203e-01
2.282000000000000028e+01,2.499955892562866211e-02,5.994482159614562822e-02,0.000000000000000000e+00,1.000000000000000000e+00,2.176764537051939230e-01
2.283999999999999986e+01,2.499990761280060023e-02,5.995071172714232927e-02,0.000000000000000000e+00,1.000000000000000000e+00,2.164850807827602142e-01
2.285999999999999943e+01,2.499987632036209176e-02,5.994802951812743669e-02,0.000000000000000000e+00,1.000000000000000000e+00,2.169092153400699052e-01
2.287999999999999901e+01,2.500016391277313371e-02,5.993954300880431629e-02,0.000000000000000000e+00,1.000000000000000000e+00,2.182791681523063576e-01
2.290000000000000213e+01,2.500043809413909912e-02,5.993603825569152749e-02,0.000000000000000000e+00,1.000000000000000000e+00,2.195516441111758921e-01
2.292000000000000171e+01,2.499987781047821253e-02,5.994066238403319979e-02,0.000000000000000000e+00,1.000000000000000000e+00,2.198257368327628247e-01
2.294000000000000128e+01,2.499950230121612826e-02,5.994304060935973927e-02,0.000000000000000000e+00,1.000000000000000000e+00,2.188233900834703760e-01
2.296000000000000085e+01,2.499963790178299020e-02,5.994225740432738980e-02,0.000000000000000000e+00,1.000000000000000000e+00,2.168113197335755638e-01
2.298000000000000043e+01,2.499939352273941248e-02,5.994412422180175892e-02,0.000000000000000000e+00,1.000000000000000000e+00,2.142630005726480213e-01
2.300000000000000000e+01,2.499942332506180018e-02,5.994227170944213534e-02,0.000000000000000000e+00,1.000000000000000000e+00,2.116950471440705861e-01
2.301999999999999957e+01,2.499930560588836670e-02,5.994109511375426969e-02,0.000000000000000000e+00,1.000000000000000000e+00,2.096515440051816281e-01
2.303999999999999915e+01,2.499947547912597864e-02,5.994227170944213534e-02,0.000000000000000000e+00,1.000000000000000000e+00,2.086396544523179686e-01
2.305999999999999872e+01,2.499944120645523210e-02,5.994200706481933594e-02,0.000000000000000000e+00,1.000000000000000000e+00,2.089978061775082385e-01
2.308000000000000185e+01,2.499923259019851823e-02,5.993981480598449540e-02,0.000000000000000000e+00,1.000000000000000000e+00,2.108000479382401149e-01
2.310000000000000142e+01,2.499864101409912318e-02,5.992895364761352539e-02,0.000000000000000000e+00,1.000000000000000000e+00,2.138125894295718754e-01
2.312000000000000099e+01,2.499868869781494279e-02,5.993217945098876925e-02,0.000000000000000000e+00,1.000000000000000000e+00,2.175087529015287124e-01
2.314000000000000057e+01,2.499865591526031702e-02,5.993378162384033203e-02,0.000000000000000000e+00,1.000000000000000000e+00,2.212473954104705043e-01
2.316000000000000014e+01,2.499901354312896937e-02,5.992632150650024220e-02,0.000000000000000000e+00,1.000000000000000000e+00,2.245728829658820425e-01
2.317999999999999972e+01,2.499886006116867204e-02,5.992876052856445368e-02,0.000000000000000000e+00,1.000000000000000000e+00,2.273381121944508809e-01
2.319999999999999929e+01,2.499885857105255127e-02,5.992877483367919922e-02,0.000000000000000000e+00,1.000000000000000000e+00,2.295528780876711084e-01
2.321999999999999886e+01,2.499882429838180820e-02,5.992972254753112238e-02,0.000000000000000000e+00,1.000000000000000000e+00,2.312224021237496707e-01
2.324000000000000199e+01,2.499881982803344935e-02,5.993269801139831238e-02,0.000000000000000000e+00,1.000000000000000000e+00,2.323892661187384467e-01
2.326000000000000156e+01,2.499876320362091203e-02,5.993040204048156322e-02,0.000000000000000000e+00,1.000000000000000000e+00,2.332831890159641763e-01
2.328000000000000114e+01,2.499883174896240512e-02,5.993282675743102916e-02,0.000000000000000000e+00,1.000000000000000000e+00,2.343014063008140024e-01
2.330000000000000071e+01,2.499884665012359897e-02,5.993523001670836986e-02,0.000000000000000000e+00,1.000000000000000000e+00,2.357526757279002905e-01
2.332000000000000028e+01,2.499874085187912126e-02,5.993782639503478921e-02,0.000000000000000000e+00,1.000000000000000000e+00,2.375726675061242132e-01
2.333999999999999986e+01,2.499816268682479928e-02,5.994265079498290599e-02,0.000000000000000000e+00,1.000000000000000000e+00,2.391640614178844604e-01
2.335999999999999943e+01,2.499778121709823886e-02,5.994404554367065152e-02,0.000000000000000000e+00,1.000000000000000000e+00,2.395578556720223962e-01
2.337999999999999901e+01,2.499821037054061890e-02,5.994352698326110840e-02,0.000000000000000000e+00,1.000000000000000000e+00,2.381554494872508143e-01
2.340000000000000213e+01,2.499669343233108798e-02,5.994260072708129661e-02,0.000000000000000000e+00,1.000000000000000000e+00,2.354486841249418538e-01
2.342000000000000171e+01,2.499762028455734461e-02,5.994487166404723760e-02,0.000000000000000000e+00,1.000000000000000000e+00,2.326337965242405714e-01
2.344000000000000128e+01,2.499794661998748849e-02,5.994649171829223577e-02,0.000000000000000000e+00,1.000000000000000000e+00,2.306786245471125762e-01
2.346000000000000085e+01,2.499837875366211007e-02,5.995078682899474681e-02,0.000000000000000000e+00,1.000000000000000000e+00,2.299368790992930844e-01
2.348000000000000043e+01,2.499839812517166276e-02,5.995138406753539734e-02,0.000000000000000000e+00,1.000000000000000000e+00,2.301754900620828215e-01
2.350000000000000000e+01,2.499852329492568970e-02,5.994613766670226634e-02,0.000000000000000000e+00,1.000000000000000000e+00,2.306605464732656152e-01
2.351999999999999957e+01,2.499894052743911743e-02,5.994034767150878407e-02,0.000000000000000000e+00,1.000000000000000000e+00,2.304234960972538215e-01
2.353999999999999915e+01,2.499913275241852015e-02,5.993864178657531266e-02,0.000000000000000000e+00,1.000000000000000000e+00,2.287351719034297348e-01
2.355999999999999872e+01,2.499887049198150704e-02,5.994054794311523549e-02,0.000000000000000000e+00,1.000000000000000000e+00,2.254011074449568941e-01
2.358000000000000185e+01,2.499869614839553972e-02,5.994189262390136469e-02,0.000000000000000000e+00,1.000000000000000000e+00,2.207122605381292291e-01
2.360000000000000142e+01,2.499861568212509433e-02,5.994310498237609419e-02,0.000000000000000000e+00,1.000000000000000000e+00,2.153066139134956203e-01
2.362000000000000099e+01,2.499855607748031894e-02,5.994128823280334140e-02,0.000000000000000000e+00,1.000000000000000000e+00,2.100517080405247539e-01
2.364000000000000057e+01,2.499876022338867396e-02,5.994329094886779313e-02,0.000000000000000000e+00,1.000000000000000000e+00,2.058252180616419180e-01
2.366000000000000014e+01,2.499849349260330200e-02,5.994101285934447937e-02,0.000000000000000000e+00,1.000000000000000000e+00,2.032394672007573899e-01
2.367999999999999972e+01,2.499850839376449585e-02,5.994116663932799738e-02,0.000000000000000000e+00,1.000000000000000000e+00,2.025201634711317755e-01
2.369999999999999929e+01,2.499847114086151123e-02,5.994058728218078225e-02,0.000000000000000000e+00,1.000000000000000000e+00,2.035403963647429704e-01
2.371999999999999886e+01,2.499830722808837891e-02,5.993454694747924610e-02,0.000000000000000000e+00,1.000000000000000000e+00,2.058602342625391879e-01
2.374000000000000199e+01,2.499829530715942660e-02,5.993659257888793446e-02,0.000000000000000000e+00,1.000000000000000000e+00,2.088115775141277386e-01
2.376000000000000156e+01,2.499849200248718470e-02,5.993004798889160073e-02,0.000000000000000000e+00,1.000000000000000000e+00,2.117619503726068109e-01
2.378000000000000114e+01,2.499827742576599121e-02,5.993539094924926758e-02,0.000000000000000000e+00,1.000000000000000000e+00,2.143765225590903711e-01
2.380000000000000071e+01,2.499819099903106967e-02,5.993833780288695956e-02,0.000000000000000000e+00,1.000000000000000000e+00,2.165849326361457827e-01
2.382000000000000028e+01,2.499820291996002197e-02,5.994376301765441672e-02,0.000000000000000000e+00,1.000000000000000000e+00,2.183772362478992313e-01
2.383999999999999986e+01,2.499831467866897583e-02,5.994645595550537193e-02,0.000000000000000000e+00,1.000000000000000000e+00,2.197535713551753978e-01
2.385999999999999943e+01,2.499816268682479928e-02,5.994425296783446877e-02,0.000000000000000000e+00,1.000000000000000000e+00,2.208915136206691388e-01
2.387999999999999901e+01,2.499792575836181849e-02,5.994107365608215138e-02,0.000000000000000000e+00,1.000000000000000000e+00,2.222580125411081908e-01
2.390000000000000213e+01,2.499784231185913155e-02,5.993965744972228754e-02,0.000000000000000000e+00,1.000000000000000000e+00,2.244250386651112372e-01
2.392000000000000171e+01,2.499780356884002963e-02,5.993834495544433233e-02,0.000000000000000000e+00,1.000000000000000000e+00,2.277643253053494576e-01
2.394000000000000128e+01,2.499773353338241577e-02,5.994493961334228238e-02,0.000000000000000000e+00,1.000000000000000000e+00,2.322203399906698496e-01
2.396000000000000085e+01,2.499729990959167689e-02,5.995190978050232017e-02,0.000000000000000000e+00,1.000000000000000000e+00,2.371043941528210575e-01
2.398000000000000043e+01,2.499747127294540613e-02,5.995060801506042064e-02,0.000000000000000000e+00,1.000000000000000000e+00,2.411388720338108749e-01
2.400000000000000000e+01,2.499850839376449585e-02,5.994632363319396529e-02,0.000000000000000000e+00,1.000000000000000000e+00,2.432471667515681835e-01
2.401999999999999957e+01,2.499819397926330775e-02,5.994695663452147966e-02,0.000000000000000000e+00,1.000000000000000000e+00,2.434830767748572544e-01
2.403999999999999915e+01,2.499715238809585571e-02,5.994722485542296891e-02,0.000000000000000000e+00,1.000000000000000000e+00,2.428103892400737263e-01
2.406000000000000227e+01,2.499612122774124215e-02,5.994549751281737920e-02,0.000000000000000000e+00,1.000000000000000000e+00,2.421818472965105440e-01
2.408000000000000185e+01,2.499582022428512712e-02,5.994407415390014260e-02,0.000000000000000000e+00,1.000000000000000000e+00,2.420339102195879777e-01
2.410000000000000142e+01,2.499614208936691562e-02,5.994845509529113381e-02,0.000000000000000000e+00,1.000000000000000000e+00,2.422493101681468253e-01
2.412000000000000099e+01,2.499614804983139177e-02,5.994789361953735407e-02,0.000000000000000000e+00,1.000000000000000000e+00,2.422953721833569496e-01
2.414000000000000057e+01,2.499634325504303256e-02,5.994513273239135409e-02,0.000000000000000000e+00,1.000000000000000000e+00,2.414569822754374095e-01
2.416000000000000014e+01,2.499649673700332642e-02,5.994376301765441672e-02,0.000000000000000000e+00,1.000000000000000000e+00,2.390933163407565343e-01
2.417999999999999972e+01,2.499660104513168335e-02,5.994288325309753140e-02,0.000000000000000000e+00,1.000000000000000000e+00,2.348363382587376480e-01
2.419999999999999929e+01,2.499657124280929565e-02,5.994329810142516590e-02,0.000000000000000000e+00,1.000000000000000000e+00,2.287834668160856622e-01
2.421999999999999886e+01,2.499654740095138758e-02,5.994233965873718012e-02,0.000000000000000000e+00,1.000000000000000000e+00,2.216618267552253330e-01
2.424000000000000199e+01,2.499639689922332833e-02,5.994088411331176258e-02,0.000000000000000000e+00,1.000000000000000000e+00,2.146749016348934447e-01
2.426000000000000156e+01,2.499635219573974679e-02,5.994052648544311024e-02,0.000000000000000000e+00,1.000000000000000000e+00,2.089590668111131755e-01
2.428000000000000114e+01,2.499648183584213257e-02,5.994174599647521945e-02,0.000000000000000000e+00,1.000000000000000000e+00,2.051374444095227512e-01
2.430000000000000071e+01,2.499663382768631259e-02,5.994391322135925182e-02,0.000000000000000000e+00,1.000000000000000000e+00,2.032984142887244439e-01
2.432000000000000028e+01,2.499668747186660836e-02,5.994574069976806724e-02,0.000000000000000000e+00,1.000000000000000000e+00,2.031528794588473852e-01
2.433999999999999986e+01,2.499670237302780221e-02,5.994428515434264970e-02,0.000000000000000000e+00,1.000000000000000000e+00,2.041330652541443746e-01
2.435999999999999943e+01,2.499692589044570992e-02,5.993902802467346302e-02,0.000000000000000000e+00,1.000000000000000000e+00,2.055493112808902678e-01
2.437999999999999901e+01,2.499705702066421648e-02,5.993679285049438588e-02,0.000000000000000000e+00,1.000000000000000000e+00,2.068789183188933789e-01
2.440000000000000213e+01,2.499702125787735263e-02,5.993755817413329995e-02,0.000000000000000000e+00,1.000000000000000000e+00,2.079042395490955097e-01
2.442000000000000171e+01,2.499701380729675571e-02,5.993430376052856501e-02,0.000000000000000000e+00,1.000000000000000000e+00,2.085664753381430148e-01
2.444000000000000128e+01,2.499706298112869263e-02,5.993501186370849693e-02,0.000000000000000000e+00,1.000000000000000000e+00,2.088289804839824904e-01
2.446000000000000085e+01,2.499685883522033761e-02,5.993325233459472628e-02,0.000000000000000000e+00,1.000000000000000000e+00,2.087918350783623533e-01
2.448000000000000043e+01,2.499658614397048950e-02,5.993111729621886791e-02,0.000000000000000000e+00,1.000000000000000000e+00,2.089013912572307563e-01
2.450000000000000000e+01,2.499720454216003418e-02,5.993661046028136985e-02,0.000000000000000000e+00,1.000000000000000000e+00,2.098750472774950637e-01
2.451999999999999957e+01,2.499732375144958496e-02,5.993803739547728937e-02,0.000000000000000000e+00,1.000000000000000000e+00,2.123674043640271514e-01
2.453999999999999915e+01,2.499774545431137154e-02,5.994696021080016951e-02,0.000000000000000000e+00,1.000000000000000000e+00,2.167516330870181696e-01
2.456000000000000227e+01,2.499769926071167270e-02,5.994086265563964427e-02,0.000000000000000000e+00,1.000000000000000000e+00,2.229799333268036587e-01
2.458000000000000185e+01,2.499742954969406267e-02,5.994843363761901550e-02,0.000000000000000000e+00,1.000000000000000000e+00,2.303003106020639346e-01
2.460000000000000142e+01,2.499697506427765031e-02,5.995389819145202637e-02,0.000000000000000000e+00,1.000000000000000000e+00,2.371955754648318593e-01
2.462000000000000099e+01,2.499899119138717860e-02,5.993940711021423368e-02,0.000000000000000000e+00,1.000000000000000000e+00,2.421815516229336163e-01
2.464000000000000057e+01,2.499904632568359514e-02,5.993914961814880010e-02,0.000000000000000000e+00,1.000000000000000000e+00,2.448425707561298903e-01
2.466000000000000014e+01,2.499793469905853271e-02,5.994262576103210477e-02,0.000000000000000000e+00,1.000000000000000000e+00,2.458069376503963233e-01
2.467999999999999972e+01,2.499748170375824113e-02,5.994346261024474654e-02,0.000000000000000000e+00,1.000000000000000000e+00,2.459637479684389505e-01
2.469999999999999929e+01,2.499765753746032923e-02,5.994337320327758345e-02,0.000000000000000000e+00,1.000000000000000000e+00,2.459300181451163358e-01
2.471999999999999886e+01,2.499770373106002808e-02,5.994344830513000100e-02,0.000000000000000000e+00,1.000000000000000000e+00,2.459481077123758519e-01
2.474000000000000199e+01,2.499774098396301270e-02,5.994410276412963368e-02,0.000000000000000000e+00,1.000000000000000000e+00,2.459455767386373171e-01
2.476000000000000156e+01,2.499775439500808924e-02,5.994400978088378767e-02,0.000000000000000000e+00,1.000000000000000000e+00,2.455777238387633898e-01
2.478000000000000114e+01,2.499762177467346191e-02,5.994458556175231989e-02,0.000000000000000000e+00,1.000000000000000000e+00,2.442467286652387770e-01
2.480000000000000071e+01,2.499761283397674769e-02,5.994482874870300099e-02,0.000000000000000000e+00,1.000000000000000000e+00,2.412504392475602055e-01
2.482000000000000028e+01,2.499750107526779383e-02,5.994447827339172141e-02,0.000000000000000000e+00,1.000000000000000000e+00,2.362364178119658598e-01
2.483999999999999986e+01,2.499750703573226998e-02,5.994449257850646695e-02,0.000000000000000000e+00,1.000000000000000000e+00,2.297282296884018971e-01
2.485999999999999943e+01,2.499761283397674769e-02,5.994487881660461037e-02,0.000000000000000000e+00,1.000000000000000000e+00,2.230091378741804187e-01
2.487999999999999901e+01,2.499764710664749423e-02,5.994505763053893654e-02,0.000000000000000000e+00,1.000000000000000000e+00,2.173149253494851552e-01
2.490000000000000213e+01,2.499702572822570801e-02,5.993949651718139676e-02,0.000000000000000000e+00,1.000000000000000000e+00,2.132625547972792635e-01
2.492000000000000171e+01,2.499691843986511300e-02,5.993710756301879466e-02,0.000000000000000000e+00,1.000000000000000000e+00,2.108817406801368477e-01
2.494000000000000128e+01,2.499688416719436646e-02,5.993899226188659224e-02,0.000000000000000000e+00,1.000000000000000000e+00,2.098270537866055718e-01
2.496000000000000085e+01,2.499717026948929111e-02,5.993535161018371388e-02,0.000000000000000000e+00,1.000000000000000000e+00,2.095432016814930687e-01
2.498000000000000043e+01,2.499714642763137956e-02,5.993552684783935020e-02,0.000000000000000000e+00,1.000000000000000000e+00,2.094856291275303539e-01
2.500000000000000000e+01,2.499731034040451189e-02,5.993451118469238226e-02,0.000000000000000000e+00,1.000000000000000000e+00,2.093226090082785096e-01
2.501999999999999957e+01,2.499724328517913957e-02,5.993514776229857954e-02,0.000000000000000000e+00,1.000000000000000000e+00,2.088961019328530455e-01
2.503999999999999915e+01,2.499731183052063266e-02,5.993611693382262795e-02,0.000000000000000000e+00,1.000000000000000000e+00,2.080556691759507526e-01
2.506000000000000227e+01,2.499708086252212802e-02,5.993505477905273354e-02,0.000000000000000000e+00,1.000000000000000000e+00,2.066872336656877529e-01
2.508000000000000185e+01,2.499747127294540613e-02,5.993666768074035200e-02,0.000000000000000000e+00,1.000000000000000000e+00,2.050018811247796557e-01
2.510000000000000142e+01,2.499798089265823503e-02,5.993912816047668179e-02,0.000000000000000000e+00,1.000000000000000000e+00,2.036990671265963559e-01
2.512000000000000099e+01,2.499739825725555420e-02,5.993544816970824973e-02,0.000000000000000000e+00,1.000000000000000000e+00,2.036604395026884451e-01
2.514000000000000057e+01,2.499810159206390658e-02,5.994184255599975530e-02,0.000000000000000000e+00,1.000000000000000000e+00,2.055472610581941251e-01
2.516000000000000014e+01,2.499868869781494279e-02,5.995089769363402821e-02,0.000000000000000000e+00,1.000000000000000000e+00,2.096830937601181499e-01
2.517999999999999972e+01,2.499860823154449740e-02,5.994740009307861217e-02,0.000000000000000000e+00,1.000000000000000000e+00,2.159602607542216723e-01
2.519999999999999929e+01,2.499838471412658969e-02,5.996092557907103937e-02,0.000000000000000000e+00,1.000000000000000000e+00,2.235702630855309625e-01
2.521999999999999886e+01,2.499811947345733851e-02,5.996585369110107172e-02,0.000000000000000000e+00,1.000000000000000000e+00,2.309885615888893906e-01
2.524000000000000199e+01,2.499793022871017734e-02,5.996798157691955039e-02,0.000000000000000000e+00,1.000000000000000000e+00,2.366751906643369818e-01
2.526000000000000156e+01,2.499718070030212611e-02,5.997430443763732827e-02,0.000000000000000000e+00,1.000000000000000000e+00,2.399265829357215551e-01
2.528000000000000114e+01,2.499660700559616297e-02,5.997844934463500421e-02,0.000000000000000000e+00,1.000000000000000000e+00,2.409984726577912018e-01
2.530000000000000071e+01,2.499687373638153146e-02,5.997651815414428711e-02,0.000000000000000000e+00,1.000000000000000000e+00,2.406642657448303524e-01
2.532000000000000028e+01,2.499694824218750069e-02,5.997584223747252918e-02,0.000000000000000000e+00,1.000000000000000000e+00,2.397982696616198228e-01
2.533999999999999986e+01,2.499683350324630876e-02,5.997770905494689830e-02,0.000000000000000000e+00,1.000000000000000000e+00,2.391287147861817508e-01
2.535999999999999943e+01,2.499685436487197876e-02,5.997673273086547713e-02,0.000000000000000000e+00,1.000000000000000000e+00,2.390700672008946870e-01
2.537999999999999901e+01,2.499689161777496338e-02,5.997400403022765808e-02,0.000000000000000000e+00,1.000000000000000000e+00,2.396015228926392515e-01
2.540000000000000213e+01,2.499679028987884799e-02,5.997619986534118153e-02,0.000000000000000000e+00,1.000000000000000000e+00,2.401977823097800613e-01
2.542000000000000171e+01,2.499680221080780029e-02,5.997610688209533553e-02,0.000000000000000000e+00,1.000000000000000000e+00,2.399169265292152575e-01
2.544000000000000128e+01,2.499737739562988420e-02,5.997398972511291254e-02,0.000000000000000000e+00,1.000000000000000000e+00,2.379093285941202007e-01
2.546000000000000085e+01,2.499760538339615076e-02,5.997369647026061512e-02,0.000000000000000000e+00,1.000000000000000000e+00,2.341965552765201131e-01
2.548000000000000043e+01,2.499792128801345964e-02,5.997386097908019575e-02,0.000000000000000000e+00,1.000000000000000000e+00,2.297579256522170321e-01
2.550000000000000000e+01,2.499785721302032540e-02,5.997369647026061512e-02,0.000000000000000000e+00,1.000000000000000000e+00,2.257096457902963704e-01
2.551999999999999957e+01,2.499770522117614885e-02,5.997265577316283902e-02,0.000000000000000000e+00,1.000000000000000000e+00,2.226568034302369714e-01
2.553999999999999915e+01,2.499772459268570154e-02,5.997437596321105596e-02,0.000000000000000000e+00,1.000000000000000000e+00,2.206609440990688620e-01
2.556000000000000227e+01,2.499762028455734461e-02,5.997527360916137668e-02,0.000000000000000000e+00,1.000000000000000000e+00,2.194454394399509289e-01
2.558000000000000185e+01,2.499763518571853846e-02,5.997522354125976035e-02,0.000000000000000000e+00,1.000000000000000000e+00,2.186319606607535215e-01
2.560000000000000142e+01,2.499779015779495309e-02,5.997503757476806141e-02,0.000000000000000000e+00,1.000000000000000000e+00,2.179544448868166728e-01
2.562000000000000099e+01,2.499827444553375314e-02,5.997531652450561329e-02,0.000000000000000000e+00,1.000000000000000000e+00,2.172840786551966663e-01
2.564000000000000057e+01,2.499825507402420044e-02,5.997523427009582297e-02,0.000000000000000000e+00,1.000000000000000000e+00,2.164565586944333930e-01
2.566000000000000014e+01,2.499818801879882812e-02,5.997561693191528348e-02,0.000000000000000000e+00,1.000000000000000000e+00,2.151638577760234539e-01
2.567999999999999972e+01,2.499814480543136735e-02,5.997563838958740179e-02,0.000000000000000000e+00,1.000000000000000000e+00,2.131497859825689789e-01
2.569999999999999929e+01,2.499851733446121355e-02,5.997606754302978183e-02,0.000000000000000000e+00,1.000000000000000000e+00,2.106270129772770394e-01
2.571999999999999886e+01,2.499908208847045898e-02,5.997750878334045382e-02,0.000000000000000000e+00,1.000000000000000000e+00,2.083845224927992901e-01
2.574000000000000199e+01,2.499959468841552943e-02,5.997967600822448619e-02,0.000000000000000000e+00,1.000000000000000000e+00,2.073452413681536599e-01
2.576000000000000156e+01,2.500100135803222726e-02,5.998913526535033791e-02,0.000000000000000000e+00,1.000000000000000000e+00,2.081359900348944969e-01
2.578000000000000114e+01,2.500152587890625000e-02,5.999513268470763744e-02,0.000000000000000000e+00,1.000000000000000000e+00,2.109863010737350886e-01
2.580000000000000071e+01,2.500135600566864152e-02,5.999082684516906377e-02,0.000000000000000000e+00,1.000000000000000000e+00,2.156732096156913914e-01
2.582000000000000028e+01,2.500135302543640345e-02,5.998597025871276606e-02,0.000000000000000000e+00,1.000000000000000000e+00,2.214021967967126081e-01
2.583999999999999986e+01,2.500093877315521379e-02,5.999957799911499051e-02,0.000000000000000000e+00,1.000000000000000000e+00,2.269101358103739752e-01
2.585999999999999943e+01,2.500112354755401611e-02,5.999602675437926830e-02,0.000000000000000000e+00,1.000000000000000000e+00,2.309334133968728164e-01
2.587999999999999901e+01,2.500113546848297189e-02,5.999584436416625921e-02,0.000000000000000000e+00,1.000000000000000000e+00,2.327108332595817508e-01
2.590000000000000213e+01,2.500070333480835030e-02,6.000346899032592274e-02,0.000000000000000000e+00,1.000000000000000000e+00,2.322178977239084119e-01
2.592000000000000171e+01,2.500044107437134067e-02,6.001031398773193359e-02,0.000000000000000000e+00,1.000000000000000000e+00,2.301533300708401564e-01
2.594000000000000128e+01,2.500044405460357874e-02,6.001009225845336387e-02,0.000000000000000000e+00,1.000000000000000000e+00,2.276767892249692560e-01
2.596000000000000085e+01,2.500044405460357874e-02,6.001097917556762196e-02,0.000000000000000000e+00,1.000000000000000000e+00,2.259130974816319914e-01
2.598000000000000043e+01,2.500044107437134067e-02,6.000479221343994057e-02,0.000000000000000000e+00,1.000000000000000000e+00,2.255341522789512110e-01
2.600000000000000000e+01,2.500050067901611606e-02,6.000139474868774331e-02,0.000000000000000000e+00,1.000000000000000000e+00,2.266451593565523281e-01
2.601999999999999957e+01,2.500056922435760567e-02,6.000011444091796903e-02,0.000000000000000000e+00,1.000000000000000000e+00,2.287955796040857803e-01
2.603999999999999915e+01,2.500056922435760567e-02,6.000010013580322349e-02,0.000000000000000000e+00,1.000000000000000000e+00,2.310049161300487264e-01
2.606000000000000227e+01,2.500070929527282992e-02,5.999933838844299233e-02,0.000000000000000000e+00,1.000000000000000000e+00,2.321497116742159139e-01
2.608000000000000185e+01,2.500063180923461914e-02,5.999958515167236328e-02,0.000000000000000000e+00,1.000000000000000000e+00,2.317778873125212469e-01
2.610000000000000142e+01,2.499962300062179635e-02,6.000112295150756420e-02,0.000000000000000000e+00,1.000000000000000000e+00,2.303897205006003590e-01
2.612000000000000099e+01,2.499946355819702287e-02,6.000111579895019143e-02,0.000000000000000000e+00,1.000000000000000000e+00,2.287980497001080860e-01
2.614000000000000057e+01,2.499941438436508248e-02,6.000097274780272910e-02,0.000000000000000000e+00,1.000000000000000000e+00,2.275090176769772876e-01
2.616000000000000014e+01,2.499941438436508248e-02,6.000097274780272910e-02,0.000000000000000000e+00,1.000000000000000000e+00,2.266179129139602177e-01
2.617999999999999972e+01,2.499937266111373901e-02,6.000102281570434543e-02,0.000000000000000000e+00,1.000000000000000000e+00,2.260018710661640395e-01
2.619999999999999929e+01,2.499982118606567522e-02,6.000132322311400868e-02,0.000000000000000000e+00,1.000000000000000000e+00,2.255694799450088661e-01
2.621999999999999886e+01,2.499943226575851440e-02,6.000040054321288674e-02,0.000000000000000000e+00,1.000000000000000000e+00,2.253574494124550576e-01
2.624000000000000199e+01,2.499939203262329171e-02,6.000020027160644226e-02,0.000000000000000000e+00,1.000000000000000000e+00,2.253891713169773880e-01
2.626000000000000156e+01,2.499924451112747401e-02,5.999804019927978266e-02,0.000000000000000000e+00,1.000000000000000000e+00,2.254692837836995423e-01
2.628000000000000114e+01,2.499923557043075631e-02,5.999821186065673606e-02,0.000000000000000000e+00,1.000000000000000000e+00,2.251469972713341372e-01
2.630000000000000071e+01,2.499919533729553361e-02,5.999840497970580777e-02,0.000000000000000000e+00,1.000000000000000000e+00,2.239971977608282705e-01
2.632000000000000028e+01,2.499870955944061279e-02,5.999918460845946738e-02,0.000000000000000000e+00,1.000000000000000000e+00,2.220800325225651961e-01
2.633999999999999986e+01,2.499794512987137118e-02,5.999893784523010337e-02,0.000000000000000000e+00,1.000000000000000000e+00,2.200393249665696105e-01
2.635999999999999943e+01,2.499751746654510498e-02,5.999804019927978266e-02,0.000000000000000000e+00,1.000000000000000000e+00,2.186760653307896207e-01
2.637999999999999901e+01,2.499660104513168335e-02,5.999405980110168041e-02,0.000000000000000000e+00,1.000000000000000000e+00,2.185273985394227403e-01
2.640000000000000213e+01,2.499594092369079867e-02,5.998876690864562988e-02,0.000000000000000000e+00,1.000000000000000000e+00,2.197360896592575052e-01
2.642000000000000171e+01,2.499586790800094674e-02,5.998756885528563898e-02,0.000000000000000000e+00,1.000000000000000000e+00,2.220512364569525443e-01
2.644000000000000128e+01,2.499583810567855904e-02,5.998602390289306530e-02,0.000000000000000000e+00,1.000000000000000000e+00,2.248690925966855547e-01
2.646000000000000085e+01,2.499579042196273942e-02,5.999434232711791520e-02,0.000000000000000000e+00,1.000000000000000000e+00,2.273526672727485265e-01
2.648000000000000043e+01,2.499580979347229212e-02,5.999301195144653154e-02,0.000000000000000000e+00,1.000000000000000000e+00,2.286121304298171231e-01
2.650000000000000000e+01,2.499580979347229212e-02,5.999304771423339538e-02,0.000000000000000000e+00,1.000000000000000000e+00,2.279391072291016007e-01
2.651999999999999957e+01,2.499587535858154366e-02,5.999996423721313393e-02,0.000000000000000000e+00,1.000000000000000000e+00,2.251749039722832635e-01
2.653999999999999915e+01,2.499592751264572213e-02,6.000179529190063227e-02,0.000000000000000000e+00,1.000000000000000000e+00,2.210476219973673551e-01
2.656000000000000227e+01,2.499576508998871058e-02,5.999751806259154968e-02,0.000000000000000000e+00,1.000000000000000000e+00,2.169485888685439012e-01
2.658000000000000185e+01,2.499596625566482752e-02,6.000345468521117720e-02,0.000000000000000000e+00,1.000000000000000000e+00,2.141512926149462814e-01
2.660000000000000142e+01,2.499585896730423251e-02,5.999697804450988825e-02,0.000000000000000000e+00,1.000000000000000000e+00,2.132944619835879241e-01
2.662000000000000099e+01,2.499588727951049943e-02,5.999457836151123047e-02,0.000000000000000000e+00,1.000000000000000000e+00,2.144256230720328893e-01
2.664000000000000057e+01,2.499583512544632097e-02,5.999564766883849765e-02,0.000000000000000000e+00,1.000000000000000000e+00,2.171060589381560435e-01
2.666000000000000014e+01,2.499578148126602173e-02,5.999620914459228432e-02,0.000000000000000000e+00,1.000000000000000000e+00,2.203814921903975432e-01
2.667999999999999972e+01,2.499621659517288486e-02,5.999335169792174849e-02,0.000000000000000000e+00,1.000000000000000000e+00,2.230908228097508439e-01
2.669999999999999929e+01,2.499543428421020785e-02,5.999680995941161776e-02,0.000000000000000000e+00,1.000000000000000000e+00,2.246178086636909654e-01
2.671999999999999886e+01,2.499643564224243372e-02,5.999373078346251914e-02,0.000000000000000000e+00,1.000000000000000000e+00,2.251651682016823919e-01
2.674000000000000199e+01,2.499616444110870639e-02,5.999434232711791520e-02,0.000000000000000000e+00,1.000000000000000000e+00,2.252546576981925563e-01
2.676000000000000156e+01,2.499606907367706368e-02,5.999460697174072155e-02,0.000000000000000000e+00,1.000000000000000000e+00,2.252411151355372398e-01
2.678000000000000114e+01,2.499594837427139560e-02,5.999421358108520536e-02,0.000000000000000000e+00,1.000000000000000000e+00,2.252454508490925322e-01
2.680000000000000071e+01,2.499572485685348788e-02,5.999368786811828252e-02,0.000000000000000000e+00,1.000000000000000000e+00,2.253416587475549349e-01
2.682000000000000028e+01,2.499520480632782052e-02,5.999199271202087375e-02,0.000000000000000000e+00,1.000000000000000000e+00,2.257109353360221005e-01
2.683999999999999986e+01,2.499478906393051356e-02,5.998991847038268738e-02,0.000000000000000000e+00,1.000000000000000000e+00,2.265784505854835928e-01
2.685999999999999943e+01,2.499467730522155970e-02,5.998894929885863897e-02,0.000000000000000000e+00,1.000000000000000000e+00,2.280108862636210376e-01
2.687999999999999901e+01,2.499484717845916817e-02,5.999286174774169644e-02,0.000000000000000000e+00,1.000000000000000000e+00,2.297610452529078029e-01
2.690000000000000213e+01,2.499480843544006625e-02,5.999432086944579690e-02,0.000000000000000000e+00,1.000000000000000000e+00,2.312911595166039780e-01
2.692000000000000171e+01,2.499486804008484164e-02,5.999374866485595453e-02,0.000000000000000000e+00,1.000000000000000000e+00,2.320685457571807497e-01
2.694000000000000128e+01,2.499486654996872087e-02,5.999375581741332730e-02,0.000000000000000000e+00,1.000000000000000000e+00,2.319681496277285204e-01
2.696000000000000085e+01,2.499380558729171961e-02,5.999626278877258356e-02,0.000000000000000000e+00,1.000000000000000000e+00,2.313425954032823639e-01
2.698000000000000043e+01,2.499435096979141235e-02,5.999594092369079507e-02,0.000000000000000000e+00,1.000000000000000000e+00,2.306998712672752583e-01
2.700000000000000000e+01,2.499510496854782243e-02,5.999689579010009793e-02,0.000000000000000000e+00,1.000000000000000000e+00,2.303887773108052039e-01
2.701999999999999957e+01,2.499556392431259363e-02,5.999868392944335965e-02,0.000000000000000000e+00,1.000000000000000000e+00,2.305075049638901641e-01
2.703999999999999915e+01,2.499537020921707361e-02,5.999701380729675210e-02,0.000000000000000000e+00,1.000000000000000000e+00,2.309529918838603979e-01
2.706000000000000227e+01,2.499541789293289323e-02,5.999786138534545649e-02,0.000000000000000000e+00,1.000000000000000000e+00,2.314756466393850243e-01
2.708000000000000185e+01,2.499524503946304321e-02,5.999346613883971974e-02,0.000000000000000000e+00,1.000000000000000000e+00,2.316609596165310758e-01
2.710000000000000142e+01,2.499544769525528093e-02,5.999727129936217873e-02,0.000000000000000000e+00,1.000000000000000000e+00,2.308878790745705623e-01
2.712000000000000099e+01,2.499505579471588204e-02,5.999240040779113547e-02,0.000000000000000000e+00,1.000000000000000000e+00,2.284785009267628619e-01
2.714000000000000057e+01,2.499518394470215052e-02,5.999365568161010853e-02,0.000000000000000000e+00,1.000000000000000000e+00,2.242270776473540561e-01
2.716000000000000014e+01,2.499562501907348633e-02,5.999785423278808372e-02,0.000000000000000000e+00,1.000000000000000000e+00,2.189277556660909618e-01
2.717999999999999972e+01,2.499613314867019792e-02,6.000339031219482228e-02,0.000000000000000000e+00,1.000000000000000000e+00,2.140468154848575166e-01
2.719999999999999929e+01,2.499624788761138985e-02,6.000509977340698353e-02,0.000000000000000000e+00,1.000000000000000000e+00,2.107663773272263064e-01
2.721999999999999886e+01,2.499598264694213867e-02,5.999745368957519476e-02,0.000000000000000000e+00,1.000000000000000000e+00,2.095593046273995785e-01
2.724000000000000199e+01,2.499598413705825944e-02,5.999689221382140808e-02,0.000000000000000000e+00,1.000000000000000000e+00,2.103577349324315671e-01
2.726000000000000156e+01,2.499604523181915561e-02,5.999543666839599054e-02,0.000000000000000000e+00,1.000000000000000000e+00,2.126408009404597288e-01
2.728000000000000114e+01,2.499589771032333443e-02,5.999715328216552457e-02,0.000000000000000000e+00,1.000000000000000000e+00,2.154150318642951423e-01
2.730000000000000071e+01,2.499538511037826746e-02,6.000097274780272910e-02,0.000000000000000000e+00,1.000000000000000000e+00,2.176085649859761384e-01
2.732000000000000028e+01,2.499503344297409127e-02,6.000288248062133484e-02,0.000000000000000000e+00,1.000000000000000000e+00,2.187279430605991171e-01
2.733999999999999986e+01,2.499406188726425310e-02,6.000718116760253573e-02,0.000000000000000000e+00,1.000000000000000000e+00,2.189496340816273756e-01
2.735999999999999943e+01,2.499386966228485385e-02,6.000806093215942105e-02,0.000000000000000000e+00,1.000000000000000000e+00,2.186804353578589433e-01
2.737999999999999901e+01,2.499390244483947962e-02,6.000766038894653209e-02,0.000000000000000000e+00,1.000000000000000000e+00,2.182470208800313394e-01
2.740000000000000213e+01,2.499411702156066964e-02,6.000940561294555720e-02,0.000000000000000000e+00,1.000000000000000000e+00,2.179072021552004024e-01
2.742000000000000171e+01,2.499402612447738925e-02,6.000896215438842468e-02,0.000000000000000000e+00,1.000000000000000000e+00,2.179629532150914317e-01
2.744000000000000128e+01,2.499413788318634311e-02,6.000957012176513783e-02,0.000000000000000000e+00,1.000000000000000000e+00,2.187489201602899058e-01
2.746000000000000085e+01,2.499420791864395350e-02,6.001009225845336387e-02,0.000000000000000000e+00,1.000000000000000000e+00,2.204888039123522880e-01
2.748000000000000043e+01,2.499359697103500574e-02,6.000251054763793696e-02,0.000000000000000000e+00,1.000000000000000000e+00,2.231489717748091350e-01
2.750000000000000000e+01,2.499362677335739344e-02,6.000353336334228460e-02,0.000000000000000000e+00,1.000000000000000000e+00,2.263696900080306718e-01
2.751999999999999957e+01,2.499360591173171997e-02,6.000458478927612332e-02,0.000000000000000000e+00,1.000000000000000000e+00,2.295555487604864220e-01
2.753999999999999915e+01,2.499365657567978113e-02,6.000383377075194785e-02,0.000000000000000000e+00,1.000000000000000000e+00,2.321719924595129214e-01
2.756000000000000227e+01,2.499370723962783883e-02,6.000337600708007674e-02,0.000000000000000000e+00,1.000000000000000000e+00,2.340223793127440832e-01
2.758000000000000185e+01,2.499416768550873080e-02,6.000038623809814120e-02,0.000000000000000000e+00,1.000000000000000000e+00,2.352167191310522154e-01
2.760000000000000142e+01,2.499414533376694003e-02,6.000050783157348522e-02,0.000000000000000000e+00,1.000000000000000000e+00,2.359392759970741216e-01
2.762000000000000099e+01,2.499379813671112269e-02,6.000231027603149248e-02,0.000000000000000000e+00,1.000000000000000000e+00,2.363157072850323726e-01
2.764000000000000057e+01,2.499382495880127231e-02,6.000214576721191184e-02,0.000000000000000000e+00,1.000000000000000000e+00,2.364556925740790572e-01
2.766000000000000014e+01,2.499386668205261230e-02,6.000178098678588673e-02,0.000000000000000000e+00,1.000000000000000000e+00,2.365114830673475665e-01
2.767999999999999972e+01,2.499390989542007654e-02,6.000143051147460715e-02,0.000000000000000000e+00,1.000000000000000000e+00,2.365887511269675614e-01
2.769999999999999929e+01,2.499365508556366036e-02,6.000224590301513755e-02,0.000000000000000000e+00,1.000000000000000000e+00,2.365417538910350448e-01
2.771999999999999886e+01,2.499398142099380771e-02,6.000212430953979353e-02,0.000000000000000000e+00,1.000000000000000000e+00,2.358343575982315143e-01
2.774000000000000199e+01,2.499366998672485421e-02,6.000174522399902288e-02,0.000000000000000000e+00,1.000000000000000000e+00,2.337146776911197266e-01
2.776000000000000156e+01,2.499362528324127267e-02,6.000163793563842440e-02,0.000000000000000000e+00,1.000000000000000000e+00,2.298775887714473720e-01
2.778000000000000114e+01,2.499253600835800448e-02,5.999746799468994030e-02,0.000000000000000000e+00,1.000000000000000000e+00,2.250690661405051474e-01
2.780000000000000071e+01,2.499181181192398210e-02,5.999334096908569280e-02,0.000000000000000000e+00,1.000000000000000000e+00,2.206584761000599804e-01
2.782000000000000028e+01,2.499186694622039864e-02,5.999382734298705500e-02,0.000000000000000000e+00,1.000000000000000000e+00,2.176764537051932291e-01
2.783999999999999986e+01,2.499231398105621407e-02,6.000136613845825223e-02,0.000000000000000000e+00,1.000000000000000000e+00,2.164850807827608803e-01
2.785999999999999943e+01,2.499222904443740984e-02,5.999401688575744379e-02,0.000000000000000000e+00,1.000000000000000000e+00,2.169092153400722922e-01
2.787999999999999901e+01,2.499247938394546717e-02,5.998661398887634305e-02,0.000000000000000000e+00,1.000000000000000000e+00,2.182791681523076621e-01
2.790000000000000213e+01,2.499208897352218905e-02,5.999161362648010309e-02,0.000000000000000000e+00,1.000000000000000000e+00,2.195516441111759198e-01
2.792000000000000171e+01,2.499244511127472063e-02,5.998867392539977694e-02,0.000000000000000000e+00,1.000000000000000000e+00,2.198257368327640460e-01
2.794000000000000128e+01,2.499207854270935059e-02,5.999099493026733426e-02,0.000000000000000000e+00,1.000000000000000000e+00,2.188233900834723467e-01
2.796000000000000085e+01,2.499179095029831210e-02,5.999266505241393488e-02,0.000000000000000000e+00,1.000000000000000000e+00,2.168113197335767572e-01
2.798000000000000043e+01,2.499144375324249476e-02,5.999532222747802623e-02,0.000000000000000000e+00,1.000000000000000000e+00,2.142630005726481879e-01
2.800000000000000000e+01,2.499146610498428553e-02,5.999397039413451732e-02,0.000000000000000000e+00,1.000000000000000000e+00,2.116950471440721127e-01
2.801999999999999957e+01,2.499142438173294206e-02,5.999355912208556574e-02,0.000000000000000000e+00,1.000000000000000000e+00,2.096515440051831547e-01
2.803999999999999915e+01,2.499128878116607666e-02,5.999262213706969826e-02,0.000000000000000000e+00,1.000000000000000000e+00,2.086396544523193564e-01
2.806000000000000227e+01,2.499081641435623238e-02,5.998901367187500083e-02,0.000000000000000000e+00,1.000000000000000000e+00,2.089978061775092655e-01
2.808000000000000185e+01,2.499062567949295044e-02,5.998701810836791493e-02,0.000000000000000000e+00,1.000000000000000000e+00,2.108000479382405312e-01
2.810000000000000142e+01,2.499051690101623813e-02,5.998501896858215304e-02,0.000000000000000000e+00,1.000000000000000000e+00,2.138125894295724583e-01
2.812000000000000099e+01,2.499047517776489466e-02,5.998224377632140752e-02,0.000000000000000000e+00,1.000000000000000000e+00,2.175087529015302945e-01
2.814000000000000057e+01,2.499039471149444580e-02,5.998622059822081992e-02,0.000000000000000000e+00,1.000000000000000000e+00,2.212473954104709206e-01
2.816000000000000014e+01,2.499039024114609042e-02,5.998632073402404563e-02,0.000000000000000000e+00,1.000000000000000000e+00,2.245728829658824310e-01
2.817999999999999972e+01,2.499015182256698886e-02,5.999011874198913186e-02,0.000000000000000000e+00,1.000000000000000000e+00,2.273381121944512417e-01
2.819999999999999929e+01,2.499000132083892961e-02,5.999264359474181657e-02,0.000000000000000000e+00,1.000000000000000000e+00,2.295528780876724406e-01
2.821999999999999886e+01,2.498999387025833269e-02,5.999286890029906921e-02,0.000000000000000000e+00,1.000000000000000000e+00,2.312224021237504479e-01
2.824000000000000199e+01,2.498999834060669153e-02,5.999020457267761203e-02,0.000000000000000000e+00,1.000000000000000000e+00,2.323892661187391684e-01
2.826000000000000156e+01,2.498986870050430575e-02,5.998493671417236273e-02,0.000000000000000000e+00,1.000000000000000000e+00,2.332831890159648425e-01
2.828000000000000114e+01,2.498995214700698922e-02,5.998787999153137179e-02,0.000000000000000000e+00,1.000000000000000000e+00,2.343014063008148906e-01
2.830000000000000071e+01,2.498994916677475114e-02,5.998740077018737543e-02,0.000000000000000000e+00,1.000000000000000000e+00,2.357526757279006235e-01
2.832000000000000028e+01,2.498994171619415422e-02,5.998757243156432883e-02,0.000000000000000000e+00,1.000000000000000000e+00,2.375726675061248516e-01
2.833999999999999986e+01,2.499009817838668962e-02,5.998627066612243625e-02,0.000000000000000000e+00,1.000000000000000000e+00,2.391640614178851820e-01
2.835999999999999943e+01,2.499038577079773157e-02,5.998521566390990767e-02,0.000000000000000000e+00,1.000000000000000000e+00,2.395578556720234231e-01
2.837999999999999901e+01,2.499063462018966814e-02,5.998491168022155456e-02,0.000000000000000000e+00,1.000000000000000000e+00,2.381554494872520356e-01
2.840000000000000213e+01,2.499000430107116769e-02,5.998452544212341114e-02,0.000000000000000000e+00,1.000000000000000000e+00,2.354486841249432139e-01
2.842000000000000171e+01,2.499030232429504464e-02,5.998525500297546137e-02,0.000000000000000000e+00,1.000000000000000000e+00,2.326337965242410433e-01
2.844000000000000128e+01,2.499081492424011508e-02,5.998780131340026439e-02,0.000000000000000000e+00,1.000000000000000000e+00,2.306786245471133812e-01
2.846000000000000085e+01,2.499064207077026506e-02,5.998608827590942022e-02,0.000000000000000000e+00,1.000000000000000000e+00,2.299368790992941114e-01
2.848000000000000043e+01,2.499089241027832239e-02,5.999400973320007102e-02,0.000000000000000000e+00,1.000000000000000000e+00,2.301754900620845146e-01
2.850000000000000000e+01,2.499091476202011317e-02,5.999305844306945801e-02,0.000000000000000000e+00,1.000000000000000000e+00,2.306605464732655597e-01
2.851999999999999957e+01,2.499108612537384241e-02,5.999068021774291853e-02,0.000000000000000000e+00,1.000000000000000000e+00,2.304234960972548762e-01
2.853999999999999915e+01,2.499098926782608240e-02,5.999154210090636846e-02,0.000000000000000000e+00,1.000000000000000000e+00,2.287351719034317055e-01
2.856000000000000227e+01,2.499108463525772164e-02,5.999085545539855485e-02,0.000000000000000000e+00,1.000000000000000000e+00,2.254011074449566721e-01
2.858000000000000185e+01,2.499143034219741821e-02,5.998818039894103504e-02,0.000000000000000000e+00,1.000000000000000000e+00,2.207122605381291180e-01
2.860000000000000142e+01,2.499143332242965976e-02,5.998813033103942566e-02,0.000000000000000000e+00,1.000000000000000000e+00,2.153066139134973689e-01
2.862000000000000099e+01,2.499151527881622592e-02,5.999063014984130915e-02,0.000000000000000000e+00,1.000000000000000000e+00,2.100517080405271408e-01
2.864000000000000057e+01,2.499188184738159249e-02,5.999420642852783259e-02,0.000000000000000000e+00,1.000000000000000000e+00,2.058252180616430005e-01
2.866000000000000014e+01,2.499174177646637171e-02,5.999300837516784168e-02,0.000000000000000000e+00,1.000000000000000000e+00,2.032394672007573344e-01
2.867999999999999972e+01,2.499197721481323520e-02,5.999543309211730763e-02,0.000000000000000000e+00,1.000000000000000000e+00,2.025201634711316090e-01
2.869999999999999929e+01,2.499200552701950212e-02,5.999587297439575029e-02,0.000000000000000000e+00,1.000000000000000000e+00,2.035403963647434977e-01
2.871999999999999886e+01,2.499203085899353097e-02,5.999682784080505316e-02,0.000000000000000000e+00,1.000000000000000000e+00,2.058602342625407700e-01
2.874000000000000199e+01,2.499200701713562289e-02,6.000108003616332758e-02,0.000000000000000000e+00,1.000000000000000000e+00,2.088115775141282937e-01
2.876000000000000156e+01,2.499192506074905673e-02,6.000382661819457508e-02,0.000000000000000000e+00,1.000000000000000000e+00,2.117619503726071717e-01
2.878000000000000114e+01,2.499190717935562134e-02,6.000427722930908037e-02,0.000000000000000000e+00,1.000000000000000000e+00,2.143765225590907320e-01
2.880000000000000071e+01,2.499198466539383212e-02,6.000162363052367887e-02,0.000000000000000000e+00,1.000000000000000000e+00,2.165849326361470040e-01
2.882000000000000028e+01,2.499197870492935250e-02,5.999851584434508917e-02,0.000000000000000000e+00,1.000000000000000000e+00,2.183772362478998419e-01
2.883999999999999986e+01,2.499197274446487635e-02,5.999835491180419839e-02,0.000000000000000000e+00,1.000000000000000000e+00,2.197535713551757586e-01
2.885999999999999943e+01,2.499204576015472481e-02,5.999942421913146556e-02,0.000000000000000000e+00,1.000000000000000000e+00,2.208915136206693053e-01
2.887999999999999901e+01,2.499218434095382829e-02,6.000129461288451760e-02,0.000000000000000000e+00,1.000000000000000000e+00,2.222580125411094398e-01
2.890000000000000213e+01,2.499237656593322754e-02,6.000452041625976146e-02,0.000000000000000000e+00,1.000000000000000000e+00,2.244250386651114593e-01
2.892000000000000171e+01,2.499250620603561679e-02,6.000884771347045343e-02,0.000000000000000000e+00,1.000000000000000000e+00,2.277643253053498740e-01
2.894000000000000128e+01,2.499261796474457065e-02,5.999801158905029158e-02,0.000000000000000000e+00,1.000000000000000000e+00,2.322203399906710430e-01
2.896000000000000085e+01,2.499238550662994524e-02,6.000176668167114119e-02,0.000000000000000000e+00,1.000000000000000000e+00,2.371043941528222232e-01
2.898000000000000043e+01,2.499289214611053606e-02,5.999791502952575573e-02,0.000000000000000000e+00,1.000000000000000000e+00,2.411388720338115965e-01
2.900000000000000000e+01,2.499221414327621599e-02,6.000072240829467524e-02,0.000000000000000000e+00,1.000000000000000000e+00,2.432471667515690716e-01
2.901999999999999957e+01,2.499200701713562289e-02,6.000113725662230973e-02,0.000000000000000000e+00,1.000000000000000000e+00,2.434830767748579206e-01
2.903999999999999915e+01,2.499161064624786516e-02,6.000123739242553544e-02,0.000000000000000000e+00,1.000000000000000000e+00,2.428103892400744757e-01
2.906000000000000227e+01,2.499193102121353288e-02,6.000177383422851396e-02,0.000000000000000000e+00,1.000000000000000000e+00,2.421818472965108493e-01
2.908000000000000185e+01,2.499183416366577287e-02,6.000131607055663591e-02,0.000000000000000000e+00,1.000000000000000000e+00,2.420339102195887271e-01
2.910000000000000142e+01,2.499214261770248482e-02,6.000552177429199080e-02,0.000000000000000000e+00,1.000000000000000000e+00,2.422493101681474637e-01
2.912000000000000099e+01,2.499216794967651367e-02,6.000293970108031699e-02,0.000000000000000000e+00,1.000000000000000000e+00,2.422953721833580043e-01
2.914000000000000057e+01,2.499211728572845598e-02,6.000364780426024891e-02,0.000000000000000000e+00,1.000000000000000000e+00,2.414569822754387696e-01
2.916000000000000014e+01,2.499158382415771554e-02,6.000843286514281893e-02,0.000000000000000000e+00,1.000000000000000000e+00,2.390933163407577000e-01
2.917999999999999972e+01,2.499177604913711825e-02,6.000682353973388339e-02,0.000000000000000000e+00,1.000000000000000000e+00,2.348363382587378423e-01
2.919999999999999929e+01,2.499192655086517403e-02,6.000471353530883317e-02,0.000000000000000000e+00,1.000000000000000000e+00,2.287834668160875218e-01
2.921999999999999886e+01,2.499195188283920288e-02,6.000576496124267190e-02,0.000000000000000000e+00,1.000000000000000000e+00,2.216618267552272759e-01
2.924000000000000199e+01,2.499178349971771518e-02,6.000413417816161804e-02,0.000000000000000000e+00,1.000000000000000000e+00,2.146749016348950267e-01
2.926000000000000156e+01,2.499194294214248865e-02,6.000540733337401955e-02,0.000000000000000000e+00,1.000000000000000000e+00,2.089590668111130922e-01
2.928000000000000114e+01,2.499244213104248255e-02,6.001009941101073664e-02,0.000000000000000000e+00,1.000000000000000000e+00,2.051374444095236393e-01
2.930000000000000071e+01,2.499250322580337524e-02,6.001097917556762196e-02,0.000000000000000000e+00,1.000000000000000000e+00,2.032984142887255818e-01
2.932000000000000028e+01,2.499247789382934640e-02,6.001012086868286188e-02,0.000000000000000000e+00,1.000000000000000000e+00,2.031528794588490505e-01
2.933999999999999986e+01,2.499248236417770525e-02,6.000975608825683677e-02,0.000000000000000000e+00,1.000000000000000000e+00,2.041330652541452351e-01
2.935999999999999943e+01,2.499249428510666102e-02,6.000947713851928489e-02,0.000000000000000000e+00,1.000000000000000000e+00,2.055493112808916001e-01
2.937999999999999901e+01,2.499253600835800448e-02,6.000876903533935297e-02,0.000000000000000000e+00,1.000000000000000000e+00,2.068789183188940450e-01
2.940000000000000213e+01,2.499255686998367448e-02,6.000830411911010215e-02,0.000000000000000000e+00,1.000000000000000000e+00,2.079042395490969530e-01
2.942000000000000171e+01,2.499255836009979526e-02,6.000874042510986189e-02,0.000000000000000000e+00,1.000000000000000000e+00,2.085664753381437919e-01
2.944000000000000128e+01,2.499264776706695834e-02,6.001004934310912725e-02,0.000000000000000000e+00,1.000000000000000000e+00,2.088289804839836838e-01
2.946000000000000085e+01,2.499272972345352450e-02,6.001075744628905917e-02,0.000000000000000000e+00,1.000000000000000000e+00,2.087918350783632970e-01
2.948000000000000043e+01,2.499287873506546298e-02,6.001192331314086914e-02,0.000000000000000000e+00,1.000000000000000000e+00,2.089013912572316722e-01
2.950000000000000000e+01,2.499302029609680453e-02,6.001317501068115234e-02,0.000000000000000000e+00,1.000000000000000000e+00,2.098750472774968401e-01
2.951999999999999957e+01,2.499345093965530534e-02,6.001835346221923856e-02,0.000000000000000000e+00,1.000000000000000000e+00,2.123674043640268183e-01
2.953999999999999915e+01,2.499358505010604997e-02,6.002118587493895929e-02,0.000000000000000000e+00,1.000000000000000000e+00,2.167516330870174757e-01
2.956000000000000227e+01,2.499358057975769112e-02,6.002067804336547879e-02,0.000000000000000000e+00,1.000000000000000000e+00,2.229799333268033257e-01
2.958000000000000185e+01,2.499364316463470459e-02,6.001891136169433538e-02,0.000000000000000000e+00,1.000000000000000000e+00,2.303003106020659885e-01
2.960000000000000142e+01,2.499362826347351074e-02,6.001908302307128878e-02,0.000000000000000000e+00,1.000000000000000000e+00,2.371955754648319703e-01
2.962000000000000099e+01,2.499354481697082728e-02,6.001967668533324946e-02,0.000000000000000000e+00,1.000000000000000000e+00,2.421815516229327003e-01
2.964000000000000057e+01,2.499389648437500000e-02,6.001801013946533175e-02,0.000000000000000000e+00,1.000000000000000000e+00,2.448425707561308062e-01
2.966000000000000014e+01,2.499439269304275582e-02,6.001645803451537836e-02,0.000000000000000000e+00,1.000000000000000000e+00,2.458069376503969339e-01
2.967999999999999972e+01,2.499472945928573817e-02,6.001583576202392661e-02,0.000000000000000000e+00,1.000000000000000000e+00,2.459637479684396721e-01
2.969999999999999929e+01,2.499416917562484811e-02,6.001612186431884433e-02,0.000000000000000000e+00,1.000000000000000000e+00,2.459300181451170297e-01
2.971999999999999886e+01,2.499409914016723772e-02,6.001600742340088002e-02,0.000000000000000000e+00,1.000000000000000000e+00,2.459481077123765458e-01
2.974000000000000199e+01,2.499411553144455234e-02,6.001630067825317050e-02,0.000000000000000000e+00,1.000000000000000000e+00,2.459455767386378999e-01
2.976000000000000156e+01,2.499408870935440272e-02,6.001649379730224221e-02,0.000000000000000000e+00,1.000000000000000000e+00,2.455777238387641115e-01
2.978000000000000114e+01,2.499404698610305925e-02,6.001667261123656838e-02,0.000000000000000000e+00,1.000000000000000000e+00,2.442467286652391656e-01
2.980000000000000071e+01,2.499404400587082117e-02,6.001673698425293024e-02,0.000000000000000000e+00,1.000000000000000000e+00,2.412504392475607051e-01
2.982000000000000028e+01,2.499397397041321078e-02,6.001651525497436052e-02,0.000000000000000000e+00,1.000000000000000000e+00,2.362364178119673863e-01
2.983999999999999986e+01,2.499418705701828003e-02,6.001711606979370089e-02,0.000000000000000000e+00,1.000000000000000000e+00,2.297282296884036179e-01
2.985999999999999943e+01,2.499387115240097115e-02,6.001596450805663646e-02,0.000000000000000000e+00,1.000000000000000000e+00,2.230091378741795305e-01
2.987999999999999901e+01,2.499410957098007272e-02,6.001723766326903797e-02,0.000000000000000000e+00,1.000000000000000000e+00,2.173149253494859323e-01
2.990000000000000213e+01,2.499410659074783464e-02,6.001721620559691966e-02,0.000000000000000000e+00,1.000000000000000000e+00,2.132625547972802904e-01
2.992000000000000171e+01,2.499397993087768693e-02,6.001439094543456476e-02,0.000000000000000000e+00,1.000000000000000000e+00,2.108817406801374306e-01
2.994000000000000128e+01,2.499399483203888078e-02,6.001360416412353238e-02,0.000000000000000000e+00,1.000000000000000000e+00,2.098270537866058771e-01
2.996000000000000085e+01,2.499382495880127231e-02,6.001575708389281921e-02,0.000000000000000000e+00,1.000000000000000000e+00,2.095432016814936516e-01
2.998000000000000043e+01,2.499394416809082309e-02,6.001486301422118835e-02,0.000000000000000000e+00,1.000000000000000000e+00,2.094856291275308535e-01
3.000000000000000000e+01,2.499416917562484811e-02,6.001347541809081559e-02,0.000000000000000000e+00,1.000000000000000000e+00,2.093226090082792035e-01
3.001999999999999957e+01,2.499419599771499773e-02,6.001321792602538896e-02,0.000000000000000000e+00,1.000000000000000000e+00,2.088961019328536284e-01
3.003999999999999915e+01,2.499414831399917811e-02,6.001253128051757535e-02,0.000000000000000000e+00,1.000000000000000000e+00,2.080556691759512800e-01
3.006000000000000227e+01,2.499385029077530115e-02,6.001115798950194813e-02,0.000000000000000000e+00,1.000000000000000000e+00,2.066872336656876419e-01
3.008000000000000185e+01,2.499403655529022425e-02,6.001192331314086914e-02,0.000000000000000000e+00,1.000000000000000000e+00,2.050018811247810435e-01
3.010000000000000142e+01,2.499446272850036621e-02,6.001398324966430303e-02,0.000000000000000000e+00,1.000000000000000000e+00,2.036990671265966890e-01
3.012000000000000099e+01,2.499416917562484811e-02,6.001213073730468639e-02,0.000000000000000000e+00,1.000000000000000000e+00,2.036604395026888337e-01
3.014000000000000057e+01,2.499442994594574044e-02,6.001449823379516324e-02,0.000000000000000000e+00,1.000000000000000000e+00,2.055472610581942083e-01
3.016000000000000014e+01,2.499430328607559273e-02,6.001253843307494812e-02,0.000000000000000000e+00,1.000000000000000000e+00,2.096830937601183442e-01
3.017999999999999972e+01,2.499428987503051966e-02,6.001197338104247853e-02,0.000000000000000000e+00,1.000000000000000000e+00,2.159602607542237263e-01
3.019999999999999929e+01,2.499427944421768466e-02,6.001260995864868275e-02,0.000000000000000000e+00,1.000000000000000000e+00,2.235702630855301021e-01
3.021999999999999886e+01,2.499386221170425693e-02,6.002037763595580860e-02,0.000000000000000000e+00,1.000000000000000000e+00,2.309885615888868093e-01
3.024000000000000199e+01,2.499366551637649536e-02,6.002260208129882313e-02,0.000000000000000000e+00,1.000000000000000000e+00,2.366751906643364822e-01
3.026000000000000156e+01,2.499413490295410156e-02,6.001863956451415627e-02,0.000000000000000000e+00,1.000000000000000000e+00,2.399265829357226654e-01
3.028000000000000114e+01,2.499392777681350847e-02,6.002014160156250028e-02,0.000000000000000000e+00,1.000000000000000000e+00,2.409984726577912850e-01
3.030000000000000071e+01,2.499400675296783655e-02,6.001956939697265098e-02,0.000000000000000000e+00,1.000000000000000000e+00,2.406642657448297695e-01
3.032000000000000028e+01,2.499410808086395541e-02,6.001865386962890181e-02,0.000000000000000000e+00,1.000000000000000000e+00,2.397982696616202947e-01
3.033999999999999986e+01,2.499419301748275965e-02,6.001727342605590876e-02,0.000000000000000000e+00,1.000000000000000000e+00,2.391287147861818063e-01
3.035999999999999943e+01,2.499419450759887695e-02,6.001722335815429243e-02,0.000000000000000000e+00,1.000000000000000000e+00,2.390700672008950478e-01
3.037999999999999901e+01,2.499419599771499773e-02,6.001712322235107366e-02,0.000000000000000000e+00,1.000000000000000000e+00,2.396015228926393348e-01
3.040000000000000213e+01,2.499422281980514735e-02,6.001654386520385853e-02,0.000000000000000000e+00,1.000000000000000000e+00,2.401977823097802001e-01
3.042000000000000171e+01,2.499443143606186121e-02,6.001482725143432451e-02,0.000000000000000000e+00,1.000000000000000000e+00,2.399169265292151187e-01
3.044000000000000128e+01,2.499484270811080933e-02,6.001331090927123496e-02,0.000000000000000000e+00,1.000000000000000000e+00,2.379093285941207003e-01
3.046000000000000085e+01,2.499480694532394548e-02,6.001335382461547852e-02,0.000000000000000000e+00,1.000000000000000000e+00,2.341965552765202796e-01
3.048000000000000043e+01,2.499475330114364624e-02,6.001332521438598744e-02,0.000000000000000000e+00,1.000000000000000000e+00,2.297579256522166435e-01
3.050000000000000000e+01,2.499417215585708618e-02,6.001180887222289789e-02,0.000000000000000000e+00,1.000000000000000000e+00,2.257096457902965092e-01
3.051999999999999957e+01,2.499420046806335657e-02,6.001200914382934237e-02,0.000000000000000000e+00,1.000000000000000000e+00,2.226568034302371102e-01
3.053999999999999915e+01,2.499418705701828003e-02,6.001074314117431363e-02,0.000000000000000000e+00,1.000000000000000000e+00,2.206609440990681403e-01
3.056000000000000227e+01,2.499434500932693620e-02,6.000938415527343195e-02,0.000000000000000000e+00,1.000000000000000000e+00,2.194454394399504293e-01
3.058000000000000185e+01,2.499433308839798043e-02,6.000942707061767550e-02,0.000000000000000000e+00,1.000000000000000000e+00,2.186319606607534105e-01
3.060000000000000142e+01,2.499435693025589197e-02,6.000939846038818443e-02,0.000000000000000000e+00,1.000000000000000000e+00,2.179544448868165063e-01
3.062000000000000099e+01,2.499426007270813196e-02,6.000934123992919533e-02,0.000000000000000000e+00,1.000000000000000000e+00,2.172840786551958059e-01
3.064000000000000057e+01,2.499444037675857544e-02,6.001011371612548911e-02,0.000000000000000000e+00,1.000000000000000000e+00,2.164565586944331987e-01
3.066000000000000014e+01,2.499456256628036777e-02,6.000941991806030273e-02,0.000000000000000000e+00,1.000000000000000000e+00,2.151638577760233428e-01
3.067999999999999972e+01,2.499457746744156161e-02,6.000941276550292997e-02,0.000000000000000000e+00,1.000000000000000000e+00,2.131497859825688124e-01
3.069999999999999929e+01,2.499395608901977539e-02,6.000869750976562528e-02,0.000000000000000000e+00,1.000000000000000000e+00,2.106270129772765953e-01
3.071999999999999886e+01,2.499403059482574463e-02,6.000889062881469699e-02,0.000000000000000000e+00,1.000000000000000000e+00,2.083845224927980966e-01
3.074000000000000199e+01,2.499437928199768275e-02,6.001036405563354298e-02,0.000000000000000000e+00,1.000000000000000000e+00,2.073452413681523276e-01
3.076000000000000156e+01,2.499426901340484619e-02,6.000962018966674721e-02,0.000000000000000000e+00,1.000000000000000000e+00,2.081359900348951630e-01
3.078000000000000114e+01,2.499407827854156772e-02,6.000743150711059654e-02,0.000000000000000000e+00,1.000000000000000000e+00,2.109863010737344224e-01
3.080000000000000071e+01,2.499397248029709001e-02,6.000475645065307673e-02,0.000000000000000000e+00,1.000000000000000000e+00,2.156732096156913359e-01
3.082000000000000028e+01,2.499397099018096924e-02,6.000336170196533120e-02,0.000000000000000000e+00,1.000000000000000000e+00,2.214021967967113869e-01
3.083999999999999986e+01,2.499408125877380579e-02,5.999972462654113575e-02,0.000000000000000000e+00,1.000000000000000000e+00,2.269101358103725041e-01
3.085999999999999943e+01,2.499430328607559273e-02,5.999546527862548856e-02,0.000000000000000000e+00,1.000000000000000000e+00,2.309334133968737046e-01
3.087999999999999901e+01,2.499403059482574463e-02,5.999988198280334362e-02,0.000000000000000000e+00,1.000000000000000000e+00,2.327108332595800577e-01
3.090000000000000213e+01,2.499395459890365809e-02,6.000121593475341714e-02,0.000000000000000000e+00,1.000000000000000000e+00,2.322178977239083286e-01
3.092000000000000171e+01,2.499406486749649117e-02,5.999831914901733454e-02,0.000000000000000000e+00,1.000000000000000000e+00,2.301533300708392404e-01
3.094000000000000128e+01,2.499408870935440272e-02,5.999677062034606406e-02,0.000000000000000000e+00,1.000000000000000000e+00,2.276767892249688952e-01
3.096000000000000085e+01,2.499408870935440272e-02,5.999603748321533092e-02,0.000000000000000000e+00,1.000000000000000000e+00,2.259130974816306314e-01
3.098000000000000043e+01,2.499408721923828194e-02,5.999393105506897056e-02,0.000000000000000000e+00,1.000000000000000000e+00,2.255341522789492126e-01
3.100000000000000000e+01,2.499413937330246041e-02,5.999098420143127164e-02,0.000000000000000000e+00,1.000000000000000000e+00,2.266451593565522171e-01
3.101999999999999957e+01,2.499400824308395386e-02,5.999345898628234697e-02,0.000000000000000000e+00,1.000000000000000000e+00,2.287955796040850587e-01
3.103999999999999915e+01,2.499368339776993075e-02,5.999653816223144559e-02,0.000000000000000000e+00,1.000000000000000000e+00,2.310049161300479492e-01
3.106000000000000227e+01,2.499327361583709994e-02,5.999878048896789551e-02,0.000000000000000000e+00,1.000000000000000000e+00,2.321497116742156364e-01
3.108000000000000185e+01,2.499403506517410348e-02,5.999636292457580233e-02,0.000000000000000000e+00,1.000000000000000000e+00,2.317778873125206363e-01
3.110000000000000142e+01,2.499364018440246651e-02,5.999696373939514271e-02,0.000000000000000000e+00,1.000000000000000000e+00,2.303897205005994431e-01
3.112000000000000099e+01,2.499357759952545305e-02,5.999696016311645286e-02,0.000000000000000000e+00,1.000000000000000000e+00,2.287980497001072533e-01
3.114000000000000057e+01,2.499355375766754150e-02,5.999688863754272516e-02,0.000000000000000000e+00,1.000000000000000000e+00,2.275090176769762884e-01
3.116000000000000014e+01,2.499351054430008073e-02,5.999737501144408736e-02,0.000000000000000000e+00,1.000000000000000000e+00,2.266179129139594406e-01
3.117999999999999972e+01,2.499385923147201538e-02,5.999693512916564470e-02,0.000000000000000000e+00,1.000000000000000000e+00,2.260018710661630403e-01
3.119999999999999929e+01,2.499387562274933000e-02,5.999694585800170732e-02,0.000000000000000000e+00,1.000000000000000000e+00,2.255694799450077837e-01
3.122000000000000242e+01,2.499348819255828996e-02,5.999602317810058538e-02,0.000000000000000000e+00,1.000000000000000000e+00,2.253574494124541139e-01
3.124000000000000199e+01,2.499320656061172763e-02,5.999459266662597601e-02,0.000000000000000000e+00,1.000000000000000000e+00,2.253891713169763888e-01
3.126000000000000156e+01,2.499316185712814609e-02,5.999393463134765347e-02,0.000000000000000000e+00,1.000000000000000000e+00,2.254692837836978769e-01
3.128000000000000114e+01,2.499314099550247262e-02,5.999436020851135060e-02,0.000000000000000000e+00,1.000000000000000000e+00,2.251469972713329992e-01
3.130000000000000071e+01,2.499363124370575229e-02,5.999197483062743835e-02,0.000000000000000000e+00,1.000000000000000000e+00,2.239971977608271603e-01
3.132000000000000028e+01,2.499291002750396798e-02,5.999313354492187556e-02,0.000000000000000000e+00,1.000000000000000000e+00,2.220800325225633920e-01
3.133999999999999986e+01,2.499344646930694649e-02,5.999330520629882896e-02,0.000000000000000000e+00,1.000000000000000000e+00,2.200393249665685280e-01
3.135999999999999943e+01,2.499373704195022652e-02,5.999391674995421808e-02,0.000000000000000000e+00,1.000000000000000000e+00,2.186760653307881497e-01
3.137999999999999901e+01,2.499402761459350655e-02,5.999517917633056391e-02,0.000000000000000000e+00,1.000000000000000000e+00,2.185273985394216023e-01
3.140000000000000213e+01,2.499412596225738734e-02,5.999597311019896906e-02,0.000000000000000000e+00,1.000000000000000000e+00,2.197360896592557011e-01
3.142000000000000171e+01,2.499416917562484811e-02,5.999668836593627375e-02,0.000000000000000000e+00,1.000000000000000000e+00,2.220512364569507402e-01
3.144000000000000128e+01,2.499423474073410312e-02,5.999998569488525224e-02,0.000000000000000000e+00,1.000000000000000000e+00,2.248690925966842780e-01
3.146000000000000085e+01,2.499425858259201119e-02,5.999589443206786860e-02,0.000000000000000000e+00,1.000000000000000000e+00,2.273526672727471110e-01
3.148000000000000043e+01,2.499432265758514543e-02,5.999156355857848677e-02,0.000000000000000000e+00,1.000000000000000000e+00,2.286121304298177059e-01
3.150000000000000000e+01,2.499431818723678658e-02,5.999212861061095636e-02,0.000000000000000000e+00,1.000000000000000000e+00,2.279391072290993525e-01
3.151999999999999957e+01,2.499431967735290736e-02,5.999232172966003501e-02,0.000000000000000000e+00,1.000000000000000000e+00,2.251749039722824586e-01
3.153999999999999915e+01,2.499433606863021851e-02,5.999291896820067860e-02,0.000000000000000000e+00,1.000000000000000000e+00,2.210476219973691592e-01
3.156000000000000227e+01,2.499456256628036777e-02,5.999886989593505859e-02,0.000000000000000000e+00,1.000000000000000000e+00,2.169485888685444008e-01
3.158000000000000185e+01,2.499448508024215698e-02,5.999658465385436512e-02,0.000000000000000000e+00,1.000000000000000000e+00,2.141512926149438667e-01
3.160000000000000142e+01,2.499453723430633545e-02,5.999972105026244590e-02,0.000000000000000000e+00,1.000000000000000000e+00,2.132944619835870637e-01
3.162000000000000099e+01,2.499451935291290353e-02,6.000131607055663591e-02,0.000000000000000000e+00,1.000000000000000000e+00,2.144256230720344991e-01
3.164000000000000057e+01,2.499406337738037387e-02,6.001069307327270425e-02,0.000000000000000000e+00,1.000000000000000000e+00,2.171060589381539063e-01
3.166000000000000014e+01,2.499453723430633545e-02,6.000570058822631697e-02,0.000000000000000000e+00,1.000000000000000000e+00,2.203814921903942958e-01
3.167999999999999972e+01,2.499478012323379586e-02,6.000409841537475419e-02,0.000000000000000000e+00,1.000000000000000000e+00,2.230908228097489843e-01
3.169999999999999929e+01,2.499499768018722742e-02,6.000313282012939564e-02,0.000000000000000000e+00,1.000000000000000000e+00,2.246178086636893556e-01
3.172000000000000242e+01,2.499446868896484583e-02,6.000476360321044950e-02,0.000000000000000000e+00,1.000000000000000000e+00,2.251651682016808098e-01
3.174000000000000199e+01,2.499470114707946777e-02,6.000423431396484375e-02,0.000000000000000000e+00,1.000000000000000000e+00,2.252546576981911963e-01
3.176000000000000156e+01,2.499452829360962122e-02,6.000471353530883317e-02,0.000000000000000000e+00,1.000000000000000000e+00,2.252411151355358521e-01
3.178000000000000114e+01,2.499465942382812778e-02,6.000514268875122015e-02,0.000000000000000000e+00,1.000000000000000000e+00,2.252454508490911167e-01
3.180000000000000071e+01,2.499486804008484164e-02,6.000562906265258234e-02,0.000000000000000000e+00,1.000000000000000000e+00,2.253416587475536859e-01
3.182000000000000028e+01,2.499501556158065935e-02,6.000610828399657870e-02,0.000000000000000000e+00,1.000000000000000000e+00,2.257109353360205739e-01
3.183999999999999986e+01,2.499449849128723353e-02,6.000351905822753906e-02,0.000000000000000000e+00,1.000000000000000000e+00,2.265784505854817055e-01
3.185999999999999943e+01,2.499454766511917392e-02,6.000394105911254633e-02,0.000000000000000000e+00,1.000000000000000000e+00,2.280108862636196498e-01
3.187999999999999901e+01,2.499439120292663852e-02,6.000031471252441351e-02,0.000000000000000000e+00,1.000000000000000000e+00,2.297610452529061376e-01
3.190000000000000213e+01,2.499441653490066736e-02,5.999937057495116632e-02,0.000000000000000000e+00,1.000000000000000000e+00,2.312911595166020351e-01
3.192000000000000171e+01,2.499437034130096505e-02,5.999981403350829884e-02,0.000000000000000000e+00,1.000000000000000000e+00,2.320685457571793342e-01
3.194000000000000128e+01,2.499449104070663660e-02,5.999924540519713939e-02,0.000000000000000000e+00,1.000000000000000000e+00,2.319681496277267163e-01
3.196000000000000085e+01,2.499408572912216464e-02,6.000020027160644226e-02,0.000000000000000000e+00,1.000000000000000000e+00,2.313425954032808651e-01
3.198000000000000043e+01,2.499414980411529541e-02,6.000016450881957841e-02,0.000000000000000000e+00,1.000000000000000000e+00,2.306998712672740093e-01
3.200000000000000000e+01,2.499471306800842355e-02,6.000087976455688310e-02,0.000000000000000000e+00,1.000000000000000000e+00,2.303887773108034831e-01
3.202000000000000313e+01,2.499499171972274780e-02,6.000195980072021290e-02,0.000000000000000000e+00,1.000000000000000000e+00,2.305075049638887763e-01
3.203999999999999915e+01,2.499519586563110629e-02,6.000372648239135631e-02,0.000000000000000000e+00,1.000000000000000000e+00,2.309529918838587048e-01
3.206000000000000227e+01,2.499522417783737321e-02,6.000424146652221652e-02,0.000000000000000000e+00,1.000000000000000000e+00,2.314756466393839418e-01
3.207999999999999829e+01,2.499513924121856898e-02,6.000209569931030246e-02,0.000000000000000000e+00,1.000000000000000000e+00,2.316609596165287999e-01
3.210000000000000142e+01,2.499509006738662859e-02,6.000115871429442804e-02,0.000000000000000000e+00,1.000000000000000000e+00,2.308878790745691745e-01
3.211999999999999744e+01,2.499503344297409127e-02,6.000046491622924860e-02,0.000000000000000000e+00,1.000000000000000000e+00,2.284785009267596700e-01
3.214000000000000057e+01,2.499535977840423862e-02,6.000366926193237416e-02,0.000000000000000000e+00,1.000000000000000000e+00,2.242270776473530847e-01
3.216000000000000369e+01,2.499462068080902238e-02,5.999664545059203713e-02,0.000000000000000000e+00,1.000000000000000000e+00,2.189277556660913227e-01
3.217999999999999972e+01,2.499463409185409546e-02,5.999679565429687222e-02,0.000000000000000000e+00,1.000000000000000000e+00,2.140468154848546023e-01
3.220000000000000284e+01,2.499397695064544886e-02,5.998696088790893277e-02,0.000000000000000000e+00,1.000000000000000000e+00,2.107663773272291097e-01
3.221999999999999886e+01,2.499411404132843156e-02,5.999090194702148132e-02,0.000000000000000000e+00,1.000000000000000000e+00,2.095593046274024651e-01
3.224000000000000199e+01,2.499410957098007272e-02,5.999353766441344743e-02,0.000000000000000000e+00,1.000000000000000000e+00,2.103577349324321499e-01
3.225999999999999801e+01,2.499459534883499354e-02,5.998193621635436457e-02,0.000000000000000000e+00,1.000000000000000000e+00,2.126408009404525123e-01
3.228000000000000114e+01,2.499423027038574427e-02,5.998618483543395608e-02,0.000000000000000000e+00,1.000000000000000000e+00,2.154150318642925888e-01
3.229999999999999716e+01,2.499442100524902621e-02,5.998476505279540932e-02,0.000000000000000000e+00,1.000000000000000000e+00,2.176085649859738347e-01
3.232000000000000028e+01,2.499427497386932581e-02,5.998555898666381447e-02,0.000000000000000000e+00,1.000000000000000000e+00,2.187279430605966191e-01
3.234000000000000341e+01,2.499396651983261386e-02,5.998692154884337907e-02,0.000000000000000000e+00,1.000000000000000000e+00,2.189496340816255993e-01
3.235999999999999943e+01,2.499450147151947160e-02,5.998445749282836637e-02,0.000000000000000000e+00,1.000000000000000000e+00,2.186804353578566118e-01
3.238000000000000256e+01,2.499443292617797852e-02,5.998531222343444352e-02,0.000000000000000000e+00,1.000000000000000000e+00,2.182470208800296463e-01
3.239999999999999858e+01,2.499433457851410120e-02,5.998451828956603837e-02,0.000000000000000000e+00,1.000000000000000000e+00,2.179072021551985427e-01
3.242000000000000171e+01,2.499406337738037387e-02,5.998318791389464777e-02,0.000000000000000000e+00,1.000000000000000000e+00,2.179629532150898497e-01
3.243999999999999773e+01,2.499439120292663852e-02,5.998496532440185380e-02,0.000000000000000000e+00,1.000000000000000000e+00,2.187489201602867417e-01
3.246000000000000085e+01,2.499497979879379550e-02,5.998935699462890070e-02,0.000000000000000000e+00,1.000000000000000000e+00,2.204888039123501509e-01
3.248000000000000398e+01,2.499538064002990861e-02,5.999432802200316966e-02,0.000000000000000000e+00,1.000000000000000000e+00,2.231489717748078860e-01
3.250000000000000000e+01,2.499545216560363978e-02,5.999678850173949946e-02,0.000000000000000000e+00,1.000000000000000000e+00,2.263696900080283403e-01
3.252000000000000313e+01,2.499546557664871285e-02,5.999609827995300293e-02,0.000000000000000000e+00,1.000000000000000000e+00,2.295555487604853950e-01
3.253999999999999915e+01,2.499552965164184709e-02,5.999512553215026467e-02,0.000000000000000000e+00,1.000000000000000000e+00,2.321719924595115059e-01
3.256000000000000227e+01,2.499548047780990670e-02,5.999556899070739718e-02,0.000000000000000000e+00,1.000000000000000000e+00,2.340223793127426399e-01
3.257999999999999829e+01,2.499545216560363978e-02,5.999575495719909612e-02,0.000000000000000000e+00,1.000000000000000000e+00,2.352167191310501337e-01
3.260000000000000142e+01,2.499571144580841134e-02,5.999435663223266074e-02,0.000000000000000000e+00,1.000000000000000000e+00,2.359392759970723730e-01
3.261999999999999744e+01,2.499586194753647059e-02,5.999357342720031822e-02,0.000000000000000000e+00,1.000000000000000000e+00,2.363157072850304852e-01
3.264000000000000057e+01,2.499590665102005213e-02,5.999329090118407648e-02,0.000000000000000000e+00,1.000000000000000000e+00,2.364556925740772531e-01
3.266000000000000369e+01,2.499586641788482944e-02,5.999364495277404591e-02,0.000000000000000000e+00,1.000000000000000000e+00,2.365114830673457624e-01
3.267999999999999972e+01,2.499591261148452828e-02,5.999327301979064803e-02,0.000000000000000000e+00,1.000000000000000000e+00,2.365887511269657018e-01
3.270000000000000284e+01,2.499593198299408098e-02,5.999320864677429310e-02,0.000000000000000000e+00,1.000000000000000000e+00,2.365417538910334350e-01
3.271999999999999886e+01,2.499578446149826327e-02,5.999326229095458540e-02,0.000000000000000000e+00,1.000000000000000000e+00,2.358343575982295992e-01
3.274000000000000199e+01,2.499560713768005440e-02,5.999304771423339538e-02,0.000000000000000000e+00,1.000000000000000000e+00,2.337146776911191437e-01
3.275999999999999801e+01,2.499613016843795985e-02,5.999433875083923229e-02,0.000000000000000000e+00,1.000000000000000000e+00,2.298775887714443467e-01
3.278000000000000114e+01,2.499702572822570801e-02,5.999776840209961049e-02,0.000000000000000000e+00,1.000000000000000000e+00,2.250690661405032322e-01
3.279999999999999716e+01,2.499677985906600952e-02,5.999636650085449219e-02,0.000000000000000000e+00,1.000000000000000000e+00,2.206584761000558448e-01
3.282000000000000028e+01,2.499597221612930367e-02,5.998917460441589161e-02,0.000000000000000000e+00,1.000000000000000000e+00,2.176764537051924242e-01
3.284000000000000341e+01,2.499611675739288330e-02,5.999159932136535756e-02,0.000000000000000000e+00,1.000000000000000000e+00,2.164850807827626011e-01
3.285999999999999943e+01,2.499607205390930176e-02,5.998772263526916393e-02,0.000000000000000000e+00,1.000000000000000000e+00,2.169092153400690448e-01
3.288000000000000256e+01,2.499596774578094482e-02,5.999083399772643654e-02,0.000000000000000000e+00,1.000000000000000000e+00,2.182791681523098271e-01
3.289999999999999858e+01,2.499608248472214023e-02,5.998937487602233609e-02,0.000000000000000000e+00,1.000000000000000000e+00,2.195516441111741990e-01
3.292000000000000171e+01,2.499521821737289706e-02,5.999650955200194757e-02,0.000000000000000000e+00,1.000000000000000000e+00,2.198257368327640182e-01
3.293999999999999773e+01,2.499517947435379167e-02,5.999675631523131852e-02,0.000000000000000000e+00,1.000000000000000000e+00,2.188233900834692935e-01
3.296000000000000085e+01,2.499489486217498779e-02,5.999840497970580777e-02,0.000000000000000000e+00,1.000000000000000000e+00,2.168113197335757303e-01
3.298000000000000398e+01,2.499511837959289551e-02,5.999669909477233637e-02,0.000000000000000000e+00,1.000000000000000000e+00,2.142630005726482989e-01
3.300000000000000000e+01,2.499517351388931552e-02,5.999327659606933094e-02,0.000000000000000000e+00,1.000000000000000000e+00,2.116950471440700587e-01
3.302000000000000313e+01,2.499519139528274744e-02,5.999346256256102988e-02,0.000000000000000000e+00,1.000000000000000000e+00,2.096515440051820445e-01
3.303999999999999915e+01,2.499525547027588168e-02,5.999390959739684531e-02,0.000000000000000000e+00,1.000000000000000000e+00,2.086396544523180241e-01
3.306000000000000227e+01,2.499545812606811593e-02,5.999545812606811579e-02,0.000000000000000000e+00,1.000000000000000000e+00,2.089978061775083218e-01
3.307999999999999829e+01,2.499532401561737130e-02,5.999404549598693487e-02,0.000000000000000000e+00,1.000000000000000000e+00,2.108000479382386161e-01
3.310000000000000142e+01,2.499511688947677820e-02,5.999024391174315879e-02,0.000000000000000000e+00,1.000000000000000000e+00,2.138125894295711538e-01
3.311999999999999744e+01,2.499504238367080897e-02,5.998522281646728044e-02,0.000000000000000000e+00,1.000000000000000000e+00,2.175087529015262700e-01
3.314000000000000057e+01,2.499500662088394165e-02,5.998696804046630554e-02,0.000000000000000000e+00,1.000000000000000000e+00,2.212473954104691720e-01
3.316000000000000369e+01,2.499490678310394356e-02,5.998906016349792036e-02,0.000000000000000000e+00,1.000000000000000000e+00,2.245728829658815984e-01
3.317999999999999972e+01,2.499505430459976474e-02,5.998672127723693459e-02,0.000000000000000000e+00,1.000000000000000000e+00,2.273381121944494099e-01
3.320000000000000284e+01,2.499512881040573398e-02,5.998546242713927862e-02,0.000000000000000000e+00,1.000000000000000000e+00,2.295528780876712749e-01
3.321999999999999886e+01,2.499518543481826782e-02,5.998387455940246138e-02,0.000000000000000000e+00,1.000000000000000000e+00,2.312224021237495319e-01
3.324000000000000199e+01,2.499519139528274744e-02,5.997988343238830344e-02,0.000000000000000000e+00,1.000000000000000000e+00,2.323892661187380304e-01
3.325999999999999801e+01,2.499520182609558244e-02,5.998032331466674610e-02,0.000000000000000000e+00,1.000000000000000000e+00,2.332831890159633159e-01
3.328000000000000114e+01,2.499525547027588168e-02,5.998225092887878029e-02,0.000000000000000000e+00,1.000000000000000000e+00,2.343014063008132253e-01
3.329999999999999716e+01,2.499525249004364014e-02,5.998173236846923717e-02,0.000000000000000000e+00,1.000000000000000000e+00,2.357526757278985141e-01
3.332000000000000028e+01,2.499538362026214669e-02,5.997847795486450223e-02,0.000000000000000000e+00,1.000000000000000000e+00,2.375726675061235194e-01
3.334000000000000341e+01,2.499543279409408708e-02,5.997807025909423356e-02,0.000000000000000000e+00,1.000000000000000000e+00,2.391640614178841828e-01
3.335999999999999943e+01,2.499490380287170549e-02,5.998001217842102023e-02,0.000000000000000000e+00,1.000000000000000000e+00,2.395578556720219521e-01
3.338000000000000256e+01,2.499381750822067538e-02,5.998133182525634821e-02,0.000000000000000000e+00,1.000000000000000000e+00,2.381554494872509808e-01
3.339999999999999858e+01,2.499368041753768921e-02,5.998124599456786804e-02,0.000000000000000000e+00,1.000000000000000000e+00,2.354486841249421314e-01
3.342000000000000171e+01,2.499414086341858118e-02,5.998237609863280723e-02,0.000000000000000000e+00,1.000000000000000000e+00,2.326337965242410988e-01
3.343999999999999773e+01,2.499506920576095859e-02,5.998698949813842385e-02,0.000000000000000000e+00,1.000000000000000000e+00,2.306786245471107999e-01
3.346000000000000085e+01,2.499553710222244401e-02,5.999164223670959417e-02,0.000000000000000000e+00,1.000000000000000000e+00,2.299368790992930012e-01
3.348000000000000398e+01,2.499554753303527901e-02,5.999196410179138267e-02,0.000000000000000000e+00,1.000000000000000000e+00,2.301754900620831823e-01
3.350000000000000000e+01,2.499556541442871094e-02,5.999120950698852428e-02,0.000000000000000000e+00,1.000000000000000000e+00,2.306605464732646715e-01
3.352000000000000313e+01,2.499562352895736903e-02,5.999040484428405651e-02,0.000000000000000000e+00,1.000000000000000000e+00,2.304234960972553758e-01
3.353999999999999915e+01,2.499554753303527901e-02,5.999107718467712458e-02,0.000000000000000000e+00,1.000000000000000000e+00,2.287351719034294295e-01
3.356000000000000227e+01,2.499510496854782243e-02,5.999427795410156028e-02,0.000000000000000000e+00,1.000000000000000000e+00,2.254011074449554231e-01
3.357999999999999829e+01,2.499477416276931971e-02,5.999683499336242593e-02,0.000000000000000000e+00,1.000000000000000000e+00,2.207122605381291458e-01
3.360000000000000142e+01,2.499478757381439278e-02,5.999663114547729159e-02,0.000000000000000000e+00,1.000000000000000000e+00,2.153066139134972301e-01
3.361999999999999744e+01,2.499482333660126010e-02,5.999771833419799416e-02,0.000000000000000000e+00,1.000000000000000000e+00,2.100517080405246706e-01
3.364000000000000057e+01,2.499462515115738123e-02,5.999577641487121443e-02,0.000000000000000000e+00,1.000000000000000000e+00,2.058252180616432225e-01
3.366000000000000369e+01,2.499493956565856934e-02,5.999846220016478993e-02,0.000000000000000000e+00,1.000000000000000000e+00,2.032394672007588887e-01
3.367999999999999972e+01,2.499457895755767892e-02,5.999473929405212125e-02,0.000000000000000000e+00,1.000000000000000000e+00,2.025201634711315535e-01
3.370000000000000284e+01,2.499468773603439470e-02,5.999646663665771096e-02,0.000000000000000000e+00,1.000000000000000000e+00,2.035403963647440806e-01
3.371999999999999886e+01,2.499467134475708008e-02,5.999586224555968766e-02,0.000000000000000000e+00,1.000000000000000000e+00,2.058602342625400761e-01
3.374000000000000199e+01,2.499467432498932162e-02,5.999523639678954606e-02,0.000000000000000000e+00,1.000000000000000000e+00,2.088115775141286823e-01
3.375999999999999801e+01,2.499464601278305123e-02,5.999617338180542048e-02,0.000000000000000000e+00,1.000000000000000000e+00,2.117619503726069496e-01
3.378000000000000114e+01,2.499444037675857544e-02,6.000132322311400868e-02,0.000000000000000000e+00,1.000000000000000000e+00,2.143765225590912038e-01
3.379999999999999716e+01,2.499440610408783237e-02,6.000247478485107311e-02,0.000000000000000000e+00,1.000000000000000000e+00,2.165849326361449778e-01
3.382000000000000028e+01,2.499439865350723544e-02,5.999892354011535089e-02,0.000000000000000000e+00,1.000000000000000000e+00,2.183772362478995366e-01
3.384000000000000341e+01,2.499452829360962122e-02,6.000203847885131336e-02,0.000000000000000000e+00,1.000000000000000000e+00,2.197535713551764802e-01
3.385999999999999943e+01,2.499486953020095895e-02,6.000698804855346402e-02,0.000000000000000000e+00,1.000000000000000000e+00,2.208915136206691110e-01
3.388000000000000256e+01,2.499492019414902011e-02,6.000767469406127763e-02,0.000000000000000000e+00,1.000000000000000000e+00,2.222580125411107443e-01
3.389999999999999858e+01,2.499500513076782435e-02,6.000909805297851424e-02,0.000000000000000000e+00,1.000000000000000000e+00,2.244250386651103768e-01
3.392000000000000171e+01,2.499514967203140398e-02,6.001389741897582980e-02,0.000000000000000000e+00,1.000000000000000000e+00,2.277643253053500960e-01
3.393999999999999773e+01,2.499512135982513705e-02,6.001671552658080500e-02,0.000000000000000000e+00,1.000000000000000000e+00,2.322203399906682675e-01
3.396000000000000085e+01,2.499501854181289742e-02,6.001836776733398410e-02,0.000000000000000000e+00,1.000000000000000000e+00,2.371043941528208354e-01
3.398000000000000398e+01,2.499486356973648279e-02,6.001954078674315990e-02,0.000000000000000000e+00,1.000000000000000000e+00,2.411388720338123737e-01
3.400000000000000000e+01,2.499496489763260165e-02,6.001912593841552540e-02,0.000000000000000000e+00,1.000000000000000000e+00,2.432471667515686831e-01
3.402000000000000313e+01,2.499539852142334054e-02,6.001825332641601285e-02,0.000000000000000000e+00,1.000000000000000000e+00,2.434830767748577263e-01
3.403999999999999915e+01,2.499563097953796595e-02,6.001819610595703069e-02,0.000000000000000000e+00,1.000000000000000000e+00,2.428103892400744479e-01
3.406000000000000227e+01,2.499579787254333635e-02,6.001847505569457564e-02,0.000000000000000000e+00,1.000000000000000000e+00,2.421818472965106550e-01
3.407999999999999829e+01,2.499632835388183871e-02,6.002098560333251481e-02,0.000000000000000000e+00,1.000000000000000000e+00,2.420339102195882552e-01
3.410000000000000142e+01,2.499648034572601527e-02,6.002305984497070118e-02,0.000000000000000000e+00,1.000000000000000000e+00,2.422493101681478245e-01
3.411999999999999744e+01,2.499653846025466988e-02,6.001724481582641074e-02,0.000000000000000000e+00,1.000000000000000000e+00,2.422953721833583374e-01
3.414000000000000057e+01,2.499658614397048950e-02,6.001656532287597684e-02,0.000000000000000000e+00,1.000000000000000000e+00,2.414569822754386585e-01
3.416000000000000369e+01,2.499686330556869646e-02,6.001408338546752874e-02,0.000000000000000000e+00,1.000000000000000000e+00,2.390933163407572282e-01
3.417999999999999972e+01,2.499696761369705339e-02,6.001320362091064342e-02,0.000000000000000000e+00,1.000000000000000000e+00,2.348363382587380643e-01
3.420000000000000284e+01,2.499690949916839877e-02,6.001401901245116688e-02,0.000000000000000000e+00,1.000000000000000000e+00,2.287834668160840801e-01
3.421999999999999886e+01,2.499690502882003992e-02,6.001381158828734963e-02,0.000000000000000000e+00,1.000000000000000000e+00,2.216618267552259158e-01
3.424000000000000199e+01,2.499685436487197876e-02,6.001332521438598744e-02,0.000000000000000000e+00,1.000000000000000000e+00,2.146749016348940831e-01
3.425999999999999801e+01,2.499708831310272494e-02,6.001518487930297685e-02,0.000000000000000000e+00,1.000000000000000000e+00,2.089590668111172833e-01
3.428000000000000114e+01,2.499680966138839722e-02,6.001256704330443920e-02,0.000000000000000000e+00,1.000000000000000000e+00,2.051374444095248328e-01
3.430000000000000426e+01,2.499679625034332414e-02,6.001237392425536749e-02,0.000000000000000000e+00,1.000000000000000000e+00,2.032984142887289403e-01
3.432000000000000028e+01,2.499683201313018799e-02,6.001358985900878684e-02,0.000000000000000000e+00,1.000000000000000000e+00,2.031528794588488285e-01
3.434000000000000341e+01,2.499683201313018799e-02,6.001363992691039623e-02,0.000000000000000000e+00,1.000000000000000000e+00,2.041330652541461510e-01
3.435999999999999943e+01,2.499693930149078647e-02,6.001112222671508428e-02,0.000000000000000000e+00,1.000000000000000000e+00,2.055493112808916278e-01
3.438000000000000256e+01,2.499694228172302454e-02,6.001107215881347490e-02,0.000000000000000000e+00,1.000000000000000000e+00,2.068789183188948499e-01
3.439999999999999858e+01,2.499687671661376953e-02,6.001250982284545704e-02,0.000000000000000000e+00,1.000000000000000000e+00,2.079042395490968698e-01
3.442000000000000171e+01,2.499687820672989030e-02,6.001311779022216325e-02,0.000000000000000000e+00,1.000000000000000000e+00,2.085664753381447356e-01
3.443999999999999773e+01,2.499691843986511300e-02,6.001369714736938532e-02,0.000000000000000000e+00,1.000000000000000000e+00,2.088289804839849884e-01
3.446000000000000085e+01,2.499699592590332031e-02,6.001436233520507368e-02,0.000000000000000000e+00,1.000000000000000000e+00,2.087918350783648791e-01
3.448000000000000398e+01,2.499704211950302263e-02,6.001472711563109880e-02,0.000000000000000000e+00,1.000000000000000000e+00,2.089013912572325327e-01
3.450000000000000000e+01,2.499658167362213412e-02,6.001063585281371515e-02,0.000000000000000000e+00,1.000000000000000000e+00,2.098750472774962017e-01
3.452000000000000313e+01,2.499648183584213257e-02,6.000943422317504827e-02,0.000000000000000000e+00,1.000000000000000000e+00,2.123674043640282616e-01
3.453999999999999915e+01,2.499657124280929565e-02,6.001132965087890153e-02,0.000000000000000000e+00,1.000000000000000000e+00,2.167516330870184194e-01
3.456000000000000227e+01,2.499645948410034180e-02,5.999684572219848161e-02,0.000000000000000000e+00,1.000000000000000000e+00,2.229799333268043804e-01
3.457999999999999829e+01,2.499633878469467371e-02,6.000026464462279718e-02,0.000000000000000000e+00,1.000000000000000000e+00,2.303003106020627133e-01
3.460000000000000142e+01,2.499622851610183716e-02,6.000160217285156056e-02,0.000000000000000000e+00,1.000000000000000000e+00,2.371955754648337189e-01
3.461999999999999744e+01,2.499674260616302490e-02,5.999790072441101019e-02,0.000000000000000000e+00,1.000000000000000000e+00,2.421815516229333942e-01
3.464000000000000057e+01,2.499713897705078264e-02,5.999602317810058538e-02,0.000000000000000000e+00,1.000000000000000000e+00,2.448425707561303899e-01
3.466000000000000369e+01,2.499724477529526034e-02,5.999569058418273426e-02,0.000000000000000000e+00,1.000000000000000000e+00,2.458069376503971559e-01
3.467999999999999972e+01,2.499708086252212802e-02,5.999599456787109431e-02,0.000000000000000000e+00,1.000000000000000000e+00,2.459637479684398109e-01
3.470000000000000284e+01,2.499718517065048495e-02,5.999594092369079507e-02,0.000000000000000000e+00,1.000000000000000000e+00,2.459300181451172240e-01
3.471999999999999886e+01,2.499703019857406686e-02,5.999568700790405135e-02,0.000000000000000000e+00,1.000000000000000000e+00,2.459481077123767678e-01
3.474000000000000199e+01,2.499702274799346993e-02,5.999554395675658902e-02,0.000000000000000000e+00,1.000000000000000000e+00,2.459455767386381497e-01
3.475999999999999801e+01,2.499698698520660609e-02,5.999579429626464289e-02,0.000000000000000000e+00,1.000000000000000000e+00,2.455777238387644723e-01
3.478000000000000114e+01,2.499696314334869454e-02,5.999589800834655845e-02,0.000000000000000000e+00,1.000000000000000000e+00,2.442467286652399705e-01
3.480000000000000426e+01,2.499696463346481531e-02,5.999586224555968766e-02,0.000000000000000000e+00,1.000000000000000000e+00,2.412504392475622317e-01
3.482000000000000028e+01,2.499691396951675415e-02,5.999570131301879689e-02,0.000000000000000000e+00,1.000000000000000000e+00,2.362364178119673586e-01
3.484000000000000341e+01,2.499681413173675606e-02,5.999542236328124500e-02,0.000000000000000000e+00,1.000000000000000000e+00,2.297282296884010644e-01
3.485999999999999943e+01,2.499683499336242953e-02,5.999549746513366255e-02,0.000000000000000000e+00,1.000000000000000000e+00,2.230091378741801134e-01
3.488000000000000256e+01,2.499680519104004184e-02,5.999534010887145469e-02,0.000000000000000000e+00,1.000000000000000000e+00,2.173149253494831845e-01
3.489999999999999858e+01,2.499680966138839722e-02,5.999537944793700839e-02,0.000000000000000000e+00,1.000000000000000000e+00,2.132625547972797908e-01
3.492000000000000171e+01,2.499675005674362183e-02,5.999404549598693487e-02,0.000000000000000000e+00,1.000000000000000000e+00,2.108817406801362648e-01
3.493999999999999773e+01,2.499672025442123413e-02,5.999569058418273426e-02,0.000000000000000000e+00,1.000000000000000000e+00,2.098270537866065710e-01
3.496000000000000085e+01,2.499679327011108607e-02,5.999476790428161233e-02,0.000000000000000000e+00,1.000000000000000000e+00,2.095432016814940679e-01
3.498000000000000398e+01,2.499648183584213257e-02,5.999710679054259810e-02,0.000000000000000000e+00,1.000000000000000000e+00,2.094856291275315752e-01
3.500000000000000000e+01,2.499655187129974643e-02,5.999667048454284529e-02,0.000000000000000000e+00,1.000000000000000000e+00,2.093226090082790369e-01
3.502000000000000313e+01,2.499657273292541643e-02,5.999648094177245650e-02,0.000000000000000000e+00,1.000000000000000000e+00,2.088961019328535174e-01
3.503999999999999915e+01,2.499657273292541643e-02,5.999648451805114635e-02,0.000000000000000000e+00,1.000000000000000000e+00,2.080556691759510579e-01
3.506000000000000227e+01,2.499700784683227608e-02,5.999849081039428794e-02,0.000000000000000000e+00,1.000000000000000000e+00,2.066872336656872533e-01
3.507999999999999829e+01,2.499646842479705949e-02,5.999626636505126648e-02,0.000000000000000000e+00,1.000000000000000000e+00,2.050018811247811545e-01
3.510000000000000142e+01,2.499607652425766061e-02,5.999437808990478599e-02,0.000000000000000000e+00,1.000000000000000000e+00,2.036990671265975217e-01
3.511999999999999744e+01,2.499607205390930176e-02,5.999434947967528797e-02,0.000000000000000000e+00,1.000000000000000000e+00,2.036604395026897496e-01
3.514000000000000057e+01,2.499588876962662021e-02,5.999269008636474304e-02,0.000000000000000000e+00,1.000000000000000000e+00,2.055472610581956794e-01
3.516000000000000369e+01,2.499615997076034754e-02,5.999684572219848161e-02,0.000000000000000000e+00,1.000000000000000000e+00,2.096830937601201483e-01
3.517999999999999972e+01,2.499610483646393100e-02,5.999444961547851368e-02,0.000000000000000000e+00,1.000000000000000000e+00,2.159602607542216168e-01
3.520000000000000284e+01,2.499622553586959908e-02,5.998703241348266046e-02,0.000000000000000000e+00,1.000000000000000000e+00,2.235702630855327666e-01
3.521999999999999886e+01,2.499594390392303675e-02,5.999230384826659962e-02,0.000000000000000000e+00,1.000000000000000000e+00,2.309885615888884192e-01
3.524000000000000199e+01,2.499688416719436646e-02,5.998166441917419239e-02,0.000000000000000000e+00,1.000000000000000000e+00,2.366751906643376480e-01
3.525999999999999801e+01,2.499671578407287875e-02,5.998308777809142900e-02,0.000000000000000000e+00,1.000000000000000000e+00,2.399265829357218327e-01
3.528000000000000114e+01,2.499701380729675571e-02,5.998092770576476940e-02,0.000000000000000000e+00,1.000000000000000000e+00,2.409984726577928948e-01
3.530000000000000426e+01,2.499678283929825107e-02,5.998259425163268710e-02,0.000000000000000000e+00,1.000000000000000000e+00,2.406642657448330169e-01
3.532000000000000028e+01,2.499685287475586146e-02,5.998195767402648981e-02,0.000000000000000000e+00,1.000000000000000000e+00,2.397982696616207665e-01
3.534000000000000341e+01,2.499674409627914567e-02,5.998372077941894337e-02,0.000000000000000000e+00,1.000000000000000000e+00,2.391287147861826112e-01
3.535999999999999943e+01,2.499672621488571375e-02,5.998457193374633761e-02,0.000000000000000000e+00,1.000000000000000000e+00,2.390700672008954086e-01
3.538000000000000256e+01,2.499672174453735490e-02,5.998485803604125532e-02,0.000000000000000000e+00,1.000000000000000000e+00,2.396015228926402230e-01
3.539999999999999858e+01,2.499668598175049106e-02,5.998564481735229464e-02,0.000000000000000000e+00,1.000000000000000000e+00,2.401977823097804776e-01
3.542000000000000171e+01,2.499665617942810336e-02,5.998589515686034851e-02,0.000000000000000000e+00,1.000000000000000000e+00,2.399169265292157849e-01
3.543999999999999773e+01,2.499685585498809953e-02,5.998515844345092551e-02,0.000000000000000000e+00,1.000000000000000000e+00,2.379093285941222269e-01
3.546000000000000085e+01,2.499652653932571411e-02,5.998558402061462264e-02,0.000000000000000000e+00,1.000000000000000000e+00,2.341965552765213343e-01
3.548000000000000398e+01,2.499620467424392908e-02,5.998541593551635215e-02,0.000000000000000000e+00,1.000000000000000000e+00,2.297579256522159774e-01
3.550000000000000000e+01,2.499621659517288486e-02,5.998544812202453308e-02,0.000000000000000000e+00,1.000000000000000000e+00,2.257096457902973696e-01
3.552000000000000313e+01,2.499614208936691562e-02,5.998493313789367287e-02,0.000000000000000000e+00,1.000000000000000000e+00,2.226568034302368326e-01
3.553999999999999915e+01,2.499613016843795985e-02,5.998387813568115123e-02,0.000000000000000000e+00,1.000000000000000000e+00,2.206609440990687510e-01
3.556000000000000227e+01,2.499611526727676600e-02,5.998400330543517817e-02,0.000000000000000000e+00,1.000000000000000000e+00,2.194454394399504293e-01
3.557999999999999829e+01,2.499623000621795793e-02,5.998361706733703475e-02,0.000000000000000000e+00,1.000000000000000000e+00,2.186319606607535493e-01
3.560000000000000142e+01,2.499615252017975062e-02,5.998371005058288075e-02,0.000000000000000000e+00,1.000000000000000000e+00,2.179544448868166451e-01
3.561999999999999744e+01,2.499616146087646484e-02,5.998371362686157060e-02,0.000000000000000000e+00,1.000000000000000000e+00,2.172840786551968884e-01
3.564000000000000057e+01,2.499617934226990024e-02,5.998378872871398815e-02,0.000000000000000000e+00,1.000000000000000000e+00,2.164565586944335873e-01
3.566000000000000369e+01,2.499617487192154139e-02,5.998381376266478937e-02,0.000000000000000000e+00,1.000000000000000000e+00,2.151638577760235094e-01
3.567999999999999972e+01,2.499642074108123987e-02,5.998369216918945229e-02,0.000000000000000000e+00,1.000000000000000000e+00,2.131497859825693675e-01
3.570000000000000284e+01,2.499693334102630685e-02,5.998428225517273005e-02,0.000000000000000000e+00,1.000000000000000000e+00,2.106270129772764566e-01
3.571999999999999886e+01,2.499686330556869646e-02,5.998410344123840388e-02,0.000000000000000000e+00,1.000000000000000000e+00,2.083845224927985684e-01
3.574000000000000199e+01,2.499635815620422641e-02,5.998196840286254550e-02,0.000000000000000000e+00,1.000000000000000000e+00,2.073452413681525497e-01
3.575999999999999801e+01,2.499570250511169711e-02,5.997756958007812583e-02,0.000000000000000000e+00,1.000000000000000000e+00,2.081359900348936920e-01
3.578000000000000114e+01,2.499500066041946550e-02,5.996954083442687655e-02,0.000000000000000000e+00,1.000000000000000000e+00,2.109863010737350608e-01
3.580000000000000426e+01,2.499481439590454240e-02,5.996485590934753224e-02,0.000000000000000000e+00,1.000000000000000000e+00,2.156732096156952494e-01
3.582000000000000028e+01,2.499481141567230433e-02,5.996134757995605358e-02,0.000000000000000000e+00,1.000000000000000000e+00,2.214021967967130522e-01
3.584000000000000341e+01,2.499481588602066318e-02,5.996119379997252863e-02,0.000000000000000000e+00,1.000000000000000000e+00,2.269101358103736976e-01
3.585999999999999943e+01,2.499518543481826782e-02,5.995408058166503545e-02,0.000000000000000000e+00,1.000000000000000000e+00,2.309334133968711789e-01
3.588000000000000256e+01,2.499488145112991472e-02,5.995901942253112349e-02,0.000000000000000000e+00,1.000000000000000000e+00,2.327108332595806406e-01
3.589999999999999858e+01,2.499469518661499162e-02,5.996231317520141213e-02,0.000000000000000000e+00,1.000000000000000000e+00,2.322178977239078845e-01
3.592000000000000171e+01,2.499456107616424699e-02,5.996584296226500910e-02,0.000000000000000000e+00,1.000000000000000000e+00,2.301533300708399898e-01
3.593999999999999773e+01,2.499458193778991699e-02,5.996448397636413435e-02,0.000000000000000000e+00,1.000000000000000000e+00,2.276767892249701719e-01
3.596000000000000085e+01,2.499458193778991699e-02,5.996515631675720243e-02,0.000000000000000000e+00,1.000000000000000000e+00,2.259130974816326576e-01
3.598000000000000398e+01,2.499458044767379969e-02,5.996265292167663602e-02,0.000000000000000000e+00,1.000000000000000000e+00,2.255341522789514053e-01
3.600000000000000000e+01,2.499450743198394775e-02,5.996675133705139243e-02,0.000000000000000000e+00,1.000000000000000000e+00,2.266451593565516620e-01
3.602000000000000313e+01,2.499466538429260393e-02,5.996374368667602150e-02,0.000000000000000000e+00,1.000000000000000000e+00,2.287955796040863077e-01
3.603999999999999915e+01,2.499478310346603394e-02,5.996262431144713800e-02,0.000000000000000000e+00,1.000000000000000000e+00,2.310049161300479492e-01
3.606000000000000227e+01,2.499434649944305697e-02,5.996501326560974010e-02,0.000000000000000000e+00,1.000000000000000000e+00,2.321497116742154976e-01
3.607999999999999829e+01,2.499348968267441073e-02,5.996773481369018638e-02,0.000000000000000000e+00,1.000000000000000000e+00,2.317778873125216355e-01
3.610000000000000142e+01,2.499352544546127458e-02,5.996768116950988714e-02,0.000000000000000000e+00,1.000000000000000000e+00,2.303897205005999704e-01
3.611999999999999744e+01,2.499362826347351074e-02,5.996768832206725991e-02,0.000000000000000000e+00,1.000000000000000000e+00,2.287980497001083635e-01
3.614000000000000057e+01,2.499391138553619385e-02,5.996852874755859153e-02,0.000000000000000000e+00,1.000000000000000000e+00,2.275090176769771211e-01
3.616000000000000369e+01,2.499397248029709001e-02,5.996783852577209500e-02,0.000000000000000000e+00,1.000000000000000000e+00,2.266179129139595239e-01
3.617999999999999972e+01,2.499402612447738925e-02,5.996777057647705023e-02,0.000000000000000000e+00,1.000000000000000000e+00,2.260018710661639563e-01
3.620000000000000284e+01,2.499354332685470650e-02,5.996744871139526173e-02,0.000000000000000000e+00,1.000000000000000000e+00,2.255694799450084498e-01
3.621999999999999886e+01,2.499378770589828769e-02,5.996803164482116671e-02,0.000000000000000000e+00,1.000000000000000000e+00,2.253574494124544747e-01
3.624000000000000199e+01,2.499392479658127039e-02,5.996872544288635309e-02,0.000000000000000000e+00,1.000000000000000000e+00,2.253891713169765276e-01
3.625999999999999801e+01,2.499389201402664462e-02,5.996824264526366688e-02,0.000000000000000000e+00,1.000000000000000000e+00,2.254692837836984043e-01
3.628000000000000114e+01,2.499392926692962924e-02,5.996744871139526173e-02,0.000000000000000000e+00,1.000000000000000000e+00,2.251469972713336098e-01
3.630000000000000426e+01,2.499375939369201730e-02,5.996827840805053766e-02,0.000000000000000000e+00,1.000000000000000000e+00,2.239971977608260501e-01
3.632000000000000028e+01,2.499367892742157191e-02,5.996840715408324751e-02,0.000000000000000000e+00,1.000000000000000000e+00,2.220800325225650573e-01
3.634000000000000341e+01,2.499347031116485804e-02,5.996833920478820273e-02,0.000000000000000000e+00,1.000000000000000000e+00,2.200393249665687778e-01
3.635999999999999943e+01,2.499291896820068568e-02,5.996718049049377247e-02,0.000000000000000000e+00,1.000000000000000000e+00,2.186760653307890656e-01
3.638000000000000256e+01,2.499245107173919678e-02,5.996515274047851257e-02,0.000000000000000000e+00,1.000000000000000000e+00,2.185273985394217411e-01
3.639999999999999858e+01,2.499223500490188599e-02,5.996341824531555009e-02,0.000000000000000000e+00,1.000000000000000000e+00,2.197360896592551460e-01
3.642000000000000171e+01,2.499213814735412598e-02,5.996185541152954102e-02,0.000000000000000000e+00,1.000000000000000000e+00,2.220512364569507402e-01
3.643999999999999773e+01,2.499221563339233676e-02,5.996576070785522572e-02,0.000000000000000000e+00,1.000000000000000000e+00,2.248690925966828902e-01
3.646000000000000085e+01,2.499219626188278406e-02,5.996919035911559698e-02,0.000000000000000000e+00,1.000000000000000000e+00,2.273526672727472497e-01
3.648000000000000398e+01,2.499223202466964791e-02,5.996678709983825628e-02,0.000000000000000000e+00,1.000000000000000000e+00,2.286121304298167900e-01
3.650000000000000000e+01,2.499224692583084176e-02,5.996494174003600547e-02,0.000000000000000000e+00,1.000000000000000000e+00,2.279391072291020448e-01
3.652000000000000313e+01,2.499223351478576868e-02,5.996347904205322210e-02,0.000000000000000000e+00,1.000000000000000000e+00,2.251749039722822088e-01
3.653999999999999915e+01,2.499216347932815829e-02,5.996101498603820246e-02,0.000000000000000000e+00,1.000000000000000000e+00,2.210476219973659395e-01
3.656000000000000227e+01,2.499223351478576868e-02,5.996285319328308050e-02,0.000000000000000000e+00,1.000000000000000000e+00,2.169485888685417085e-01
3.657999999999999829e+01,2.499217092990875522e-02,5.996100425720214677e-02,0.000000000000000000e+00,1.000000000000000000e+00,2.141512926149455320e-01
3.660000000000000142e+01,2.499223053455353061e-02,5.996459484100341575e-02,0.000000000000000000e+00,1.000000000000000000e+00,2.132944619835873967e-01
3.661999999999999744e+01,2.499223202466964791e-02,5.996440887451171681e-02,0.000000000000000000e+00,1.000000000000000000e+00,2.144256230720327228e-01
3.664000000000000057e+01,2.499238550662994524e-02,5.996124744415282787e-02,0.000000000000000000e+00,1.000000000000000000e+00,2.171060589381567374e-01
3.666000000000000369e+01,2.499219477176666329e-02,5.996326088905334223e-02,0.000000000000000000e+00,1.000000000000000000e+00,2.203814921903996527e-01
3.667999999999999972e+01,2.499291896820068568e-02,5.995849370956420760e-02,0.000000000000000000e+00,1.000000000000000000e+00,2.230908228097522317e-01
3.670000000000000284e+01,2.499337047338485995e-02,5.995649456977843877e-02,0.000000000000000000e+00,1.000000000000000000e+00,2.246178086636919369e-01
3.671999999999999886e+01,2.499385178089141846e-02,5.995501041412353016e-02,0.000000000000000000e+00,1.000000000000000000e+00,2.251651682016834188e-01
3.674000000000000199e+01,2.499380409717559884e-02,5.995511770248412864e-02,0.000000000000000000e+00,1.000000000000000000e+00,2.252546576981937498e-01
3.675999999999999801e+01,2.499368041753768921e-02,5.995546102523803544e-02,0.000000000000000000e+00,1.000000000000000000e+00,2.252411151355384056e-01
3.678000000000000114e+01,2.499372959136962960e-02,5.995562195777892622e-02,0.000000000000000000e+00,1.000000000000000000e+00,2.252454508490937257e-01
3.680000000000000426e+01,2.499361932277679652e-02,5.995536446571349959e-02,0.000000000000000000e+00,1.000000000000000000e+00,2.253416587475561561e-01
3.682000000000000028e+01,2.499370425939560075e-02,5.995563983917236162e-02,0.000000000000000000e+00,1.000000000000000000e+00,2.257109353360230442e-01
3.684000000000000341e+01,2.499350458383560458e-02,5.995463848114013228e-02,0.000000000000000000e+00,1.000000000000000000e+00,2.265784505854847308e-01
3.685999999999999943e+01,2.499347627162933419e-02,5.995439529418945118e-02,0.000000000000000000e+00,1.000000000000000000e+00,2.280108862636211486e-01
3.688000000000000256e+01,2.499353289604187150e-02,5.995571494102477916e-02,0.000000000000000000e+00,1.000000000000000000e+00,2.297610452529086911e-01
3.689999999999999858e+01,2.499358803033828805e-02,5.995366573333740096e-02,0.000000000000000000e+00,1.000000000000000000e+00,2.312911595166032008e-01
3.692000000000000171e+01,2.499386668205261230e-02,5.995099425315856406e-02,0.000000000000000000e+00,1.000000000000000000e+00,2.320685457571805277e-01
3.693999999999999773e+01,2.499363720417022844e-02,5.995208144187927357e-02,0.000000000000000000e+00,1.000000000000000000e+00,2.319681496277282984e-01
3.696000000000000085e+01,2.499383389949798653e-02,5.995161652565002275e-02,0.000000000000000000e+00,1.000000000000000000e+00,2.313425954032818088e-01
3.698000000000000398e+01,2.499389797449112077e-02,5.995157718658446905e-02,0.000000000000000000e+00,1.000000000000000000e+00,2.306998712672744811e-01
3.700000000000000000e+01,2.499399036169052193e-02,5.995169520378112321e-02,0.000000000000000000e+00,1.000000000000000000e+00,2.303887773108048154e-01
3.702000000000000313e+01,2.499397099018096924e-02,5.995162010192870566e-02,0.000000000000000000e+00,1.000000000000000000e+00,2.305075049638899976e-01
3.703999999999999915e+01,2.499380260705948154e-02,5.995015740394592230e-02,0.000000000000000000e+00,1.000000000000000000e+00,2.309529918838597318e-01
3.706000000000000227e+01,2.499391138553619385e-02,5.995210647583007479e-02,0.000000000000000000e+00,1.000000000000000000e+00,2.314756466393841916e-01
3.707999999999999829e+01,2.499385178089141846e-02,5.995058298110961942e-02,0.000000000000000000e+00,1.000000000000000000e+00,2.316609596165296325e-01
3.710000000000000142e+01,2.499377876520156999e-02,5.994921684265136497e-02,0.000000000000000000e+00,1.000000000000000000e+00,2.308878790745693410e-01
3.711999999999999744e+01,2.499387711286545077e-02,5.995043992996215709e-02,0.000000000000000000e+00,1.000000000000000000e+00,2.284785009267634170e-01
3.714000000000000057e+01,2.499392181634903232e-02,5.995087623596190990e-02,0.000000000000000000e+00,1.000000000000000000e+00,2.242270776473533067e-01
3.716000000000000369e+01,2.499371618032455653e-02,5.994892001152038463e-02,0.000000000000000000e+00,1.000000000000000000e+00,2.189277556660899904e-01
3.717999999999999972e+01,2.499354183673858920e-02,5.994702458381652443e-02,0.000000000000000000e+00,1.000000000000000000e+00,2.140468154848585436e-01
3.720000000000000284e+01,2.499351352453231881e-02,5.994659185409545454e-02,0.000000000000000000e+00,1.000000000000000000e+00,2.107663773272244745e-01
3.721999999999999886e+01,2.499345988035202304e-02,5.994503617286681824e-02,0.000000000000000000e+00,1.000000000000000000e+00,2.095593046273985238e-01
3.724000000000000199e+01,2.499345541000366419e-02,5.994770050048828236e-02,0.000000000000000000e+00,1.000000000000000000e+00,2.103577349324288470e-01
3.725999999999999801e+01,2.499363869428634921e-02,5.994330525398253867e-02,0.000000000000000000e+00,1.000000000000000000e+00,2.126408009404558430e-01
3.728000000000000114e+01,2.499352991580963343e-02,5.994456768035888450e-02,0.000000000000000000e+00,1.000000000000000000e+00,2.154150318642937545e-01
3.730000000000000426e+01,2.499295622110367029e-02,5.994885921478271262e-02,0.000000000000000000e+00,1.000000000000000000e+00,2.176085649859762494e-01
3.732000000000000028e+01,2.499288320541381836e-02,5.994925975799560158e-02,0.000000000000000000e+00,1.000000000000000000e+00,2.187279430605993946e-01
3.734000000000000341e+01,2.499318122863769531e-02,5.994794011116027360e-02,0.000000000000000000e+00,1.000000000000000000e+00,2.189496340816275421e-01
3.735999999999999943e+01,2.499333620071411341e-02,5.994722843170165877e-02,0.000000000000000000e+00,1.000000000000000000e+00,2.186804353578595816e-01
3.738000000000000256e+01,2.499333322048187533e-02,5.994726061820983970e-02,0.000000000000000000e+00,1.000000000000000000e+00,2.182470208800312561e-01
3.739999999999999858e+01,2.499327510595321725e-02,5.994678854942321611e-02,0.000000000000000000e+00,1.000000000000000000e+00,2.179072021552005689e-01
3.742000000000000171e+01,2.499354332685470650e-02,5.994810104370117132e-02,0.000000000000000000e+00,1.000000000000000000e+00,2.179629532150916815e-01
3.743999999999999773e+01,2.499304711818695068e-02,5.994540452957153320e-02,0.000000000000000000e+00,1.000000000000000000e+00,2.187489201602895172e-01
3.746000000000000085e+01,2.499348819255828996e-02,5.994869470596313199e-02,0.000000000000000000e+00,1.000000000000000000e+00,2.204888039123526766e-01
3.748000000000000398e+01,2.499310374259948800e-02,5.994392395019530750e-02,0.000000000000000000e+00,1.000000000000000000e+00,2.231489717748105228e-01
3.750000000000000000e+01,2.499310225248337070e-02,5.994387745857238797e-02,0.000000000000000000e+00,1.000000000000000000e+00,2.263696900080305330e-01
3.752000000000000313e+01,2.499315738677978724e-02,5.994104146957397045e-02,0.000000000000000000e+00,1.000000000000000000e+00,2.295555487604873102e-01
3.753999999999999915e+01,2.499302178621292184e-02,5.994307994842529297e-02,0.000000000000000000e+00,1.000000000000000000e+00,2.321719924595115059e-01
3.756000000000000227e+01,2.499320358037948608e-02,5.994145274162292203e-02,0.000000000000000000e+00,1.000000000000000000e+00,2.340223793127430563e-01
3.757999999999999829e+01,2.499349266290664881e-02,5.993956804275512446e-02,0.000000000000000000e+00,1.000000000000000000e+00,2.352167191310509109e-01
3.760000000000000142e+01,2.499357014894485612e-02,5.993914604187011719e-02,0.000000000000000000e+00,1.000000000000000000e+00,2.359392759970727893e-01
3.761999999999999744e+01,2.499364018440246651e-02,5.993878483772277499e-02,0.000000000000000000e+00,1.000000000000000000e+00,2.363157072850310125e-01
3.764000000000000057e+01,2.499383687973022461e-02,5.993755817413329995e-02,0.000000000000000000e+00,1.000000000000000000e+00,2.364556925740778637e-01
3.766000000000000369e+01,2.499381154775619576e-02,5.993778347969055259e-02,0.000000000000000000e+00,1.000000000000000000e+00,2.365114830673464841e-01
3.767999999999999972e+01,2.499393224716186732e-02,5.993680000305175865e-02,0.000000000000000000e+00,1.000000000000000000e+00,2.365887511269663679e-01
3.770000000000000284e+01,2.499382644891738961e-02,5.993713974952697560e-02,0.000000000000000000e+00,1.000000000000000000e+00,2.365417538910340456e-01
3.771999999999999886e+01,2.499388456344604770e-02,5.993711829185485729e-02,0.000000000000000000e+00,1.000000000000000000e+00,2.358343575982306262e-01
3.774000000000000199e+01,2.499363124370575229e-02,5.993681073188781433e-02,0.000000000000000000e+00,1.000000000000000000e+00,2.337146776911191992e-01
3.775999999999999801e+01,2.499385923147201538e-02,5.993737220764160101e-02,0.000000000000000000e+00,1.000000000000000000e+00,2.298775887714469834e-01
3.778000000000000114e+01,2.499420344829559465e-02,5.993868827819823913e-02,0.000000000000000000e+00,1.000000000000000000e+00,2.250690661405031767e-01
3.780000000000000426e+01,2.499395310878753731e-02,5.993726491928100253e-02,0.000000000000000000e+00,1.000000000000000000e+00,2.206584761000572326e-01
3.782000000000000028e+01,2.499416321516037195e-02,5.993913888931274442e-02,0.000000000000000000e+00,1.000000000000000000e+00,2.176764537051922299e-01
3.784000000000000341e+01,2.499449253082275391e-02,5.994466423988342035e-02,0.000000000000000000e+00,1.000000000000000000e+00,2.164850807827617130e-01
3.785999999999999943e+01,2.499449700117111275e-02,5.994508981704711748e-02,0.000000000000000000e+00,1.000000000000000000e+00,2.169092153400723477e-01
3.788000000000000256e+01,2.499432563781738351e-02,5.995018243789672352e-02,0.000000000000000000e+00,1.000000000000000000e+00,2.182791681523071625e-01
3.789999999999999858e+01,2.499431967735290736e-02,5.995025038719176830e-02,0.000000000000000000e+00,1.000000000000000000e+00,2.195516441111746153e-01
3.792000000000000171e+01,2.499478161334991663e-02,5.994644165039061945e-02,0.000000000000000000e+00,1.000000000000000000e+00,2.198257368327618533e-01
3.793999999999999773e+01,2.499510943889618128e-02,5.994436740875244002e-02,0.000000000000000000e+00,1.000000000000000000e+00,2.188233900834711532e-01
3.796000000000000085e+01,2.499510943889618128e-02,5.994436383247375016e-02,0.000000000000000000e+00,1.000000000000000000e+00,2.168113197335758136e-01
3.798000000000000398e+01,2.499508261680603166e-02,5.994456410408019464e-02,0.000000000000000000e+00,1.000000000000000000e+00,2.142630005726463838e-01
3.800000000000000000e+01,2.499507665634155551e-02,5.994490027427672868e-02,0.000000000000000000e+00,1.000000000000000000e+00,2.116950471440715575e-01
3.802000000000000313e+01,2.499514967203140398e-02,5.994563698768615168e-02,0.000000000000000000e+00,1.000000000000000000e+00,2.096515440051816559e-01
3.803999999999999915e+01,2.499508112668991089e-02,5.994515776634216225e-02,0.000000000000000000e+00,1.000000000000000000e+00,2.086396544523190233e-01
3.806000000000000227e+01,2.499512434005737513e-02,5.994548678398132352e-02,0.000000000000000000e+00,1.000000000000000000e+00,2.089978061775077389e-01
3.807999999999999829e+01,2.499521076679230014e-02,5.994639158248901006e-02,0.000000000000000000e+00,1.000000000000000000e+00,2.108000479382380887e-01
3.810000000000000142e+01,2.499517649412155360e-02,5.994576215744018555e-02,0.000000000000000000e+00,1.000000000000000000e+00,2.138125894295703211e-01
3.811999999999999744e+01,2.499525994062423706e-02,5.995129466056823425e-02,0.000000000000000000e+00,1.000000000000000000e+00,2.175087529015268251e-01
3.814000000000000057e+01,2.499536573886871477e-02,5.994605183601379311e-02,0.000000000000000000e+00,1.000000000000000000e+00,2.212473954104698937e-01
3.816000000000000369e+01,2.499544024467468400e-02,5.994448542594909418e-02,0.000000000000000000e+00,1.000000000000000000e+00,2.245728829658823200e-01
3.817999999999999972e+01,2.499523758888244629e-02,5.994771122932433804e-02,0.000000000000000000e+00,1.000000000000000000e+00,2.273381121944499095e-01
3.820000000000000284e+01,2.499525099992752283e-02,5.994749307632445817e-02,0.000000000000000000e+00,1.000000000000000000e+00,2.295528780876716080e-01
3.821999999999999886e+01,2.499517351388931552e-02,5.994963526725768932e-02,0.000000000000000000e+00,1.000000000000000000e+00,2.312224021237484495e-01
3.824000000000000199e+01,2.499517202377319475e-02,5.995063662528991172e-02,0.000000000000000000e+00,1.000000000000000000e+00,2.323892661187367537e-01
3.825999999999999801e+01,2.499521374702453821e-02,5.995232462882995467e-02,0.000000000000000000e+00,1.000000000000000000e+00,2.332831890159627053e-01
3.828000000000000114e+01,2.499515414237976282e-02,5.995021104812622154e-02,0.000000000000000000e+00,1.000000000000000000e+00,2.343014063008133085e-01
3.830000000000000426e+01,2.499517798423767090e-02,5.995411634445189930e-02,0.000000000000000000e+00,1.000000000000000000e+00,2.357526757278996243e-01
3.832000000000000028e+01,2.499514967203140398e-02,5.995482444763183122e-02,0.000000000000000000e+00,1.000000000000000000e+00,2.375726675061234083e-01
3.834000000000000341e+01,2.499481141567230433e-02,5.995766043663024875e-02,0.000000000000000000e+00,1.000000000000000000e+00,2.391640614178844881e-01
3.835999999999999943e+01,2.499480843544006625e-02,5.995767116546630443e-02,0.000000000000000000e+00,1.000000000000000000e+00,2.395578556720223962e-01
3.838000000000000256e+01,2.499467581510543893e-02,5.995783209800720215e-02,0.000000000000000000e+00,1.000000000000000000e+00,2.381554494872511196e-01
3.839999999999999858e+01,2.499398887157440463e-02,5.995741009712218794e-02,0.000000000000000000e+00,1.000000000000000000e+00,2.354486841249440465e-01
3.842000000000000171e+01,2.499470114707946777e-02,5.995915889739990290e-02,0.000000000000000000e+00,1.000000000000000000e+00,2.326337965242406269e-01
3.843999999999999773e+01,2.499533593654632707e-02,5.996231317520141213e-02,0.000000000000000000e+00,1.000000000000000000e+00,2.306786245471130481e-01
3.846000000000000085e+01,2.499519586563110629e-02,5.996092557907103937e-02,0.000000000000000000e+00,1.000000000000000000e+00,2.299368790992937506e-01
3.848000000000000398e+01,2.499524503946304321e-02,5.996248841285705539e-02,0.000000000000000000e+00,1.000000000000000000e+00,2.301754900620837097e-01
3.850000000000000000e+01,2.499525398015976091e-02,5.996209144592284934e-02,0.000000000000000000e+00,1.000000000000000000e+00,2.306605464732651989e-01
3.852000000000000313e+01,2.499520629644394129e-02,5.996275663375854464e-02,0.000000000000000000e+00,1.000000000000000000e+00,2.304234960972557644e-01
3.853999999999999915e+01,2.499481588602066318e-02,5.996621847152709683e-02,0.000000000000000000e+00,1.000000000000000000e+00,2.287351719034333153e-01
3.856000000000000227e+01,2.499488294124603549e-02,5.996572852134704479e-02,0.000000000000000000e+00,1.000000000000000000e+00,2.254011074449583374e-01
3.857999999999999829e+01,2.499455660581588815e-02,5.996824622154235673e-02,0.000000000000000000e+00,1.000000000000000000e+00,2.207122605381319491e-01
3.860000000000000142e+01,2.499457895755767892e-02,5.996791005134582270e-02,0.000000000000000000e+00,1.000000000000000000e+00,2.153066139134968970e-01
3.861999999999999744e+01,2.499457597732544084e-02,5.996780991554259699e-02,0.000000000000000000e+00,1.000000000000000000e+00,2.100517080405282788e-01
3.864000000000000057e+01,2.499482631683349818e-02,5.997026324272155401e-02,0.000000000000000000e+00,1.000000000000000000e+00,2.058252180616433891e-01
3.866000000000000369e+01,2.499487996101379395e-02,5.997072100639343206e-02,0.000000000000000000e+00,1.000000000000000000e+00,2.032394672007565295e-01
3.867999999999999972e+01,2.499450594186783045e-02,5.996685862541198397e-02,0.000000000000000000e+00,1.000000000000000000e+00,2.025201634711308596e-01
3.870000000000000284e+01,2.499454021453857699e-02,5.996739149093627957e-02,0.000000000000000000e+00,1.000000000000000000e+00,2.035403963647434977e-01
3.871999999999999886e+01,2.499445825815201083e-02,5.996435523033141757e-02,0.000000000000000000e+00,1.000000000000000000e+00,2.058602342625401038e-01
3.874000000000000199e+01,2.499448060989380160e-02,5.996032476425170593e-02,0.000000000000000000e+00,1.000000000000000000e+00,2.088115775141264618e-01
3.875999999999999801e+01,2.499454617500305315e-02,5.995812177658080971e-02,0.000000000000000000e+00,1.000000000000000000e+00,2.117619503726041186e-01
3.878000000000000114e+01,2.499451637268066545e-02,5.995886206626891562e-02,0.000000000000000000e+00,1.000000000000000000e+00,2.143765225590887058e-01
3.880000000000000426e+01,2.499458342790603776e-02,5.995657324790954618e-02,0.000000000000000000e+00,1.000000000000000000e+00,2.165849326361455329e-01
3.882000000000000028e+01,2.499457746744156161e-02,5.995377302169799250e-02,0.000000000000000000e+00,1.000000000000000000e+00,2.183772362478985096e-01
3.884000000000000341e+01,2.499454617500305315e-02,5.995301485061645119e-02,0.000000000000000000e+00,1.000000000000000000e+00,2.197535713551745096e-01
3.885999999999999943e+01,2.499461472034454623e-02,5.995400190353393499e-02,0.000000000000000000e+00,1.000000000000000000e+00,2.208915136206686114e-01
3.888000000000000256e+01,2.499448359012603968e-02,5.995223164558410173e-02,0.000000000000000000e+00,1.000000000000000000e+00,2.222580125411093288e-01
3.889999999999999858e+01,2.499425858259201119e-02,5.994843006134033259e-02,0.000000000000000000e+00,1.000000000000000000e+00,2.244250386651084894e-01
3.892000000000000171e+01,2.499405145645141810e-02,5.994151711463927695e-02,0.000000000000000000e+00,1.000000000000000000e+00,2.277643253053477645e-01
3.893999999999999773e+01,2.499407678842544694e-02,5.993903875350951871e-02,0.000000000000000000e+00,1.000000000000000000e+00,2.322203399906663246e-01
3.896000000000000085e+01,2.499391436576843539e-02,5.994168162345885759e-02,0.000000000000000000e+00,1.000000000000000000e+00,2.371043941528199750e-01
3.898000000000000398e+01,2.499357163906097690e-02,5.994429588317870539e-02,0.000000000000000000e+00,1.000000000000000000e+00,2.411388720338116520e-01
3.900000000000000000e+01,2.499321848154067993e-02,5.994576215744018555e-02,0.000000000000000000e+00,1.000000000000000000e+00,2.432471667515683778e-01
3.902000000000000313e+01,2.499332278966903687e-02,5.994555473327636830e-02,0.000000000000000000e+00,1.000000000000000000e+00,2.434830767748572822e-01
3.903999999999999915e+01,2.499327510595321725e-02,5.994556546211242398e-02,0.000000000000000000e+00,1.000000000000000000e+00,2.428103892400745034e-01
3.906000000000000227e+01,2.499277442693710605e-02,5.994472503662109236e-02,0.000000000000000000e+00,1.000000000000000000e+00,2.421818472965109326e-01
3.907999999999999829e+01,2.499301880598068376e-02,5.994588017463683971e-02,0.000000000000000000e+00,1.000000000000000000e+00,2.420339102195885606e-01
3.910000000000000142e+01,2.499297708272934029e-02,5.994531869888305303e-02,0.000000000000000000e+00,1.000000000000000000e+00,2.422493101681473526e-01
3.911999999999999744e+01,2.499294430017471452e-02,5.994856953620910506e-02,0.000000000000000000e+00,1.000000000000000000e+00,2.422953721833573659e-01
3.914000000000000057e+01,2.499302029609680453e-02,5.994748592376708540e-02,0.000000000000000000e+00,1.000000000000000000e+00,2.414569822754382145e-01
3.916000000000000369e+01,2.499295175075531145e-02,5.994809746742248147e-02,0.000000000000000000e+00,1.000000000000000000e+00,2.390933163407563955e-01
3.917999999999999972e+01,2.499279975891113489e-02,5.994936347007751021e-02,0.000000000000000000e+00,1.000000000000000000e+00,2.348363382587377590e-01
3.920000000000000284e+01,2.499285042285919259e-02,5.994865894317626814e-02,0.000000000000000000e+00,1.000000000000000000e+00,2.287834668160870777e-01
3.921999999999999886e+01,2.499287426471710413e-02,5.994963884353637223e-02,0.000000000000000000e+00,1.000000000000000000e+00,2.216618267552286914e-01
3.924000000000000199e+01,2.499296516180038452e-02,5.995050787925720187e-02,0.000000000000000000e+00,1.000000000000000000e+00,2.146749016348963590e-01
3.925999999999999801e+01,2.499273270368576258e-02,5.994865179061889537e-02,0.000000000000000000e+00,1.000000000000000000e+00,2.089590668111161176e-01
3.928000000000000114e+01,2.499290406703949183e-02,5.995026111602783092e-02,0.000000000000000000e+00,1.000000000000000000e+00,2.051374444095235838e-01
3.930000000000000426e+01,2.499298751354217529e-02,5.995145559310913197e-02,0.000000000000000000e+00,1.000000000000000000e+00,2.032984142887257484e-01
3.932000000000000028e+01,2.499302625656128068e-02,5.995280385017395103e-02,0.000000000000000000e+00,1.000000000000000000e+00,2.031528794588481346e-01
3.934000000000000341e+01,2.499304115772247453e-02,5.995128750801086148e-02,0.000000000000000000e+00,1.000000000000000000e+00,2.041330652541452351e-01
3.935999999999999943e+01,2.499289512634277413e-02,5.995473146438598522e-02,0.000000000000000000e+00,1.000000000000000000e+00,2.055493112808899903e-01
3.938000000000000256e+01,2.499301880598068376e-02,5.995261073112487238e-02,0.000000000000000000e+00,1.000000000000000000e+00,2.068789183188943226e-01
3.939999999999999858e+01,2.499300092458725184e-02,5.995299696922302274e-02,0.000000000000000000e+00,1.000000000000000000e+00,2.079042395490965089e-01
3.942000000000000171e+01,2.499300241470336914e-02,5.995347976684570201e-02,0.000000000000000000e+00,1.000000000000000000e+00,2.085664753381427095e-01
3.943999999999999773e+01,2.499310076236724992e-02,5.995491743087768416e-02,0.000000000000000000e+00,1.000000000000000000e+00,2.088289804839819352e-01
3.946000000000000085e+01,2.499313801527023454e-02,5.995523571968078280e-02,0.000000000000000000e+00,1.000000000000000000e+00,2.087918350783620203e-01
3.948000000000000398e+01,2.499271482229233066e-02,5.995191693305969294e-02,0.000000000000000000e+00,1.000000000000000000e+00,2.089013912572312004e-01
3.950000000000000000e+01,2.499265968799591064e-02,5.995142340660095104e-02,0.000000000000000000e+00,1.000000000000000000e+00,2.098750472774951470e-01
3.952000000000000313e+01,2.499293684959411760e-02,5.995474219322204090e-02,0.000000000000000000e+00,1.000000000000000000e+00,2.123674043640276787e-01
3.953999999999999915e+01,2.499300539493561069e-02,5.995620131492614829e-02,0.000000000000000000e+00,1.000000000000000000e+00,2.167516330870179198e-01
3.956000000000000227e+01,2.499298900365829607e-02,5.995414853096008023e-02,0.000000000000000000e+00,1.000000000000000000e+00,2.229799333268039363e-01
3.957999999999999829e+01,2.499299943447113106e-02,5.995386242866515558e-02,0.000000000000000000e+00,1.000000000000000000e+00,2.303003106020603818e-01
3.960000000000000142e+01,2.499292343854904452e-02,5.995477795600891169e-02,0.000000000000000000e+00,1.000000000000000000e+00,2.371955754648297221e-01
3.961999999999999744e+01,2.499317377805709839e-02,5.995297551155090443e-02,0.000000000000000000e+00,1.000000000000000000e+00,2.421815516229305909e-01
3.964000000000000057e+01,2.499334514141082764e-02,5.995216012001037403e-02,0.000000000000000000e+00,1.000000000000000000e+00,2.448425707561293074e-01
3.966000000000000369e+01,2.499288916587829798e-02,5.995359063148498341e-02,0.000000000000000000e+00,1.000000000000000000e+00,2.458069376503961567e-01
3.967999999999999972e+01,2.499222308397293368e-02,5.995482087135314830e-02,0.000000000000000000e+00,1.000000000000000000e+00,2.459637479684387840e-01
3.970000000000000284e+01,2.499234676361083984e-02,5.995475649833678644e-02,0.000000000000000000e+00,1.000000000000000000e+00,2.459300181451160860e-01
3.971999999999999886e+01,2.499256432056427141e-02,5.995511054992675587e-02,0.000000000000000000e+00,1.000000000000000000e+00,2.459481077123756021e-01
3.974000000000000199e+01,2.499255090951919833e-02,5.995486378669738492e-02,0.000000000000000000e+00,1.000000000000000000e+00,2.459455767386370673e-01
3.975999999999999801e+01,2.499255686998367448e-02,5.995482444763183122e-02,0.000000000000000000e+00,1.000000000000000000e+00,2.455777238387636396e-01
3.978000000000000114e+01,2.499249577522277832e-02,5.995508551597594771e-02,0.000000000000000000e+00,1.000000000000000000e+00,2.442467286652386382e-01
3.980000000000000426e+01,2.499248683452606409e-02,5.995533585548400851e-02,0.000000000000000000e+00,1.000000000000000000e+00,2.412504392475585679e-01
3.982000000000000028e+01,2.499249130487442294e-02,5.995535016059875405e-02,0.000000000000000000e+00,1.000000000000000000e+00,2.362364178119660540e-01
3.984000000000000341e+01,2.499265223741531372e-02,5.995580434799194225e-02,0.000000000000000000e+00,1.000000000000000000e+00,2.297282296884002317e-01
3.985999999999999943e+01,2.499278336763382027e-02,5.995628714561462153e-02,0.000000000000000000e+00,1.000000000000000000e+00,2.230091378741790031e-01
3.988000000000000256e+01,2.499268800020218104e-02,5.995577931404113409e-02,0.000000000000000000e+00,1.000000000000000000e+00,2.173149253494841560e-01
3.989999999999999858e+01,2.499241232872009486e-02,5.995331525802612138e-02,0.000000000000000000e+00,1.000000000000000000e+00,2.132625547972817615e-01
3.992000000000000171e+01,2.499235570430755754e-02,5.995204925537109264e-02,0.000000000000000000e+00,1.000000000000000000e+00,2.108817406801374861e-01
3.993999999999999773e+01,2.499234527349472254e-02,5.995259284973144392e-02,0.000000000000000000e+00,1.000000000000000000e+00,2.098270537866053498e-01
3.996000000000000085e+01,2.499230206012725830e-02,5.995315074920654075e-02,0.000000000000000000e+00,1.000000000000000000e+00,2.095432016814928466e-01
3.998000000000000398e+01,2.499237656593322754e-02,5.995259642601012684e-02,0.000000000000000000e+00,1.000000000000000000e+00,2.094856291275303262e-01
4.000000000000000000e+01,2.499249279499054024e-02,5.995187401771544938e-02,0.000000000000000000e+00,1.000000000000000000e+00,2.093226090082784541e-01
4.002000000000000313e+01,2.499260306358337680e-02,5.995083689689636314e-02,0.000000000000000000e+00,1.000000000000000000e+00,2.088961019328527957e-01
4.003999999999999915e+01,2.499253004789352486e-02,5.994979977607726995e-02,0.000000000000000000e+00,1.000000000000000000e+00,2.080556691759503085e-01
4.006000000000000227e+01,2.499251216650009294e-02,5.994971752166747964e-02,0.000000000000000000e+00,1.000000000000000000e+00,2.066872336656883635e-01
4.007999999999999829e+01,2.499204874038696289e-02,5.994780421257019098e-02,0.000000000000000000e+00,1.000000000000000000e+00,2.050018811247819317e-01
4.010000000000000142e+01,2.499206066131591866e-02,5.994785785675048329e-02,0.000000000000000000e+00,1.000000000000000000e+00,2.036990671265966057e-01
4.011999999999999744e+01,2.499175816774368286e-02,5.994594454765319463e-02,0.000000000000000000e+00,1.000000000000000000e+00,2.036604395026873349e-01
4.014000000000000057e+01,2.499162554740905900e-02,5.994473576545714805e-02,0.000000000000000000e+00,1.000000000000000000e+00,2.055472610581929593e-01
4.016000000000000369e+01,2.499216347932815829e-02,5.995298624038696012e-02,0.000000000000000000e+00,1.000000000000000000e+00,2.096830937601206757e-01
4.017999999999999972e+01,2.499217092990875522e-02,5.995332241058349415e-02,0.000000000000000000e+00,1.000000000000000000e+00,2.159602607542219499e-01
4.020000000000000284e+01,2.499219179153442522e-02,5.995198488235473078e-02,0.000000000000000000e+00,1.000000000000000000e+00,2.235702630855323225e-01
4.021999999999999886e+01,2.499222606420517176e-02,5.995134472846984364e-02,0.000000000000000000e+00,1.000000000000000000e+00,2.309885615888897514e-01
4.024000000000000199e+01,2.499267160892486642e-02,5.994628787040710144e-02,0.000000000000000000e+00,1.000000000000000000e+00,2.366751906643403958e-01
4.025999999999999801e+01,2.499222308397293368e-02,5.995008587837218766e-02,0.000000000000000000e+00,1.000000000000000000e+00,2.399265829357214441e-01
4.028000000000000114e+01,2.499196231365204135e-02,5.995197772979735801e-02,0.000000000000000000e+00,1.000000000000000000e+00,2.409984726577916736e-01
4.030000000000000426e+01,2.499209493398666521e-02,5.995102286338806208e-02,0.000000000000000000e+00,1.000000000000000000e+00,2.406642657448312128e-01
4.032000000000000028e+01,2.499206066131591866e-02,5.995133757591247087e-02,0.000000000000000000e+00,1.000000000000000000e+00,2.397982696616209330e-01
4.034000000000000341e+01,2.499210983514785905e-02,5.995052576065063032e-02,0.000000000000000000e+00,1.000000000000000000e+00,2.391287147861826390e-01
4.035999999999999943e+01,2.499210089445114136e-02,5.995097279548644575e-02,0.000000000000000000e+00,1.000000000000000000e+00,2.390700672008955752e-01
4.038000000000000256e+01,2.499212026596069405e-02,5.994950294494628962e-02,0.000000000000000000e+00,1.000000000000000000e+00,2.396015228926405005e-01
4.039999999999999858e+01,2.499210685491562098e-02,5.994978189468383456e-02,0.000000000000000000e+00,1.000000000000000000e+00,2.401977823097808662e-01
4.042000000000000171e+01,2.499194294214248865e-02,5.995114088058471624e-02,0.000000000000000000e+00,1.000000000000000000e+00,2.399169265292168118e-01
4.043999999999999773e+01,2.499186545610428134e-02,5.995142340660095104e-02,0.000000000000000000e+00,1.000000000000000000e+00,2.379093285941227820e-01
4.046000000000000085e+01,2.499200254678726404e-02,5.995124459266662487e-02,0.000000000000000000e+00,1.000000000000000000e+00,2.341965552765206404e-01
4.048000000000000398e+01,2.499178349971771518e-02,5.995113015174865362e-02,0.000000000000000000e+00,1.000000000000000000e+00,2.297579256522164215e-01
4.050000000000000000e+01,2.499140053987503052e-02,5.995013236999511413e-02,0.000000000000000000e+00,1.000000000000000000e+00,2.257096457902970366e-01
4.052000000000000313e+01,2.499131709337234705e-02,5.994956016540527177e-02,0.000000000000000000e+00,1.000000000000000000e+00,2.226568034302361110e-01
4.053999999999999915e+01,2.499131560325622628e-02,5.994947791099548146e-02,0.000000000000000000e+00,1.000000000000000000e+00,2.206609440990681403e-01
4.056000000000000227e+01,2.499123811721801897e-02,5.995014667510985967e-02,0.000000000000000000e+00,1.000000000000000000e+00,2.194454394399507069e-01
4.057999999999999829e+01,2.499131709337234705e-02,5.994988203048706027e-02,0.000000000000000000e+00,1.000000000000000000e+00,2.186319606607539656e-01
4.060000000000000142e+01,2.499171197414398402e-02,5.994940996170043668e-02,0.000000000000000000e+00,1.000000000000000000e+00,2.179544448868168394e-01
4.061999999999999744e+01,2.499137371778488437e-02,5.994921684265136497e-02,0.000000000000000000e+00,1.000000000000000000e+00,2.172840786551961945e-01
4.064000000000000057e+01,2.499144822359085361e-02,5.994953513145446361e-02,0.000000000000000000e+00,1.000000000000000000e+00,2.164565586944330045e-01
4.066000000000000369e+01,2.499143928289413591e-02,5.994958519935607993e-02,0.000000000000000000e+00,1.000000000000000000e+00,2.151638577760222326e-01
4.067999999999999972e+01,2.499112933874130318e-02,5.994973540306090809e-02,0.000000000000000000e+00,1.000000000000000000e+00,2.131497859825683683e-01
4.070000000000000284e+01,2.499118447303771973e-02,5.994979977607726995e-02,0.000000000000000000e+00,1.000000000000000000e+00,2.106270129772758459e-01
4.071999999999999886e+01,2.499210834503173828e-02,5.995215654373168418e-02,0.000000000000000000e+00,1.000000000000000000e+00,2.083845224927974027e-01
4.074000000000000199e+01,2.499126493930816859e-02,5.994859457015991322e-02,0.000000000000000000e+00,1.000000000000000000e+00,2.073452413681538264e-01
4.075999999999999801e+01,2.499172985553741594e-02,5.995170950889586875e-02,0.000000000000000000e+00,1.000000000000000000e+00,2.081359900348953018e-01
4.078000000000000114e+01,2.499152123928070207e-02,5.994932413101196345e-02,0.000000000000000000e+00,1.000000000000000000e+00,2.109863010737337008e-01
4.080000000000000426e+01,2.499154508113861362e-02,5.994991064071655135e-02,0.000000000000000000e+00,1.000000000000000000e+00,2.156732096156907252e-01
4.082000000000000028e+01,2.499154508113861362e-02,5.995015382766723244e-02,0.000000000000000000e+00,1.000000000000000000e+00,2.214021967967100546e-01
4.084000000000000341e+01,2.499155849218368669e-02,5.994971752166747964e-02,0.000000000000000000e+00,1.000000000000000000e+00,2.269101358103741695e-01
4.085999999999999943e+01,2.499146312475204745e-02,5.995155572891235074e-02,0.000000000000000000e+00,1.000000000000000000e+00,2.309334133968716785e-01
4.088000000000000256e+01,2.499149739742279053e-02,5.995100855827331654e-02,0.000000000000000000e+00,1.000000000000000000e+00,2.327108332595806961e-01
4.089999999999999858e+01,2.499154359102249284e-02,5.995019316673278614e-02,0.000000000000000000e+00,1.000000000000000000e+00,2.322178977239105213e-01
4.092000000000000171e+01,2.499161809682846208e-02,5.994824051856994379e-02,0.000000000000000000e+00,1.000000000000000000e+00,2.301533300708425156e-01
4.093999999999999773e+01,2.499162256717682093e-02,5.994797587394714439e-02,0.000000000000000000e+00,1.000000000000000000e+00,2.276767892249705605e-01
4.096000000000000085e+01,2.499162256717682093e-02,5.994727134704589538e-02,0.000000000000000000e+00,1.000000000000000000e+00,2.259130974816318249e-01
4.098000000000000398e+01,2.499162107706070016e-02,5.994421362876892201e-02,0.000000000000000000e+00,1.000000000000000000e+00,2.255341522789504616e-01
4.100000000000000000e+01,2.499158382415771554e-02,5.994631290435790960e-02,0.000000000000000000e+00,1.000000000000000000e+00,2.266451593565519951e-01
4.102000000000000313e+01,2.499159127473831246e-02,5.994616985321044728e-02,0.000000000000000000e+00,1.000000000000000000e+00,2.287955796040865020e-01
4.103999999999999915e+01,2.499168664216995517e-02,5.994525432586669811e-02,0.000000000000000000e+00,1.000000000000000000e+00,2.310049161300481435e-01
4.106000000000000227e+01,2.499196827411651750e-02,5.994371294975280734e-02,0.000000000000000000e+00,1.000000000000000000e+00,2.321497116742157474e-01
4.107999999999999829e+01,2.499195486307144443e-02,5.994375586509704396e-02,0.000000000000000000e+00,1.000000000000000000e+00,2.317778873125220518e-01
4.110000000000000142e+01,2.499198913574218750e-02,5.994370579719543457e-02,0.000000000000000000e+00,1.000000000000000000e+00,2.303897205006005811e-01
4.111999999999999744e+01,2.499192059040069788e-02,5.994370222091674472e-02,0.000000000000000000e+00,1.000000000000000000e+00,2.287980497001088631e-01
4.114000000000000057e+01,2.499204427003860751e-02,5.994406700134276983e-02,0.000000000000000000e+00,1.000000000000000000e+00,2.275090176769776207e-01
4.116000000000000369e+01,2.499205470085144251e-02,5.994395256042480552e-02,0.000000000000000000e+00,1.000000000000000000e+00,2.266179129139599402e-01
4.117999999999999972e+01,2.499195486307144443e-02,5.994407773017883245e-02,0.000000000000000000e+00,1.000000000000000000e+00,2.260018710661638730e-01
4.120000000000000284e+01,2.499198168516159058e-02,5.994409561157226091e-02,0.000000000000000000e+00,1.000000000000000000e+00,2.255694799450083943e-01
4.121999999999999886e+01,2.499198019504547327e-02,5.994409203529357799e-02,0.000000000000000000e+00,1.000000000000000000e+00,2.253574494124544747e-01
4.124000000000000199e+01,2.499221712350845406e-02,5.994529366493225181e-02,0.000000000000000000e+00,1.000000000000000000e+00,2.253891713169772493e-01
4.125999999999999801e+01,2.499221414327621599e-02,5.994524359703063549e-02,0.000000000000000000e+00,1.000000000000000000e+00,2.254692837836985986e-01
4.128000000000000114e+01,2.499221265316009521e-02,5.994528293609618919e-02,0.000000000000000000e+00,1.000000000000000000e+00,2.251469972713339429e-01
4.130000000000000426e+01,2.499190866947174211e-02,5.994675993919372503e-02,0.000000000000000000e+00,1.000000000000000000e+00,2.239971977608260778e-01
4.132000000000000028e+01,2.499167621135711670e-02,5.994713544845580583e-02,0.000000000000000000e+00,1.000000000000000000e+00,2.220800325225640026e-01
4.134000000000000341e+01,2.499151080846786707e-02,5.994708180427551353e-02,0.000000000000000000e+00,1.000000000000000000e+00,2.200393249665680839e-01
4.135999999999999943e+01,2.499091178178787509e-02,5.994582295417785756e-02,0.000000000000000000e+00,1.000000000000000000e+00,2.186760653307886215e-01
4.138000000000000256e+01,2.499049901962280273e-02,5.994403481483459584e-02,0.000000000000000000e+00,1.000000000000000000e+00,2.185273985394214635e-01
4.139999999999999858e+01,2.499089241027832239e-02,5.994718194007873230e-02,0.000000000000000000e+00,1.000000000000000000e+00,2.197360896592545076e-01
4.142000000000000171e+01,2.499074190855026315e-02,5.994474649429321067e-02,0.000000000000000000e+00,1.000000000000000000e+00,2.220512364569514341e-01
4.143999999999999773e+01,2.499069869518280237e-02,5.994257211685180553e-02,0.000000000000000000e+00,1.000000000000000000e+00,2.248690925966840282e-01
4.146000000000000085e+01,2.499071955680847237e-02,5.993892788887023731e-02,0.000000000000000000e+00,1.000000000000000000e+00,2.273526672727466391e-01
4.148000000000000398e+01,2.499067187309265275e-02,5.994216799736022672e-02,0.000000000000000000e+00,1.000000000000000000e+00,2.286121304298147638e-01
4.150000000000000000e+01,2.499065250158310006e-02,5.994454979896544911e-02,0.000000000000000000e+00,1.000000000000000000e+00,2.279391072290999909e-01
4.152000000000000313e+01,2.499066144227981776e-02,5.994541525840758889e-02,0.000000000000000000e+00,1.000000000000000000e+00,2.251749039722819867e-01
4.153999999999999915e+01,2.499067038297653198e-02,5.994570851325988631e-02,0.000000000000000000e+00,1.000000000000000000e+00,2.210476219973673273e-01
4.156000000000000227e+01,2.499062120914459506e-02,5.994442462921142217e-02,0.000000000000000000e+00,1.000000000000000000e+00,2.169485888685426245e-01
4.157999999999999829e+01,2.499059587717056274e-02,5.994367361068725364e-02,0.000000000000000000e+00,1.000000000000000000e+00,2.141512926149480855e-01
4.160000000000000142e+01,2.499056160449981967e-02,5.994166016578673928e-02,0.000000000000000000e+00,1.000000000000000000e+00,2.132944619835915046e-01
4.161999999999999744e+01,2.499053776264190813e-02,5.994378447532653503e-02,0.000000000000000000e+00,1.000000000000000000e+00,2.144256230720329170e-01
4.164000000000000057e+01,2.499043643474578927e-02,5.994586586952209417e-02,0.000000000000000000e+00,1.000000000000000000e+00,2.171060589381551831e-01
4.166000000000000369e+01,2.499021142721176425e-02,5.994824409484863365e-02,0.000000000000000000e+00,1.000000000000000000e+00,2.203814921903982649e-01
4.167999999999999972e+01,2.498955875635147303e-02,5.995253562927246177e-02,0.000000000000000000e+00,1.000000000000000000e+00,2.230908228097508161e-01
4.170000000000000284e+01,2.498932629823684762e-02,5.995356202125549233e-02,0.000000000000000000e+00,1.000000000000000000e+00,2.246178086636919646e-01
4.171999999999999886e+01,2.498914301395416260e-02,5.995412707328796192e-02,0.000000000000000000e+00,1.000000000000000000e+00,2.251651682016834743e-01
4.174000000000000199e+01,2.498893737792969028e-02,5.995459198951721275e-02,0.000000000000000000e+00,1.000000000000000000e+00,2.252546576981937776e-01
4.175999999999999801e+01,2.498905807733535836e-02,5.995425581932067871e-02,0.000000000000000000e+00,1.000000000000000000e+00,2.252411151355383223e-01
4.178000000000000114e+01,2.498905956745147913e-02,5.995425939559936163e-02,0.000000000000000000e+00,1.000000000000000000e+00,2.252454508490936980e-01
4.180000000000000426e+01,2.498879432678222795e-02,5.995363354682922002e-02,0.000000000000000000e+00,1.000000000000000000e+00,2.253416587475558230e-01
4.182000000000000028e+01,2.498919069766998569e-02,5.995493173599242970e-02,0.000000000000000000e+00,1.000000000000000000e+00,2.257109353360226556e-01
4.184000000000000341e+01,2.498907595872879028e-02,5.995435953140258734e-02,0.000000000000000000e+00,1.000000000000000000e+00,2.265784505854843978e-01
4.185999999999999943e+01,2.498942166566849032e-02,5.995734930038451593e-02,0.000000000000000000e+00,1.000000000000000000e+00,2.280108862636213429e-01
4.188000000000000256e+01,2.498951107263565341e-02,5.995940923690795676e-02,0.000000000000000000e+00,1.000000000000000000e+00,2.297610452529086911e-01
4.189999999999999858e+01,2.498953938484192033e-02,5.995834708213806236e-02,0.000000000000000000e+00,1.000000000000000000e+00,2.312911595166027012e-01
4.192000000000000171e+01,2.498984038829803536e-02,5.995546102523803544e-02,0.000000000000000000e+00,1.000000000000000000e+00,2.320685457571804444e-01
4.193999999999999773e+01,2.499015927314758578e-02,5.995395183563231867e-02,0.000000000000000000e+00,1.000000000000000000e+00,2.319681496277287980e-01
4.196000000000000085e+01,2.498983144760132113e-02,5.995472788810729536e-02,0.000000000000000000e+00,1.000000000000000000e+00,2.313425954032820309e-01
4.198000000000000398e+01,2.498994618654251307e-02,5.995465993881225059e-02,0.000000000000000000e+00,1.000000000000000000e+00,2.306998712672746477e-01
4.200000000000000000e+01,2.499035447835922311e-02,5.995517849922180065e-02,0.000000000000000000e+00,1.000000000000000000e+00,2.303887773108046211e-01
4.202000000000000313e+01,2.499040365219116350e-02,5.995536804199218250e-02,0.000000000000000000e+00,1.000000000000000000e+00,2.305075049638896090e-01
4.203999999999999915e+01,2.499020397663116733e-02,5.995363712310790988e-02,0.000000000000000000e+00,1.000000000000000000e+00,2.309529918838596763e-01
4.206000000000000227e+01,2.499009817838668962e-02,5.995173454284667691e-02,0.000000000000000000e+00,1.000000000000000000e+00,2.314756466393843026e-01
4.207999999999999829e+01,2.499012351036071847e-02,5.995237112045288114e-02,0.000000000000000000e+00,1.000000000000000000e+00,2.316609596165296048e-01
4.210000000000000142e+01,2.499010264873504847e-02,5.995196700096130232e-02,0.000000000000000000e+00,1.000000000000000000e+00,2.308878790745712006e-01
4.211999999999999744e+01,2.499002814292907923e-02,5.995104432106018039e-02,0.000000000000000000e+00,1.000000000000000000e+00,2.284785009267655265e-01
4.214000000000000057e+01,2.499031424522400041e-02,5.995385885238647267e-02,0.000000000000000000e+00,1.000000000000000000e+00,2.242270776473544169e-01
4.216000000000000369e+01,2.499044984579086581e-02,5.995514273643493680e-02,0.000000000000000000e+00,1.000000000000000000e+00,2.189277556660875756e-01
4.217999999999999972e+01,2.499056011438369890e-02,5.995633721351623091e-02,0.000000000000000000e+00,1.000000000000000000e+00,2.140468154848561011e-01
4.220000000000000284e+01,2.499048560857772966e-02,5.995521783828735435e-02,0.000000000000000000e+00,1.000000000000000000e+00,2.107663773272252516e-01
4.221999999999999886e+01,2.499054968357086390e-02,5.995704531669616283e-02,0.000000000000000000e+00,1.000000000000000000e+00,2.095593046273989679e-01
4.224000000000000199e+01,2.499054223299026697e-02,5.996196627616882241e-02,0.000000000000000000e+00,1.000000000000000000e+00,2.103577349324289858e-01
4.225999999999999801e+01,2.499058693647384852e-02,5.996088981628417552e-02,0.000000000000000000e+00,1.000000000000000000e+00,2.126408009404580912e-01
4.228000000000000114e+01,2.499042451381683350e-02,5.996277809143066295e-02,0.000000000000000000e+00,1.000000000000000000e+00,2.154150318642958639e-01
4.230000000000000426e+01,2.499002814292907923e-02,5.996574640274047324e-02,0.000000000000000000e+00,1.000000000000000000e+00,2.176085649859780535e-01
4.232000000000000028e+01,2.498961985111236572e-02,5.996796727180480485e-02,0.000000000000000000e+00,1.000000000000000000e+00,2.187279430605990893e-01
4.234000000000000341e+01,2.498956322669983188e-02,5.996821761131286566e-02,0.000000000000000000e+00,1.000000000000000000e+00,2.189496340816270703e-01
4.235999999999999943e+01,2.498983591794967651e-02,5.996696233749389260e-02,0.000000000000000000e+00,1.000000000000000000e+00,2.186804353578586102e-01
4.238000000000000256e+01,2.498982697725296229e-02,5.996707320213317399e-02,0.000000000000000000e+00,1.000000000000000000e+00,2.182470208800310063e-01
4.239999999999999858e+01,2.498973906040191650e-02,5.996636152267455916e-02,0.000000000000000000e+00,1.000000000000000000e+00,2.179072021552003469e-01
4.242000000000000171e+01,2.499016374349594116e-02,5.996844291687011830e-02,0.000000000000000000e+00,1.000000000000000000e+00,2.179629532150912652e-01
4.243999999999999773e+01,2.499037235975265503e-02,5.996957659721374040e-02,0.000000000000000000e+00,1.000000000000000000e+00,2.187489201602894617e-01
4.246000000000000085e+01,2.499067187309265275e-02,5.997180819511413463e-02,0.000000000000000000e+00,1.000000000000000000e+00,2.204888039123525101e-01
4.248000000000000398e+01,2.499072253704071045e-02,5.997243404388427623e-02,0.000000000000000000e+00,1.000000000000000000e+00,2.231489717748088575e-01
4.250000000000000000e+01,2.499067187309265275e-02,5.997069239616394098e-02,0.000000000000000000e+00,1.000000000000000000e+00,2.263696900080288954e-01
4.252000000000000313e+01,2.499064654111862391e-02,5.997197628021239818e-02,0.000000000000000000e+00,1.000000000000000000e+00,2.295555487604856448e-01
4.253999999999999915e+01,2.499046921730041504e-02,5.997464776039123507e-02,0.000000000000000000e+00,1.000000000000000000e+00,2.321719924595110618e-01
4.256000000000000227e+01,2.499066740274429391e-02,5.997287392616271889e-02,0.000000000000000000e+00,1.000000000000000000e+00,2.340223793127422791e-01
4.257999999999999829e+01,2.499050050973892351e-02,5.997395396232604869e-02,0.000000000000000000e+00,1.000000000000000000e+00,2.352167191310503003e-01
4.260000000000000142e+01,2.499055862426757812e-02,5.997364282608032282e-02,0.000000000000000000e+00,1.000000000000000000e+00,2.359392759970721787e-01
4.261999999999999744e+01,2.499046325683593889e-02,5.997413992881774764e-02,0.000000000000000000e+00,1.000000000000000000e+00,2.363157072850304574e-01
4.264000000000000057e+01,2.499050945043564120e-02,5.997384667396545022e-02,0.000000000000000000e+00,1.000000000000000000e+00,2.364556925740772253e-01
4.266000000000000369e+01,2.499049156904220581e-02,5.997401118278503085e-02,0.000000000000000000e+00,1.000000000000000000e+00,2.365114830673458179e-01
4.267999999999999972e+01,2.499052733182907313e-02,5.997372150421142328e-02,0.000000000000000000e+00,1.000000000000000000e+00,2.365887511269657850e-01
4.270000000000000284e+01,2.499057799577713082e-02,5.997356057167053250e-02,0.000000000000000000e+00,1.000000000000000000e+00,2.365417538910334350e-01
4.271999999999999886e+01,2.499091476202011317e-02,5.997343540191649863e-02,0.000000000000000000e+00,1.000000000000000000e+00,2.358343575982300711e-01
4.274000000000000199e+01,2.499090284109115739e-02,5.997342109680175309e-02,0.000000000000000000e+00,1.000000000000000000e+00,2.337146776911184498e-01
4.275999999999999801e+01,2.499060630798340121e-02,5.997268795967101995e-02,0.000000000000000000e+00,1.000000000000000000e+00,2.298775887714463451e-01
4.278000000000000114e+01,2.499020099639892578e-02,5.997113585472106656e-02,0.000000000000000000e+00,1.000000000000000000e+00,2.250690661405054804e-01
4.280000000000000426e+01,2.499000430107116769e-02,5.997001647949218306e-02,0.000000000000000000e+00,1.000000000000000000e+00,2.206584761000599804e-01
4.282000000000000028e+01,2.499012798070907732e-02,5.997112154960632102e-02,0.000000000000000000e+00,1.000000000000000000e+00,2.176764537051931458e-01
4.284000000000000341e+01,2.499000430107116769e-02,5.996903657913207897e-02,0.000000000000000000e+00,1.000000000000000000e+00,2.164850807827593537e-01
4.285999999999999943e+01,2.499006390571594308e-02,5.997405052185058455e-02,0.000000000000000000e+00,1.000000000000000000e+00,2.169092153400699607e-01
4.288000000000000256e+01,2.499004304409027308e-02,5.997469067573547169e-02,0.000000000000000000e+00,1.000000000000000000e+00,2.182791681523072458e-01
4.289999999999999858e+01,2.499026805162429810e-02,5.997181534767150740e-02,0.000000000000000000e+00,1.000000000000000000e+00,2.195516441111747541e-01
4.292000000000000171e+01,2.499041110277176042e-02,5.997063875198364175e-02,0.000000000000000000e+00,1.000000000000000000e+00,2.198257368327620198e-01
4.293999999999999773e+01,2.499060779809951852e-02,5.996938705444335854e-02,0.000000000000000000e+00,1.000000000000000000e+00,2.188233900834731793e-01
4.296000000000000085e+01,2.499056905508041659e-02,5.996960878372192133e-02,0.000000000000000000e+00,1.000000000000000000e+00,2.168113197335779507e-01
4.298000000000000398e+01,2.499071210622787545e-02,5.996851444244384599e-02,0.000000000000000000e+00,1.000000000000000000e+00,2.142630005726484654e-01
4.300000000000000000e+01,2.499069273471832275e-02,5.996969461441040150e-02,0.000000000000000000e+00,1.000000000000000000e+00,2.116950471440712800e-01
4.302000000000000313e+01,2.499065846204757968e-02,5.996935486793517761e-02,0.000000000000000000e+00,1.000000000000000000e+00,2.096515440051814061e-01
4.303999999999999915e+01,2.499061971902847429e-02,5.996908664703368835e-02,0.000000000000000000e+00,1.000000000000000000e+00,2.086396544523186902e-01
4.306000000000000227e+01,2.499081939458847046e-02,5.997061371803283358e-02,0.000000000000000000e+00,1.000000000000000000e+00,2.089978061775087381e-01
4.307999999999999829e+01,2.499068379402160853e-02,5.996919751167296975e-02,0.000000000000000000e+00,1.000000000000000000e+00,2.108000479382388659e-01
4.310000000000000142e+01,2.499068677425384660e-02,5.996924400329589622e-02,0.000000000000000000e+00,1.000000000000000000e+00,2.138125894295709872e-01
4.311999999999999744e+01,2.499075084924698084e-02,5.997355341911315973e-02,0.000000000000000000e+00,1.000000000000000000e+00,2.175087529015283794e-01
4.314000000000000057e+01,2.499073147773742815e-02,5.997454047203063660e-02,0.000000000000000000e+00,1.000000000000000000e+00,2.212473954104705876e-01
4.316000000000000369e+01,2.499070018529891968e-02,5.997519135475158636e-02,0.000000000000000000e+00,1.000000000000000000e+00,2.245728829658812375e-01
4.317999999999999972e+01,2.499076128005981584e-02,5.997421860694884810e-02,0.000000000000000000e+00,1.000000000000000000e+00,2.273381121944489935e-01
4.320000000000000284e+01,2.499086856842041085e-02,5.997241616249084084e-02,0.000000000000000000e+00,1.000000000000000000e+00,2.295528780876704145e-01
4.321999999999999886e+01,2.499076426029205392e-02,5.997530937194824052e-02,0.000000000000000000e+00,1.000000000000000000e+00,2.312224021237485883e-01
4.324000000000000199e+01,2.499076426029205392e-02,5.997506260871886957e-02,0.000000000000000000e+00,1.000000000000000000e+00,2.323892661187373643e-01
4.325999999999999801e+01,2.499084025621414393e-02,5.997817754745483204e-02,0.000000000000000000e+00,1.000000000000000000e+00,2.332831890159629551e-01
4.328000000000000114e+01,2.499080747365951816e-02,5.997701525688171192e-02,0.000000000000000000e+00,1.000000000000000000e+00,2.343014063008133641e-01
4.330000000000000426e+01,2.499082088470459123e-02,5.997925400733947199e-02,0.000000000000000000e+00,1.000000000000000000e+00,2.357526757279002905e-01
4.332000000000000028e+01,2.499083578586578508e-02,5.997888922691344687e-02,0.000000000000000000e+00,1.000000000000000000e+00,2.375726675061229642e-01
4.334000000000000341e+01,2.499076426029205392e-02,5.997949361801147017e-02,0.000000000000000000e+00,1.000000000000000000e+00,2.391640614178841551e-01
4.335999999999999943e+01,2.499041259288788119e-02,5.998078823089599693e-02,0.000000000000000000e+00,1.000000000000000000e+00,2.395578556720221464e-01
4.338000000000000256e+01,2.499025762081146310e-02,5.998097777366637878e-02,0.000000000000000000e+00,1.000000000000000000e+00,2.381554494872501759e-01
4.339999999999999858e+01,2.498992830514908114e-02,5.998077750205993430e-02,0.000000000000000000e+00,1.000000000000000000e+00,2.354486841249434914e-01
4.342000000000000171e+01,2.499061524868011544e-02,5.998246192932128740e-02,0.000000000000000000e+00,1.000000000000000000e+00,2.326337965242404604e-01
4.343999999999999773e+01,2.499079108238220354e-02,5.998333811759948286e-02,0.000000000000000000e+00,1.000000000000000000e+00,2.306786245471118268e-01
4.346000000000000085e+01,2.499033212661743233e-02,5.997878193855285534e-02,0.000000000000000000e+00,1.000000000000000000e+00,2.299368790992944445e-01
4.348000000000000398e+01,2.499035149812698503e-02,5.997940778732299694e-02,0.000000000000000000e+00,1.000000000000000000e+00,2.301754900620843758e-01
4.350000000000000000e+01,2.499037086963653773e-02,5.997859954833983931e-02,0.000000000000000000e+00,1.000000000000000000e+00,2.306605464732646993e-01
4.352000000000000313e+01,2.499034553766250888e-02,5.997895717620849165e-02,0.000000000000000000e+00,1.000000000000000000e+00,2.304234960972531276e-01
4.353999999999999915e+01,2.499020993709564348e-02,5.998015880584716547e-02,0.000000000000000000e+00,1.000000000000000000e+00,2.287351719034318165e-01
4.356000000000000227e+01,2.498988807201385498e-02,5.998249411582946833e-02,0.000000000000000000e+00,1.000000000000000000e+00,2.254011074449575047e-01
4.357999999999999829e+01,2.498970776796341151e-02,5.998388886451720692e-02,0.000000000000000000e+00,1.000000000000000000e+00,2.207122605381306168e-01
4.360000000000000142e+01,2.498982250690460344e-02,5.998214721679687167e-02,0.000000000000000000e+00,1.000000000000000000e+00,2.153066139134955093e-01
4.361999999999999744e+01,2.498982548713684151e-02,5.998223304748535184e-02,0.000000000000000000e+00,1.000000000000000000e+00,2.100517080405298054e-01
4.364000000000000057e+01,2.498996555805206576e-02,5.998360276222228921e-02,0.000000000000000000e+00,1.000000000000000000e+00,2.058252180616448601e-01
4.366000000000000369e+01,2.499011605978012154e-02,5.998489022254943626e-02,0.000000000000000000e+00,1.000000000000000000e+00,2.032394672007581393e-01
4.367999999999999972e+01,2.498997747898101807e-02,5.998345255851745411e-02,0.000000000000000000e+00,1.000000000000000000e+00,2.025201634711308873e-01
4.370000000000000284e+01,2.499009668827056885e-02,5.998533010482787892e-02,0.000000000000000000e+00,1.000000000000000000e+00,2.035403963647422210e-01
4.371999999999999886e+01,2.499013245105743616e-02,5.998667120933532521e-02,0.000000000000000000e+00,1.000000000000000000e+00,2.058602342625388271e-01
4.374000000000000199e+01,2.499011904001235962e-02,5.998907804489135576e-02,0.000000000000000000e+00,1.000000000000000000e+00,2.088115775141273223e-01
4.375999999999999801e+01,2.499004155397415231e-02,5.999168872833252064e-02,0.000000000000000000e+00,1.000000000000000000e+00,2.117619503726048957e-01
4.378000000000000114e+01,2.499016970396042078e-02,5.998846650123595969e-02,0.000000000000000000e+00,1.000000000000000000e+00,2.143765225590893719e-01
4.380000000000000426e+01,2.499016225337982386e-02,5.998872041702270341e-02,0.000000000000000000e+00,1.000000000000000000e+00,2.165849326361464211e-01
4.382000000000000028e+01,2.499016374349594116e-02,5.998929977416991854e-02,0.000000000000000000e+00,1.000000000000000000e+00,2.183772362478996198e-01
4.384000000000000341e+01,2.499020993709564348e-02,5.999043345451354758e-02,0.000000000000000000e+00,1.000000000000000000e+00,2.197535713551739822e-01
4.385999999999999943e+01,2.499011307954788347e-02,5.998902082443237360e-02,0.000000000000000000e+00,1.000000000000000000e+00,2.208915136206674457e-01
4.388000000000000256e+01,2.499010562896728654e-02,5.998893141746521052e-02,0.000000000000000000e+00,1.000000000000000000e+00,2.222580125411082186e-01
4.389999999999999858e+01,2.499006390571594308e-02,5.998821973800658874e-02,0.000000000000000000e+00,1.000000000000000000e+00,2.244250386651093221e-01
4.392000000000000171e+01,2.499005347490310808e-02,5.998786568641662625e-02,0.000000000000000000e+00,1.000000000000000000e+00,2.277643253053482642e-01
4.393999999999999773e+01,2.499004304409027308e-02,5.998889565467833973e-02,0.000000000000000000e+00,1.000000000000000000e+00,2.322203399906675736e-01
4.396000000000000085e+01,2.498996555805206576e-02,5.999015808105468556e-02,0.000000000000000000e+00,1.000000000000000000e+00,2.371043941528213628e-01
4.398000000000000398e+01,2.498945295810699532e-02,5.999407768249511580e-02,0.000000000000000000e+00,1.000000000000000000e+00,2.411388720338120406e-01
4.400000000000000000e+01,2.498927563428878992e-02,5.999481797218322865e-02,0.000000000000000000e+00,1.000000000000000000e+00,2.432471667515691827e-01
4.402000000000000313e+01,2.499027550220489502e-02,5.999280810356139720e-02,0.000000000000000000e+00,1.000000000000000000e+00,2.434830767748578373e-01
4.403999999999999915e+01,2.498975992202758997e-02,5.999294042587280384e-02,0.000000000000000000e+00,1.000000000000000000e+00,2.428103892400747532e-01
4.406000000000000227e+01,2.498977780342102190e-02,5.999296903610229492e-02,0.000000000000000000e+00,1.000000000000000000e+00,2.421818472965111546e-01
4.407999999999999829e+01,2.498986572027206421e-02,5.999338388442992942e-02,0.000000000000000000e+00,1.000000000000000000e+00,2.420339102195886438e-01
4.410000000000000142e+01,2.498999387025833269e-02,5.999512910842895452e-02,0.000000000000000000e+00,1.000000000000000000e+00,2.422493101681474637e-01
4.411999999999999744e+01,2.498995363712310999e-02,5.999917387962341170e-02,0.000000000000000000e+00,1.000000000000000000e+00,2.422953721833575880e-01
4.414000000000000057e+01,2.498999387025833269e-02,5.999860167503356934e-02,0.000000000000000000e+00,1.000000000000000000e+00,2.414569822754397965e-01
4.416000000000000369e+01,2.499011307954788347e-02,5.999753594398498507e-02,0.000000000000000000e+00,1.000000000000000000e+00,2.390933163407581163e-01
4.417999999999999972e+01,2.498999238014221191e-02,5.999854803085327010e-02,0.000000000000000000e+00,1.000000000000000000e+00,2.348363382587393133e-01
4.420000000000000284e+01,2.498998045921325961e-02,5.999871611595153365e-02,0.000000000000000000e+00,1.000000000000000000e+00,2.287834668160861618e-01
4.421999999999999886e+01,2.499001920223236153e-02,6.000026464462279718e-02,0.000000000000000000e+00,1.000000000000000000e+00,2.216618267552280808e-01
4.424000000000000199e+01,2.499008625745773385e-02,6.000090837478637418e-02,0.000000000000000000e+00,1.000000000000000000e+00,2.146749016348956374e-01
4.425999999999999801e+01,2.498999834060669153e-02,6.000020742416381503e-02,0.000000000000000000e+00,1.000000000000000000e+00,2.089590668111157012e-01
4.428000000000000114e+01,2.498997300863266269e-02,5.999996781349181685e-02,0.000000000000000000e+00,1.000000000000000000e+00,2.051374444095228622e-01
4.430000000000000426e+01,2.499002069234848231e-02,6.000064373016357477e-02,0.000000000000000000e+00,1.000000000000000000e+00,2.032984142887244716e-01
4.432000000000000028e+01,2.499004602432251115e-02,6.000150203704833485e-02,0.000000000000000000e+00,1.000000000000000000e+00,2.031528794588488285e-01
4.434000000000000341e+01,2.499006539583206385e-02,5.999953866004943681e-02,0.000000000000000000e+00,1.000000000000000000e+00,2.041330652541459567e-01
4.435999999999999943e+01,2.499019950628280848e-02,5.999635577201842956e-02,0.000000000000000000e+00,1.000000000000000000e+00,2.055493112808903511e-01
4.438000000000000256e+01,2.499034106731415003e-02,5.999393463134765347e-02,0.000000000000000000e+00,1.000000000000000000e+00,2.068789183188935454e-01
4.439999999999999858e+01,2.499030232429504464e-02,5.999476790428161233e-02,0.000000000000000000e+00,1.000000000000000000e+00,2.079042395490955375e-01
4.442000000000000171e+01,2.499030232429504464e-02,5.999457120895385770e-02,0.000000000000000000e+00,1.000000000000000000e+00,2.085664753381427372e-01
4.443999999999999773e+01,2.499012947082519809e-02,5.999204635620117299e-02,0.000000000000000000e+00,1.000000000000000000e+00,2.088289804839822406e-01
4.446000000000000085e+01,2.499002963304519653e-02,5.999118447303771612e-02,0.000000000000000000e+00,1.000000000000000000e+00,2.087918350783624089e-01
4.448000000000000398e+01,2.498953491449356148e-02,5.998730421066283958e-02,0.000000000000000000e+00,1.000000000000000000e+00,2.089013912572330878e-01
4.450000000000000000e+01,2.498947083950042725e-02,5.998673915863036998e-02,0.000000000000000000e+00,1.000000000000000000e+00,2.098750472774970344e-01
4.452000000000000313e+01,2.498926371335983415e-02,5.998424649238585926e-02,0.000000000000000000e+00,1.000000000000000000e+00,2.123674043640266518e-01
4.453999999999999915e+01,2.498917877674102991e-02,5.998245477676391463e-02,0.000000000000000000e+00,1.000000000000000000e+00,2.167516330870172814e-01
4.456000000000000227e+01,2.498917728662490914e-02,5.998219728469848105e-02,0.000000000000000000e+00,1.000000000000000000e+00,2.229799333268018824e-01
4.457999999999999829e+01,2.498915642499923914e-02,5.998280525207519420e-02,0.000000000000000000e+00,1.000000000000000000e+00,2.303003106020607704e-01
4.460000000000000142e+01,2.498914748430252145e-02,5.998290896415710283e-02,0.000000000000000000e+00,1.000000000000000000e+00,2.371955754648306935e-01
4.461999999999999744e+01,2.498870044946670602e-02,5.998613834381102961e-02,0.000000000000000000e+00,1.000000000000000000e+00,2.421815516229312848e-01
4.464000000000000057e+01,2.498776167631149361e-02,5.999059796333312822e-02,0.000000000000000000e+00,1.000000000000000000e+00,2.448425707561302789e-01
4.466000000000000369e+01,2.498745769262314051e-02,5.999154925346374123e-02,0.000000000000000000e+00,1.000000000000000000e+00,2.458069376503971004e-01
4.467999999999999972e+01,2.498753219842910975e-02,5.999141335487365168e-02,0.000000000000000000e+00,1.000000000000000000e+00,2.459637479684397554e-01
4.470000000000000284e+01,2.498738169670105050e-02,5.999149203300475908e-02,0.000000000000000000e+00,1.000000000000000000e+00,2.459300181451170575e-01
4.471999999999999886e+01,2.498745769262314051e-02,5.999161720275878601e-02,0.000000000000000000e+00,1.000000000000000000e+00,2.459481077123765458e-01
4.474000000000000199e+01,2.498746961355209628e-02,5.999183893203734880e-02,0.000000000000000000e+00,1.000000000000000000e+00,2.459455767386379832e-01
4.475999999999999801e+01,2.498743981122970859e-02,5.999204993247985590e-02,0.000000000000000000e+00,1.000000000000000000e+00,2.455777238387646666e-01
4.478000000000000114e+01,2.498745173215866089e-02,5.999199986457824652e-02,0.000000000000000000e+00,1.000000000000000000e+00,2.442467286652396652e-01
4.480000000000000426e+01,2.498745769262314051e-02,5.999184250831603865e-02,0.000000000000000000e+00,1.000000000000000000e+00,2.412504392475593173e-01
4.482000000000000028e+01,2.498733997344970703e-02,5.999147057533264077e-02,0.000000000000000000e+00,1.000000000000000000e+00,2.362364178119685520e-01
4.484000000000000341e+01,2.498719245195388933e-02,5.999105572700499933e-02,0.000000000000000000e+00,1.000000000000000000e+00,2.297282296884029240e-01
4.485999999999999943e+01,2.498708963394165317e-02,5.999068021774291853e-02,0.000000000000000000e+00,1.000000000000000000e+00,2.230091378741817787e-01
4.488000000000000256e+01,2.498720139265060702e-02,5.999127745628356906e-02,0.000000000000000000e+00,1.000000000000000000e+00,2.173149253494844058e-01
4.489999999999999858e+01,2.498719394207001010e-02,5.999121665954589705e-02,0.000000000000000000e+00,1.000000000000000000e+00,2.132625547972815949e-01
4.492000000000000171e+01,2.498716413974762240e-02,5.999055147171020175e-02,0.000000000000000000e+00,1.000000000000000000e+00,2.108817406801378191e-01
4.493999999999999773e+01,2.498716115951538086e-02,5.999070525169372670e-02,0.000000000000000000e+00,1.000000000000000000e+00,2.098270537866056829e-01
4.496000000000000085e+01,2.498733401298523088e-02,5.998850584030151339e-02,0.000000000000000000e+00,1.000000000000000000e+00,2.095432016814932352e-01
4.498000000000000398e+01,2.498722970485687395e-02,5.998928546905517301e-02,0.000000000000000000e+00,1.000000000000000000e+00,2.094856291275307703e-01
4.500000000000000000e+01,2.498714625835418701e-02,5.998980402946471613e-02,0.000000000000000000e+00,1.000000000000000000e+00,2.093226090082796753e-01
4.502000000000000313e+01,2.498717010021209856e-02,5.998958230018615334e-02,0.000000000000000000e+00,1.000000000000000000e+00,2.088961019328541835e-01
4.503999999999999915e+01,2.498709410429000854e-02,5.998848795890807800e-02,0.000000000000000000e+00,1.000000000000000000e+00,2.080556691759512800e-01
4.506000000000000227e+01,2.498738169670105050e-02,5.998981118202209584e-02,0.000000000000000000e+00,1.000000000000000000e+00,2.066872336656878639e-01
4.507999999999999829e+01,2.498761862516403476e-02,5.999078750610351007e-02,0.000000000000000000e+00,1.000000000000000000e+00,2.050018811247814876e-01
4.510000000000000142e+01,2.498719990253448625e-02,5.998876690864562988e-02,0.000000000000000000e+00,1.000000000000000000e+00,2.036990671265977160e-01
4.511999999999999744e+01,2.498746514320373743e-02,5.999044060707092035e-02,0.000000000000000000e+00,1.000000000000000000e+00,2.036604395026873626e-01
4.514000000000000057e+01,2.498683035373687814e-02,5.998467922210692915e-02,0.000000000000000000e+00,1.000000000000000000e+00,2.055472610581934867e-01
4.516000000000000369e+01,2.498701959848403931e-02,5.998758316040039146e-02,0.000000000000000000e+00,1.000000000000000000e+00,2.096830937601227574e-01
4.517999999999999972e+01,2.498693019151687622e-02,5.998376369476317999e-02,0.000000000000000000e+00,1.000000000000000000e+00,2.159602607542252806e-01
4.520000000000000284e+01,2.498692572116852084e-02,5.998408555984496848e-02,0.000000000000000000e+00,1.000000000000000000e+00,2.235702630855319339e-01
4.521999999999999886e+01,2.498701363801956316e-02,5.998243331909179632e-02,0.000000000000000000e+00,1.000000000000000000e+00,2.309885615888876975e-01
4.524000000000000199e+01,2.498674541711807390e-02,5.998546957969665139e-02,0.000000000000000000e+00,1.000000000000000000e+00,2.366751906643373704e-01
4.525999999999999801e+01,2.498628050088882654e-02,5.998940706253051702e-02,0.000000000000000000e+00,1.000000000000000000e+00,2.399265829357214441e-01
4.528000000000000114e+01,2.498650699853897234e-02,5.998776555061340054e-02,0.000000000000000000e+00,1.000000000000000000e+00,2.409984726577915626e-01
4.530000000000000426e+01,2.498640120029449463e-02,5.998853802680968739e-02,0.000000000000000000e+00,1.000000000000000000e+00,2.406642657448305744e-01
4.532000000000000028e+01,2.498627901077270577e-02,5.998965382575988797e-02,0.000000000000000000e+00,1.000000000000000000e+00,2.397982696616216824e-01
4.534000000000000341e+01,2.498620748519897461e-02,5.999081969261169101e-02,0.000000000000000000e+00,1.000000000000000000e+00,2.391287147861830276e-01
4.535999999999999943e+01,2.498618662357330461e-02,5.999185323715209434e-02,0.000000000000000000e+00,1.000000000000000000e+00,2.390700672008959360e-01
4.538000000000000256e+01,2.498620450496673653e-02,5.999053359031677329e-02,0.000000000000000000e+00,1.000000000000000000e+00,2.396015228926401675e-01
4.539999999999999858e+01,2.498616576194763461e-02,5.999138116836547768e-02,0.000000000000000000e+00,1.000000000000000000e+00,2.401977823097804776e-01
4.542000000000000171e+01,2.498611509799957345e-02,5.999180316925048495e-02,0.000000000000000000e+00,1.000000000000000000e+00,2.399169265292157571e-01
4.543999999999999773e+01,2.498642802238464425e-02,5.999065160751342746e-02,0.000000000000000000e+00,1.000000000000000000e+00,2.379093285941230318e-01
4.546000000000000085e+01,2.498634904623031616e-02,5.999075531959533608e-02,0.000000000000000000e+00,1.000000000000000000e+00,2.341965552765207792e-01
4.548000000000000398e+01,2.498635500669479578e-02,5.999075889587401900e-02,0.000000000000000000e+00,1.000000000000000000e+00,2.297579256522164493e-01
4.550000000000000000e+01,2.498642504215240617e-02,5.999094128608703502e-02,0.000000000000000000e+00,1.000000000000000000e+00,2.257096457902981745e-01
4.552000000000000313e+01,2.498639672994613925e-02,5.999074459075927346e-02,0.000000000000000000e+00,1.000000000000000000e+00,2.226568034302370824e-01
4.553999999999999915e+01,2.498639076948165963e-02,5.999018669128417663e-02,0.000000000000000000e+00,1.000000000000000000e+00,2.206609440990687787e-01
4.556000000000000227e+01,2.498628199100494385e-02,5.999112367630004411e-02,0.000000000000000000e+00,1.000000000000000000e+00,2.194454394399502628e-01
4.557999999999999829e+01,2.498623579740524500e-02,5.999127745628356906e-02,0.000000000000000000e+00,1.000000000000000000e+00,2.186319606607537991e-01
4.560000000000000142e+01,2.498635500669479578e-02,5.999113440513610673e-02,0.000000000000000000e+00,1.000000000000000000e+00,2.179544448868166451e-01
4.561999999999999744e+01,2.498656511306762695e-02,5.999125599861145075e-02,0.000000000000000000e+00,1.000000000000000000e+00,2.172840786551960002e-01
4.564000000000000057e+01,2.498664259910583774e-02,5.999158859252929493e-02,0.000000000000000000e+00,1.000000000000000000e+00,2.164565586944327547e-01
4.566000000000000369e+01,2.498658895492553850e-02,5.999189257621764804e-02,0.000000000000000000e+00,1.000000000000000000e+00,2.151638577760218440e-01
4.567999999999999972e+01,2.498619854450226038e-02,5.999208211898803683e-02,0.000000000000000000e+00,1.000000000000000000e+00,2.131497859825696728e-01
4.570000000000000284e+01,2.498656511306762695e-02,5.999250411987304410e-02,0.000000000000000000e+00,1.000000000000000000e+00,2.106270129772772615e-01
4.571999999999999886e+01,2.498662620782852312e-02,5.999266147613525196e-02,0.000000000000000000e+00,1.000000000000000000e+00,2.083845224927980411e-01
4.574000000000000199e+01,2.498685866594314853e-02,5.999364137649535605e-02,0.000000000000000000e+00,1.000000000000000000e+00,2.073452413681522166e-01
4.575999999999999801e+01,2.498639672994613925e-02,5.999054789543151883e-02,0.000000000000000000e+00,1.000000000000000000e+00,2.081359900348936087e-01
4.578000000000000114e+01,2.498628944158554077e-02,5.998932123184203685e-02,0.000000000000000000e+00,1.000000000000000000e+00,2.109863010737344502e-01
4.580000000000000426e+01,2.498626261949539462e-02,5.998865604400634849e-02,0.000000000000000000e+00,1.000000000000000000e+00,2.156732096156915301e-01
4.582000000000000028e+01,2.498626261949539462e-02,5.998892784118652066e-02,0.000000000000000000e+00,1.000000000000000000e+00,2.214021967967107207e-01
4.584000000000000341e+01,2.498628348112106462e-02,5.998824477195739691e-02,0.000000000000000000e+00,1.000000000000000000e+00,2.269101358103767785e-01
4.585999999999999943e+01,2.498647570610046387e-02,5.998453259468078391e-02,0.000000000000000000e+00,1.000000000000000000e+00,2.309334133968747871e-01
4.588000000000000256e+01,2.498630136251449654e-02,5.998736858367919450e-02,0.000000000000000000e+00,1.000000000000000000e+00,2.327108332595813345e-01
4.589999999999999858e+01,2.498620897531509538e-02,5.998901367187500083e-02,0.000000000000000000e+00,1.000000000000000000e+00,2.322178977239095776e-01
4.592000000000000171e+01,2.498620301485061923e-02,5.998915314674377330e-02,0.000000000000000000e+00,1.000000000000000000e+00,2.301533300708418772e-01
4.593999999999999773e+01,2.498617172241211076e-02,5.999129176139831460e-02,0.000000000000000000e+00,1.000000000000000000e+00,2.276767892249710046e-01
4.596000000000000085e+01,2.498617470264434884e-02,5.999377727508544561e-02,0.000000000000000000e+00,1.000000000000000000e+00,2.259130974816321857e-01
4.598000000000000398e+01,2.498617619276046961e-02,5.999665260314940990e-02,0.000000000000000000e+00,1.000000000000000000e+00,2.255341522789515440e-01
4.600000000000000000e+01,2.498617023229598999e-02,5.999696731567382563e-02,0.000000000000000000e+00,1.000000000000000000e+00,2.266451593565532718e-01
4.602000000000000313e+01,2.498620450496673653e-02,5.999632716178893849e-02,0.000000000000000000e+00,1.000000000000000000e+00,2.287955796040883061e-01
4.603999999999999915e+01,2.498629391193389962e-02,5.999547243118286133e-02,0.000000000000000000e+00,1.000000000000000000e+00,2.310049161300498644e-01
4.606000000000000227e+01,2.498609125614166537e-02,5.999658107757568221e-02,0.000000000000000000e+00,1.000000000000000000e+00,2.321497116742164413e-01
4.607999999999999829e+01,2.498629093170166154e-02,5.999594449996947798e-02,0.000000000000000000e+00,1.000000000000000000e+00,2.317778873125228567e-01
4.610000000000000142e+01,2.498653084039688388e-02,5.999557614326476995e-02,0.000000000000000000e+00,1.000000000000000000e+00,2.303897205006012749e-01
4.611999999999999744e+01,2.498643249273300310e-02,5.999556899070739718e-02,0.000000000000000000e+00,1.000000000000000000e+00,2.287980497001095292e-01
4.614000000000000057e+01,2.498638778924942155e-02,5.999543666839599054e-02,0.000000000000000000e+00,1.000000000000000000e+00,2.275090176769782868e-01
4.616000000000000369e+01,2.498640567064285348e-02,5.999523639678954606e-02,0.000000000000000000e+00,1.000000000000000000e+00,2.266179129139605508e-01
4.617999999999999972e+01,2.498629689216613770e-02,5.999537587165832547e-02,0.000000000000000000e+00,1.000000000000000000e+00,2.260018710661648444e-01
4.620000000000000284e+01,2.498636394739151001e-02,5.999542236328124500e-02,0.000000000000000000e+00,1.000000000000000000e+00,2.255694799450093657e-01
4.621999999999999886e+01,2.498656660318374773e-02,5.999590516090393122e-02,0.000000000000000000e+00,1.000000000000000000e+00,2.253574494124551963e-01
4.624000000000000199e+01,2.498649060726165771e-02,5.999551892280578086e-02,0.000000000000000000e+00,1.000000000000000000e+00,2.253891713169775546e-01
4.625999999999999801e+01,2.498647123575210849e-02,5.999524354934691883e-02,0.000000000000000000e+00,1.000000000000000000e+00,2.254692837836989316e-01
4.628000000000000114e+01,2.498648762702941964e-02,5.999490380287170188e-02,0.000000000000000000e+00,1.000000000000000000e+00,2.251469972713341372e-01
4.630000000000000426e+01,2.498621642589569231e-02,5.999622702598571278e-02,0.000000000000000000e+00,1.000000000000000000e+00,2.239971977608273823e-01
4.632000000000000028e+01,2.498597055673599382e-02,5.999662041664123591e-02,0.000000000000000000e+00,1.000000000000000000e+00,2.220800325225643634e-01
4.634000000000000341e+01,2.498646378517151156e-02,5.999677777290343683e-02,0.000000000000000000e+00,1.000000000000000000e+00,2.200393249665683337e-01
4.635999999999999943e+01,2.498703002929687778e-02,5.999796867370605497e-02,0.000000000000000000e+00,1.000000000000000000e+00,2.186760653307898705e-01
4.638000000000000256e+01,2.498684376478195468e-02,5.999716043472289734e-02,0.000000000000000000e+00,1.000000000000000000e+00,2.185273985394228791e-01
4.639999999999999858e+01,2.498690187931060930e-02,5.999762892723083108e-02,0.000000000000000000e+00,1.000000000000000000e+00,2.197360896592554791e-01
4.642000000000000171e+01,2.498683333396911621e-02,5.999652743339538297e-02,0.000000000000000000e+00,1.000000000000000000e+00,2.220512364569514063e-01
4.643999999999999773e+01,2.498682141304016391e-02,5.999593377113342230e-02,0.000000000000000000e+00,1.000000000000000000e+00,2.248690925966831677e-01
4.646000000000000085e+01,2.498683482408523698e-02,5.999356269836425559e-02,0.000000000000000000e+00,1.000000000000000000e+00,2.273526672727474995e-01
4.648000000000000398e+01,2.498677968978882044e-02,5.999730706214904258e-02,0.000000000000000000e+00,1.000000000000000000e+00,2.286121304298163737e-01
4.650000000000000000e+01,2.498676925897598544e-02,5.999854087829589733e-02,0.000000000000000000e+00,1.000000000000000000e+00,2.279391072291004627e-01
4.652000000000000313e+01,2.498676329851150582e-02,5.999798655509948342e-02,0.000000000000000000e+00,1.000000000000000000e+00,2.251749039722854562e-01
4.653999999999999915e+01,2.498674839735031197e-02,5.999746799468994030e-02,0.000000000000000000e+00,1.000000000000000000e+00,2.210476219973710466e-01
4.656000000000000227e+01,2.498683929443359583e-02,5.999985337257385254e-02,0.000000000000000000e+00,1.000000000000000000e+00,2.169485888685439567e-01
4.657999999999999829e+01,2.498688846826553622e-02,6.000128030776977206e-02,0.000000000000000000e+00,1.000000000000000000e+00,2.141512926149468088e-01
4.660000000000000142e+01,2.498691529035568237e-02,6.000291824340819868e-02,0.000000000000000000e+00,1.000000000000000000e+00,2.132944619835900890e-01
4.661999999999999744e+01,2.498691678047180315e-02,6.000276803970336359e-02,0.000000000000000000e+00,1.000000000000000000e+00,2.144256230720340550e-01
4.664000000000000057e+01,2.498700916767120431e-02,6.000085115432739202e-02,0.000000000000000000e+00,1.000000000000000000e+00,2.171060589381561545e-01
4.666000000000000369e+01,2.498695701360702584e-02,6.000140905380248885e-02,0.000000000000000000e+00,1.000000000000000000e+00,2.203814921903992641e-01
4.667999999999999972e+01,2.498692721128463815e-02,6.000160932540893333e-02,0.000000000000000000e+00,1.000000000000000000e+00,2.230908228097519819e-01
4.670000000000000284e+01,2.498630583286285539e-02,6.000436305999755360e-02,0.000000000000000000e+00,1.000000000000000000e+00,2.246178086636932969e-01
4.671999999999999886e+01,2.498603314161300729e-02,6.000520706176757507e-02,0.000000000000000000e+00,1.000000000000000000e+00,2.251651682016845013e-01
4.674000000000000199e+01,2.498638331890106271e-02,6.000441312789916992e-02,0.000000000000000000e+00,1.000000000000000000e+00,2.252546576981946103e-01
4.675999999999999801e+01,2.498626559972763270e-02,6.000474214553833119e-02,0.000000000000000000e+00,1.000000000000000000e+00,2.252411151355392660e-01
4.678000000000000114e+01,2.498619109392166346e-02,6.000449895858764315e-02,0.000000000000000000e+00,1.000000000000000000e+00,2.252454508490946694e-01
4.680000000000000426e+01,2.498624175786972115e-02,6.000462055206298717e-02,0.000000000000000000e+00,1.000000000000000000e+00,2.253416587475569333e-01
4.682000000000000028e+01,2.498667985200882236e-02,6.000605106353759655e-02,0.000000000000000000e+00,1.000000000000000000e+00,2.257109353360237658e-01
4.684000000000000341e+01,2.498636245727539271e-02,6.000446319580077931e-02,0.000000000000000000e+00,1.000000000000000000e+00,2.265784505854854802e-01
4.685999999999999943e+01,2.498614937067031999e-02,6.000261783599853543e-02,0.000000000000000000e+00,1.000000000000000000e+00,2.280108862636224809e-01
4.688000000000000256e+01,2.498618662357330461e-02,6.000349044799804799e-02,0.000000000000000000e+00,1.000000000000000000e+00,2.297610452529097180e-01
4.689999999999999858e+01,2.498622685670852731e-02,6.000198125839233121e-02,0.000000000000000000e+00,1.000000000000000000e+00,2.312911595166034784e-01
4.692000000000000171e+01,2.498617470264434884e-02,6.000248193740844588e-02,0.000000000000000000e+00,1.000000000000000000e+00,2.320685457571806665e-01
4.693999999999999773e+01,2.498619854450226038e-02,6.000236749649047463e-02,0.000000000000000000e+00,1.000000000000000000e+00,2.319681496277288812e-01
4.696000000000000085e+01,2.498626112937927385e-02,6.000221729278563954e-02,0.000000000000000000e+00,1.000000000000000000e+00,2.313425954032820031e-01
4.698000000000000398e+01,2.498621046543121615e-02,6.000224590301513755e-02,0.000000000000000000e+00,1.000000000000000000e+00,2.306998712672745366e-01
4.700000000000000000e+01,2.498634606599807809e-02,6.000241756439209095e-02,0.000000000000000000e+00,1.000000000000000000e+00,2.303887773108043990e-01
4.702000000000000313e+01,2.498641908168793002e-02,6.000269651412963590e-02,0.000000000000000000e+00,1.000000000000000000e+00,2.305075049638893314e-01
4.703999999999999915e+01,2.498636543750763078e-02,6.000223159790038507e-02,0.000000000000000000e+00,1.000000000000000000e+00,2.309529918838598983e-01
4.706000000000000227e+01,2.498638331890106271e-02,6.000256061553954634e-02,0.000000000000000000e+00,1.000000000000000000e+00,2.314756466393846912e-01
4.707999999999999829e+01,2.498635947704315463e-02,6.000197410583495844e-02,0.000000000000000000e+00,1.000000000000000000e+00,2.316609596165295770e-01
4.710000000000000142e+01,2.498636990785598963e-02,6.000216007232665738e-02,0.000000000000000000e+00,1.000000000000000000e+00,2.308878790745696741e-01
4.711999999999999744e+01,2.498631626367569039e-02,6.000149488449096208e-02,0.000000000000000000e+00,1.000000000000000000e+00,2.284785009267642220e-01
4.714000000000000057e+01,2.498633712530136386e-02,6.000170946121215904e-02,0.000000000000000000e+00,1.000000000000000000e+00,2.242270776473546667e-01
4.716000000000000369e+01,2.498667985200882236e-02,6.000496387481689398e-02,0.000000000000000000e+00,1.000000000000000000e+00,2.189277556660879087e-01
4.717999999999999972e+01,2.498654574155807773e-02,6.000349760055542075e-02,0.000000000000000000e+00,1.000000000000000000e+00,2.140468154848547966e-01
4.720000000000000284e+01,2.498628348112106462e-02,5.999957799911499051e-02,0.000000000000000000e+00,1.000000000000000000e+00,2.107663773272278607e-01
4.721999999999999886e+01,2.498645186424255579e-02,6.000440597534179715e-02,0.000000000000000000e+00,1.000000000000000000e+00,2.095593046274027704e-01
4.724000000000000199e+01,2.498645037412643502e-02,6.000530004501342801e-02,0.000000000000000000e+00,1.000000000000000000e+00,2.103577349324300683e-01
4.725999999999999801e+01,2.498653382062912195e-02,6.000329017639159657e-02,0.000000000000000000e+00,1.000000000000000000e+00,2.126408009404568422e-01
4.728000000000000114e+01,2.498660087585449427e-02,6.000251770019530972e-02,0.000000000000000000e+00,1.000000000000000000e+00,2.154150318642946704e-01
4.730000000000000426e+01,2.498688399791717737e-02,6.000040054321288674e-02,0.000000000000000000e+00,1.000000000000000000e+00,2.176085649859764715e-01
4.732000000000000028e+01,2.498661428689956734e-02,6.000186681747435996e-02,0.000000000000000000e+00,1.000000000000000000e+00,2.187279430605988673e-01
4.734000000000000341e+01,2.498644143342972079e-02,6.000263214111328097e-02,0.000000000000000000e+00,1.000000000000000000e+00,2.189496340816270425e-01
4.735999999999999943e+01,2.498634308576584001e-02,6.000308990478515209e-02,0.000000000000000000e+00,1.000000000000000000e+00,2.186804353578587212e-01
4.738000000000000256e+01,2.498633265495300501e-02,6.000321149826049610e-02,0.000000000000000000e+00,1.000000000000000000e+00,2.182470208800317280e-01
4.739999999999999858e+01,2.498618364334106653e-02,6.000199556350707675e-02,0.000000000000000000e+00,1.000000000000000000e+00,2.179072021552010685e-01
4.742000000000000171e+01,2.498599141836166382e-02,6.000105142593383650e-02,0.000000000000000000e+00,1.000000000000000000e+00,2.179629532150911264e-01
4.743999999999999773e+01,2.498605996370315691e-02,6.000142335891723439e-02,0.000000000000000000e+00,1.000000000000000000e+00,2.187489201602892119e-01
4.746000000000000085e+01,2.498551905155181954e-02,5.999738931655883289e-02,0.000000000000000000e+00,1.000000000000000000e+00,2.204888039123522048e-01
4.748000000000000398e+01,2.498551160097122262e-02,5.999729633331298689e-02,0.000000000000000000e+00,1.000000000000000000e+00,2.231489717748096901e-01
4.750000000000000000e+01,2.498545050621032992e-02,5.999521493911742775e-02,0.000000000000000000e+00,1.000000000000000000e+00,2.263696900080298668e-01
4.752000000000000313e+01,2.498542517423629761e-02,5.999651670455932728e-02,0.000000000000000000e+00,1.000000000000000000e+00,2.295555487604866163e-01
4.753999999999999915e+01,2.498545348644256800e-02,5.999609470367431308e-02,0.000000000000000000e+00,1.000000000000000000e+00,2.321719924595127826e-01
4.756000000000000227e+01,2.498526573181152413e-02,5.999777555465698325e-02,0.000000000000000000e+00,1.000000000000000000e+00,2.340223793127435559e-01
4.757999999999999829e+01,2.498520612716674874e-02,5.999816179275512668e-02,0.000000000000000000e+00,1.000000000000000000e+00,2.352167191310505778e-01
4.760000000000000142e+01,2.498519271612167567e-02,5.999823689460754422e-02,0.000000000000000000e+00,1.000000000000000000e+00,2.359392759970733722e-01
4.761999999999999744e+01,2.498532235622406145e-02,5.999755740165710338e-02,0.000000000000000000e+00,1.000000000000000000e+00,2.363157072850310125e-01
4.764000000000000057e+01,2.498527467250824183e-02,5.999785780906677357e-02,0.000000000000000000e+00,1.000000000000000000e+00,2.364556925740778914e-01
4.766000000000000369e+01,2.498517036437988489e-02,5.999878048896789551e-02,0.000000000000000000e+00,1.000000000000000000e+00,2.365114830673465396e-01
4.767999999999999972e+01,2.498523741960525721e-02,5.999822974205017145e-02,0.000000000000000000e+00,1.000000000000000000e+00,2.365887511269665344e-01
4.770000000000000284e+01,2.498531192541122645e-02,5.999799370765685619e-02,0.000000000000000000e+00,1.000000000000000000e+00,2.365417538910341844e-01
4.771999999999999886e+01,2.498509287834167758e-02,5.999807596206664650e-02,0.000000000000000000e+00,1.000000000000000000e+00,2.358343575982315421e-01
4.774000000000000199e+01,2.498499453067779680e-02,5.999795436859130943e-02,0.000000000000000000e+00,1.000000000000000000e+00,2.337146776911202817e-01
4.775999999999999801e+01,2.498509436845779488e-02,5.999820113182067344e-02,0.000000000000000000e+00,1.000000000000000000e+00,2.298775887714484267e-01
4.778000000000000114e+01,2.498486191034317294e-02,5.999731063842773243e-02,0.000000000000000000e+00,1.000000000000000000e+00,2.250690661405046478e-01
4.780000000000000426e+01,2.498477697372436523e-02,5.999682426452636330e-02,0.000000000000000000e+00,1.000000000000000000e+00,2.206584761000587869e-01
4.782000000000000028e+01,2.498496323823928833e-02,5.999848008155822532e-02,0.000000000000000000e+00,1.000000000000000000e+00,2.176764537051930348e-01
4.784000000000000341e+01,2.498507648706436296e-02,6.000039339065551397e-02,0.000000000000000000e+00,1.000000000000000000e+00,2.164850807827589652e-01
4.785999999999999943e+01,2.498504668474197526e-02,5.999792575836181141e-02,0.000000000000000000e+00,1.000000000000000000e+00,2.169092153400692946e-01
4.788000000000000256e+01,2.498508095741272181e-02,5.999689579010009793e-02,0.000000000000000000e+00,1.000000000000000000e+00,2.182791681523094107e-01
4.789999999999999858e+01,2.498530596494674683e-02,5.999401330947876088e-02,0.000000000000000000e+00,1.000000000000000000e+00,2.195516441111771688e-01
4.792000000000000171e+01,2.498548924922943185e-02,5.999249696731567133e-02,0.000000000000000000e+00,1.000000000000000000e+00,2.198257368327625749e-01
4.793999999999999773e+01,2.498533874750137607e-02,5.999344825744628434e-02,0.000000000000000000e+00,1.000000000000000000e+00,2.188233900834719303e-01
4.796000000000000085e+01,2.498567402362823764e-02,5.999149918556213185e-02,0.000000000000000000e+00,1.000000000000000000e+00,2.168113197335769793e-01
4.798000000000000398e+01,2.498556375503540108e-02,5.999234676361083624e-02,0.000000000000000000e+00,1.000000000000000000e+00,2.142630005726477160e-01
4.800000000000000000e+01,2.498555779457092493e-02,5.999271512031555120e-02,0.000000000000000000e+00,1.000000000000000000e+00,2.116950471440708359e-01
4.802000000000000313e+01,2.498562932014465610e-02,5.999342679977416604e-02,0.000000000000000000e+00,1.000000000000000000e+00,2.096515440051807677e-01
4.803999999999999915e+01,2.498585879802703996e-02,5.999502182006835604e-02,0.000000000000000000e+00,1.000000000000000000e+00,2.086396544523179408e-01
4.806000000000000227e+01,2.498574852943420688e-02,5.999418139457702442e-02,0.000000000000000000e+00,1.000000000000000000e+00,2.089978061775091545e-01
4.807999999999999829e+01,2.498592883348465035e-02,5.999608039855956754e-02,0.000000000000000000e+00,1.000000000000000000e+00,2.108000479382394488e-01
4.810000000000000142e+01,2.498600631952285767e-02,5.999749302864074152e-02,0.000000000000000000e+00,1.000000000000000000e+00,2.138125894295695162e-01
4.812000000000000455e+01,2.498597651720046997e-02,5.999550461769103532e-02,0.000000000000000000e+00,1.000000000000000000e+00,2.175087529015285182e-01
4.814000000000000057e+01,2.498601377010345459e-02,5.999366283416748130e-02,0.000000000000000000e+00,1.000000000000000000e+00,2.212473954104688667e-01
4.816000000000000369e+01,2.498595565557479997e-02,5.999487161636352095e-02,0.000000000000000000e+00,1.000000000000000000e+00,2.245728829658811820e-01
4.817999999999999972e+01,2.498580962419509957e-02,5.999719262123107827e-02,0.000000000000000000e+00,1.000000000000000000e+00,2.273381121944489103e-01
4.820000000000000284e+01,2.498580068349838534e-02,5.999733567237854059e-02,0.000000000000000000e+00,1.000000000000000000e+00,2.295528780876704145e-01
4.821999999999999886e+01,2.498571723699569841e-02,5.999967813491820928e-02,0.000000000000000000e+00,1.000000000000000000e+00,2.312224021237487270e-01
4.824000000000000199e+01,2.498571574687957764e-02,6.000111579895019143e-02,0.000000000000000000e+00,1.000000000000000000e+00,2.323892661187374475e-01
4.825999999999999801e+01,2.498572915792465418e-02,6.000168800354003379e-02,0.000000000000000000e+00,1.000000000000000000e+00,2.332831890159620947e-01
4.828000000000000114e+01,2.498573660850525111e-02,6.000193834304809459e-02,0.000000000000000000e+00,1.000000000000000000e+00,2.343014063008126424e-01
4.830000000000000426e+01,2.498574256896972726e-02,6.000281810760497991e-02,0.000000000000000000e+00,1.000000000000000000e+00,2.357526757278990415e-01
4.832000000000000028e+01,2.498573511838913033e-02,6.000301837921142439e-02,0.000000000000000000e+00,1.000000000000000000e+00,2.375726675061223536e-01
4.834000000000000341e+01,2.498596310615539690e-02,6.000110864639281866e-02,0.000000000000000000e+00,1.000000000000000000e+00,2.391640614178835167e-01
4.835999999999999943e+01,2.498614341020584384e-02,6.000045061111450306e-02,0.000000000000000000e+00,1.000000000000000000e+00,2.395578556720215635e-01
4.838000000000000256e+01,2.498664706945419312e-02,5.999983906745910700e-02,0.000000000000000000e+00,1.000000000000000000e+00,2.381554494872497874e-01
4.839999999999999858e+01,2.498702406883239815e-02,6.000007152557372547e-02,0.000000000000000000e+00,1.000000000000000000e+00,2.354486841249437135e-01
4.842000000000000171e+01,2.498713731765747278e-02,6.000035047531127735e-02,0.000000000000000000e+00,1.000000000000000000e+00,2.326337965242404326e-01
4.843999999999999773e+01,2.498677521944046159e-02,5.999854803085327010e-02,0.000000000000000000e+00,1.000000000000000000e+00,2.306786245471126595e-01
4.846000000000000085e+01,2.498651146888733118e-02,5.999592661857604953e-02,0.000000000000000000e+00,1.000000000000000000e+00,2.299368790992934453e-01
4.848000000000000398e+01,2.498651146888733118e-02,5.999591588973998690e-02,0.000000000000000000e+00,1.000000000000000000e+00,2.301754900620836541e-01
4.850000000000000000e+01,2.498653382062912195e-02,5.999496817588805680e-02,0.000000000000000000e+00,1.000000000000000000e+00,2.306605464732649768e-01
4.852000000000000313e+01,2.498667836189270158e-02,5.999296188354492215e-02,0.000000000000000000e+00,1.000000000000000000e+00,2.304234960972532387e-01
4.853999999999999915e+01,2.498660236597061157e-02,5.999363064765930037e-02,0.000000000000000000e+00,1.000000000000000000e+00,2.287351719034300124e-01
4.856000000000000227e+01,2.498636990785598963e-02,5.999531507492065346e-02,0.000000000000000000e+00,1.000000000000000000e+00,2.254011074449595031e-01
4.857999999999999829e+01,2.498638331890106271e-02,5.999521136283874484e-02,0.000000000000000000e+00,1.000000000000000000e+00,2.207122605381334479e-01
4.860000000000000142e+01,2.498637884855270386e-02,5.999527931213378962e-02,0.000000000000000000e+00,1.000000000000000000e+00,2.153066139134972024e-01
4.862000000000000455e+01,2.498636245727539271e-02,5.999479651451110340e-02,0.000000000000000000e+00,1.000000000000000000e+00,2.100517080405293613e-01
4.864000000000000057e+01,2.498629242181778232e-02,5.999411702156066950e-02,0.000000000000000000e+00,1.000000000000000000e+00,2.058252180616438609e-01
4.866000000000000369e+01,2.498658299446106235e-02,5.999659895896911066e-02,0.000000000000000000e+00,1.000000000000000000e+00,2.032394672007567515e-01
4.867999999999999972e+01,2.498640418052673617e-02,5.999474644660949402e-02,0.000000000000000000e+00,1.000000000000000000e+00,2.025201634711308041e-01
4.870000000000000284e+01,2.498638927936554233e-02,5.999450325965881292e-02,0.000000000000000000e+00,1.000000000000000000e+00,2.035403963647418046e-01
4.871999999999999886e+01,2.498636692762375155e-02,5.999368429183959961e-02,0.000000000000000000e+00,1.000000000000000000e+00,2.058602342625378279e-01
4.874000000000000199e+01,2.498636841773986886e-02,5.999347686767578236e-02,0.000000000000000000e+00,1.000000000000000000e+00,2.088115775141274610e-01
4.875999999999999801e+01,2.498631030321121424e-02,5.999540805816649947e-02,0.000000000000000000e+00,1.000000000000000000e+00,2.117619503726051178e-01
4.878000000000000114e+01,2.498624175786972115e-02,5.999712109565734364e-02,0.000000000000000000e+00,1.000000000000000000e+00,2.143765225590878176e-01
4.880000000000000426e+01,2.498624920845031808e-02,5.999688148498535240e-02,0.000000000000000000e+00,1.000000000000000000e+00,2.165849326361448113e-01
4.882000000000000028e+01,2.498625367879867692e-02,5.999866962432861411e-02,0.000000000000000000e+00,1.000000000000000000e+00,2.183772362478975659e-01
4.884000000000000341e+01,2.498620152473449846e-02,5.999742865562438660e-02,0.000000000000000000e+00,1.000000000000000000e+00,2.197535713551742598e-01
4.885999999999999943e+01,2.498624920845031808e-02,5.999811887741088312e-02,0.000000000000000000e+00,1.000000000000000000e+00,2.208915136206669183e-01
4.888000000000000256e+01,2.498652637004852503e-02,6.000186681747435996e-02,0.000000000000000000e+00,1.000000000000000000e+00,2.222580125411077467e-01
4.889999999999999858e+01,2.498644888401031772e-02,6.000057220458984014e-02,0.000000000000000000e+00,1.000000000000000000e+00,2.244250386651095441e-01
4.892000000000000171e+01,2.498646527528762887e-02,6.000112295150756420e-02,0.000000000000000000e+00,1.000000000000000000e+00,2.277643253053487360e-01
4.893999999999999773e+01,2.498642653226852695e-02,6.000497817993163951e-02,0.000000000000000000e+00,1.000000000000000000e+00,2.322203399906654642e-01
4.896000000000000085e+01,2.498655766248703003e-02,6.000285387039184376e-02,0.000000000000000000e+00,1.000000000000000000e+00,2.371043941528192533e-01
4.898000000000000398e+01,2.498655468225479195e-02,6.000288248062133484e-02,0.000000000000000000e+00,1.000000000000000000e+00,2.411388720338110969e-01
4.900000000000000000e+01,2.498669177293777466e-02,6.000231027603149248e-02,0.000000000000000000e+00,1.000000000000000000e+00,2.432471667515679337e-01
4.902000000000000313e+01,2.498717010021209856e-02,6.000134468078613392e-02,0.000000000000000000e+00,1.000000000000000000e+00,2.434830767748570601e-01
4.903999999999999915e+01,2.498704046010971278e-02,6.000138044357299777e-02,0.000000000000000000e+00,1.000000000000000000e+00,2.428103892400738928e-01
4.906000000000000227e+01,2.498732805252075473e-02,6.000185966491698719e-02,0.000000000000000000e+00,1.000000000000000000e+00,2.421818472965101832e-01
4.907999999999999829e+01,2.498698085546493738e-02,6.000022172927856057e-02,0.000000000000000000e+00,1.000000000000000000e+00,2.420339102195882275e-01
4.910000000000000142e+01,2.498698085546493738e-02,6.000022172927856057e-02,0.000000000000000000e+00,1.000000000000000000e+00,2.422493101681471306e-01
4.912000000000000455e+01,2.498697787523269931e-02,6.000050783157348522e-02,0.000000000000000000e+00,1.000000000000000000e+00,2.422953721833584206e-01
4.914000000000000057e+01,2.498698234558105469e-02,6.000043630599975059e-02,0.000000000000000000e+00,1.000000000000000000e+00,2.414569822754383532e-01
4.916000000000000369e+01,2.498699724674224854e-02,6.000030755996704074e-02,0.000000000000000000e+00,1.000000000000000000e+00,2.390933163407568396e-01
4.917999999999999972e+01,2.498697787523269931e-02,6.000046491622924860e-02,0.000000000000000000e+00,1.000000000000000000e+00,2.348363382587385639e-01
4.920000000000000284e+01,2.498698085546493738e-02,6.000041484832763228e-02,0.000000000000000000e+00,1.000000000000000000e+00,2.287834668160856899e-01
4.921999999999999886e+01,2.498699128627777238e-02,6.000081539154052818e-02,0.000000000000000000e+00,1.000000000000000000e+00,2.216618267552261934e-01
4.924000000000000199e+01,2.498703300952911585e-02,6.000121593475341714e-02,0.000000000000000000e+00,1.000000000000000000e+00,2.146749016348969974e-01
4.925999999999999801e+01,2.498697191476821969e-02,6.000072956085204801e-02,0.000000000000000000e+00,1.000000000000000000e+00,2.089590668111172556e-01
4.928000000000000114e+01,2.498724460601806779e-02,6.000329732894896934e-02,0.000000000000000000e+00,1.000000000000000000e+00,2.051374444095237781e-01
4.930000000000000426e+01,2.498732358217239588e-02,6.000443458557128823e-02,0.000000000000000000e+00,1.000000000000000000e+00,2.032984142887256651e-01
4.932000000000000028e+01,2.498732358217239588e-02,6.000443458557128823e-02,0.000000000000000000e+00,1.000000000000000000e+00,2.031528794588483566e-01
4.934000000000000341e+01,2.498732954263687203e-02,6.000389814376830971e-02,0.000000000000000000e+00,1.000000000000000000e+00,2.041330652541455126e-01
4.935999999999999943e+01,2.498730570077896396e-02,6.000445604324340654e-02,0.000000000000000000e+00,1.000000000000000000e+00,2.055493112808906009e-01
4.938000000000000256e+01,2.498731762170791626e-02,6.000425577163696206e-02,0.000000000000000000e+00,1.000000000000000000e+00,2.068789183188939618e-01
4.939999999999999858e+01,2.498729825019836703e-02,6.000467061996459656e-02,0.000000000000000000e+00,1.000000000000000000e+00,2.079042395490960926e-01
4.942000000000000171e+01,2.498730421066284318e-02,6.000683784484862893e-02,0.000000000000000000e+00,1.000000000000000000e+00,2.085664753381446523e-01
4.943999999999999773e+01,2.498722523450851510e-02,6.000569343566894420e-02,0.000000000000000000e+00,1.000000000000000000e+00,2.088289804839837116e-01
4.946000000000000085e+01,2.498718500137329240e-02,6.000534296035766463e-02,0.000000000000000000e+00,1.000000000000000000e+00,2.087918350783621868e-01
4.948000000000000398e+01,2.498741596937179704e-02,6.000715970993041742e-02,0.000000000000000000e+00,1.000000000000000000e+00,2.089013912572318943e-01
4.950000000000000000e+01,2.498705089092254777e-02,6.000391244888305525e-02,0.000000000000000000e+00,1.000000000000000000e+00,2.098750472774949805e-01
4.952000000000000313e+01,2.498690783977508545e-02,6.000218868255614846e-02,0.000000000000000000e+00,1.000000000000000000e+00,2.123674043640272346e-01
4.953999999999999915e+01,2.498700171709060738e-02,6.000414848327636358e-02,0.000000000000000000e+00,1.000000000000000000e+00,2.167516330870169206e-01
4.956000000000000227e+01,2.498697340488434046e-02,6.000062942504882924e-02,0.000000000000000000e+00,1.000000000000000000e+00,2.229799333268016881e-01
4.957999999999999829e+01,2.498703449964523315e-02,5.999888777732848705e-02,0.000000000000000000e+00,1.000000000000000000e+00,2.303003106020613533e-01
4.960000000000000142e+01,2.498723566532135010e-02,5.999644517898559265e-02,0.000000000000000000e+00,1.000000000000000000e+00,2.371955754648319148e-01
4.962000000000000455e+01,2.498706132173538277e-02,5.999770760536193848e-02,0.000000000000000000e+00,1.000000000000000000e+00,2.421815516229355036e-01
4.964000000000000057e+01,2.498688548803329468e-02,5.999854803085327010e-02,0.000000000000000000e+00,1.000000000000000000e+00,2.448425707561305009e-01
4.966000000000000369e+01,2.498662620782852312e-02,5.999936342239379355e-02,0.000000000000000000e+00,1.000000000000000000e+00,2.458069376503977665e-01
4.967999999999999972e+01,2.498649060726165771e-02,5.999961376190185436e-02,0.000000000000000000e+00,1.000000000000000000e+00,2.459637479684401717e-01
4.970000000000000284e+01,2.498606294393539498e-02,5.999983549118041715e-02,0.000000000000000000e+00,1.000000000000000000e+00,2.459300181451175016e-01
4.971999999999999886e+01,2.498616427183151384e-02,5.999999999999999778e-02,0.000000000000000000e+00,1.000000000000000000e+00,2.459481077123770454e-01
4.974000000000000199e+01,2.498614788055419922e-02,5.999971747398376298e-02,0.000000000000000000e+00,1.000000000000000000e+00,2.459455767386383440e-01
4.975999999999999801e+01,2.498612999916076730e-02,5.999984264373778992e-02,0.000000000000000000e+00,1.000000000000000000e+00,2.455777238387650552e-01
4.978000000000000114e+01,2.498617619276046961e-02,5.999964237213134544e-02,0.000000000000000000e+00,1.000000000000000000e+00,2.442467286652404146e-01
4.980000000000000426e+01,2.498617619276046961e-02,5.999965667724609097e-02,0.000000000000000000e+00,1.000000000000000000e+00,2.412504392475603998e-01
4.982000000000000028e+01,2.498611956834793230e-02,5.999947786331176480e-02,0.000000000000000000e+00,1.000000000000000000e+00,2.362364178119683022e-01
4.984000000000000341e+01,2.498611956834793230e-02,5.999947786331176480e-02,0.000000000000000000e+00,1.000000000000000000e+00,2.297282296884027020e-01
4.985999999999999943e+01,2.498590499162674228e-02,5.999869465827941534e-02,0.000000000000000000e+00,1.000000000000000000e+00,2.230091378741815566e-01
4.988000000000000256e+01,2.498582601547241419e-02,5.999827265739440807e-02,0.000000000000000000e+00,1.000000000000000000e+00,2.173149253494838784e-01
4.989999999999999858e+01,2.498590052127838343e-02,5.999893426895141352e-02,0.000000000000000000e+00,1.000000000000000000e+00,2.132625547972807345e-01
4.992000000000000171e+01,2.498591095209121843e-02,5.999918460845946738e-02,0.000000000000000000e+00,1.000000000000000000e+00,2.108817406801388183e-01
4.993999999999999773e+01,2.498590797185898035e-02,5.999937772750854603e-02,0.000000000000000000e+00,1.000000000000000000e+00,2.098270537866066265e-01
4.996000000000000085e+01,2.498597949743271152e-02,5.999846220016478993e-02,0.000000000000000000e+00,1.000000000000000000e+00,2.095432016814934018e-01
4.998000000000000398e+01,2.498623579740524500e-02,5.999653816223144559e-02,0.000000000000000000e+00,1.000000000000000000e+00,2.094856291275309368e-01
5.000000000000000000e+01,2.498633414506912231e-02,5.999593377113342230e-02,0.000000000000000000e+00,1.000000000000000000e+00,2.093226090082790092e-01
5.002000000000000313e+01,2.498636245727539271e-02,5.999566912651061595e-02,0.000000000000000000e+00,1.000000000000000000e+00,2.088961019328535451e-01
5.003999999999999915e+01,2.498641312122345040e-02,5.999639868736266618e-02,0.000000000000000000e+00,1.000000000000000000e+00,2.080556691759510579e-01
5.006000000000000227e+01,2.498649656772613734e-02,5.999678492546081654e-02,0.000000000000000000e+00,1.000000000000000000e+00,2.066872336656875031e-01
5.007999999999999829e+01,2.498658299446106235e-02,5.999714255332946888e-02,0.000000000000000000e+00,1.000000000000000000e+00,2.050018811247809880e-01
5.010000000000000142e+01,2.498642355203628540e-02,5.999637365341186496e-02,0.000000000000000000e+00,1.000000000000000000e+00,2.036990671265995478e-01
5.012000000000000455e+01,2.498620897531509538e-02,5.999501824378967313e-02,0.000000000000000000e+00,1.000000000000000000e+00,2.036604395026904157e-01
5.014000000000000057e+01,2.498640716075897425e-02,5.999681353569030762e-02,0.000000000000000000e+00,1.000000000000000000e+00,2.055472610581923210e-01
5.016000000000000369e+01,2.498634159564971924e-02,5.999580860137939536e-02,0.000000000000000000e+00,1.000000000000000000e+00,2.096830937601201483e-01
5.017999999999999972e+01,2.498631775379181116e-02,5.999476790428161233e-02,0.000000000000000000e+00,1.000000000000000000e+00,2.159602607542212838e-01
5.020000000000000284e+01,2.498621791601181308e-02,6.000103712081909096e-02,0.000000000000000000e+00,1.000000000000000000e+00,2.235702630855317952e-01
5.021999999999999886e+01,2.498638480901718348e-02,5.999791145324706587e-02,0.000000000000000000e+00,1.000000000000000000e+00,2.309885615888877253e-01
5.024000000000000199e+01,2.498646229505539079e-02,5.999702811241149764e-02,0.000000000000000000e+00,1.000000000000000000e+00,2.366751906643377035e-01
5.025999999999999801e+01,2.498654127120971888e-02,5.999635219573974665e-02,0.000000000000000000e+00,1.000000000000000000e+00,2.399265829357229429e-01
5.028000000000000114e+01,2.498671412467956543e-02,5.999510049819946345e-02,0.000000000000000000e+00,1.000000000000000000e+00,2.409984726577931169e-01
5.030000000000000426e+01,2.498699277639389316e-02,5.999307632446288646e-02,0.000000000000000000e+00,1.000000000000000000e+00,2.406642657448322675e-01
5.032000000000000028e+01,2.498683929443359583e-02,5.999447107315063199e-02,0.000000000000000000e+00,1.000000000000000000e+00,2.397982696616219878e-01
5.034000000000000341e+01,2.498692274093627930e-02,5.999310851097106739e-02,0.000000000000000000e+00,1.000000000000000000e+00,2.391287147861833051e-01
5.035999999999999943e+01,2.498693913221359392e-02,5.999229311943053700e-02,0.000000000000000000e+00,1.000000000000000000e+00,2.390700672008962691e-01
5.038000000000000256e+01,2.498693615198135584e-02,5.999251127243041687e-02,0.000000000000000000e+00,1.000000000000000000e+00,2.396015228926410556e-01
5.039999999999999858e+01,2.498698383569717546e-02,5.999147057533264077e-02,0.000000000000000000e+00,1.000000000000000000e+00,2.401977823097812825e-01
5.042000000000000171e+01,2.498699873685836931e-02,5.999134540557861384e-02,0.000000000000000000e+00,1.000000000000000000e+00,2.399169265292165620e-01
5.043999999999999773e+01,2.498703896999359200e-02,5.999119877815246166e-02,0.000000000000000000e+00,1.000000000000000000e+00,2.379093285941239477e-01
5.046000000000000085e+01,2.498708665370941162e-02,5.999113798141478965e-02,0.000000000000000000e+00,1.000000000000000000e+00,2.341965552765217229e-01
5.048000000000000398e+01,2.498711943626404086e-02,5.999115586280822504e-02,0.000000000000000000e+00,1.000000000000000000e+00,2.297579256522165048e-01
5.050000000000000000e+01,2.498734444379806588e-02,5.999174594879150280e-02,0.000000000000000000e+00,1.000000000000000000e+00,2.257096457902982301e-01
5.052000000000000313e+01,2.498739659786224435e-02,5.999210715293883805e-02,0.000000000000000000e+00,1.000000000000000000e+00,2.226568034302374433e-01
5.053999999999999915e+01,2.498738616704940935e-02,5.999117374420166043e-02,0.000000000000000000e+00,1.000000000000000000e+00,2.206609440990690563e-01
5.056000000000000227e+01,2.498747706413269321e-02,5.999039053916931097e-02,0.000000000000000000e+00,1.000000000000000000e+00,2.194454394399509289e-01
5.057999999999999829e+01,2.498739957809448242e-02,5.999065160751342746e-02,0.000000000000000000e+00,1.000000000000000000e+00,2.186319606607537991e-01
5.060000000000000142e+01,2.498757988214492937e-02,5.999043703079223744e-02,0.000000000000000000e+00,1.000000000000000000e+00,2.179544448868176165e-01
5.062000000000000455e+01,2.498745620250701974e-02,5.999036550521850281e-02,0.000000000000000000e+00,1.000000000000000000e+00,2.172840786551964720e-01
5.064000000000000057e+01,2.498737573623657435e-02,5.999001860618591309e-02,0.000000000000000000e+00,1.000000000000000000e+00,2.164565586944337539e-01
5.066000000000000369e+01,2.498747259378433436e-02,5.998947143554687195e-02,0.000000000000000000e+00,1.000000000000000000e+00,2.151638577760232041e-01
5.067999999999999972e+01,2.498766183853149553e-02,5.998937845230102595e-02,0.000000000000000000e+00,1.000000000000000000e+00,2.131497859825694230e-01
5.070000000000000284e+01,2.498755156993866244e-02,5.998924970626830916e-02,0.000000000000000000e+00,1.000000000000000000e+00,2.106270129772770672e-01
5.071999999999999886e+01,2.498767971992492745e-02,5.998957514762878057e-02,0.000000000000000000e+00,1.000000000000000000e+00,2.083845224927992346e-01
5.074000000000000199e+01,2.498712837696075509e-02,5.998724341392516757e-02,0.000000000000000000e+00,1.000000000000000000e+00,2.073452413681526052e-01
5.075999999999999801e+01,2.498689144849777430e-02,5.998565196990966741e-02,0.000000000000000000e+00,1.000000000000000000e+00,2.081359900348937753e-01
5.078000000000000114e+01,2.498697936534881661e-02,5.998666048049926258e-02,0.000000000000000000e+00,1.000000000000000000e+00,2.109863010737367262e-01
5.080000000000000426e+01,2.498700767755508700e-02,5.998736858367919450e-02,0.000000000000000000e+00,1.000000000000000000e+00,2.156732096156931122e-01
5.082000000000000028e+01,2.498700767755508700e-02,5.998802304267883412e-02,0.000000000000000000e+00,1.000000000000000000e+00,2.214021967967097215e-01
5.084000000000000341e+01,2.498709410429000854e-02,5.998516201972961537e-02,0.000000000000000000e+00,1.000000000000000000e+00,2.269101358103735588e-01
5.085999999999999943e+01,2.498704344034195085e-02,5.998613119125365684e-02,0.000000000000000000e+00,1.000000000000000000e+00,2.309334133968722058e-01
5.088000000000000256e+01,2.498704493045807162e-02,5.998611688613891130e-02,0.000000000000000000e+00,1.000000000000000000e+00,2.327108332595811679e-01
5.089999999999999858e+01,2.498695850372314661e-02,5.998765110969542930e-02,0.000000000000000000e+00,1.000000000000000000e+00,2.322178977239099384e-01
5.092000000000000171e+01,2.498705536127090662e-02,5.998509049415588074e-02,0.000000000000000000e+00,1.000000000000000000e+00,2.301533300708411833e-01
5.093999999999999773e+01,2.498704642057418893e-02,5.998573780059814065e-02,0.000000000000000000e+00,1.000000000000000000e+00,2.276767892249732805e-01
5.096000000000000085e+01,2.498704791069030970e-02,5.998693585395812461e-02,0.000000000000000000e+00,1.000000000000000000e+00,2.259130974816345727e-01
5.098000000000000398e+01,2.498704940080642700e-02,5.998975753784179660e-02,0.000000000000000000e+00,1.000000000000000000e+00,2.255341522789532649e-01
5.100000000000000000e+01,2.498708069324493547e-02,5.998798012733459056e-02,0.000000000000000000e+00,1.000000000000000000e+00,2.266451593565530775e-01
5.102000000000000313e+01,2.498702853918075700e-02,5.998897433280944713e-02,0.000000000000000000e+00,1.000000000000000000e+00,2.287955796040875844e-01
5.103999999999999915e+01,2.498702108860016008e-02,5.998903870582580206e-02,0.000000000000000000e+00,1.000000000000000000e+00,2.310049161300492815e-01
5.106000000000000227e+01,2.498694211244583199e-02,5.998947501182556180e-02,0.000000000000000000e+00,1.000000000000000000e+00,2.321497116742169131e-01
5.107999999999999829e+01,2.498690783977508545e-02,5.998958587646484319e-02,0.000000000000000000e+00,1.000000000000000000e+00,2.317778873125233563e-01
5.110000000000000142e+01,2.498646974563598772e-02,5.999025464057922141e-02,0.000000000000000000e+00,1.000000000000000000e+00,2.303897205006017190e-01
5.112000000000000455e+01,2.498634308576584001e-02,5.999024748802184864e-02,0.000000000000000000e+00,1.000000000000000000e+00,2.287980497001088631e-01
5.114000000000000057e+01,2.498625963926315308e-02,5.999000072479247769e-02,0.000000000000000000e+00,1.000000000000000000e+00,2.275090176769785644e-01
5.116000000000000369e+01,2.498620599508285731e-02,5.999060869216918390e-02,0.000000000000000000e+00,1.000000000000000000e+00,2.266179129139609394e-01
5.117999999999999972e+01,2.498604953289032191e-02,5.999080538749694547e-02,0.000000000000000000e+00,1.000000000000000000e+00,2.260018710661648444e-01
5.120000000000000284e+01,2.498597651720046997e-02,5.999075531959533608e-02,0.000000000000000000e+00,1.000000000000000000e+00,2.255694799450092825e-01
5.121999999999999886e+01,2.498550713062286377e-02,5.998963594436645258e-02,0.000000000000000000e+00,1.000000000000000000e+00,2.253574494124554461e-01
5.124000000000000199e+01,2.498531788587570260e-02,5.998867750167846680e-02,0.000000000000000000e+00,1.000000000000000000e+00,2.253891713169775268e-01
5.125999999999999801e+01,2.498540729284286568e-02,5.998999357223510492e-02,0.000000000000000000e+00,1.000000000000000000e+00,2.254692837836990704e-01
5.128000000000000114e+01,2.498534768819809029e-02,5.999125599861145075e-02,0.000000000000000000e+00,1.000000000000000000e+00,2.251469972713349699e-01
5.130000000000000426e+01,2.498539686203003068e-02,5.999101638793945257e-02,0.000000000000000000e+00,1.000000000000000000e+00,2.239971977608280762e-01
5.132000000000000028e+01,2.498539239168167184e-02,5.999102354049682534e-02,0.000000000000000000e+00,1.000000000000000000e+00,2.220800325225651684e-01
5.134000000000000341e+01,2.498548030853271762e-02,5.999105215072631642e-02,0.000000000000000000e+00,1.000000000000000000e+00,2.200393249665692497e-01
5.135999999999999943e+01,2.498523741960525721e-02,5.999054074287414606e-02,0.000000000000000000e+00,1.000000000000000000e+00,2.186760653307898428e-01
5.138000000000000256e+01,2.498577386140823572e-02,5.999286532402038630e-02,0.000000000000000000e+00,1.000000000000000000e+00,2.185273985394227680e-01
5.139999999999999858e+01,2.498570978641510149e-02,5.999235749244689886e-02,0.000000000000000000e+00,1.000000000000000000e+00,2.197360896592556734e-01
5.142000000000000171e+01,2.498584836721420496e-02,5.999459981918334878e-02,0.000000000000000000e+00,1.000000000000000000e+00,2.220512364569515729e-01
5.143999999999999773e+01,2.498590946197509766e-02,5.999768257141113031e-02,0.000000000000000000e+00,1.000000000000000000e+00,2.248690925966835563e-01
5.146000000000000085e+01,2.498591691255569458e-02,5.999644517898559265e-02,0.000000000000000000e+00,1.000000000000000000e+00,2.273526672727497755e-01
5.148000000000000398e+01,2.498589903116226266e-02,5.999763250350952093e-02,0.000000000000000000e+00,1.000000000000000000e+00,2.286121304298186496e-01
5.150000000000000000e+01,2.498587369918823381e-02,6.000085830688476479e-02,0.000000000000000000e+00,1.000000000000000000e+00,2.279391072291014619e-01
5.152000000000000313e+01,2.498590201139450073e-02,6.000381946563720231e-02,0.000000000000000000e+00,1.000000000000000000e+00,2.251749039722837353e-01
5.153999999999999915e+01,2.498594671487808228e-02,6.000541448593139232e-02,0.000000000000000000e+00,1.000000000000000000e+00,2.210476219973694645e-01
5.156000000000000227e+01,2.498598545789718767e-02,6.000642299652099443e-02,0.000000000000000000e+00,1.000000000000000000e+00,2.169485888685450392e-01
5.157999999999999829e+01,2.498599290847778459e-02,6.000663757324218445e-02,0.000000000000000000e+00,1.000000000000000000e+00,2.141512926149476137e-01
5.160000000000000142e+01,2.498604655265808383e-02,6.000980615615844616e-02,0.000000000000000000e+00,1.000000000000000000e+00,2.132944619835893396e-01
5.162000000000000455e+01,2.498603016138076921e-02,6.001123666763305553e-02,0.000000000000000000e+00,1.000000000000000000e+00,2.144256230720351653e-01
5.164000000000000057e+01,2.498601973056793421e-02,6.001146554946899109e-02,0.000000000000000000e+00,1.000000000000000000e+00,2.171060589381570427e-01
5.166000000000000369e+01,2.498612254858017037e-02,6.001037836074828852e-02,0.000000000000000000e+00,1.000000000000000000e+00,2.203814921903991531e-01
5.167999999999999972e+01,2.498648315668106079e-02,6.000799655914306613e-02,0.000000000000000000e+00,1.000000000000000000e+00,2.230908228097511770e-01
5.170000000000000284e+01,2.498654574155807773e-02,6.000771760940551425e-02,0.000000000000000000e+00,1.000000000000000000e+00,2.246178086636923532e-01
5.171999999999999886e+01,2.498610466718673845e-02,6.000907659530639593e-02,0.000000000000000000e+00,1.000000000000000000e+00,2.251651682016834466e-01
5.174000000000000199e+01,2.498619109392166346e-02,6.000888347625732422e-02,0.000000000000000000e+00,1.000000000000000000e+00,2.252546576981940829e-01
5.175999999999999801e+01,2.498623132705688615e-02,6.000876903533935297e-02,0.000000000000000000e+00,1.000000000000000000e+00,2.252411151355387109e-01
5.178000000000000114e+01,2.498621940612793038e-02,6.000873327255248912e-02,0.000000000000000000e+00,1.000000000000000000e+00,2.252454508490939200e-01
5.180000000000000426e+01,2.498619258403778076e-02,6.000866889953612726e-02,0.000000000000000000e+00,1.000000000000000000e+00,2.253416587475564892e-01
5.182000000000000028e+01,2.498608976602554460e-02,6.000833272933960016e-02,0.000000000000000000e+00,1.000000000000000000e+00,2.257109353360232384e-01
5.184000000000000341e+01,2.498622685670852731e-02,6.000901222229003407e-02,0.000000000000000000e+00,1.000000000000000000e+00,2.265784505854842867e-01
5.185999999999999943e+01,2.498628050088882654e-02,6.000947713851928489e-02,0.000000000000000000e+00,1.000000000000000000e+00,2.280108862636212042e-01
5.188000000000000256e+01,2.498635947704315463e-02,6.001129388809203768e-02,0.000000000000000000e+00,1.000000000000000000e+00,2.297610452529084968e-01
5.189999999999999858e+01,2.498633563518524309e-02,6.001220941543578685e-02,0.000000000000000000e+00,1.000000000000000000e+00,2.312911595166034229e-01
5.192000000000000171e+01,2.498631328344345232e-02,6.001242399215697687e-02,0.000000000000000000e+00,1.000000000000000000e+00,2.320685457571800836e-01
5.193999999999999773e+01,2.498679012060165544e-02,6.001016378402709850e-02,0.000000000000000000e+00,1.000000000000000000e+00,2.319681496277282429e-01
5.196000000000000085e+01,2.498675137758255005e-02,6.001025676727294450e-02,0.000000000000000000e+00,1.000000000000000000e+00,2.313425954032821141e-01
5.198000000000000398e+01,2.498693168163299699e-02,6.001014947891235296e-02,0.000000000000000000e+00,1.000000000000000000e+00,2.306998712672745921e-01
5.200000000000000000e+01,2.498670816421508928e-02,6.000986337661742831e-02,0.000000000000000000e+00,1.000000000000000000e+00,2.303887773108044268e-01
5.202000000000000313e+01,2.498670220375061313e-02,6.000983476638793723e-02,0.000000000000000000e+00,1.000000000000000000e+00,2.305075049638892759e-01
5.203999999999999915e+01,2.498677670955658237e-02,6.001048564910888700e-02,0.000000000000000000e+00,1.000000000000000000e+00,2.309529918838595652e-01
5.206000000000000227e+01,2.498680651187897006e-02,6.001101493835449274e-02,0.000000000000000000e+00,1.000000000000000000e+00,2.314756466393843581e-01
5.207999999999999829e+01,2.498685568571090698e-02,6.001226663589477595e-02,0.000000000000000000e+00,1.000000000000000000e+00,2.316609596165296880e-01
5.210000000000000142e+01,2.498688846826553622e-02,6.001289606094360046e-02,0.000000000000000000e+00,1.000000000000000000e+00,2.308878790745694520e-01
5.212000000000000455e+01,2.498685866594314853e-02,6.001252412796020258e-02,0.000000000000000000e+00,1.000000000000000000e+00,2.284785009267615852e-01
5.214000000000000057e+01,2.498668432235717773e-02,6.001080751419066855e-02,0.000000000000000000e+00,1.000000000000000000e+00,2.242270776473576643e-01
5.216000000000000369e+01,2.498659193515777657e-02,6.000993490219116294e-02,0.000000000000000000e+00,1.000000000000000000e+00,2.189277556660910729e-01
5.217999999999999972e+01,2.498643994331360002e-02,6.000827550888061107e-02,0.000000000000000000e+00,1.000000000000000000e+00,2.140468154848574611e-01
5.220000000000000284e+01,2.498629689216613770e-02,6.000615119934081532e-02,0.000000000000000000e+00,1.000000000000000000e+00,2.107663773272268060e-01
5.221999999999999886e+01,2.498632818460464616e-02,6.000706672668457142e-02,0.000000000000000000e+00,1.000000000000000000e+00,2.095593046274006055e-01
5.224000000000000199e+01,2.498633414506912231e-02,6.000300407409667885e-02,0.000000000000000000e+00,1.000000000000000000e+00,2.103577349324307899e-01
5.225999999999999801e+01,2.498618513345718384e-02,6.000656604766845675e-02,0.000000000000000000e+00,1.000000000000000000e+00,2.126408009404574251e-01
5.228000000000000114e+01,2.498621940612793038e-02,6.000616550445556086e-02,0.000000000000000000e+00,1.000000000000000000e+00,2.154150318642953366e-01
5.230000000000000426e+01,2.498609572649002075e-02,6.000709533691406250e-02,0.000000000000000000e+00,1.000000000000000000e+00,2.176085649859774152e-01
5.232000000000000028e+01,2.498557269573211878e-02,6.000993490219116294e-02,0.000000000000000000e+00,1.000000000000000000e+00,2.187279430606010600e-01
5.234000000000000341e+01,2.498597055673599382e-02,6.000817537307739230e-02,0.000000000000000000e+00,1.000000000000000000e+00,2.189496340816293463e-01
5.235999999999999943e+01,2.498567849397659302e-02,6.000952720642089427e-02,0.000000000000000000e+00,1.000000000000000000e+00,2.186804353578603310e-01
5.238000000000000256e+01,2.498570680618286341e-02,6.000916957855224193e-02,0.000000000000000000e+00,1.000000000000000000e+00,2.182470208800328659e-01
5.239999999999999858e+01,2.498558908700942993e-02,6.000821113586425615e-02,0.000000000000000000e+00,1.000000000000000000e+00,2.179072021552022065e-01
5.242000000000000171e+01,2.498562335968017648e-02,6.000838279724120955e-02,0.000000000000000000e+00,1.000000000000000000e+00,2.179629532150929860e-01
5.243999999999999773e+01,2.498565316200256417e-02,6.000854015350341741e-02,0.000000000000000000e+00,1.000000000000000000e+00,2.187489201602908218e-01
5.246000000000000085e+01,2.498601227998733729e-02,6.001122236251830999e-02,0.000000000000000000e+00,1.000000000000000000e+00,2.204888039123534260e-01
5.248000000000000398e+01,2.498604953289032191e-02,6.001168012619018111e-02,0.000000000000000000e+00,1.000000000000000000e+00,2.231489717748106894e-01
5.250000000000000000e+01,2.498597055673599382e-02,6.000900506973266130e-02,0.000000000000000000e+00,1.000000000000000000e+00,2.263696900080317820e-01
5.252000000000000313e+01,2.498595267534256190e-02,6.000996351242065402e-02,0.000000000000000000e+00,1.000000000000000000e+00,2.295555487604868938e-01
5.253999999999999915e+01,2.498584389686584611e-02,6.001160860061645341e-02,0.000000000000000000e+00,1.000000000000000000e+00,2.321719924595128381e-01
5.256000000000000227e+01,2.498546689748764107e-02,6.001497745513915960e-02,0.000000000000000000e+00,1.000000000000000000e+00,2.340223793127435004e-01
5.257999999999999829e+01,2.498570382595062533e-02,6.001343250274657898e-02,0.000000000000000000e+00,1.000000000000000000e+00,2.352167191310514383e-01
5.260000000000000142e+01,2.498577535152435303e-02,6.001304626464843556e-02,0.000000000000000000e+00,1.000000000000000000e+00,2.359392759970739273e-01
5.262000000000000455e+01,2.498574256896972726e-02,6.001321792602538896e-02,0.000000000000000000e+00,1.000000000000000000e+00,2.363157072850320950e-01
5.264000000000000057e+01,2.498581856489181727e-02,6.001274585723876537e-02,0.000000000000000000e+00,1.000000000000000000e+00,2.364556925740786686e-01
5.266000000000000369e+01,2.498579770326614380e-02,6.001292467117309154e-02,0.000000000000000000e+00,1.000000000000000000e+00,2.365114830673472890e-01
5.267999999999999972e+01,2.498578578233719150e-02,6.001301765441894448e-02,0.000000000000000000e+00,1.000000000000000000e+00,2.365887511269671450e-01
5.270000000000000284e+01,2.498592287302017420e-02,6.001258134841918473e-02,0.000000000000000000e+00,1.000000000000000000e+00,2.365417538910348505e-01
5.271999999999999886e+01,2.498581856489181727e-02,6.001261711120605552e-02,0.000000000000000000e+00,1.000000000000000000e+00,2.358343575982317919e-01
5.274000000000000199e+01,2.498588114976883073e-02,6.001269578933715598e-02,0.000000000000000000e+00,1.000000000000000000e+00,2.337146776911202539e-01
5.275999999999999801e+01,2.498595118522644112e-02,6.001286745071410939e-02,0.000000000000000000e+00,1.000000000000000000e+00,2.298775887714489263e-01
5.278000000000000114e+01,2.498599588871002267e-02,6.001303911209106279e-02,0.000000000000000000e+00,1.000000000000000000e+00,2.250690661405050641e-01
5.280000000000000426e+01,2.498601377010345459e-02,6.001313924789428156e-02,0.000000000000000000e+00,1.000000000000000000e+00,2.206584761000587314e-01
5.282000000000000028e+01,2.498571425676346033e-02,6.001047134399414146e-02,0.000000000000000000e+00,1.000000000000000000e+00,2.176764537051961990e-01
5.284000000000000341e+01,2.498569786548614571e-02,6.001019954681396235e-02,0.000000000000000000e+00,1.000000000000000000e+00,2.164850807827617407e-01
5.285999999999999943e+01,2.498569041490554879e-02,6.000957012176513783e-02,0.000000000000000000e+00,1.000000000000000000e+00,2.169092153400713208e-01
5.288000000000000256e+01,2.498575001955032418e-02,6.000778913497924888e-02,0.000000000000000000e+00,1.000000000000000000e+00,2.182791681523075789e-01
5.289999999999999858e+01,2.498590946197509766e-02,6.000575065612792636e-02,0.000000000000000000e+00,1.000000000000000000e+00,2.195516441111755868e-01
5.292000000000000171e+01,2.498615831136703769e-02,6.000369787216186523e-02,0.000000000000000000e+00,1.000000000000000000e+00,2.198257368327633243e-01
5.293999999999999773e+01,2.498636394739151001e-02,6.000239610671996571e-02,0.000000000000000000e+00,1.000000000000000000e+00,2.188233900834722356e-01
5.296000000000000085e+01,2.498629242181778232e-02,6.000281095504760714e-02,0.000000000000000000e+00,1.000000000000000000e+00,2.168113197335769793e-01
5.298000000000000398e+01,2.498629093170166154e-02,6.000282526016235268e-02,0.000000000000000000e+00,1.000000000000000000e+00,2.142630005726473830e-01
5.300000000000000000e+01,2.498627156019210885e-02,6.000404834747314481e-02,0.000000000000000000e+00,1.000000000000000000e+00,2.116950471440729176e-01
5.302000000000000313e+01,2.498632073402404924e-02,6.000454187393187977e-02,0.000000000000000000e+00,1.000000000000000000e+00,2.096515440051829604e-01
5.303999999999999915e+01,2.498623877763748308e-02,6.000396966934203741e-02,0.000000000000000000e+00,1.000000000000000000e+00,2.086396544523188845e-01
5.306000000000000227e+01,2.498615384101867884e-02,6.000331878662109458e-02,0.000000000000000000e+00,1.000000000000000000e+00,2.089978061775089879e-01
5.307999999999999829e+01,2.498613148927688807e-02,6.000308990478515209e-02,0.000000000000000000e+00,1.000000000000000000e+00,2.108000479382391434e-01
5.310000000000000142e+01,2.498609870672226230e-02,6.000248908996581865e-02,0.000000000000000000e+00,1.000000000000000000e+00,2.138125894295711815e-01
5.312000000000000455e+01,2.498609870672226230e-02,6.000250339508056419e-02,0.000000000000000000e+00,1.000000000000000000e+00,2.175087529015301557e-01
5.314000000000000057e+01,2.498602420091629306e-02,6.000619411468505887e-02,0.000000000000000000e+00,1.000000000000000000e+00,2.212473954104705876e-01
5.316000000000000369e+01,2.498603910207748691e-02,6.000588655471801591e-02,0.000000000000000000e+00,1.000000000000000000e+00,2.245728829658828474e-01
5.317999999999999972e+01,2.498602718114853113e-02,6.000606536865234208e-02,0.000000000000000000e+00,1.000000000000000000e+00,2.273381121944507144e-01
5.320000000000000284e+01,2.498613148927688807e-02,6.000430583953857144e-02,0.000000000000000000e+00,1.000000000000000000e+00,2.295528780876709418e-01
5.321999999999999886e+01,2.498620301485061923e-02,6.000229597091674694e-02,0.000000000000000000e+00,1.000000000000000000e+00,2.312224021237493932e-01
5.324000000000000199e+01,2.498620301485061923e-02,6.000211715698242076e-02,0.000000000000000000e+00,1.000000000000000000e+00,2.323892661187382802e-01
5.325999999999999801e+01,2.498618960380554269e-02,6.000157356262206948e-02,0.000000000000000000e+00,1.000000000000000000e+00,2.332831890159630106e-01
5.328000000000000114e+01,2.498619705438613961e-02,6.000185966491698719e-02,0.000000000000000000e+00,1.000000000000000000e+00,2.343014063008137526e-01
5.330000000000000426e+01,2.498620897531509538e-02,6.000379800796508400e-02,0.000000000000000000e+00,1.000000000000000000e+00,2.357526757279001239e-01
5.332000000000000028e+01,2.498623877763748308e-02,6.000306129455566101e-02,0.000000000000000000e+00,1.000000000000000000e+00,2.375726675061237136e-01
5.334000000000000341e+01,2.498634308576584001e-02,6.000218868255614846e-02,0.000000000000000000e+00,1.000000000000000000e+00,2.391640614178849600e-01
5.335999999999999943e+01,2.498612105846405307e-02,6.000300407409667885e-02,0.000000000000000000e+00,1.000000000000000000e+00,2.395578556720229513e-01
5.338000000000000256e+01,2.498627901077270577e-02,6.000281095504760714e-02,0.000000000000000000e+00,1.000000000000000000e+00,2.381554494872511196e-01
5.339999999999999858e+01,2.498628497123718539e-02,6.000281095504760714e-02,0.000000000000000000e+00,1.000000000000000000e+00,2.354486841249446016e-01
5.342000000000000171e+01,2.498634457588196078e-02,6.000296115875244224e-02,0.000000000000000000e+00,1.000000000000000000e+00,2.326337965242413486e-01
5.343999999999999773e+01,2.498583048582077304e-02,6.000040769577025951e-02,0.000000000000000000e+00,1.000000000000000000e+00,2.306786245471132146e-01
5.346000000000000085e+01,2.498614639043808192e-02,6.000354766845703014e-02,0.000000000000000000e+00,1.000000000000000000e+00,2.299368790992938061e-01
5.348000000000000398e+01,2.498620152473449846e-02,6.000525712966918446e-02,0.000000000000000000e+00,1.000000000000000000e+00,2.301754900620838762e-01
5.350000000000000000e+01,2.498623430728912423e-02,6.000389099121093694e-02,0.000000000000000000e+00,1.000000000000000000e+00,2.306605464732675581e-01
5.352000000000000313e+01,2.498639523983001848e-02,6.000164508819579717e-02,0.000000000000000000e+00,1.000000000000000000e+00,2.304234960972561808e-01
5.353999999999999915e+01,2.498621642589569231e-02,6.000324010848998718e-02,0.000000000000000000e+00,1.000000000000000000e+00,2.287351719034320663e-01
5.356000000000000227e+01,2.498643100261688232e-02,6.000168800354003379e-02,0.000000000000000000e+00,1.000000000000000000e+00,2.254011074449591423e-01
5.357999999999999829e+01,2.498637288808822771e-02,6.000213146209716630e-02,0.000000000000000000e+00,1.000000000000000000e+00,2.207122605381333369e-01
5.360000000000000142e+01,2.498633414506912231e-02,6.000272512435912697e-02,0.000000000000000000e+00,1.000000000000000000e+00,2.153066139134980905e-01
5.362000000000000455e+01,2.498635053634643693e-02,6.000324010848998718e-02,0.000000000000000000e+00,1.000000000000000000e+00,2.100517080405262249e-01
5.364000000000000057e+01,2.498631924390792847e-02,6.000293254852294422e-02,0.000000000000000000e+00,1.000000000000000000e+00,2.058252180616443605e-01
5.366000000000000369e+01,2.498625963926315308e-02,6.000241756439209095e-02,0.000000000000000000e+00,1.000000000000000000e+00,2.032394672007571401e-01
5.367999999999999972e+01,2.498637884855270386e-02,6.000364065170287614e-02,0.000000000000000000e+00,1.000000000000000000e+00,2.025201634711333021e-01
5.370000000000000284e+01,2.498636096715927193e-02,6.000334739685058566e-02,0.000000000000000000e+00,1.000000000000000000e+00,2.035403963647438308e-01
5.371999999999999886e+01,2.498637884855270386e-02,6.000401258468627402e-02,0.000000000000000000e+00,1.000000000000000000e+00,2.058602342625386328e-01
5.374000000000000199e+01,2.498636692762375155e-02,6.000607252120971485e-02,0.000000000000000000e+00,1.000000000000000000e+00,2.088115775141277664e-01
5.375999999999999801e+01,2.498645186424255579e-02,6.000321865081786887e-02,0.000000000000000000e+00,1.000000000000000000e+00,2.117619503726052288e-01
5.378000000000000114e+01,2.498639225959778040e-02,6.000472068786620594e-02,0.000000000000000000e+00,1.000000000000000000e+00,2.143765225590893719e-01
5.380000000000000426e+01,2.498639672994613925e-02,6.000455617904662531e-02,0.000000000000000000e+00,1.000000000000000000e+00,2.165849326361461991e-01
5.382000000000000028e+01,2.498640120029449463e-02,6.000622987747192272e-02,0.000000000000000000e+00,1.000000000000000000e+00,2.183772362478993700e-01
5.384000000000000341e+01,2.498642802238464425e-02,6.000688791275024525e-02,0.000000000000000000e+00,1.000000000000000000e+00,2.197535713551764802e-01
5.385999999999999943e+01,2.498642057180404732e-02,6.000677347183227400e-02,0.000000000000000000e+00,1.000000000000000000e+00,2.208915136206693053e-01
5.388000000000000256e+01,2.498640120029449463e-02,6.000651597976684043e-02,0.000000000000000000e+00,1.000000000000000000e+00,2.222580125411081076e-01
5.389999999999999858e+01,2.498653233051300118e-02,6.000872611999511635e-02,0.000000000000000000e+00,1.000000000000000000e+00,2.244250386651098772e-01
5.392000000000000171e+01,2.498654127120971888e-02,6.000901937484740684e-02,0.000000000000000000e+00,1.000000000000000000e+00,2.277643253053482364e-01
5.393999999999999773e+01,2.498655021190643311e-02,6.000817537307739230e-02,0.000000000000000000e+00,1.000000000000000000e+00,2.322203399906668242e-01
5.396000000000000085e+01,2.498675435781479159e-02,6.000484228134154996e-02,0.000000000000000000e+00,1.000000000000000000e+00,2.371043941528214183e-01
5.398000000000000398e+01,2.498696148395538469e-02,6.000326156616210549e-02,0.000000000000000000e+00,1.000000000000000000e+00,2.411388720338123182e-01
5.400000000000000000e+01,2.498733103275299280e-02,6.000172376632690457e-02,0.000000000000000000e+00,1.000000000000000000e+00,2.432471667515692382e-01
5.402000000000000313e+01,2.498758584260940552e-02,6.000120878219604437e-02,0.000000000000000000e+00,1.000000000000000000e+00,2.434830767748585034e-01
5.403999999999999915e+01,2.498737573623657435e-02,6.000126600265502652e-02,0.000000000000000000e+00,1.000000000000000000e+00,2.428103892400753361e-01
5.406000000000000227e+01,2.498729676008224626e-02,6.000113725662230973e-02,0.000000000000000000e+00,1.000000000000000000e+00,2.421818472965116265e-01
5.407999999999999829e+01,2.498748004436493128e-02,6.000200271606444952e-02,0.000000000000000000e+00,1.000000000000000000e+00,2.420339102195900594e-01
5.410000000000000142e+01,2.498742192983627319e-02,6.000122308731078991e-02,0.000000000000000000e+00,1.000000000000000000e+00,2.422493101681482686e-01
5.412000000000000455e+01,2.498743534088134974e-02,5.999984264373778992e-02,0.000000000000000000e+00,1.000000000000000000e+00,2.422953721833583096e-01
5.414000000000000057e+01,2.498743981122970859e-02,5.999977827072143499e-02,0.000000000000000000e+00,1.000000000000000000e+00,2.414569822754394635e-01
5.416000000000000369e+01,2.498763799667358398e-02,5.999800443649291881e-02,0.000000000000000000e+00,1.000000000000000000e+00,2.390933163407576445e-01
5.417999999999999972e+01,2.498771250247955322e-02,5.999738216400146013e-02,0.000000000000000000e+00,1.000000000000000000e+00,2.348363382587412840e-01
5.420000000000000284e+01,2.498776614665985246e-02,5.999663472175598145e-02,0.000000000000000000e+00,1.000000000000000000e+00,2.287834668160881324e-01
5.421999999999999886e+01,2.498776018619537631e-02,5.999638080596923773e-02,0.000000000000000000e+00,1.000000000000000000e+00,2.216618267552294685e-01
5.424000000000000199e+01,2.498785704374313632e-02,5.999731421470641535e-02,0.000000000000000000e+00,1.000000000000000000e+00,2.146749016348969419e-01
5.425999999999999801e+01,2.498811334371566981e-02,5.999935269355773787e-02,0.000000000000000000e+00,1.000000000000000000e+00,2.089590668111169502e-01
5.428000000000000114e+01,2.498818337917328020e-02,6.000001430511474332e-02,0.000000000000000000e+00,1.000000000000000000e+00,2.051374444095240834e-01
5.430000000000000426e+01,2.498809993267059326e-02,5.999882340431213212e-02,0.000000000000000000e+00,1.000000000000000000e+00,2.032984142887256651e-01
5.432000000000000028e+01,2.498812973499298096e-02,5.999983906745910700e-02,0.000000000000000000e+00,1.000000000000000000e+00,2.031528794588481901e-01
5.434000000000000341e+01,2.498812377452850481e-02,6.000042200088500505e-02,0.000000000000000000e+00,1.000000000000000000e+00,2.041330652541452351e-01
5.435999999999999943e+01,2.498815804719925135e-02,5.999960660934448159e-02,0.000000000000000000e+00,1.000000000000000000e+00,2.055493112808912393e-01
5.438000000000000256e+01,2.498809546232223788e-02,6.000066518783569308e-02,0.000000000000000000e+00,1.000000000000000000e+00,2.068789183188947112e-01
5.439999999999999858e+01,2.498812079429626673e-02,6.000012874603271457e-02,0.000000000000000000e+00,1.000000000000000000e+00,2.079042395490956485e-01
5.442000000000000171e+01,2.498811930418014596e-02,5.999952077865600142e-02,0.000000000000000000e+00,1.000000000000000000e+00,2.085664753381435144e-01
5.443999999999999773e+01,2.498812526464462558e-02,5.999960303306579174e-02,0.000000000000000000e+00,1.000000000000000000e+00,2.088289804839826291e-01
5.446000000000000085e+01,2.498823404312133789e-02,6.000055074691772183e-02,0.000000000000000000e+00,1.000000000000000000e+00,2.087918350783630750e-01
5.448000000000000398e+01,2.498816400766372750e-02,5.999999999999999778e-02,0.000000000000000000e+00,1.000000000000000000e+00,2.089013912572328102e-01
5.450000000000000000e+01,2.498825490474701136e-02,6.000080823898315541e-02,0.000000000000000000e+00,1.000000000000000000e+00,2.098750472774946474e-01
5.452000000000000313e+01,2.498788982629776209e-02,5.999643445014953697e-02,0.000000000000000000e+00,1.000000000000000000e+00,2.123674043640286779e-01
5.453999999999999915e+01,2.498793154954910556e-02,5.999729990959166981e-02,0.000000000000000000e+00,1.000000000000000000e+00,2.167516330870186136e-01
5.456000000000000227e+01,2.498792111873626709e-02,5.999593377113342230e-02,0.000000000000000000e+00,1.000000000000000000e+00,2.229799333268004113e-01
5.457999999999999829e+01,2.498797476291656633e-02,5.999441385269164984e-02,0.000000000000000000e+00,1.000000000000000000e+00,2.303003106020594659e-01
5.460000000000000142e+01,2.498851120471954484e-02,5.998790502548217302e-02,0.000000000000000000e+00,1.000000000000000000e+00,2.371955754648303605e-01
5.462000000000000455e+01,2.498894333839416643e-02,5.998477935791015486e-02,0.000000000000000000e+00,1.000000000000000000e+00,2.421815516229333387e-01
5.464000000000000057e+01,2.498952448368072649e-02,5.998201847076415488e-02,0.000000000000000000e+00,1.000000000000000000e+00,2.448425707561301123e-01
5.466000000000000369e+01,2.498935163021087646e-02,5.998256206512450617e-02,0.000000000000000000e+00,1.000000000000000000e+00,2.458069376503969616e-01
5.467999999999999972e+01,2.498959451913833688e-02,5.998211503028869074e-02,0.000000000000000000e+00,1.000000000000000000e+00,2.459637479684398109e-01
5.470000000000000284e+01,2.498955279588699341e-02,5.998213648796081598e-02,0.000000000000000000e+00,1.000000000000000000e+00,2.459300181451170852e-01
5.471999999999999886e+01,2.498949915170669764e-02,5.998205065727233581e-02,0.000000000000000000e+00,1.000000000000000000e+00,2.459481077123766291e-01
5.474000000000000199e+01,2.498950511217117379e-02,5.998216867446898998e-02,0.000000000000000000e+00,1.000000000000000000e+00,2.459455767386381220e-01
5.475999999999999801e+01,2.498947679996490687e-02,5.998237252235412431e-02,0.000000000000000000e+00,1.000000000000000000e+00,2.455777238387645833e-01
5.478000000000000114e+01,2.498951554298400879e-02,5.998220443725585382e-02,0.000000000000000000e+00,1.000000000000000000e+00,2.442467286652393876e-01
5.480000000000000426e+01,2.498951703310012956e-02,5.998217940330505260e-02,0.000000000000000000e+00,1.000000000000000000e+00,2.412504392475603721e-01
5.482000000000000028e+01,2.498957067728042880e-02,5.998234748840331615e-02,0.000000000000000000e+00,1.000000000000000000e+00,2.362364178119683855e-01
5.484000000000000341e+01,2.498952895402908533e-02,5.998222947120666199e-02,0.000000000000000000e+00,1.000000000000000000e+00,2.297282296884028963e-01
5.485999999999999943e+01,2.498961240053176880e-02,5.998253703117370494e-02,0.000000000000000000e+00,1.000000000000000000e+00,2.230091378741826391e-01
5.488000000000000256e+01,2.498955577611923495e-02,5.998223662376403476e-02,0.000000000000000000e+00,1.000000000000000000e+00,2.173149253494860156e-01
5.489999999999999858e+01,2.498947679996490687e-02,5.998152494430541992e-02,0.000000000000000000e+00,1.000000000000000000e+00,2.132625547972816782e-01
5.492000000000000171e+01,2.498951405286789149e-02,5.998236179351806169e-02,0.000000000000000000e+00,1.000000000000000000e+00,2.108817406801384575e-01
5.493999999999999773e+01,2.498952299356460571e-02,5.998185396194458119e-02,0.000000000000000000e+00,1.000000000000000000e+00,2.098270537866062935e-01
5.496000000000000085e+01,2.498929798603058069e-02,5.998471140861511008e-02,0.000000000000000000e+00,1.000000000000000000e+00,2.095432016814932352e-01
5.498000000000000398e+01,2.498935610055923531e-02,5.998427152633666742e-02,0.000000000000000000e+00,1.000000000000000000e+00,2.094856291275311588e-01
5.500000000000000000e+01,2.498916685581207414e-02,5.998544096946716031e-02,0.000000000000000000e+00,1.000000000000000000e+00,2.093226090082791202e-01
5.502000000000000313e+01,2.498929053544998377e-02,5.998426437377929465e-02,0.000000000000000000e+00,1.000000000000000000e+00,2.088961019328535451e-01
5.503999999999999915e+01,2.498928010463714877e-02,5.998411059379577664e-02,0.000000000000000000e+00,1.000000000000000000e+00,2.080556691759523902e-01
5.506000000000000227e+01,2.498936057090759416e-02,5.998448252677917453e-02,0.000000000000000000e+00,1.000000000000000000e+00,2.066872336656889741e-01
5.507999999999999829e+01,2.498912513256073067e-02,5.998350620269775335e-02,0.000000000000000000e+00,1.000000000000000000e+00,2.050018811247813211e-01
5.510000000000000142e+01,2.498935461044311801e-02,5.998461484909057423e-02,0.000000000000000000e+00,1.000000000000000000e+00,2.036990671265977160e-01
5.512000000000000455e+01,2.498933523893356531e-02,5.998448967933654730e-02,0.000000000000000000e+00,1.000000000000000000e+00,2.036604395026884728e-01
5.514000000000000057e+01,2.498942017555236955e-02,5.998526573181152399e-02,0.000000000000000000e+00,1.000000000000000000e+00,2.055472610581928761e-01
5.516000000000000369e+01,2.498942613601684570e-02,5.998535871505736999e-02,0.000000000000000000e+00,1.000000000000000000e+00,2.096830937601202871e-01
5.517999999999999972e+01,2.498946636915207187e-02,5.998706459999084140e-02,0.000000000000000000e+00,1.000000000000000000e+00,2.159602607542212560e-01
5.520000000000000284e+01,2.498948723077774187e-02,5.998576283454894881e-02,0.000000000000000000e+00,1.000000000000000000e+00,2.235702630855330442e-01
5.521999999999999886e+01,2.498937994241714686e-02,5.998778700828551885e-02,0.000000000000000000e+00,1.000000000000000000e+00,2.309885615888890575e-01
5.524000000000000199e+01,2.498941123485565186e-02,5.998744010925292913e-02,0.000000000000000000e+00,1.000000000000000000e+00,2.366751906643362879e-01
5.525999999999999801e+01,2.498957067728042880e-02,5.998608469963073730e-02,0.000000000000000000e+00,1.000000000000000000e+00,2.399265829357216107e-01
5.528000000000000114e+01,2.498944401741028110e-02,5.998700380325316939e-02,0.000000000000000000e+00,1.000000000000000000e+00,2.409984726577919234e-01
5.530000000000000426e+01,2.498959451913833688e-02,5.998591303825378390e-02,0.000000000000000000e+00,1.000000000000000000e+00,2.406642657448312961e-01
5.532000000000000028e+01,2.498965114355087419e-02,5.998540520668029646e-02,0.000000000000000000e+00,1.000000000000000000e+00,2.397982696616212106e-01
5.534000000000000341e+01,2.498963624238968034e-02,5.998565554618835033e-02,0.000000000000000000e+00,1.000000000000000000e+00,2.391287147861825002e-01
5.535999999999999943e+01,2.498962730169296265e-02,5.998607039451599177e-02,0.000000000000000000e+00,1.000000000000000000e+00,2.390700672008956029e-01
5.538000000000000256e+01,2.498962730169296265e-02,5.998610615730285561e-02,0.000000000000000000e+00,1.000000000000000000e+00,2.396015228926405005e-01
5.539999999999999858e+01,2.498961240053176880e-02,5.998644232749938965e-02,0.000000000000000000e+00,1.000000000000000000e+00,2.401977823097808662e-01
5.542000000000000171e+01,2.498957216739654610e-02,5.998677134513855091e-02,0.000000000000000000e+00,1.000000000000000000e+00,2.399169265292157849e-01
5.543999999999999773e+01,2.498955726623535226e-02,5.998682498931884322e-02,0.000000000000000000e+00,1.000000000000000000e+00,2.379093285941231151e-01
5.546000000000000085e+01,2.498952746391296456e-02,5.998686432838439692e-02,0.000000000000000000e+00,1.000000000000000000e+00,2.341965552765209735e-01
5.548000000000000398e+01,2.498954981565475533e-02,5.998687505722045954e-02,0.000000000000000000e+00,1.000000000000000000e+00,2.297579256522155888e-01
5.550000000000000000e+01,2.498975545167923112e-02,5.998741149902343806e-02,0.000000000000000000e+00,1.000000000000000000e+00,2.257096457902970643e-01
5.552000000000000313e+01,2.498983293771743844e-02,5.998794436454772672e-02,0.000000000000000000e+00,1.000000000000000000e+00,2.226568034302358889e-01
5.553999999999999915e+01,2.498983889818191806e-02,5.998850584030151339e-02,0.000000000000000000e+00,1.000000000000000000e+00,2.206609440990685844e-01
5.556000000000000227e+01,2.498980313539505074e-02,5.998881340026854941e-02,0.000000000000000000e+00,1.000000000000000000e+00,2.194454394399504016e-01
5.557999999999999829e+01,2.498988211154937883e-02,5.998854875564575001e-02,0.000000000000000000e+00,1.000000000000000000e+00,2.186319606607532162e-01
5.560000000000000142e+01,2.499004006385803500e-02,5.998835921287536121e-02,0.000000000000000000e+00,1.000000000000000000e+00,2.179544448868161455e-01
5.562000000000000455e+01,2.499006986618042270e-02,5.998837709426879661e-02,0.000000000000000000e+00,1.000000000000000000e+00,2.172840786551950287e-01
5.564000000000000057e+01,2.499000579118728846e-02,5.998810529708861750e-02,0.000000000000000000e+00,1.000000000000000000e+00,2.164565586944322273e-01
5.566000000000000369e+01,2.499005794525146693e-02,5.998780846595763716e-02,0.000000000000000000e+00,1.000000000000000000e+00,2.151638577760224269e-01
5.567999999999999972e+01,2.498984336853027344e-02,5.998791217803954579e-02,0.000000000000000000e+00,1.000000000000000000e+00,2.131497859825673691e-01
5.570000000000000284e+01,2.498942315578460763e-02,5.998742580413818359e-02,0.000000000000000000e+00,1.000000000000000000e+00,2.106270129772757072e-01
5.571999999999999886e+01,2.498994320631027499e-02,5.998875260353088434e-02,0.000000000000000000e+00,1.000000000000000000e+00,2.083845224927990680e-01
5.574000000000000199e+01,2.499040514230728427e-02,5.999070167541503684e-02,0.000000000000000000e+00,1.000000000000000000e+00,2.073452413681526885e-01
5.575999999999999801e+01,2.499024420976639002e-02,5.998962163925170704e-02,0.000000000000000000e+00,1.000000000000000000e+00,2.081359900348921654e-01
5.578000000000000114e+01,2.499023526906967232e-02,5.998952507972717119e-02,0.000000000000000000e+00,1.000000000000000000e+00,2.109863010737337286e-01
5.580000000000000426e+01,2.499024271965026925e-02,5.998970746994018027e-02,0.000000000000000000e+00,1.000000000000000000e+00,2.156732096156900313e-01
5.582000000000000028e+01,2.499024569988250732e-02,5.999264359474181657e-02,0.000000000000000000e+00,1.000000000000000000e+00,2.214021967967090831e-01
5.584000000000000341e+01,2.499028444290161272e-02,5.999137043952941506e-02,0.000000000000000000e+00,1.000000000000000000e+00,2.269101358103744748e-01
5.585999999999999943e+01,2.499021291732788155e-02,5.999275445938109796e-02,0.000000000000000000e+00,1.000000000000000000e+00,2.309334133968714564e-01
5.588000000000000256e+01,2.499017864465713501e-02,5.999331235885620173e-02,0.000000000000000000e+00,1.000000000000000000e+00,2.327108332595828055e-01
5.589999999999999858e+01,2.499014735221863001e-02,5.999386668205260870e-02,0.000000000000000000e+00,1.000000000000000000e+00,2.322178977239106046e-01
5.592000000000000171e+01,2.499007731676101962e-02,5.999572277069091519e-02,0.000000000000000000e+00,1.000000000000000000e+00,2.301533300708410723e-01
5.593999999999999773e+01,2.499007433652877808e-02,5.999596595764159629e-02,0.000000000000000000e+00,1.000000000000000000e+00,2.276767892249713376e-01
5.596000000000000085e+01,2.499007284641266077e-02,5.999381661415099931e-02,0.000000000000000000e+00,1.000000000000000000e+00,2.259130974816316861e-01
5.598000000000000398e+01,2.499007433652877808e-02,5.999533295631408192e-02,0.000000000000000000e+00,1.000000000000000000e+00,2.255341522789508502e-01
5.600000000000000000e+01,2.499008923768997192e-02,5.999451398849486861e-02,0.000000000000000000e+00,1.000000000000000000e+00,2.266451593565523281e-01
5.602000000000000313e+01,2.499001622200012346e-02,5.999589800834655845e-02,0.000000000000000000e+00,1.000000000000000000e+00,2.287955796040866685e-01
5.603999999999999915e+01,2.498998194932937691e-02,5.999623060226440263e-02,0.000000000000000000e+00,1.000000000000000000e+00,2.310049161300483100e-01
5.606000000000000227e+01,2.499017715454101771e-02,5.999515771865844560e-02,0.000000000000000000e+00,1.000000000000000000e+00,2.321497116742160249e-01
5.607999999999999829e+01,2.499012798070907732e-02,5.999531149864196361e-02,0.000000000000000000e+00,1.000000000000000000e+00,2.317778873125212469e-01
5.610000000000000142e+01,2.499026358127594272e-02,5.999510407447814636e-02,0.000000000000000000e+00,1.000000000000000000e+00,2.303897205006004145e-01
5.612000000000000455e+01,2.499022632837295810e-02,5.999510049819946345e-02,0.000000000000000000e+00,1.000000000000000000e+00,2.287980497001077806e-01
5.614000000000000057e+01,2.499025613069534579e-02,5.999518632888793668e-02,0.000000000000000000e+00,1.000000000000000000e+00,2.275090176769774819e-01
5.616000000000000369e+01,2.499027848243713656e-02,5.999492883682251004e-02,0.000000000000000000e+00,1.000000000000000000e+00,2.266179129139598292e-01
5.617999999999999972e+01,2.499020397663116733e-02,5.999502182006835604e-02,0.000000000000000000e+00,1.000000000000000000e+00,2.260018710661637342e-01
5.620000000000000284e+01,2.499014735221863001e-02,5.999498248100280234e-02,0.000000000000000000e+00,1.000000000000000000e+00,2.255694799450082277e-01
5.621999999999999886e+01,2.499002963304519653e-02,5.999470353126525740e-02,0.000000000000000000e+00,1.000000000000000000e+00,2.253574494124544469e-01
5.624000000000000199e+01,2.498992383480072230e-02,5.999416351318358903e-02,0.000000000000000000e+00,1.000000000000000000e+00,2.253891713169766109e-01
5.625999999999999801e+01,2.498990744352340768e-02,5.999393463134765347e-02,0.000000000000000000e+00,1.000000000000000000e+00,2.254692837836980157e-01
5.628000000000000114e+01,2.498989850282669345e-02,5.999412059783935242e-02,0.000000000000000000e+00,1.000000000000000000e+00,2.251469972713331658e-01
5.630000000000000426e+01,2.498981803655624459e-02,5.999451041221618569e-02,0.000000000000000000e+00,1.000000000000000000e+00,2.239971977608263831e-01
5.632000000000000028e+01,2.498981505632400651e-02,5.999451756477355846e-02,0.000000000000000000e+00,1.000000000000000000e+00,2.220800325225633920e-01
5.634000000000000341e+01,2.498995810747146884e-02,5.999456405639648493e-02,0.000000000000000000e+00,1.000000000000000000e+00,2.200393249665673623e-01
5.635999999999999943e+01,2.499042600393295427e-02,5.999554753303527888e-02,0.000000000000000000e+00,1.000000000000000000e+00,2.186760653307877889e-01
5.638000000000000256e+01,2.499019503593444963e-02,5.999454975128173939e-02,0.000000000000000000e+00,1.000000000000000000e+00,2.185273985394204643e-01
5.639999999999999858e+01,2.499029636383056849e-02,5.999536156654357993e-02,0.000000000000000000e+00,1.000000000000000000e+00,2.197360896592546187e-01
5.642000000000000171e+01,2.499025464057922502e-02,5.999468564987182201e-02,0.000000000000000000e+00,1.000000000000000000e+00,2.220512364569505737e-01
5.643999999999999773e+01,2.499029487371444772e-02,5.999672770500182745e-02,0.000000000000000000e+00,1.000000000000000000e+00,2.248690925966807252e-01
5.646000000000000085e+01,2.499031126499176234e-02,5.999382376670837208e-02,0.000000000000000000e+00,1.000000000000000000e+00,2.273526672727454734e-01
5.648000000000000398e+01,2.499033063650131503e-02,5.999252200126647949e-02,0.000000000000000000e+00,1.000000000000000000e+00,2.286121304298146528e-01
5.650000000000000000e+01,2.499031722545623849e-02,5.999415993690490612e-02,0.000000000000000000e+00,1.000000000000000000e+00,2.279391072291000464e-01
5.652000000000000313e+01,2.499031126499176234e-02,5.999353051185607466e-02,0.000000000000000000e+00,1.000000000000000000e+00,2.251749039722820422e-01
5.653999999999999915e+01,2.499023973941803117e-02,5.999099493026733426e-02,0.000000000000000000e+00,1.000000000000000000e+00,2.210476219973667167e-01
5.656000000000000227e+01,2.499025464057922502e-02,5.999138116836547768e-02,0.000000000000000000e+00,1.000000000000000000e+00,2.169485888685457331e-01
5.657999999999999829e+01,2.499038130044937273e-02,5.999507904052733820e-02,0.000000000000000000e+00,1.000000000000000000e+00,2.141512926149487239e-01
5.660000000000000142e+01,2.499036490917205811e-02,5.999405980110168041e-02,0.000000000000000000e+00,1.000000000000000000e+00,2.132944619835878686e-01
5.662000000000000455e+01,2.499041259288788119e-02,5.998984694480895968e-02,0.000000000000000000e+00,1.000000000000000000e+00,2.144256230720341383e-01
5.664000000000000057e+01,2.499024718999862810e-02,5.999327301979064803e-02,0.000000000000000000e+00,1.000000000000000000e+00,2.171060589381546557e-01
5.666000000000000369e+01,2.499043643474578927e-02,5.999127030372619629e-02,0.000000000000000000e+00,1.000000000000000000e+00,2.203814921903970714e-01
5.667999999999999972e+01,2.499039024114609042e-02,5.999157786369323231e-02,0.000000000000000000e+00,1.000000000000000000e+00,2.230908228097503165e-01
5.670000000000000284e+01,2.499037683010101388e-02,5.999163866043090432e-02,0.000000000000000000e+00,1.000000000000000000e+00,2.246178086636916593e-01
5.671999999999999886e+01,2.499042600393295427e-02,5.999148845672606922e-02,0.000000000000000000e+00,1.000000000000000000e+00,2.251651682016828082e-01
5.674000000000000199e+01,2.499043047428131312e-02,5.999147772789001354e-02,0.000000000000000000e+00,1.000000000000000000e+00,2.252546576981933057e-01
5.675999999999999801e+01,2.499047964811325351e-02,5.999134182929992398e-02,0.000000000000000000e+00,1.000000000000000000e+00,2.252411151355379060e-01
5.678000000000000114e+01,2.499053180217743197e-02,5.999151349067687738e-02,0.000000000000000000e+00,1.000000000000000000e+00,2.252454508490930041e-01
5.680000000000000426e+01,2.499054521322250505e-02,5.999154567718505832e-02,0.000000000000000000e+00,1.000000000000000000e+00,2.253416587475555455e-01
5.682000000000000028e+01,2.499071657657623430e-02,5.999210715293883805e-02,0.000000000000000000e+00,1.000000000000000000e+00,2.257109353360222115e-01
5.684000000000000341e+01,2.499081492424011508e-02,5.999259710311889704e-02,0.000000000000000000e+00,1.000000000000000000e+00,2.265784505854836761e-01
5.685999999999999943e+01,2.499040365219116350e-02,5.998904228210449191e-02,0.000000000000000000e+00,1.000000000000000000e+00,2.280108862636205935e-01
5.688000000000000256e+01,2.499045431613922119e-02,5.999022960662841325e-02,0.000000000000000000e+00,1.000000000000000000e+00,2.297610452529077474e-01
5.689999999999999858e+01,2.499047070741653581e-02,5.998959302902221596e-02,0.000000000000000000e+00,1.000000000000000000e+00,2.312911595166036172e-01
5.692000000000000171e+01,2.499051243066787928e-02,5.998918533325195424e-02,0.000000000000000000e+00,1.000000000000000000e+00,2.320685457571794175e-01
5.693999999999999773e+01,2.499013096094131539e-02,5.999099493026733426e-02,0.000000000000000000e+00,1.000000000000000000e+00,2.319681496277277155e-01
5.696000000000000085e+01,2.498986721038818498e-02,5.999161720275878601e-02,0.000000000000000000e+00,1.000000000000000000e+00,2.313425954032817811e-01
5.698000000000000398e+01,2.498945295810699532e-02,5.999186038970946711e-02,0.000000000000000000e+00,1.000000000000000000e+00,2.306998712672737872e-01
5.700000000000000000e+01,2.498942911624908725e-02,5.999183177947997603e-02,0.000000000000000000e+00,1.000000000000000000e+00,2.303887773108037329e-01
5.702000000000000313e+01,2.498924732208251953e-02,5.999112367630004411e-02,0.000000000000000000e+00,1.000000000000000000e+00,2.305075049638884432e-01
5.703999999999999915e+01,2.498917132616043299e-02,5.999046206474303866e-02,0.000000000000000000e+00,1.000000000000000000e+00,2.309529918838587048e-01
5.706000000000000227e+01,2.498909682035446375e-02,5.998913526535033791e-02,0.000000000000000000e+00,1.000000000000000000e+00,2.314756466393833312e-01
5.707999999999999829e+01,2.498912215232849260e-02,5.998977899551391491e-02,0.000000000000000000e+00,1.000000000000000000e+00,2.316609596165301876e-01
5.710000000000000142e+01,2.498915493488311837e-02,5.999040126800536665e-02,0.000000000000000000e+00,1.000000000000000000e+00,2.308878790745699516e-01
5.712000000000000455e+01,2.498929500579834262e-02,5.999213218688964622e-02,0.000000000000000000e+00,1.000000000000000000e+00,2.284785009267614742e-01
5.714000000000000057e+01,2.498927414417266915e-02,5.999192833900451188e-02,0.000000000000000000e+00,1.000000000000000000e+00,2.242270776473556104e-01
5.716000000000000369e+01,2.498940676450729648e-02,5.999318361282348494e-02,0.000000000000000000e+00,1.000000000000000000e+00,2.189277556660878810e-01
5.717999999999999972e+01,2.498961389064788957e-02,5.999544024467468040e-02,0.000000000000000000e+00,1.000000000000000000e+00,2.140468154848563231e-01
5.720000000000000284e+01,2.498993128538131922e-02,6.000018596649169672e-02,0.000000000000000000e+00,1.000000000000000000e+00,2.107663773272253349e-01
5.721999999999999886e+01,2.498982548713684151e-02,5.999714612960815180e-02,0.000000000000000000e+00,1.000000000000000000e+00,2.095593046273988846e-01
5.724000000000000199e+01,2.498982846736907959e-02,5.999509334564209068e-02,0.000000000000000000e+00,1.000000000000000000e+00,2.103577349324317891e-01
5.725999999999999801e+01,2.498992979526519845e-02,5.999266505241393488e-02,0.000000000000000000e+00,1.000000000000000000e+00,2.126408009404586186e-01
5.728000000000000114e+01,2.499019354581832886e-02,5.998958230018615334e-02,0.000000000000000000e+00,1.000000000000000000e+00,2.154150318642931716e-01
5.730000000000000426e+01,2.499002963304519653e-02,5.999080538749694547e-02,0.000000000000000000e+00,1.000000000000000000e+00,2.176085649859753890e-01
5.732000000000000028e+01,2.498985677957534998e-02,5.999174237251281294e-02,0.000000000000000000e+00,1.000000000000000000e+00,2.187279430605984787e-01
5.734000000000000341e+01,2.499015927314758578e-02,5.999040484428405651e-02,0.000000000000000000e+00,1.000000000000000000e+00,2.189496340816269315e-01
5.735999999999999943e+01,2.499030828475952426e-02,5.998971462249755304e-02,0.000000000000000000e+00,1.000000000000000000e+00,2.186804353578583326e-01
5.738000000000000256e+01,2.499029636383056849e-02,5.998985767364501537e-02,0.000000000000000000e+00,1.000000000000000000e+00,2.182470208800307288e-01
5.739999999999999858e+01,2.499026805162429810e-02,5.998962163925170704e-02,0.000000000000000000e+00,1.000000000000000000e+00,2.179072021552000693e-01
5.742000000000000171e+01,2.499030232429504464e-02,5.998978972434997059e-02,0.000000000000000000e+00,1.000000000000000000e+00,2.179629532150912652e-01
5.743999999999999773e+01,2.499027699232101579e-02,5.998965382575988797e-02,0.000000000000000000e+00,1.000000000000000000e+00,2.187489201602892952e-01
5.746000000000000085e+01,2.499046027660370081e-02,5.999102711677550825e-02,0.000000000000000000e+00,1.000000000000000000e+00,2.204888039123509003e-01
5.748000000000000398e+01,2.499060183763504236e-02,5.999277949333190613e-02,0.000000000000000000e+00,1.000000000000000000e+00,2.231489717748083301e-01
5.750000000000000000e+01,2.499051094055175851e-02,5.998971104621887013e-02,0.000000000000000000e+00,1.000000000000000000e+00,2.263696900080285901e-01
5.752000000000000313e+01,2.499046623706817696e-02,5.999201416969299205e-02,0.000000000000000000e+00,1.000000000000000000e+00,2.295555487604851730e-01
5.753999999999999915e+01,2.499051839113235543e-02,5.999123454093932550e-02,0.000000000000000000e+00,1.000000000000000000e+00,2.321719924595112006e-01
5.756000000000000227e+01,2.499069124460220545e-02,5.998968243598937905e-02,0.000000000000000000e+00,1.000000000000000000e+00,2.340223793127417518e-01
5.757999999999999829e+01,2.499059587717056274e-02,5.999030113220214788e-02,0.000000000000000000e+00,1.000000000000000000e+00,2.352167191310499117e-01
5.760000000000000142e+01,2.499074041843414584e-02,5.998951792716979842e-02,0.000000000000000000e+00,1.000000000000000000e+00,2.359392759970723452e-01
5.762000000000000455e+01,2.499087601900100777e-02,5.998880624771117664e-02,0.000000000000000000e+00,1.000000000000000000e+00,2.363157072850304574e-01
5.764000000000000057e+01,2.499089986085891932e-02,5.998866319656372126e-02,0.000000000000000000e+00,1.000000000000000000e+00,2.364556925740771698e-01
5.766000000000000369e+01,2.499085068702697893e-02,5.998909592628479115e-02,0.000000000000000000e+00,1.000000000000000000e+00,2.365114830673457624e-01
5.767999999999999972e+01,2.499090880155563354e-02,5.998861670494079479e-02,0.000000000000000000e+00,1.000000000000000000e+00,2.365887511269656185e-01
5.770000000000000284e+01,2.499096989631652971e-02,5.998842000961303322e-02,0.000000000000000000e+00,1.000000000000000000e+00,2.365417538910332962e-01
5.771999999999999886e+01,2.499115765094757358e-02,5.998835206031798845e-02,0.000000000000000000e+00,1.000000000000000000e+00,2.358343575982303486e-01
5.774000000000000199e+01,2.499137073755264282e-02,5.998860955238342202e-02,0.000000000000000000e+00,1.000000000000000000e+00,2.337146776911186719e-01
5.775999999999999801e+01,2.499141246080398629e-02,5.998871326446533064e-02,0.000000000000000000e+00,1.000000000000000000e+00,2.298775887714491206e-01
5.778000000000000114e+01,2.499177306890487671e-02,5.999009370803833063e-02,0.000000000000000000e+00,1.000000000000000000e+00,2.250690661405055915e-01
5.780000000000000426e+01,2.499170154333114902e-02,5.998968601226806197e-02,0.000000000000000000e+00,1.000000000000000000e+00,2.206584761000584538e-01
5.782000000000000028e+01,2.499168515205383440e-02,5.998954296112060658e-02,0.000000000000000000e+00,1.000000000000000000e+00,2.176764537051931181e-01
5.784000000000000341e+01,2.499159127473831246e-02,5.998797297477721779e-02,0.000000000000000000e+00,1.000000000000000000e+00,2.164850807827590484e-01
5.785999999999999943e+01,2.499153614044189592e-02,5.998341321945190041e-02,0.000000000000000000e+00,1.000000000000000000e+00,2.169092153400695167e-01
5.788000000000000256e+01,2.499145865440368861e-02,5.998572349548339511e-02,0.000000000000000000e+00,1.000000000000000000e+00,2.182791681523068850e-01
5.789999999999999858e+01,2.499138116836548129e-02,5.998671054840087891e-02,0.000000000000000000e+00,1.000000000000000000e+00,2.195516441111741157e-01
5.792000000000000171e+01,2.499125599861145089e-02,5.998774409294128224e-02,0.000000000000000000e+00,1.000000000000000000e+00,2.198257368327644623e-01
5.793999999999999773e+01,2.499116361141204973e-02,5.998833417892455999e-02,0.000000000000000000e+00,1.000000000000000000e+00,2.188233900834736789e-01
5.796000000000000085e+01,2.499123811721801897e-02,5.998789787292480025e-02,0.000000000000000000e+00,1.000000000000000000e+00,2.168113197335769238e-01
5.798000000000000398e+01,2.499130070209503243e-02,5.998742580413818359e-02,0.000000000000000000e+00,1.000000000000000000e+00,2.142630005726477715e-01
5.800000000000000000e+01,2.499129474163055628e-02,5.998776555061340054e-02,0.000000000000000000e+00,1.000000000000000000e+00,2.116950471440715020e-01
5.802000000000000313e+01,2.499119788408279627e-02,5.998679995536804199e-02,0.000000000000000000e+00,1.000000000000000000e+00,2.096515440051820167e-01
5.803999999999999915e+01,2.499123662710189819e-02,5.998706817626953125e-02,0.000000000000000000e+00,1.000000000000000000e+00,2.086396544523196894e-01
5.806000000000000227e+01,2.499125748872757166e-02,5.998723268508911188e-02,0.000000000000000000e+00,1.000000000000000000e+00,2.089978061775079610e-01
5.807999999999999829e+01,2.499138265848159859e-02,5.998854517936706016e-02,0.000000000000000000e+00,1.000000000000000000e+00,2.108000479382376446e-01
5.810000000000000142e+01,2.499132454395294398e-02,5.998747229576110312e-02,0.000000000000000000e+00,1.000000000000000000e+00,2.138125894295724860e-01
5.812000000000000455e+01,2.499130517244339128e-02,5.998618125915527316e-02,0.000000000000000000e+00,1.000000000000000000e+00,2.175087529015291843e-01
5.814000000000000057e+01,2.499130517244339128e-02,5.998617768287658331e-02,0.000000000000000000e+00,1.000000000000000000e+00,2.212473954104700880e-01
5.816000000000000369e+01,2.499113827943802088e-02,5.998969316482543473e-02,0.000000000000000000e+00,1.000000000000000000e+00,2.245728829658802383e-01
5.817999999999999972e+01,2.499111592769623011e-02,5.999004006385803139e-02,0.000000000000000000e+00,1.000000000000000000e+00,2.273381121944479666e-01
5.820000000000000284e+01,2.499116361141204973e-02,5.998924612998961930e-02,0.000000000000000000e+00,1.000000000000000000e+00,2.295528780876705810e-01
5.821999999999999886e+01,2.499114573001861780e-02,5.998974680900573397e-02,0.000000000000000000e+00,1.000000000000000000e+00,2.312224021237488381e-01
5.824000000000000199e+01,2.499114573001861780e-02,5.998986124992370522e-02,0.000000000000000000e+00,1.000000000000000000e+00,2.323892661187366426e-01
5.825999999999999801e+01,2.499113082885742396e-02,5.998925328254699207e-02,0.000000000000000000e+00,1.000000000000000000e+00,2.332831890159628441e-01
5.828000000000000114e+01,2.499119490385055820e-02,5.999155640602111400e-02,0.000000000000000000e+00,1.000000000000000000e+00,2.343014063008132530e-01
5.830000000000000426e+01,2.499118894338607857e-02,5.999051928520202082e-02,0.000000000000000000e+00,1.000000000000000000e+00,2.357526757278989027e-01
5.832000000000000028e+01,2.499109208583831856e-02,5.999291896820067860e-02,0.000000000000000000e+00,1.000000000000000000e+00,2.375726675061221593e-01
5.834000000000000341e+01,2.499110698699951241e-02,5.999279022216796875e-02,0.000000000000000000e+00,1.000000000000000000e+00,2.391640614178835722e-01
5.835999999999999943e+01,2.499123811721801897e-02,5.999230384826659962e-02,0.000000000000000000e+00,1.000000000000000000e+00,2.395578556720215357e-01
5.838000000000000256e+01,2.499110549688339511e-02,5.999246478080749040e-02,0.000000000000000000e+00,1.000000000000000000e+00,2.381554494872497318e-01
5.839999999999999858e+01,2.499127089977264474e-02,5.999256491661071611e-02,0.000000000000000000e+00,1.000000000000000000e+00,2.354486841249431861e-01
5.842000000000000171e+01,2.499143928289413591e-02,5.999297618865966769e-02,0.000000000000000000e+00,1.000000000000000000e+00,2.326337965242395722e-01
5.843999999999999773e+01,2.499131113290786743e-02,5.999234318733215332e-02,0.000000000000000000e+00,1.000000000000000000e+00,2.306786245471132424e-01
5.846000000000000085e+01,2.499124407768249512e-02,5.999168157577514093e-02,0.000000000000000000e+00,1.000000000000000000e+00,2.299368790992945277e-01
5.848000000000000398e+01,2.499129325151443551e-02,5.999320507049560325e-02,0.000000000000000000e+00,1.000000000000000000e+00,2.301754900620836541e-01
5.850000000000000000e+01,2.499127984046936243e-02,5.999377727508544561e-02,0.000000000000000000e+00,1.000000000000000000e+00,2.306605464732652544e-01
5.852000000000000313e+01,2.499120682477951050e-02,5.999478936195373063e-02,0.000000000000000000e+00,1.000000000000000000e+00,2.304234960972555424e-01
5.853999999999999915e+01,2.499114274978637973e-02,5.999536156654357993e-02,0.000000000000000000e+00,1.000000000000000000e+00,2.287351719034336484e-01
5.856000000000000227e+01,2.499123811721801897e-02,5.999467492103576632e-02,0.000000000000000000e+00,1.000000000000000000e+00,2.254011074449593921e-01
5.857999999999999829e+01,2.499136477708816667e-02,5.999369859695434515e-02,0.000000000000000000e+00,1.000000000000000000e+00,2.207122605381332259e-01
5.860000000000000142e+01,2.499141544103622437e-02,5.999291896820067860e-02,0.000000000000000000e+00,1.000000000000000000e+00,2.153066139134998391e-01
5.862000000000000455e+01,2.499138265848159859e-02,5.999193906784057451e-02,0.000000000000000000e+00,1.000000000000000000e+00,2.100517080405288062e-01
5.864000000000000057e+01,2.499121129512786935e-02,5.999026894569396695e-02,0.000000000000000000e+00,1.000000000000000000e+00,2.058252180616470250e-01
5.866000000000000369e+01,2.499114274978637973e-02,5.998968243598937905e-02,0.000000000000000000e+00,1.000000000000000000e+00,2.032394672007587222e-01
5.867999999999999972e+01,2.499103695154190202e-02,5.998858809471130371e-02,0.000000000000000000e+00,1.000000000000000000e+00,2.025201634711331355e-01
5.870000000000000284e+01,2.499104440212249895e-02,5.998870253562926802e-02,0.000000000000000000e+00,1.000000000000000000e+00,2.035403963647461067e-01
5.871999999999999886e+01,2.499103546142578125e-02,5.998836278915405107e-02,0.000000000000000000e+00,1.000000000000000000e+00,2.058602342625421022e-01
5.874000000000000199e+01,2.499103248119354317e-02,5.998895645141601174e-02,0.000000000000000000e+00,1.000000000000000000e+00,2.088115775141290709e-01
5.875999999999999801e+01,2.499098181724548548e-02,5.999067664146422868e-02,0.000000000000000000e+00,1.000000000000000000e+00,2.117619503726066721e-01
5.878000000000000114e+01,2.499103844165802280e-02,5.998926401138305470e-02,0.000000000000000000e+00,1.000000000000000000e+00,2.143765225590890944e-01
5.880000000000000426e+01,2.499104887247085779e-02,5.998892784118652066e-02,0.000000000000000000e+00,1.000000000000000000e+00,2.165849326361478089e-01
5.882000000000000028e+01,2.499104738235473702e-02,5.998843789100646862e-02,0.000000000000000000e+00,1.000000000000000000e+00,2.183772362479010354e-01
5.884000000000000341e+01,2.499099820852279663e-02,5.998726844787597573e-02,0.000000000000000000e+00,1.000000000000000000e+00,2.197535713551760084e-01
5.885999999999999943e+01,2.499087750911712855e-02,5.998550534248351523e-02,0.000000000000000000e+00,1.000000000000000000e+00,2.208915136206688057e-01
5.888000000000000256e+01,2.499088793992996355e-02,5.998564481735229464e-02,0.000000000000000000e+00,1.000000000000000000e+00,2.222580125411112162e-01
5.889999999999999858e+01,2.499092072248458932e-02,5.998619198799132884e-02,0.000000000000000000e+00,1.000000000000000000e+00,2.244250386651078233e-01
5.892000000000000171e+01,2.499090433120727817e-02,5.998563766479492188e-02,0.000000000000000000e+00,1.000000000000000000e+00,2.277643253053484307e-01
5.893999999999999773e+01,2.499089241027832239e-02,5.998683929443358875e-02,0.000000000000000000e+00,1.000000000000000000e+00,2.322203399906674903e-01
5.896000000000000085e+01,2.499085515737533778e-02,5.998743653297423928e-02,0.000000000000000000e+00,1.000000000000000000e+00,2.371043941528200305e-01
5.898000000000000398e+01,2.499063760042190621e-02,5.998910307884216392e-02,0.000000000000000000e+00,1.000000000000000000e+00,2.411388720338113745e-01
5.900000000000000000e+01,2.499063760042190621e-02,5.998910307884216392e-02,0.000000000000000000e+00,1.000000000000000000e+00,2.432471667515685998e-01
5.902000000000000313e+01,2.499060332775115967e-02,5.998917102813720176e-02,0.000000000000000000e+00,1.000000000000000000e+00,2.434830767748574765e-01
5.903999999999999915e+01,2.499026060104370117e-02,5.998926043510436484e-02,0.000000000000000000e+00,1.000000000000000000e+00,2.428103892400741981e-01
5.906000000000000227e+01,2.499038577079773157e-02,5.998947143554687195e-02,0.000000000000000000e+00,1.000000000000000000e+00,2.421818472965105162e-01
5.907999999999999829e+01,2.499030977487564156e-02,5.998911023139953669e-02,0.000000000000000000e+00,1.000000000000000000e+00,2.420339102195885328e-01
5.910000000000000142e+01,2.499023377895355502e-02,5.998806595802307073e-02,0.000000000000000000e+00,1.000000000000000000e+00,2.422493101681470196e-01
5.912000000000000455e+01,2.499024420976639002e-02,5.998705744743346863e-02,0.000000000000000000e+00,1.000000000000000000e+00,2.422953721833584206e-01
5.914000000000000057e+01,2.499030530452728271e-02,5.998618483543395608e-02,0.000000000000000000e+00,1.000000000000000000e+00,2.414569822754394912e-01
5.916000000000000369e+01,2.499036788940429965e-02,5.998562335968017634e-02,0.000000000000000000e+00,1.000000000000000000e+00,2.390933163407589490e-01
5.917999999999999972e+01,2.499034404754638811e-02,5.998581647872924805e-02,0.000000000000000000e+00,1.000000000000000000e+00,2.348363382587408399e-01
5.920000000000000284e+01,2.499038577079773157e-02,5.998522639274597029e-02,0.000000000000000000e+00,1.000000000000000000e+00,2.287834668160877161e-01
5.921999999999999886e+01,2.499039322137832850e-02,5.998551607131957786e-02,0.000000000000000000e+00,1.000000000000000000e+00,2.216618267552296628e-01
5.924000000000000199e+01,2.499042153358459542e-02,5.998579502105712974e-02,0.000000000000000000e+00,1.000000000000000000e+00,2.146749016348964978e-01
5.925999999999999801e+01,2.499044388532638619e-02,5.998597741127013883e-02,0.000000000000000000e+00,1.000000000000000000e+00,2.089590668111157845e-01
5.928000000000000114e+01,2.499038875102996965e-02,5.998546242713927862e-02,0.000000000000000000e+00,1.000000000000000000e+00,2.051374444095270255e-01
5.930000000000000426e+01,2.499026060104370117e-02,5.998362779617309043e-02,0.000000000000000000e+00,1.000000000000000000e+00,2.032984142887271362e-01
5.932000000000000028e+01,2.499021291732788155e-02,5.998197913169860812e-02,0.000000000000000000e+00,1.000000000000000000e+00,2.031528794588497444e-01
5.934000000000000341e+01,2.499022930860519617e-02,5.998035550117492704e-02,0.000000000000000000e+00,1.000000000000000000e+00,2.041330652541482049e-01
5.935999999999999943e+01,2.499026507139206002e-02,5.997951149940490556e-02,0.000000000000000000e+00,1.000000000000000000e+00,2.055493112808941258e-01
5.938000000000000256e+01,2.499027550220489502e-02,5.997933626174926230e-02,0.000000000000000000e+00,1.000000000000000000e+00,2.068789183188960712e-01
5.939999999999999858e+01,2.499023526906967232e-02,5.998020529747009194e-02,0.000000000000000000e+00,1.000000000000000000e+00,2.079042395490981743e-01
5.942000000000000171e+01,2.499023675918579310e-02,5.998077034950256153e-02,0.000000000000000000e+00,1.000000000000000000e+00,2.085664753381445413e-01
5.943999999999999773e+01,2.499022781848907540e-02,5.998064517974853460e-02,0.000000000000000000e+00,1.000000000000000000e+00,2.088289804839835728e-01
5.946000000000000085e+01,2.498999238014221191e-02,5.997861027717590193e-02,0.000000000000000000e+00,1.000000000000000000e+00,2.087918350783667665e-01
5.948000000000000398e+01,2.498988807201385498e-02,5.997779488563537154e-02,0.000000000000000000e+00,1.000000000000000000e+00,2.089013912572343090e-01
5.950000000000000000e+01,2.498981803655624459e-02,5.997717618942260270e-02,0.000000000000000000e+00,1.000000000000000000e+00,2.098750472774973674e-01
5.952000000000000313e+01,2.498971819877624650e-02,5.997597098350524597e-02,0.000000000000000000e+00,1.000000000000000000e+00,2.123674043640324249e-01
5.953999999999999915e+01,2.498988062143325806e-02,5.997939705848693431e-02,0.000000000000000000e+00,1.000000000000000000e+00,2.167516330870218610e-01
5.956000000000000227e+01,2.498989552259445190e-02,5.998116731643676758e-02,0.000000000000000000e+00,1.000000000000000000e+00,2.229799333268031869e-01
5.957999999999999829e+01,2.498994171619415422e-02,5.997982263565063143e-02,0.000000000000000000e+00,1.000000000000000000e+00,2.303003106020618529e-01
5.960000000000000142e+01,2.499014139175415039e-02,5.997739434242248258e-02,0.000000000000000000e+00,1.000000000000000000e+00,2.371955754648300274e-01
5.962000000000000455e+01,2.498999387025833269e-02,5.997846364974975669e-02,0.000000000000000000e+00,1.000000000000000000e+00,2.421815516229355314e-01
5.964000000000000057e+01,2.499017119407653809e-02,5.997761964797973522e-02,0.000000000000000000e+00,1.000000000000000000e+00,2.448425707561324716e-01
5.966000000000000369e+01,2.498965263366699496e-02,5.997925043106078907e-02,0.000000000000000000e+00,1.000000000000000000e+00,2.458069376503986825e-01
5.967999999999999972e+01,2.498977780342102190e-02,5.997902154922485352e-02,0.000000000000000000e+00,1.000000000000000000e+00,2.459637479684415595e-01
5.970000000000000284e+01,2.499000281095505038e-02,5.997890353202819935e-02,0.000000000000000000e+00,1.000000000000000000e+00,2.459300181451189449e-01
5.971999999999999886e+01,2.498998939990997384e-02,5.997888207435607411e-02,0.000000000000000000e+00,1.000000000000000000e+00,2.459481077123784609e-01
5.974000000000000199e+01,2.498998194932937691e-02,5.997876048088073703e-02,0.000000000000000000e+00,1.000000000000000000e+00,2.459455767386398983e-01
5.975999999999999801e+01,2.498991340398788730e-02,5.997924327850341630e-02,0.000000000000000000e+00,1.000000000000000000e+00,2.455777238387666928e-01
5.978000000000000114e+01,2.498991191387176652e-02,5.997925043106078907e-02,0.000000000000000000e+00,1.000000000000000000e+00,2.442467286652414138e-01
5.980000000000000426e+01,2.498990744352340768e-02,5.997937917709350586e-02,0.000000000000000000e+00,1.000000000000000000e+00,2.412504392475634807e-01
5.982000000000000028e+01,2.498988211154937883e-02,5.997930049896239846e-02,0.000000000000000000e+00,1.000000000000000000e+00,2.362364178119714664e-01
5.984000000000000341e+01,2.498978376388549805e-02,5.997902512550353643e-02,0.000000000000000000e+00,1.000000000000000000e+00,2.297282296884046449e-01
5.985999999999999943e+01,2.498961389064788957e-02,5.997840285301208468e-02,0.000000000000000000e+00,1.000000000000000000e+00,2.230091378741846930e-01
5.988000000000000256e+01,2.498973160982131958e-02,5.997903227806090920e-02,0.000000000000000000e+00,1.000000000000000000e+00,2.173149253494874311e-01
5.989999999999999858e+01,2.498958408832550188e-02,5.997771263122558122e-02,0.000000000000000000e+00,1.000000000000000000e+00,2.132625547972837876e-01
5.992000000000000171e+01,2.498950213193893571e-02,5.997587800025939997e-02,0.000000000000000000e+00,1.000000000000000000e+00,2.108817406801397343e-01
5.993999999999999773e+01,2.498951256275177071e-02,5.997529864311217790e-02,0.000000000000000000e+00,1.000000000000000000e+00,2.098270537866075147e-01
5.996000000000000085e+01,2.498953938484192033e-02,5.997495532035827109e-02,0.000000000000000000e+00,1.000000000000000000e+00,2.095432016814953169e-01
5.998000000000000398e+01,2.498956620693206995e-02,5.997474789619445384e-02,0.000000000000000000e+00,1.000000000000000000e+00,2.094856291275337679e-01
6.000000000000000000e+01,2.498967647552490304e-02,5.997406125068664023e-02,0.000000000000000000e+00,1.000000000000000000e+00,2.093226090082818680e-01
